State,Region,Season,Ambient_Temperature_C,Home_Type,Household_Size,Connection_Type,Sanctioned_Load_kW,Avg_BEE_Star_Rating,Has_Inverter_AC,Num_Non_Inverter_Appliances,Num_Nonlinear_Loads,Wiring_Age_Years,Wiring_Condition,Power_Factor,Billing_Mode,THD_Pct,Phase_Imbalance_Pct,Base_Monthly_kWh,Monthly_Billed_Units,Energy_Charge_INR,Fixed_Charge_INR,PPAC_Pct,PPAC_Charge_INR,Electricity_Duty_Pct,Electricity_Duty_INR,Total_Bill_INR
Karnataka,South,Monsoon,30.8,Row House,3,Single Phase,1,4.3,1,1,11,13,Average,0.743,kWh,19.77,0.0,197.21,220.8,1305.0,95,29.4,383.67,9.0,160.53,1944.2
Gujarat,West,Winter,22.1,Independent House,1,Single Phase,2,3.2,0,4,15,21,Poor,0.746,kVAh,20.86,0.0,48.87,76.18,194.37,230,34.9,67.83,12.0,59.06,551.26
Gujarat,West,Summer,22.4,Villa,2,Single Phase,3,3.9,0,0,12,17,Average,0.761,kWh,13.8,0.0,146.12,160.81,507.5,345,34.9,177.12,5.7,58.69,1088.3
Punjab,North,Spring,25.7,Row House,5,Single Phase,1,1.2,0,3,4,15,Average,0.901,kWh,5.05,0.0,243.98,270.87,0.0,110,27.4,0.0,6.7,7.37,117.37
Uttar Pradesh,North,Monsoon,30.9,Independent House,5,Three Phase,15,3.2,0,5,9,18,Average,0.742,kWh,10.75,23.8,228.22,259.13,1037.24,1575,32.3,335.03,10.2,300.62,3247.89
Telangana,South,Spring,29.0,Row House,1,Three Phase,15,4.8,0,0,3,3,Good,0.891,kWh,4.76,15.3,28.49,30.53,0.0,1500,16.8,0.0,7.1,106.5,1606.5
Uttar Pradesh,North,Summer,46.5,Villa,3,Three Phase,7,2.5,1,0,1,23,Poor,0.851,kWh,0.81,9.0,405.95,436.07,2040.31,735,32.3,659.02,14.1,484.24,3918.58
Rajasthan,North,Monsoon,32.0,Apartment,5,Single Phase,3,3.1,1,6,12,24,Poor,0.809,kWh,26.49,0.0,292.9,352.15,1728.09,360,27.3,471.77,12.3,314.86,2874.72
Delhi,North,Monsoon,23.0,Row House,5,Single Phase,3,2.8,0,4,2,20,Poor,0.811,kWh,4.91,0.0,174.76,207.88,35.46,375,33.8,11.99,9.8,41.4,463.85
Maharashtra,West,Winter,23.4,Villa,7,Single Phase,5,2.9,1,1,9,19,Average,0.964,kVAh,14.51,0.0,214.22,236.04,1338.5,650,35.0,468.47,12.3,302.21,2759.18
Punjab,North,Summer,40.5,Row House,3,Three Phase,2,4.3,1,3,10,1,Good,0.878,kWh,22.35,20.7,178.86,200.8,0.0,220,37.0,0.0,6.3,13.86,233.86
Maharashtra,West,Winter,22.8,Row House,1,Three Phase,7,1.0,1,4,4,25,Poor,0.737,kVAh,3.92,12.7,56.33,84.55,274.79,910,29.0,79.69,12.6,159.32,1423.8
Punjab,North,Spring,28.6,Villa,8,Single Phase,2,3.8,0,2,8,6,Good,0.861,kVAh,8.56,0.0,291.59,372.1,360.5,220,25.7,92.65,7.1,47.79,720.94
Tamil Nadu,South,Monsoon,33.8,Independent House,2,Three Phase,10,3.6,1,3,9,21,Poor,0.977,kWh,11.48,8.9,142.37,161.01,91.51,1000,17.3,15.83,8.7,96.34,1203.69
Karnataka,South,Summer,33.1,Row House,8,Three Phase,5,2.3,0,2,11,8,Average,0.957,kWh,24.69,3.7,833.1,949.03,6766.72,475,38.0,2571.36,10.7,1050.0,10863.08
Kerala,South,Monsoon,34.4,Apartment,6,Single Phase,2,2.7,1,0,15,3,Good,0.743,kVAh,37.04,0.0,393.18,592.25,3204.5,190,16.1,515.92,12.1,473.16,4383.59
Punjab,North,Winter,8.8,Villa,3,Single Phase,2,4.7,0,2,15,16,Average,0.814,kWh,20.65,0.0,125.82,139.97,0.0,220,31.3,0.0,11.6,25.52,245.52
Rajasthan,North,Spring,34.9,Villa,7,Single Phase,2,2.4,1,5,7,8,Average,0.946,kWh,16.55,0.0,514.9,570.79,3366.32,240,22.0,740.59,7.4,321.67,4668.58
Tamil Nadu,South,Monsoon,34.6,Row House,1,Single Phase,3,2.8,0,2,4,10,Average,0.786,kVAh,3.65,0.0,79.38,108.66,12.99,300,17.3,2.25,13.2,41.61,356.85
Maharashtra,West,Summer,31.7,Apartment,7,Single Phase,3,2.2,1,4,10,10,Average,0.898,kVAh,18.34,0.0,635.06,761.8,6731.92,390,35.9,2416.76,13.9,1325.88,10864.56
Madhya Pradesh,Central,Winter,6.1,Independent House,7,Three Phase,15,3.0,1,3,5,20,Poor,0.979,kWh,1.71,18.7,207.73,231.08,1017.56,1650,27.6,280.85,10.4,306.63,3255.04
Madhya Pradesh,Central,Winter,8.0,Row House,2,Single Phase,1,4.4,1,5,3,1,Good,0.948,kWh,3.32,0.0,102.92,107.75,431.0,110,32.3,139.21,11.2,76.18,756.4
Maharashtra,West,Winter,33.5,Row House,1,Single Phase,3,4.9,1,0,1,17,Average,0.845,kWh,1.01,0.0,35.98,37.8,122.85,390,27.7,34.03,14.9,81.49,628.36
Tamil Nadu,South,Winter,25.5,Independent House,7,Three Phase,2,1.3,1,2,7,22,Poor,0.883,kVAh,2.74,12.3,288.76,374.41,760.44,200,26.3,199.99,8.0,92.83,1253.26
Maharashtra,West,Monsoon,35.0,Villa,7,Single Phase,1,4.4,1,5,2,11,Average,0.97,kVAh,2.35,0.0,428.1,467.96,3486.2,130,21.9,763.48,5.5,240.88,4620.56
Punjab,North,Spring,28.6,Villa,1,Single Phase,2,2.0,0,0,2,29,Poor,0.821,kVAh,0.9,0.0,37.52,50.27,0.0,220,26.3,0.0,12.5,27.5,247.5
Madhya Pradesh,Central,Monsoon,25.7,Row House,5,Single Phase,2,1.7,0,1,9,12,Average,0.896,kWh,22.03,0.0,236.95,268.46,1210.07,220,20.5,248.06,14.1,236.62,1914.75
West Bengal,East,Summer,26.4,Independent House,7,Single Phase,2,1.4,0,6,8,16,Average,0.775,kWh,7.85,0.0,566.17,633.35,3434.49,180,18.1,621.64,10.0,423.61,4659.74
Madhya Pradesh,Central,Spring,34.4,Apartment,4,Single Phase,2,2.5,0,0,7,25,Poor,0.956,kWh,17.53,0.0,268.01,310.31,1435.39,220,28.2,404.78,9.7,199.84,2260.01
West Bengal,East,Spring,21.7,Apartment,4,Single Phase,2,3.1,1,4,9,20,Poor,0.72,kWh,16.36,0.0,246.46,291.85,1116.81,180,17.8,198.79,5.7,85.25,1580.85
Rajasthan,North,Spring,25.6,Row House,4,Single Phase,1,1.0,0,4,4,30,Poor,0.947,kWh,5.98,0.0,183.27,204.08,822.44,120,25.5,209.72,7.6,87.56,1239.73
Madhya Pradesh,Central,Monsoon,30.9,Villa,7,Single Phase,1,3.8,0,1,13,24,Poor,0.92,kWh,31.31,0.0,278.52,316.97,1476.02,110,30.6,451.66,11.1,226.18,2263.86
Gujarat,West,Spring,21.1,Row House,8,Three Phase,1,4.8,1,5,2,12,Average,0.881,kWh,5.32,8.2,202.06,219.99,726.46,115,19.6,142.39,14.4,141.67,1125.52
Kerala,South,Spring,26.7,Apartment,8,Single Phase,5,4.4,0,0,7,12,Average,0.796,kWh,3.77,0.0,200.15,218.73,963.38,475,19.9,191.71,10.4,169.53,1799.62
West Bengal,East,Winter,36.2,Villa,4,Single Phase,5,1.1,0,0,10,28,Poor,0.729,kWh,4.35,0.0,246.98,277.91,1026.34,450,32.2,330.48,14.2,256.57,2063.38
Tamil Nadu,South,Spring,32.9,Apartment,1,Single Phase,2,1.4,0,3,4,23,Poor,0.94,kWh,4.39,0.0,74.16,83.05,0.0,200,24.0,0.0,12.8,25.6,225.6
Punjab,North,Spring,29.2,Row House,4,Three Phase,2,2.6,1,0,8,2,Good,0.985,kVAh,5.9,11.5,170.34,177.8,0.0,220,37.3,0.0,7.3,16.06,236.06
Rajasthan,North,Winter,10.7,Villa,2,Single Phase,3,2.5,0,1,11,7,Good,0.796,kVAh,15.57,0.0,68.84,91.71,320.98,360,15.1,48.47,13.8,100.66,830.12
Gujarat,West,Winter,32.0,Villa,8,Single Phase,3,1.9,1,1,11,8,Average,0.74,kWh,18.97,0.0,512.1,564.39,2354.14,345,20.4,480.25,8.7,276.61,3456.0
Maharashtra,West,Summer,36.4,Independent House,1,Three Phase,1,3.4,1,0,11,17,Average,0.888,kWh,17.79,2.3,71.03,77.31,251.26,130,19.1,47.99,12.0,51.51,480.76
Uttar Pradesh,North,Spring,27.4,Villa,5,Single Phase,1,2.2,0,1,14,30,Poor,0.989,kWh,7.62,0.0,344.1,390.65,1772.34,105,24.1,427.13,12.7,292.67,2597.14
Maharashtra,West,Winter,22.9,Apartment,1,Single Phase,5,1.4,0,3,15,25,Poor,0.97,kWh,21.9,0.0,43.46,52.48,170.56,650,38.2,65.15,8.9,78.83,964.54
Kerala,South,Winter,18.4,Independent House,3,Single Phase,2,4.3,1,5,1,6,Good,0.817,kWh,1.89,0.0,179.46,187.56,776.36,190,24.7,191.76,9.6,111.18,1269.3
Madhya Pradesh,Central,Spring,28.5,Row House,5,Single Phase,2,2.7,0,3,7,24,Poor,0.721,kVAh,4.08,0.0,178.14,287.81,1309.72,220,25.8,337.91,5.9,110.19,1977.82
West Bengal,East,Summer,21.1,Apartment,1,Single Phase,1,4.7,0,6,8,22,Poor,0.977,kWh,8.04,0.0,66.98,80.88,29.4,90,34.9,10.26,11.9,15.43,145.09
Kerala,South,Monsoon,34.0,Apartment,4,Three Phase,7,4.0,1,3,4,8,Average,0.759,kWh,3.03,23.4,173.01,184.9,760.4,665,32.0,243.33,14.0,233.62,1902.35
Maharashtra,West,Spring,31.1,Apartment,5,Three Phase,1,3.5,0,4,3,25,Poor,0.958,kWh,3.52,11.1,258.13,298.09,1800.77,130,19.4,349.35,12.4,282.73,2562.85
Delhi,North,Winter,6.9,Villa,5,Single Phase,3,3.9,1,1,6,19,Average,0.858,kVAh,6.25,0.0,256.41,311.61,502.25,375,28.4,142.64,9.1,92.81,1112.69
Tamil Nadu,South,Winter,25.1,Independent House,3,Single Phase,5,1.6,1,2,15,8,Average,0.759,kVAh,17.26,0.0,139.56,199.36,149.04,500,26.1,38.9,14.4,99.06,787.0
Kerala,South,Spring,26.9,Independent House,8,Single Phase,1,1.2,1,4,11,30,Poor,0.966,kWh,16.68,0.0,300.65,350.41,1753.46,95,35.3,618.97,6.7,165.32,2632.75
Tamil Nadu,South,Spring,33.4,Villa,2,Single Phase,5,3.9,1,3,15,3,Good,0.846,kVAh,31.24,0.0,115.01,152.13,78.19,500,36.1,28.23,12.1,73.38,679.8
Tamil Nadu,South,Winter,20.6,Villa,7,Single Phase,2,1.3,1,2,11,12,Average,0.975,kVAh,27.32,0.0,302.31,355.61,694.63,200,36.0,250.07,10.4,119.05,1263.75
West Bengal,East,Winter,27.8,Apartment,1,Single Phase,2,3.3,0,0,3,11,Average,0.766,kWh,5.85,0.0,53.13,58.4,0.0,180,32.4,0.0,12.4,22.32,202.32
Punjab,North,Spring,23.4,Independent House,6,Three Phase,15,3.1,1,6,5,24,Poor,0.75,kWh,7.23,19.8,216.34,254.9,0.0,1650,31.2,0.0,7.9,130.35,1780.35
Karnataka,South,Monsoon,34.1,Villa,7,Single Phase,3,4.7,1,5,8,13,Average,0.849,kWh,15.82,0.0,437.6,479.34,3244.05,285,20.4,661.79,13.6,569.95,4760.79
Punjab,North,Summer,41.5,Independent House,5,Single Phase,2,2.2,1,4,14,26,Poor,0.943,kVAh,11.68,0.0,306.53,364.18,320.9,220,27.5,88.25,6.1,38.38,667.53
Madhya Pradesh,Central,Monsoon,26.6,Row House,2,Three Phase,10,3.2,1,5,3,6,Good,0.96,kWh,3.66,5.8,96.15,100.48,401.92,1100,26.5,106.51,10.3,165.67,1774.1
Kerala,South,Monsoon,26.7,Villa,1,Single Phase,2,4.5,0,3,14,16,Average,0.876,kWh,24.83,0.0,49.48,57.73,149.4,190,39.4,58.86,12.2,48.59,446.84
Telangana,South,Winter,27.6,Independent House,6,Single Phase,2,2.0,1,5,4,8,Average,0.986,kVAh,9.6,0.0,195.34,215.32,306.07,200,15.3,46.83,13.5,74.64,627.54
Uttar Pradesh,North,Summer,45.4,Villa,4,Single Phase,2,2.0,0,3,14,20,Poor,0.875,kVAh,12.13,0.0,514.3,693.2,3673.3,210,18.1,664.87,9.3,422.98,4971.15
Tamil Nadu,South,Monsoon,33.5,Row House,2,Single Phase,5,3.9,1,5,14,5,Good,0.952,kWh,20.67,0.0,92.94,106.24,9.36,500,16.0,1.5,10.4,53.13,563.99
Maharashtra,West,Summer,32.8,Villa,4,Single Phase,5,3.2,0,1,6,16,Average,0.831,kVAh,10.93,0.0,410.36,529.4,4133.69,650,24.5,1012.75,5.6,324.6,6121.05
Punjab,North,Winter,8.9,Row House,7,Single Phase,3,3.3,1,3,11,5,Good,0.982,kVAh,8.62,0.0,338.01,361.0,305.0,330,33.0,100.65,13.1,96.37,832.02
Maharashtra,West,Spring,27.1,Row House,6,Single Phase,3,4.0,1,2,5,21,Poor,0.792,kWh,5.84,0.0,369.92,420.71,3016.06,390,23.0,693.69,9.8,401.78,4501.54
Telangana,South,Summer,40.3,Villa,2,Single Phase,3,4.4,1,5,5,21,Poor,0.758,kVAh,8.76,0.0,237.61,362.17,843.54,300,36.4,307.05,6.9,100.09,1550.68
West Bengal,East,Summer,33.4,Independent House,6,Single Phase,5,4.2,1,5,9,2,Good,0.946,kWh,5.49,0.0,663.77,696.71,3893.85,450,35.7,1390.1,9.7,556.19,6290.14
Rajasthan,North,Spring,24.1,Row House,1,Single Phase,2,3.8,1,2,7,18,Average,0.918,kWh,9.17,0.0,51.58,55.55,194.42,240,16.9,32.86,11.4,53.27,520.55
Madhya Pradesh,Central,Spring,28.3,Apartment,1,Single Phase,3,4.2,1,5,9,3,Good,0.729,kVAh,14.64,0.0,62.9,94.31,377.24,330,22.1,83.37,8.4,66.41,857.02
Tamil Nadu,South,Monsoon,34.7,Villa,1,Single Phase,5,2.6,0,2,15,2,Good,0.809,kWh,19.21,0.0,66.85,74.86,0.0,500,25.0,0.0,6.1,30.5,530.5
Delhi,North,Winter,13.1,Row House,4,Single Phase,1,4.2,0,5,13,5,Good,0.904,kWh,7.39,0.0,221.99,243.82,197.19,125,15.3,30.17,13.7,48.27,400.63
Maharashtra,West,Summer,28.6,Villa,5,Three Phase,2,2.7,0,0,1,13,Average,0.735,kWh,1.92,24.8,501.9,560.29,4479.04,260,31.5,1410.9,6.6,405.9,6555.84
Uttar Pradesh,North,Spring,22.1,Apartment,2,Single Phase,2,4.6,1,0,4,3,Good,0.753,kVAh,5.54,0.0,105.27,143.29,480.02,210,38.1,182.89,8.7,75.94,948.85
Kerala,South,Summer,39.2,Apartment,3,Single Phase,5,2.8,0,0,1,19,Average,0.896,kVAh,1.07,0.0,121.15,145.23,522.38,475,33.2,173.43,9.7,113.57,1284.38
Maharashtra,West,Spring,27.7,Apartment,3,Single Phase,2,3.5,0,4,6,19,Average,0.975,kVAh,14.17,0.0,181.94,211.28,1154.04,260,15.4,177.72,6.5,103.46,1695.22
Tamil Nadu,South,Spring,27.8,Independent House,7,Single Phase,5,3.4,1,4,13,24,Poor,0.791,kWh,31.35,0.0,185.32,238.04,283.14,500,18.7,52.95,14.8,123.74,959.83
Rajasthan,North,Winter,9.0,Villa,8,Single Phase,5,4.2,1,4,6,25,Poor,0.911,kVAh,12.81,0.0,216.32,270.99,1190.45,600,29.5,351.18,14.0,299.83,2441.45
Rajasthan,North,Summer,39.8,Row House,6,Single Phase,2,1.8,1,4,2,7,Good,0.872,kWh,2.4,0.0,620.37,645.75,3966.0,240,17.0,674.22,8.2,400.18,5280.4
Delhi,North,Spring,29.6,Villa,6,Single Phase,1,1.4,1,0,14,24,Poor,0.97,kWh,5.9,0.0,239.19,255.74,250.83,125,19.5,48.91,5.8,24.64,449.38
Delhi,North,Spring,34.0,Villa,1,Three Phase,5,2.9,1,1,14,30,Poor,0.744,kWh,9.88,24.8,59.11,67.28,0.0,625,20.5,0.0,5.4,33.75,658.75
Tamil Nadu,South,Monsoon,32.9,Apartment,6,Three Phase,1,4.3,1,1,10,0,Good,0.986,kWh,13.63,11.8,370.49,399.24,847.34,100,24.3,205.9,8.9,102.64,1255.88
Karnataka,South,Spring,32.2,Row House,8,Single Phase,2,4.2,1,1,8,19,Average,0.73,kVAh,20.55,0.0,267.15,414.18,2755.35,190,24.6,677.82,5.2,188.4,3811.57
Punjab,North,Winter,9.3,Villa,8,Single Phase,2,2.9,0,3,5,13,Average,0.842,kVAh,5.57,0.0,452.72,577.63,1543.41,220,27.3,421.35,8.2,179.15,2363.91
West Bengal,East,Spring,36.7,Independent House,2,Three Phase,1,3.5,1,3,15,7,Good,0.924,kVAh,10.68,24.5,62.93,75.51,2.55,90,18.6,0.47,11.4,10.6,103.63
West Bengal,East,Summer,38.2,Independent House,6,Single Phase,3,1.7,0,6,8,19,Average,0.757,kWh,16.88,0.0,412.59,451.96,2155.92,270,18.4,396.69,11.7,330.25,3152.86
Madhya Pradesh,Central,Summer,43.2,Villa,4,Single Phase,1,3.8,0,0,10,15,Average,0.893,kVAh,22.74,0.0,272.06,344.5,1643.95,110,19.1,313.99,8.7,179.91,2247.86
Telangana,South,Summer,35.6,Villa,1,Single Phase,5,4.9,1,6,12,24,Poor,0.966,kVAh,17.85,0.0,62.23,73.31,0.0,500,28.3,0.0,10.4,52.0,552.0
Delhi,North,Monsoon,29.2,Apartment,4,Single Phase,2,1.7,0,2,6,18,Average,0.97,kVAh,14.17,0.0,301.35,345.41,654.35,250,16.1,105.35,6.2,62.6,1072.3
West Bengal,East,Winter,22.9,Apartment,5,Single Phase,5,4.5,1,5,1,13,Average,0.764,kVAh,2.15,0.0,253.83,354.95,1526.33,450,21.0,320.53,8.4,192.94,2489.79
Uttar Pradesh,North,Monsoon,25.2,Row House,6,Three Phase,1,2.3,1,0,7,6,Good,0.818,kWh,15.02,15.8,322.99,351.23,1539.76,105,35.2,541.99,13.8,301.77,2488.52
Delhi,North,Summer,40.5,Villa,1,Three Phase,7,2.1,1,2,9,5,Good,0.977,kWh,21.93,14.8,90.41,95.81,0.0,875,38.3,0.0,9.4,82.25,957.25
Rajasthan,North,Summer,45.4,Villa,3,Three Phase,7,2.2,1,3,8,22,Poor,0.908,kWh,11.42,6.1,226.32,252.31,1087.7,840,20.5,222.98,10.1,217.22,2367.9
Uttar Pradesh,North,Monsoon,29.2,Apartment,7,Three Phase,2,4.4,1,6,1,17,Average,0.987,kWh,1.54,8.9,335.11,362.24,1604.72,210,34.1,547.21,10.2,240.92,2602.84
Madhya Pradesh,Central,Monsoon,32.7,Row House,3,Single Phase,3,1.6,1,3,14,20,Poor,0.921,kVAh,8.04,0.0,186.67,221.31,967.25,330,28.7,277.6,6.2,97.64,1672.49
Uttar Pradesh,North,Spring,33.1,Row House,3,Three Phase,3,4.5,1,2,12,17,Average,0.798,kWh,27.79,11.1,159.96,181.58,657.24,315,19.6,128.82,8.0,88.08,1189.15
Maharashtra,West,Monsoon,39.4,Row House,7,Single Phase,1,4.3,0,0,9,28,Poor,0.808,kVAh,16.02,0.0,370.2,535.85,4205.8,130,35.6,1497.27,12.3,717.47,6550.54
Uttar Pradesh,North,Summer,43.3,Row House,7,Single Phase,3,2.8,1,4,10,6,Good,0.828,kWh,24.31,0.0,383.92,423.98,1968.98,315,32.3,635.98,12.5,365.0,3284.96
Punjab,North,Summer,44.6,Villa,3,Single Phase,1,4.3,1,3,4,16,Average,0.973,kWh,5.18,0.0,193.86,205.67,0.0,110,29.1,0.0,6.1,6.71,116.71
Telangana,South,Monsoon,29.0,Row House,1,Single Phase,1,2.2,1,6,3,8,Average,0.728,kWh,5.02,0.0,32.93,36.07,0.0,100,18.0,0.0,6.6,6.6,106.6
Rajasthan,North,Spring,30.0,Apartment,2,Single Phase,2,4.8,0,6,2,7,Good,0.737,kWh,4.68,0.0,113.93,123.5,432.25,240,16.6,71.75,6.9,51.34,795.34
Telangana,South,Spring,25.5,Apartment,7,Single Phase,5,3.3,1,4,7,10,Average,0.78,kWh,12.18,0.0,259.66,292.72,589.36,500,27.4,161.48,14.5,181.37,1432.21
Gujarat,West,Summer,35.9,Independent House,7,Single Phase,5,4.5,0,2,2,10,Average,0.817,kWh,5.15,0.0,361.62,390.23,1489.57,575,37.8,563.06,10.5,275.9,2903.53
Uttar Pradesh,North,Summer,41.4,Row House,4,Single Phase,2,2.7,0,6,6,14,Average,0.745,kWh,5.03,0.0,259.93,293.77,1206.97,210,30.7,370.54,10.8,193.05,1980.57
Tamil Nadu,South,Spring,30.9,Independent House,8,Single Phase,5,3.7,0,1,13,21,Poor,0.786,kVAh,27.53,0.0,334.93,486.65,1153.27,500,33.0,380.58,6.5,132.2,2166.06
Delhi,North,Summer,43.6,Apartment,7,Single Phase,2,2.3,1,2,7,9,Average,0.8,kWh,16.12,0.0,567.36,617.93,2316.54,250,30.7,711.18,11.3,370.38,3648.11
Maharashtra,West,Spring,25.0,Independent House,5,Single Phase,3,4.6,1,1,1,8,Average,0.815,kVAh,1.28,0.0,296.58,382.26,2633.49,390,25.8,679.44,12.6,466.57,4169.5
Maharashtra,West,Spring,34.3,Apartment,7,Single Phase,2,3.3,1,2,1,3,Good,0.837,kVAh,2.38,0.0,264.75,328.93,2102.85,260,32.4,681.32,14.7,447.49,3491.67
Madhya Pradesh,Central,Summer,42.2,Apartment,2,Three Phase,2,4.1,0,4,12,13,Average,0.886,kWh,27.24,11.3,234.22,277.0,1254.05,220,16.4,205.66,12.0,201.57,1881.28
Uttar Pradesh,North,Winter,12.1,Row House,3,Three Phase,1,4.8,0,0,12,2,Good,0.867,kWh,17.62,17.6,195.93,214.61,819.09,105,15.1,123.68,11.9,124.68,1172.46
Maharashtra,West,Monsoon,32.6,Villa,6,Single Phase,2,3.4,1,1,12,14,Average,0.974,kVAh,12.1,0.0,205.64,224.75,1254.39,260,20.2,253.39,5.6,99.0,1866.77
Tamil Nadu,South,Winter,21.2,Independent House,5,Single Phase,3,2.8,1,0,12,24,Poor,0.765,kWh,19.78,0.0,236.46,260.43,361.5,300,27.2,98.33,9.3,70.66,830.5
Gujarat,West,Winter,21.6,Apartment,6,Single Phase,1,3.6,0,2,12,27,Poor,0.827,kWh,27.25,0.0,318.29,380.28,1443.3,115,23.2,334.85,6.8,128.73,2021.88
Karnataka,South,Winter,18.6,Independent House,6,Single Phase,3,4.4,0,3,10,15,Average,0.969,kVAh,16.89,0.0,186.77,217.58,1280.85,285,32.2,412.43,6.6,130.57,2108.85
West Bengal,East,Winter,34.5,Apartment,7,Three Phase,15,2.8,1,3,6,2,Good,0.951,kVAh,2.88,23.9,205.08,227.26,761.3,1350,19.4,147.69,12.2,275.6,2534.59
Uttar Pradesh,North,Summer,43.4,Apartment,5,Single Phase,3,3.3,0,1,6,19,Average,0.864,kVAh,10.53,0.0,434.3,560.49,2810.68,315,29.3,823.53,14.5,572.64,4521.85
West Bengal,East,Winter,24.4,Villa,3,Three Phase,7,4.5,1,4,5,13,Average,0.76,kWh,3.0,22.2,172.13,185.87,554.35,630,28.7,159.1,6.1,81.95,1425.4
Tamil Nadu,South,Spring,27.3,Independent House,2,Single Phase,3,3.8,1,4,14,27,Poor,0.751,kWh,21.1,0.0,100.85,117.48,26.22,300,36.0,9.44,14.5,48.67,384.33
Madhya Pradesh,Central,Spring,32.1,Row House,2,Three Phase,5,3.2,1,1,5,1,Good,0.93,kWh,3.07,22.7,65.58,67.92,271.68,550,17.2,46.73,14.9,129.39,997.8
Gujarat,West,Monsoon,22.5,Villa,2,Single Phase,3,4.2,1,0,2,11,Average,0.976,kVAh,0.83,0.0,93.78,99.9,282.13,345,21.1,59.53,8.5,58.37,745.03
Kerala,South,Spring,26.1,Apartment,8,Three Phase,7,2.8,1,2,9,21,Poor,0.77,kWh,23.94,6.7,509.85,624.3,3396.8,665,26.1,886.56,5.2,257.31,5205.68
Maharashtra,West,Winter,32.4,Row House,8,Three Phase,15,4.3,1,5,6,12,Average,0.948,kVAh,6.61,22.3,424.04,502.3,3830.71,1950,29.7,1137.72,5.4,373.6,7292.03
Maharashtra,West,Monsoon,20.1,Row House,6,Single Phase,5,2.6,0,4,5,21,Poor,0.726,kWh,5.83,0.0,347.17,383.62,2647.02,650,29.6,783.52,6.4,261.15,4341.69
Kerala,South,Monsoon,32.9,Apartment,1,Three Phase,15,2.7,1,0,4,24,Poor,0.935,kWh,4.6,10.1,66.77,75.75,209.76,1425,16.5,34.61,8.4,140.23,1809.6
Karnataka,South,Winter,19.4,Villa,8,Three Phase,15,1.9,0,4,12,18,Average,0.842,kWh,20.01,24.1,249.17,296.51,1872.82,1425,16.8,314.63,6.9,249.26,3861.72
Punjab,North,Summer,46.4,Villa,3,Single Phase,5,2.4,0,6,15,22,Poor,0.962,kWh,26.1,0.0,212.96,263.12,0.0,550,31.2,0.0,7.0,38.5,588.5
Kerala,South,Winter,18.1,Independent House,1,Single Phase,1,1.3,0,0,13,23,Poor,0.724,kWh,14.58,0.0,44.1,50.15,124.0,95,25.4,31.5,5.5,13.78,264.28
Madhya Pradesh,Central,Summer,38.3,Row House,6,Three Phase,5,2.0,0,5,14,2,Good,0.805,kWh,7.6,10.6,467.52,514.85,2694.22,550,28.5,767.85,10.9,437.32,4449.39
Rajasthan,North,Summer,45.8,Villa,3,Single Phase,3,4.3,0,2,11,8,Average,0.984,kWh,24.44,0.0,228.45,265.15,1158.32,360,18.8,217.77,11.3,196.18,1932.27
Uttar Pradesh,North,Winter,8.4,Apartment,2,Single Phase,1,1.2,1,6,8,5,Good,0.964,kVAh,21.0,0.0,125.08,144.63,484.51,105,30.9,149.71,8.4,62.09,801.32
Uttar Pradesh,North,Summer,46.1,Independent House,8,Single Phase,1,1.4,1,3,1,29,Poor,0.815,kWh,0.92,0.0,1159.05,1308.45,7672.43,105,25.8,1979.49,7.3,712.25,10469.17
Gujarat,West,Winter,39.6,Row House,6,Single Phase,3,4.5,0,6,3,2,Good,0.972,kVAh,3.24,0.0,342.67,375.35,1420.38,345,38.9,552.53,7.1,164.57,2482.48
Delhi,North,Monsoon,30.9,Villa,4,Single Phase,5,1.7,1,2,7,23,Poor,0.966,kWh,3.81,0.0,279.41,307.08,481.86,625,38.0,183.11,12.2,157.38,1447.34
Karnataka,South,Spring,32.0,Independent House,1,Single Phase,1,1.2,1,0,1,3,Good,0.733,kVAh,0.75,0.0,65.76,91.66,442.71,95,18.7,82.79,12.4,76.94,697.44
Rajasthan,North,Winter,14.5,Villa,2,Three Phase,1,2.4,1,0,1,1,Good,0.791,kWh,1.09,11.3,75.95,77.75,272.12,120,22.1,60.14,8.3,37.54,489.8
Uttar Pradesh,North,Spring,31.9,Row House,5,Single Phase,5,2.5,1,5,12,19,Average,0.937,kVAh,14.56,0.0,342.64,399.41,1824.02,525,20.0,364.8,6.2,168.26,2882.08
Telangana,South,Monsoon,29.6,Apartment,1,Single Phase,3,3.7,0,2,6,7,Good,0.895,kWh,11.97,0.0,55.76,61.22,0.0,300,28.2,0.0,11.1,33.3,333.3
Madhya Pradesh,Central,Monsoon,33.8,Apartment,6,Single Phase,2,4.7,0,1,14,24,Poor,0.861,kWh,16.62,0.0,300.29,351.22,1684.94,220,18.8,316.77,11.6,257.72,2479.43
Maharashtra,West,Monsoon,27.5,Villa,1,Single Phase,5,1.5,1,5,11,12,Average,0.861,kWh,15.94,0.0,53.27,59.02,191.81,650,34.0,65.22,6.5,58.96,965.99
Madhya Pradesh,Central,Spring,25.3,Villa,3,Single Phase,2,3.5,0,4,8,8,Average,0.72,kWh,4.37,0.0,151.75,165.6,680.34,220,36.5,248.32,7.0,80.41,1229.07
Uttar Pradesh,North,Summer,45.1,Villa,5,Three Phase,10,2.8,0,2,12,4,Good,0.895,kVAh,20.25,5.1,361.81,442.89,2080.55,1050,36.5,759.4,5.8,225.62,4115.57
West Bengal,East,Summer,31.9,Row House,7,Single Phase,5,4.7,1,3,14,2,Good,0.947,kWh,4.98,0.0,474.64,489.84,2401.76,450,20.0,480.35,10.4,346.54,3678.65
Madhya Pradesh,Central,Winter,16.0,Villa,5,Three Phase,15,2.8,1,1,14,1,Good,0.854,kVAh,6.46,10.4,240.59,297.06,1357.36,1650,29.6,401.78,15.0,511.37,3920.51
Delhi,North,Monsoon,23.1,Villa,3,Single Phase,1,1.7,0,3,5,7,Good,0.801,kWh,5.22,0.0,161.3,172.33,0.0,125,20.2,0.0,11.5,14.38,139.38
West Bengal,East,Monsoon,20.2,Independent House,8,Single Phase,3,1.8,1,1,10,9,Average,0.942,kWh,13.94,0.0,305.16,332.09,1377.96,270,26.1,359.65,13.8,277.05,2284.66
Delhi,North,Spring,24.3,Row House,3,Three Phase,1,1.2,1,3,14,23,Poor,0.871,kVAh,9.86,17.9,226.08,294.14,423.63,125,27.9,118.19,9.7,64.68,731.5
Gujarat,West,Spring,23.1,Apartment,2,Single Phase,3,3.8,0,6,3,27,Poor,0.908,kWh,3.17,0.0,56.47,65.9,156.33,345,28.7,44.87,7.1,38.78,584.98
Madhya Pradesh,Central,Winter,13.5,Row House,4,Three Phase,3,2.5,0,2,11,26,Poor,0.76,kWh,27.78,7.3,224.97,266.49,1199.92,330,23.7,284.38,12.5,226.79,2041.09
West Bengal,East,Winter,22.8,Independent House,2,Single Phase,3,3.4,1,2,3,19,Average,0.948,kWh,5.6,0.0,82.69,85.43,52.15,270,23.3,12.15,9.5,31.76,366.06
Gujarat,West,Summer,34.9,Villa,6,Single Phase,3,4.2,0,0,2,20,Poor,0.826,kWh,2.42,0.0,262.65,298.39,1062.51,345,19.1,202.94,6.7,107.9,1718.35
Punjab,North,Winter,8.4,Apartment,6,Three Phase,15,4.3,0,4,4,5,Good,0.761,kWh,3.98,24.7,167.74,183.28,0.0,1650,37.7,0.0,12.3,202.95,1852.95
Rajasthan,North,Winter,6.1,Apartment,4,Single Phase,1,3.0,1,4,4,9,Average,0.99,kWh,3.52,0.0,148.3,156.72,561.96,120,34.6,194.44,12.1,106.04,982.44
Delhi,North,Monsoon,26.4,Apartment,4,Single Phase,1,1.2,1,3,11,1,Good,0.969,kWh,7.96,0.0,305.08,321.86,548.37,125,34.3,188.09,7.0,60.3,921.76
Gujarat,West,Spring,30.5,Apartment,6,Three Phase,15,4.5,1,0,11,20,Poor,0.739,kVAh,22.08,4.1,230.18,352.64,1314.78,1725,39.1,514.08,11.7,415.8,3969.65
Kerala,South,Winter,22.4,Independent House,8,Single Phase,3,4.6,0,4,13,3,Good,0.955,kWh,29.76,0.0,494.05,554.11,2975.66,285,20.0,595.13,9.6,370.16,4225.95
Gujarat,West,Spring,28.1,Apartment,8,Single Phase,5,4.2,0,2,1,13,Average,0.896,kVAh,2.55,0.0,230.87,278.61,970.54,575,26.9,261.07,9.1,164.4,1971.01
Tamil Nadu,South,Spring,31.2,Independent House,8,Single Phase,2,1.3,0,5,1,17,Average,0.744,kWh,1.21,0.0,351.5,383.97,793.9,200,24.7,196.09,8.3,98.77,1288.76
Maharashtra,West,Winter,37.1,Independent House,6,Single Phase,5,2.2,0,0,9,25,Poor,0.722,kVAh,18.43,0.0,432.6,715.36,6212.72,650,31.7,1969.43,6.4,565.26,9397.42
Tamil Nadu,South,Monsoon,28.1,Apartment,7,Single Phase,3,2.8,0,0,15,11,Average,0.973,kVAh,28.92,0.0,474.25,550.57,1432.62,300,26.2,375.35,12.5,263.5,2371.47
Maharashtra,West,Winter,23.8,Apartment,8,Three Phase,5,1.5,0,4,9,24,Poor,0.989,kWh,23.54,20.1,592.97,712.22,6177.62,650,31.9,1970.66,8.8,774.25,9572.53
Kerala,South,Winter,20.0,Villa,6,Single Phase,5,4.3,0,5,12,9,Average,0.803,kWh,9.24,0.0,321.65,354.93,1780.58,475,38.6,687.3,7.0,206.0,3148.89
Karnataka,South,Spring,32.9,Row House,8,Single Phase,3,2.4,0,4,5,20,Poor,0.75,kVAh,10.5,0.0,398.99,607.11,4202.33,285,29.0,1218.67,11.7,667.6,6373.6
Punjab,North,Summer,40.6,Row House,5,Single Phase,5,3.1,0,2,10,7,Good,0.943,kWh,19.15,0.0,456.78,502.54,1017.78,550,35.2,358.26,6.1,117.49,2043.53
Tamil Nadu,South,Spring,28.9,Independent House,3,Three Phase,10,4.0,1,3,9,10,Average,0.92,kWh,18.45,23.2,196.4,218.15,213.53,1000,22.2,47.4,7.1,89.53,1350.45
Madhya Pradesh,Central,Spring,27.2,Row House,2,Single Phase,1,4.4,1,6,9,4,Good,0.794,kVAh,5.62,0.0,97.42,130.31,521.24,110,15.8,82.36,14.7,104.9,818.49
Madhya Pradesh,Central,Summer,45.7,Villa,7,Single Phase,5,3.4,0,2,2,28,Poor,0.884,kVAh,1.24,0.0,685.56,889.61,5261.33,550,20.5,1078.57,9.6,661.43,7551.33
Maharashtra,West,Summer,30.8,Villa,8,Single Phase,5,3.4,1,2,14,7,Good,0.799,kVAh,36.48,0.0,584.98,820.96,7393.33,650,32.8,2425.01,7.2,753.72,11222.07
Maharashtra,West,Summer,31.7,Villa,1,Single Phase,1,4.8,0,6,2,11,Average,0.879,kWh,3.66,0.0,64.31,70.97,230.65,130,25.8,59.51,14.7,61.76,481.92
Kerala,South,Monsoon,32.6,Independent House,8,Single Phase,2,1.4,1,6,14,6,Good,0.724,kVAh,36.45,0.0,312.76,510.28,2712.68,190,38.7,1049.81,14.2,561.25,4513.74
Kerala,South,Monsoon,31.3,Apartment,1,Single Phase,5,1.1,0,5,6,28,Poor,0.816,kWh,3.49,0.0,61.64,71.36,195.06,475,34.4,67.1,9.7,71.5,808.66
Punjab,North,Spring,24.7,Villa,6,Single Phase,2,4.4,0,5,13,16,Average,0.726,kVAh,31.52,0.0,212.13,345.35,226.75,220,18.5,41.95,6.1,29.81,518.51
Kerala,South,Winter,26.9,Apartment,7,Single Phase,1,2.9,1,3,6,20,Poor,0.807,kVAh,7.36,0.0,328.43,444.44,2317.64,95,29.8,690.66,6.3,195.51,3298.8
Gujarat,West,Spring,23.4,Row House,8,Single Phase,5,4.0,1,5,8,22,Poor,0.953,kVAh,13.85,0.0,425.65,495.46,1978.89,575,21.0,415.57,14.9,442.45,3411.9
Gujarat,West,Winter,21.9,Row House,1,Single Phase,2,3.5,1,1,11,30,Poor,0.73,kWh,18.5,0.0,73.13,85.59,229.18,230,16.0,36.67,9.7,48.1,543.95
West Bengal,East,Summer,30.2,Apartment,2,Single Phase,2,3.5,0,0,9,16,Average,0.957,kWh,4.63,0.0,203.57,220.07,725.35,180,28.6,207.45,7.9,87.91,1200.71
Uttar Pradesh,North,Spring,34.8,Independent House,1,Single Phase,5,1.8,1,5,2,23,Poor,0.743,kWh,2.38,0.0,58.21,66.56,222.98,525,34.1,76.03,6.5,53.56,877.57
Telangana,South,Spring,29.6,Independent House,6,Single Phase,1,1.2,1,6,12,25,Poor,0.885,kVAh,4.86,0.0,299.2,376.1,894.53,100,36.2,323.82,9.3,122.61,1440.95
Delhi,North,Monsoon,22.4,Villa,3,Single Phase,2,2.0,0,5,13,26,Poor,0.764,kVAh,11.91,0.0,144.52,223.41,105.34,250,15.5,16.33,7.3,27.13,398.81
Karnataka,South,Summer,37.3,Apartment,6,Three Phase,15,2.0,0,2,9,14,Average,0.805,kVAh,8.14,23.3,374.2,520.35,3551.62,1425,28.0,994.46,12.8,764.3,6735.38
Madhya Pradesh,Central,Summer,47.9,Independent House,2,Single Phase,1,3.9,0,5,4,10,Average,0.905,kVAh,7.32,0.0,122.47,147.65,590.6,110,31.4,185.45,12.4,109.87,995.92
Maharashtra,West,Summer,21.5,Apartment,2,Single Phase,3,1.3,1,4,5,8,Average,0.915,kVAh,5.2,0.0,104.88,122.92,495.75,390,32.2,159.63,9.4,98.27,1143.65
Kerala,South,Summer,40.6,Row House,2,Single Phase,2,1.1,1,1,11,2,Good,0.795,kWh,10.42,0.0,257.31,263.16,1229.96,190,27.0,332.09,13.4,234.77,1986.82
Delhi,North,Summer,40.7,Villa,7,Single Phase,2,1.2,0,1,14,8,Average,0.816,kWh,12.78,0.0,1058.17,1175.01,6500.08,250,22.1,1436.52,8.8,720.42,8907.02
Delhi,North,Winter,13.3,Independent House,4,Three Phase,15,2.5,0,6,12,15,Average,0.734,kVAh,17.78,12.1,212.94,328.31,577.39,1875,38.1,219.99,14.1,376.81,3049.19
Uttar Pradesh,North,Spring,25.1,Apartment,8,Single Phase,1,2.1,0,3,1,27,Poor,0.735,kWh,2.54,0.0,354.77,403.27,1846.79,105,21.0,387.83,6.7,156.75,2496.37
Karnataka,South,Winter,18.7,Apartment,4,Single Phase,3,2.9,0,2,11,15,Average,0.775,kVAh,24.5,0.0,183.65,275.47,1715.03,285,31.1,533.37,11.9,301.47,2834.87
Delhi,North,Spring,32.4,Row House,4,Single Phase,2,3.6,1,2,15,20,Poor,0.92,kVAh,30.33,0.0,268.93,346.19,657.86,250,36.3,238.8,7.9,90.59,1237.24
Maharashtra,West,Spring,20.5,Villa,4,Three Phase,7,1.8,1,0,4,16,Average,0.817,kWh,7.13,20.8,146.92,158.15,758.22,910,20.0,151.64,15.0,272.98,2092.84
West Bengal,East,Winter,26.9,Independent House,5,Three Phase,15,2.3,0,6,12,25,Poor,0.821,kWh,14.82,14.1,268.26,323.03,1319.16,1350,21.8,287.58,9.2,272.02,3228.76
Maharashtra,West,Winter,21.6,Villa,3,Three Phase,1,1.7,0,1,7,8,Average,0.788,kWh,17.27,0.4,217.38,242.3,1385.14,130,22.2,307.5,7.9,143.99,1966.62
Maharashtra,West,Spring,24.9,Row House,3,Single Phase,5,4.4,1,4,7,6,Good,0.878,kVAh,5.3,0.0,156.64,189.13,989.02,650,21.4,211.65,7.4,136.95,1987.62
Karnataka,South,Winter,24.7,Apartment,5,Three Phase,1,3.5,0,5,7,14,Average,0.848,kVAh,3.79,13.6,276.13,376.16,2470.2,95,25.0,617.55,6.3,200.51,3383.26
Kerala,South,Monsoon,26.3,Villa,4,Three Phase,3,2.5,0,1,10,20,Poor,0.792,kWh,16.0,19.0,158.72,193.41,811.46,285,22.9,185.82,13.1,167.98,1450.26
Kerala,South,Winter,24.3,Independent House,1,Single Phase,1,4.8,0,2,10,2,Good,0.773,kVAh,4.4,0.0,57.78,79.45,222.16,95,29.9,66.43,9.1,34.91,418.49
Rajasthan,North,Winter,5.1,Apartment,5,Single Phase,1,4.3,1,0,6,2,Good,0.912,kVAh,3.03,0.0,165.12,185.64,721.02,120,22.3,160.79,12.5,125.23,1127.03
Tamil Nadu,South,Summer,38.2,Apartment,6,Three Phase,3,1.6,1,2,1,4,Good,0.934,kVAh,2.09,10.6,593.27,658.88,1930.85,300,22.4,432.51,5.2,138.49,2801.85
Tamil Nadu,South,Spring,32.9,Row House,2,Single Phase,2,1.8,0,4,4,29,Poor,0.745,kVAh,8.34,0.0,79.8,123.98,35.97,200,28.0,10.07,8.3,20.42,266.46
Delhi,North,Spring,30.0,Independent House,1,Three Phase,2,3.1,1,5,14,4,Good,0.775,kWh,27.67,17.5,67.21,77.49,0.0,250,35.1,0.0,9.0,22.5,272.5
Rajasthan,North,Monsoon,28.7,Apartment,5,Three Phase,3,1.4,1,1,12,25,Poor,0.957,kWh,17.34,1.9,218.35,244.26,1043.43,360,31.5,328.68,11.2,194.0,1926.11
Uttar Pradesh,North,Spring,32.0,Apartment,8,Single Phase,2,2.8,0,2,14,14,Average,0.841,kVAh,36.72,0.0,353.69,515.87,2520.66,210,18.2,458.76,9.7,309.37,3498.79
Telangana,South,Winter,21.9,Villa,1,Single Phase,3,2.7,1,6,9,16,Average,0.734,kWh,15.68,0.0,34.7,38.1,0.0,300,21.0,0.0,8.9,26.7,326.7
Uttar Pradesh,North,Summer,40.6,Villa,6,Single Phase,2,2.8,1,1,13,9,Average,0.964,kWh,8.27,0.0,720.27,757.42,4090.73,210,39.0,1595.38,6.1,359.66,6255.78
Rajasthan,North,Monsoon,26.1,Independent House,6,Single Phase,5,4.3,1,0,5,27,Poor,0.904,kVAh,8.74,0.0,389.53,491.59,2739.03,600,38.8,1062.74,8.3,365.35,4767.12
Karnataka,South,Summer,41.4,Villa,5,Single Phase,3,2.6,0,4,3,29,Poor,0.924,kVAh,6.28,0.0,262.34,338.17,2185.28,285,21.3,465.46,11.6,340.55,3276.28
Uttar Pradesh,North,Monsoon,33.6,Villa,7,Single Phase,3,3.7,1,5,9,17,Average,0.929,kVAh,23.56,0.0,248.88,309.38,1292.84,315,26.8,346.48,9.6,187.62,2141.94
Kerala,South,Summer,41.0,Villa,4,Single Phase,1,1.4,0,0,11,12,Average,0.886,kWh,19.9,0.0,206.12,234.89,1060.34,95,26.8,284.17,14.0,201.53,1641.04
Kerala,South,Spring,29.5,Villa,5,Single Phase,1,3.4,1,1,11,11,Average,0.978,kWh,27.13,0.0,134.6,144.84,520.04,95,29.8,154.97,9.3,71.61,841.62
Kerala,South,Summer,34.2,Row House,3,Three Phase,2,3.1,0,5,6,22,Poor,0.779,kVAh,9.22,12.3,322.55,489.42,2587.52,190,33.8,874.58,5.1,186.26,3838.36
Maharashtra,West,Summer,38.5,Independent House,7,Single Phase,1,4.5,0,5,8,29,Poor,0.856,kVAh,17.66,0.0,337.0,463.29,3439.74,130,30.1,1035.36,7.6,349.99,4955.08
Tamil Nadu,South,Monsoon,34.0,Row House,4,Single Phase,5,1.2,1,6,12,19,Average,0.865,kWh,24.18,0.0,175.28,202.38,158.33,500,32.8,51.93,12.1,85.94,796.2
Tamil Nadu,South,Summer,41.0,Apartment,7,Single Phase,1,2.8,1,1,4,10,Average,0.806,kWh,2.84,0.0,630.12,665.8,1962.68,100,30.5,598.62,8.0,212.9,2874.2
Maharashtra,West,Monsoon,23.7,Row House,4,Single Phase,2,3.4,1,2,4,6,Good,0.983,kWh,2.02,0.0,206.75,212.81,1165.43,260,39.2,456.85,9.0,169.41,2051.69
Karnataka,South,Summer,32.4,Villa,7,Single Phase,5,3.6,0,5,1,9,Average,0.857,kVAh,2.55,0.0,667.21,853.62,6051.15,475,24.1,1458.33,13.5,1077.9,9062.38
Karnataka,South,Winter,20.9,Villa,4,Three Phase,2,3.2,0,6,13,11,Average,0.983,kVAh,32.52,11.9,141.6,172.62,968.29,190,23.3,225.61,8.9,123.17,1507.07
Telangana,South,Monsoon,33.9,Apartment,5,Single Phase,5,1.3,1,0,4,1,Good,0.974,kWh,1.87,0.0,240.3,244.98,414.63,500,33.3,138.07,12.2,128.43,1181.13
Punjab,North,Summer,45.5,Apartment,3,Three Phase,2,2.7,1,6,2,4,Good,0.745,kVAh,0.85,17.4,354.45,505.96,1041.72,220,19.2,200.01,9.6,140.33,1602.06
Punjab,North,Monsoon,27.1,Independent House,3,Single Phase,2,2.4,0,5,1,28,Poor,0.983,kVAh,1.37,0.0,124.58,148.09,0.0,220,37.6,0.0,12.8,28.16,248.16
Rajasthan,North,Spring,28.6,Row House,1,Single Phase,1,3.4,0,4,15,12,Average,0.733,kVAh,32.51,0.0,32.89,52.22,182.77,120,15.1,27.6,13.0,42.95,373.32
Uttar Pradesh,North,Winter,9.1,Row House,4,Three Phase,5,2.3,0,6,5,18,Average,0.964,kVAh,11.01,14.3,174.18,202.81,761.27,525,28.7,218.48,14.5,218.19,1722.94
Punjab,North,Spring,31.2,Apartment,8,Single Phase,1,3.3,0,3,2,27,Poor,0.879,kWh,4.07,0.0,213.95,247.03,0.0,110,17.4,0.0,9.9,10.89,120.89
Kerala,South,Winter,27.2,Independent House,5,Single Phase,3,2.1,0,6,8,20,Poor,0.835,kWh,20.55,0.0,400.86,485.22,2562.32,285,35.9,919.87,13.1,493.5,4260.7
Tamil Nadu,South,Summer,36.4,Independent House,1,Single Phase,5,4.4,0,1,10,22,Poor,0.934,kVAh,7.66,0.0,37.48,46.42,0.0,500,35.4,0.0,6.2,31.0,531.0
Maharashtra,West,Monsoon,25.2,Villa,5,Single Phase,2,2.9,1,6,2,12,Average,0.989,kWh,2.61,0.0,154.35,165.64,814.02,260,22.8,185.6,5.6,70.54,1330.15
Uttar Pradesh,North,Summer,43.5,Row House,4,Single Phase,2,4.7,1,3,10,18,Average,0.757,kWh,11.0,0.0,263.46,285.63,1167.09,210,17.4,203.07,8.8,139.05,1719.21
Punjab,North,Monsoon,32.0,Row House,3,Single Phase,3,2.5,1,2,15,30,Poor,0.978,kWh,27.19,0.0,139.02,163.3,0.0,330,36.6,0.0,11.7,38.61,368.61
Karnataka,South,Spring,25.1,Independent House,4,Single Phase,2,3.8,1,0,4,7,Good,0.776,kWh,7.66,0.0,198.34,206.17,1195.27,190,15.0,179.29,5.5,86.05,1650.62
Uttar Pradesh,North,Winter,5.2,Villa,2,Single Phase,1,3.1,0,0,12,16,Average,0.945,kWh,4.75,0.0,67.24,73.49,246.19,105,32.4,79.77,9.2,39.65,470.61
Kerala,South,Spring,31.2,Independent House,5,Single Phase,1,4.8,1,4,3,29,Poor,0.764,kVAh,2.06,0.0,253.82,358.28,1800.68,95,34.9,628.44,6.2,156.5,2680.61
Tamil Nadu,South,Spring,26.4,Row House,2,Single Phase,1,3.9,1,2,8,2,Good,0.722,kVAh,16.95,0.0,130.45,190.63,135.94,100,31.8,43.23,13.3,37.13,316.31
West Bengal,East,Summer,35.5,Apartment,4,Single Phase,2,1.8,0,0,15,7,Good,0.741,kVAh,36.85,0.0,407.36,646.2,3527.65,180,25.7,906.61,6.7,309.16,4923.41
Delhi,North,Summer,40.8,Apartment,8,Three Phase,10,3.6,1,1,8,5,Good,0.861,kVAh,4.37,0.1,332.87,398.43,892.94,1250,20.6,183.94,9.0,209.42,2536.3
Gujarat,West,Winter,25.3,Apartment,7,Single Phase,3,5.0,0,3,2,1,Good,0.828,kVAh,2.45,0.0,336.05,425.5,1653.58,345,21.3,352.21,6.0,141.05,2491.83
West Bengal,East,Spring,28.7,Villa,8,Single Phase,5,1.5,1,5,4,22,Poor,0.727,kWh,1.84,0.0,491.39,555.1,2867.18,450,33.1,949.03,8.5,362.63,4628.84
Kerala,South,Spring,26.8,Row House,6,Three Phase,3,1.6,0,1,2,27,Poor,0.867,kWh,3.8,1.1,213.02,242.82,1107.92,285,23.8,263.68,13.7,226.95,1883.56
Telangana,South,Monsoon,30.2,Row House,6,Three Phase,10,4.1,1,4,7,19,Average,0.821,kWh,9.35,1.1,293.06,321.51,694.73,1000,22.3,154.92,6.2,114.68,1964.33
Madhya Pradesh,Central,Monsoon,25.8,Villa,8,Single Phase,2,3.8,0,5,6,11,Average,0.789,kWh,12.27,0.0,495.06,546.24,2909.24,220,20.8,605.12,12.8,478.0,4212.37
Madhya Pradesh,Central,Monsoon,27.3,Villa,5,Single Phase,3,3.2,0,2,3,10,Average,0.96,kVAh,4.41,0.0,258.92,293.4,1338.51,330,21.7,290.46,9.9,193.94,2152.9
Kerala,South,Spring,26.6,Villa,3,Three Phase,15,4.8,0,2,1,27,Poor,0.893,kVAh,1.33,19.3,91.6,116.5,386.43,1425,24.4,94.29,6.2,118.15,2023.87
Tamil Nadu,South,Spring,26.9,Row House,8,Three Phase,3,4.9,0,2,10,19,Average,0.919,kWh,17.59,5.0,445.03,493.76,1178.16,300,36.4,428.85,14.1,268.89,2175.9
Gujarat,West,Spring,22.4,Villa,8,Single Phase,3,3.1,1,2,14,7,Good,0.804,kWh,18.46,0.0,290.99,305.64,1096.23,345,21.0,230.21,11.3,188.87,1860.31
Rajasthan,North,Summer,44.6,Villa,5,Single Phase,5,2.9,1,3,13,12,Average,0.767,kWh,27.16,0.0,451.64,512.16,2897.28,600,39.8,1153.12,5.9,274.37,4924.77
West Bengal,East,Spring,28.2,Apartment,4,Single Phase,1,1.7,1,2,5,5,Good,0.968,kWh,11.71,0.0,203.72,212.26,686.3,90,36.9,253.24,8.6,88.54,1118.09
Karnataka,South,Summer,35.7,Villa,5,Three Phase,7,4.8,0,0,11,30,Poor,0.757,kVAh,8.74,9.0,555.55,815.57,5765.78,665,21.5,1239.64,6.7,513.92,8184.33
Kerala,South,Summer,35.8,Independent House,8,Three Phase,3,4.3,1,4,3,6,Good,0.828,kWh,2.81,3.4,776.01,812.43,4525.58,285,30.3,1371.25,6.7,414.18,6596.01
Rajasthan,North,Winter,8.6,Villa,6,Single Phase,2,3.9,1,4,13,21,Poor,0.983,kVAh,30.2,0.0,217.29,266.34,1164.87,240,28.7,334.32,6.6,114.79,1853.97
Delhi,North,Monsoon,32.5,Apartment,2,Single Phase,1,3.4,1,4,4,14,Average,0.976,kWh,9.38,0.0,69.66,76.08,0.0,125,37.5,0.0,8.4,10.5,135.5
Delhi,North,Summer,39.6,Villa,3,Single Phase,1,1.1,1,6,15,30,Poor,0.968,kVAh,5.19,0.0,213.84,243.48,195.66,125,22.2,43.44,8.1,29.49,393.59
Madhya Pradesh,Central,Winter,17.2,Independent House,8,Single Phase,5,2.5,0,1,8,7,Good,0.977,kWh,12.18,0.0,289.65,309.83,1432.46,550,15.7,224.9,12.5,275.92,2483.28
Kerala,South,Winter,23.2,Row House,6,Single Phase,3,3.0,0,6,5,7,Good,0.847,kWh,5.73,0.0,220.65,242.13,1103.78,285,22.0,242.83,10.9,177.85,1809.46
Gujarat,West,Winter,31.0,Row House,6,Three Phase,15,4.2,0,2,12,21,Poor,0.754,kVAh,30.68,2.5,310.41,493.89,1971.59,1725,25.3,498.81,10.1,423.74,4619.14
Maharashtra,West,Summer,23.7,Independent House,6,Single Phase,5,2.6,1,3,4,15,Average,0.848,kWh,5.48,0.0,453.35,480.76,3613.56,650,31.2,1127.43,6.0,323.46,5714.45
Uttar Pradesh,North,Monsoon,26.8,Villa,4,Single Phase,2,4.8,1,1,14,25,Poor,0.894,kVAh,33.99,0.0,177.23,232.69,907.68,210,20.1,182.44,7.6,98.81,1398.93
Punjab,North,Winter,9.8,Row House,5,Single Phase,1,2.2,0,0,4,14,Average,0.751,kWh,4.61,0.0,340.83,370.91,354.55,110,24.7,87.57,11.5,63.49,615.62
Rajasthan,North,Spring,29.6,Independent House,7,Single Phase,1,3.5,0,6,10,13,Average,0.925,kWh,24.39,0.0,346.32,414.34,2178.96,120,27.7,603.57,6.2,179.96,3082.5
Madhya Pradesh,Central,Winter,16.0,Row House,6,Three Phase,1,2.0,0,5,8,12,Average,0.801,kVAh,16.11,5.8,282.44,405.8,2017.88,110,16.7,336.99,5.5,135.57,2600.43
Punjab,North,Summer,38.9,Apartment,5,Three Phase,3,4.2,1,2,2,19,Average,0.801,kVAh,1.22,12.2,519.14,689.87,2329.09,330,26.1,607.89,6.1,199.29,3466.27
Gujarat,West,Summer,31.7,Independent House,7,Single Phase,5,2.6,0,3,5,4,Good,0.97,kWh,12.14,0.0,588.63,635.12,2743.16,575,29.0,795.52,9.2,378.46,4492.13
Delhi,North,Summer,47.2,Villa,8,Three Phase,5,3.8,1,3,4,25,Poor,0.913,kWh,7.29,13.8,426.98,477.43,1403.3,625,30.1,422.39,5.7,139.69,2590.38
Tamil Nadu,South,Summer,37.4,Row House,7,Single Phase,2,2.3,1,3,11,22,Poor,0.736,kWh,16.42,0.0,650.27,747.92,2340.43,200,25.9,606.17,7.8,245.44,3392.04
Telangana,South,Monsoon,27.3,Villa,6,Single Phase,1,1.4,0,2,7,16,Average,0.856,kVAh,17.74,0.0,231.58,306.4,639.42,100,35.4,226.36,11.1,107.2,1072.98
Gujarat,West,Winter,27.2,Independent House,3,Three Phase,7,1.1,0,5,7,3,Good,0.828,kWh,3.04,24.0,209.05,227.36,753.73,805,24.8,186.93,9.2,160.6,1906.26
Karnataka,South,Spring,34.5,Row House,5,Single Phase,5,3.1,1,3,3,2,Good,0.93,kVAh,6.83,0.0,350.14,392.89,2595.68,475,21.7,563.26,12.9,468.78,4102.71
West Bengal,East,Winter,21.8,Villa,6,Single Phase,2,4.4,1,4,14,22,Poor,0.849,kVAh,14.09,0.0,373.78,503.35,2491.99,180,20.1,500.89,14.2,450.55,3623.43
Uttar Pradesh,North,Summer,38.9,Row House,4,Single Phase,5,4.4,0,3,1,16,Average,0.785,kWh,1.2,0.0,426.35,464.49,2207.99,525,37.2,821.37,6.2,220.37,3774.73
Telangana,South,Monsoon,28.5,Row House,1,Single Phase,5,1.6,0,5,1,29,Poor,0.986,kVAh,2.5,0.0,37.56,44.59,0.0,500,17.6,0.0,8.3,41.5,541.5
Kerala,South,Spring,29.7,Villa,5,Three Phase,15,3.1,0,1,4,21,Poor,0.968,kVAh,5.93,23.7,261.03,305.8,1485.8,1425,39.9,592.83,9.5,332.85,3836.48
Delhi,North,Summer,46.8,Apartment,3,Single Phase,1,1.3,1,1,7,18,Average,0.743,kWh,8.79,0.0,370.14,393.85,872.33,125,27.6,240.76,8.2,101.52,1339.61
Telangana,South,Spring,33.6,Independent House,7,Single Phase,1,1.1,1,0,7,18,Average,0.853,kWh,12.47,0.0,379.55,404.0,1002.0,100,28.6,286.57,8.8,122.19,1510.77
West Bengal,East,Summer,34.6,Row House,2,Single Phase,5,3.9,1,4,8,21,Poor,0.949,kWh,19.38,0.0,162.45,181.59,532.95,450,29.4,156.69,8.8,100.29,1239.93
Tamil Nadu,South,Summer,36.3,Villa,1,Single Phase,2,4.7,0,5,3,17,Average,0.877,kWh,3.24,0.0,105.11,115.72,23.58,200,16.5,3.89,12.9,29.34,256.81
Delhi,North,Winter,17.4,Villa,3,Single Phase,5,4.3,0,3,15,14,Average,0.787,kWh,17.97,0.0,188.35,212.95,58.27,625,34.9,20.34,5.5,38.7,742.31
Punjab,North,Winter,9.9,Apartment,3,Single Phase,1,2.3,1,6,2,16,Average,0.731,kVAh,1.68,0.0,216.46,321.3,106.5,110,35.3,37.59,7.3,18.55,272.64
Delhi,North,Winter,17.0,Villa,1,Single Phase,2,4.1,0,4,15,19,Average,0.905,kVAh,10.32,0.0,40.01,49.34,0.0,250,15.5,0.0,13.7,34.25,284.25
Gujarat,West,Winter,28.9,Apartment,5,Single Phase,1,4.0,0,6,14,12,Average,0.769,kWh,35.49,0.0,144.35,172.59,551.08,115,17.9,98.64,9.0,68.83,833.55
Gujarat,West,Winter,37.5,Row House,4,Three Phase,15,2.8,0,3,10,27,Poor,0.799,kWh,24.84,11.2,119.42,146.72,455.36,1725,29.2,132.97,13.6,314.61,2627.94
Tamil Nadu,South,Spring,26.9,Villa,8,Single Phase,2,3.0,1,2,7,3,Good,0.958,kVAh,13.11,0.0,218.21,238.94,286.29,200,27.9,79.87,7.9,44.73,610.89
West Bengal,East,Winter,23.5,Villa,8,Three Phase,15,4.7,0,6,7,26,Poor,0.724,kVAh,14.62,10.3,278.41,471.43,2282.28,1350,19.9,454.17,13.0,531.24,4617.69
Kerala,South,Spring,28.7,Apartment,2,Single Phase,2,2.2,1,3,12,3,Good,0.905,kWh,16.52,0.0,118.63,129.27,443.25,190,25.3,112.14,8.5,63.36,808.75
Uttar Pradesh,North,Monsoon,25.3,Independent House,3,Three Phase,7,3.0,0,4,15,26,Poor,0.84,kVAh,12.54,7.5,135.78,195.52,725.55,735,37.5,272.08,9.1,157.67,1890.3
Punjab,North,Winter,16.9,Apartment,1,Single Phase,2,3.8,0,5,11,2,Good,0.738,kWh,22.32,0.0,58.64,64.89,0.0,220,39.6,0.0,7.7,16.94,236.94
West Bengal,East,Winter,31.9,Independent House,3,Three Phase,5,4.8,0,2,10,20,Poor,0.872,kWh,23.01,11.1,149.1,173.04,490.2,450,36.7,179.9,12.8,143.37,1263.48
Kerala,South,Spring,30.7,Villa,6,Single Phase,2,2.2,0,6,11,0,Good,0.986,kWh,11.75,0.0,399.15,435.18,2262.08,190,34.6,782.68,10.5,339.65,3574.41
Gujarat,West,Monsoon,25.8,Apartment,8,Single Phase,2,2.3,1,4,15,6,Good,0.925,kVAh,11.92,0.0,495.02,566.58,2366.19,230,23.6,558.42,6.0,189.28,3343.89
Karnataka,South,Summer,35.0,Independent House,4,Single Phase,3,1.5,1,2,12,21,Poor,0.893,kWh,4.37,0.0,423.59,462.49,3117.68,285,23.0,717.07,7.0,288.38,4408.12
Uttar Pradesh,North,Winter,7.8,Villa,5,Single Phase,3,2.1,0,2,12,15,Average,0.752,kWh,5.19,0.0,164.82,180.49,651.9,315,30.6,199.48,7.6,88.65,1255.03
Maharashtra,West,Summer,24.7,Row House,8,Single Phase,2,2.0,0,1,11,11,Average,0.773,kWh,19.75,0.0,458.54,514.63,3968.56,260,39.6,1571.55,6.9,400.21,6200.32
Kerala,South,Winter,27.5,Apartment,6,Single Phase,3,1.5,1,2,13,24,Poor,0.76,kWh,16.41,0.0,361.39,419.86,2170.16,285,23.6,512.16,14.7,436.2,3403.51
West Bengal,East,Winter,32.0,Independent House,4,Single Phase,1,3.8,0,5,15,2,Good,0.748,kVAh,26.89,0.0,131.43,204.69,648.45,90,26.6,172.49,7.7,70.14,981.08
Karnataka,South,Spring,26.9,Apartment,5,Single Phase,2,1.3,0,4,10,19,Average,0.737,kVAh,18.75,0.0,326.81,502.58,3418.35,190,37.9,1295.55,9.1,446.26,5350.16
Telangana,South,Winter,19.5,Apartment,5,Single Phase,5,5.0,1,3,2,28,Poor,0.877,kWh,2.99,0.0,309.42,333.55,738.79,500,36.2,267.44,13.7,206.35,1712.59
Uttar Pradesh,North,Winter,11.5,Row House,3,Three Phase,2,1.6,0,5,4,27,Poor,0.743,kWh,2.62,5.8,212.89,250.45,994.7,210,20.7,205.9,5.5,77.58,1488.19
Maharashtra,West,Spring,26.0,Apartment,1,Three Phase,5,4.5,1,4,13,15,Average,0.776,kWh,14.47,18.3,54.83,61.9,201.17,650,26.0,52.31,6.2,56.02,959.5
Kerala,South,Summer,36.9,Independent House,6,Three Phase,10,1.2,0,3,6,16,Average,0.755,kWh,6.16,11.0,692.18,757.36,4195.16,950,23.1,969.08,6.1,372.97,6487.21
West Bengal,East,Winter,37.5,Independent House,8,Single Phase,3,1.1,1,0,12,7,Good,0.846,kWh,28.5,0.0,586.3,659.66,3625.23,270,26.1,946.19,6.2,300.17,5141.59
Maharashtra,West,Spring,34.6,Apartment,6,Single Phase,5,4.7,1,3,10,29,Poor,0.938,kVAh,3.52,0.0,163.47,189.52,991.92,650,27.6,273.77,12.2,233.71,2149.41
Punjab,North,Monsoon,34.6,Row House,4,Single Phase,3,1.4,1,2,8,19,Average,0.955,kWh,4.99,0.0,263.42,279.08,0.0,330,19.3,0.0,8.1,26.73,356.73
Telangana,South,Monsoon,27.6,Villa,3,Single Phase,3,2.8,1,1,7,23,Poor,0.765,kWh,16.26,0.0,167.52,198.11,245.28,300,18.9,46.36,8.7,51.47,643.1
Delhi,North,Monsoon,32.7,Villa,7,Single Phase,3,3.7,0,4,5,5,Good,0.99,kVAh,1.69,0.0,260.86,280.25,361.12,375,25.8,93.17,5.7,47.27,876.57
Tamil Nadu,South,Winter,27.9,Independent House,2,Single Phase,3,3.2,0,0,10,20,Poor,0.903,kVAh,9.36,0.0,134.09,165.87,98.81,300,35.6,35.17,10.9,47.3,481.28
Uttar Pradesh,North,Monsoon,34.9,Independent House,4,Single Phase,3,2.8,0,4,12,6,Good,0.931,kVAh,23.09,0.0,268.58,317.46,1340.51,315,21.8,292.23,5.9,114.92,2062.66
Delhi,North,Monsoon,25.2,Row House,2,Single Phase,2,3.6,0,1,8,17,Average,0.897,kWh,5.2,0.0,74.9,81.87,0.0,250,25.5,0.0,10.8,27.0,277.0
Maharashtra,West,Summer,32.0,Villa,1,Three Phase,1,3.6,1,5,3,16,Average,0.799,kVAh,4.8,4.4,83.99,115.55,440.85,130,26.2,115.5,9.5,65.2,751.55
Maharashtra,West,Monsoon,36.0,Villa,3,Single Phase,3,3.2,0,0,10,25,Poor,0.972,kVAh,5.61,0.0,97.88,115.15,437.87,390,23.1,101.15,9.1,84.54,1013.56
Rajasthan,North,Monsoon,22.7,Apartment,2,Single Phase,5,4.2,0,5,12,14,Average,0.754,kWh,18.37,0.0,119.45,136.31,477.09,600,37.1,177.0,8.5,106.6,1360.68
Kerala,South,Monsoon,26.4,Villa,7,Three Phase,7,3.4,0,5,3,25,Poor,0.89,kVAh,3.87,2.2,242.3,324.07,1595.42,665,38.0,606.26,6.0,172.0,3038.68
Maharashtra,West,Winter,27.5,Apartment,8,Three Phase,1,1.9,1,6,14,12,Average,0.95,kVAh,30.23,7.6,525.73,661.53,5610.91,130,33.3,1868.43,9.9,753.32,8362.66
Delhi,North,Monsoon,34.5,Row House,6,Three Phase,10,3.5,1,6,6,0,Good,0.913,kWh,9.94,12.3,188.0,201.0,4.5,1250,37.9,1.71,9.7,121.85,1378.06
Punjab,North,Spring,29.5,Villa,7,Single Phase,5,3.6,0,6,12,26,Poor,0.866,kWh,7.53,0.0,344.18,410.4,552.0,550,39.7,219.14,13.3,175.71,1496.86
Gujarat,West,Summer,20.3,Independent House,4,Single Phase,1,2.6,0,5,14,22,Poor,0.933,kWh,14.01,0.0,329.79,382.62,1454.18,115,26.7,388.27,11.2,219.23,2176.68
Maharashtra,West,Monsoon,20.1,Row House,1,Three Phase,2,2.1,1,6,3,10,Average,0.881,kWh,6.54,21.2,48.19,53.31,173.26,260,36.5,63.24,9.6,47.66,544.16
Kerala,South,Spring,30.3,Independent House,6,Three Phase,1,1.0,1,4,12,17,Average,0.788,kWh,30.51,6.4,467.08,542.96,2908.76,95,35.5,1032.61,5.2,209.89,4246.26
Uttar Pradesh,North,Winter,12.2,Villa,1,Single Phase,3,1.2,1,4,13,11,Average,0.88,kWh,28.59,0.0,55.43,63.69,213.36,315,34.9,74.46,14.7,88.62,691.44
Kerala,South,Spring,31.2,Villa,5,Three Phase,10,2.9,0,0,3,1,Good,0.941,kWh,3.86,7.4,265.62,283.14,1349.84,950,19.8,267.27,11.8,302.92,2870.03
Kerala,South,Monsoon,28.2,Independent House,3,Single Phase,2,3.9,1,3,2,2,Good,0.785,kWh,2.72,0.0,89.14,92.52,279.71,190,23.1,64.61,8.2,43.81,578.14
West Bengal,East,Winter,30.7,Row House,3,Single Phase,2,2.3,0,0,7,11,Average,0.872,kWh,10.05,0.0,164.98,178.28,516.4,180,32.1,165.76,11.1,95.7,957.86
Uttar Pradesh,North,Monsoon,26.8,Independent House,8,Three Phase,3,3.2,1,6,13,12,Average,0.784,kWh,30.62,8.6,495.2,568.35,2861.78,315,39.6,1133.26,5.7,245.67,4555.71
Tamil Nadu,South,Summer,36.0,Row House,2,Single Phase,5,3.5,0,5,10,11,Average,0.771,kVAh,7.83,0.0,172.69,254.48,340.68,500,20.0,68.14,14.0,127.23,1036.05
Gujarat,West,Summer,35.6,Apartment,6,Single Phase,3,1.1,1,6,10,29,Poor,0.834,kWh,4.16,0.0,492.91,565.53,2360.41,345,31.8,750.61,11.3,390.53,3846.56
Karnataka,South,Summer,39.7,Row House,5,Single Phase,3,4.6,1,6,15,23,Poor,0.932,kWh,9.23,0.0,234.11,255.02,1561.65,285,17.3,270.17,13.4,283.65,2400.47
Madhya Pradesh,Central,Spring,31.0,Row House,4,Three Phase,1,3.7,1,4,4,29,Poor,0.873,kWh,3.45,8.5,271.07,300.43,1375.12,110,39.7,545.92,5.6,113.74,2144.79
Uttar Pradesh,North,Monsoon,34.8,Row House,3,Single Phase,3,3.1,1,0,7,23,Poor,0.973,kWh,3.59,0.0,117.96,132.16,442.74,315,22.8,100.94,6.2,53.24,911.92
Delhi,North,Spring,27.1,Apartment,2,Single Phase,2,4.3,1,5,14,5,Good,0.76,kVAh,14.54,0.0,72.56,102.92,0.0,250,27.0,0.0,14.1,35.25,285.25
Telangana,South,Summer,33.1,Apartment,6,Three Phase,7,4.2,1,3,1,17,Average,0.755,kWh,2.23,21.4,350.11,375.61,892.73,700,18.4,164.26,7.6,133.53,1890.53
Karnataka,South,Summer,38.5,Independent House,6,Single Phase,3,4.0,0,3,3,16,Average,0.897,kVAh,5.33,0.0,293.59,363.2,2373.0,285,30.7,728.51,11.2,379.29,3765.8
Uttar Pradesh,North,Winter,10.8,Apartment,2,Single Phase,3,1.3,1,3,4,6,Good,0.982,kVAh,3.7,0.0,71.43,74.97,251.15,315,25.6,64.29,10.3,64.94,695.38
Maharashtra,West,Spring,30.7,Villa,3,Single Phase,2,3.1,1,0,4,22,Poor,0.785,kWh,1.93,0.0,103.29,109.89,398.68,260,15.4,61.4,11.7,84.25,804.33
Telangana,South,Monsoon,28.7,Apartment,2,Three Phase,2,4.7,0,5,1,17,Average,0.871,kVAh,2.6,5.4,120.69,157.53,143.82,200,29.2,42.0,9.4,36.27,422.09
Gujarat,West,Spring,34.1,Row House,7,Single Phase,1,3.0,0,6,6,27,Poor,0.987,kVAh,9.01,0.0,417.32,503.6,2019.8,115,19.1,385.78,13.3,335.24,2855.82
Tamil Nadu,South,Spring,34.7,Row House,2,Single Phase,1,4.5,0,4,13,17,Average,0.795,kWh,14.02,0.0,88.94,98.73,0.0,100,27.3,0.0,13.0,13.0,113.0
Delhi,North,Spring,23.7,Independent House,3,Three Phase,3,1.9,0,0,3,26,Poor,0.878,kWh,4.74,1.7,166.78,191.79,0.0,375,33.6,0.0,8.7,32.62,407.62
Madhya Pradesh,Central,Winter,11.3,Villa,8,Single Phase,3,1.8,1,3,5,2,Good,0.868,kVAh,10.92,0.0,313.33,381.4,1869.04,330,37.2,695.28,8.6,248.91,3143.23
Gujarat,West,Spring,22.5,Apartment,8,Three Phase,5,2.5,1,3,7,4,Good,0.909,kWh,6.64,18.1,529.23,569.12,2380.16,575,27.7,659.3,11.1,401.21,4015.67
Punjab,North,Spring,23.7,Apartment,5,Single Phase,2,4.6,1,2,8,26,Poor,0.777,kVAh,3.95,0.0,124.95,175.48,0.0,220,26.2,0.0,7.6,16.72,236.72
Kerala,South,Winter,19.0,Independent House,2,Single Phase,2,4.6,0,2,7,24,Poor,0.932,kWh,18.59,0.0,86.92,102.47,323.99,190,33.5,108.54,6.0,37.35,659.88
Gujarat,West,Summer,34.3,Villa,1,Single Phase,1,4.1,0,4,2,2,Good,0.866,kWh,2.24,0.0,43.9,47.66,92.94,115,29.9,27.79,10.6,24.99,260.71
Delhi,North,Spring,23.5,Villa,6,Single Phase,5,4.8,1,4,5,22,Poor,0.755,kVAh,8.36,0.0,198.26,305.75,475.88,625,37.9,180.36,5.9,75.59,1356.82
Karnataka,South,Summer,33.0,Apartment,4,Single Phase,2,3.5,1,5,15,17,Average,0.92,kWh,13.35,0.0,186.98,207.34,1204.05,190,36.4,438.27,8.7,159.41,1991.74
Uttar Pradesh,North,Monsoon,29.6,Row House,8,Three Phase,10,2.7,1,4,2,26,Poor,0.955,kWh,1.86,13.3,230.94,254.35,1013.82,1050,20.6,208.85,12.7,288.63,2561.29
West Bengal,East,Winter,26.2,Villa,4,Single Phase,2,4.3,0,2,2,21,Poor,0.727,kVAh,3.84,0.0,203.01,311.5,1244.34,180,17.6,219.0,7.2,118.32,1761.66
Tamil Nadu,South,Spring,25.2,Villa,1,Single Phase,5,4.7,0,3,8,30,Poor,0.729,kWh,9.34,0.0,38.79,44.42,0.0,500,19.0,0.0,8.9,44.5,544.5
Karnataka,South,Summer,38.0,Apartment,7,Single Phase,1,1.1,0,1,5,27,Poor,0.964,kWh,7.07,0.0,334.93,398.92,2640.9,95,23.5,620.61,6.4,214.82,3571.33
Telangana,South,Monsoon,26.8,Apartment,6,Single Phase,5,4.5,1,5,14,6,Good,0.845,kWh,23.67,0.0,237.54,263.4,482.04,500,24.0,115.69,14.9,163.56,1261.3
Karnataka,South,Winter,22.6,Independent House,3,Single Phase,3,2.0,0,1,5,12,Average,0.913,kWh,11.88,0.0,122.78,134.33,715.58,285,17.7,126.66,5.9,66.51,1193.74
Maharashtra,West,Winter,21.5,Apartment,6,Three Phase,7,2.7,1,6,11,22,Poor,0.799,kWh,4.24,1.0,303.56,353.58,2348.12,910,39.9,936.9,14.1,591.5,4786.52
Madhya Pradesh,Central,Winter,12.9,Independent House,6,Single Phase,2,2.1,1,6,2,7,Good,0.945,kWh,4.23,0.0,362.6,386.04,1897.34,220,21.7,411.72,9.4,237.73,2766.8
Rajasthan,North,Spring,30.7,Apartment,8,Single Phase,1,3.7,1,0,4,28,Poor,0.937,kWh,2.31,0.0,498.54,547.15,3177.2,120,16.9,536.95,10.0,383.41,4217.56
West Bengal,East,Winter,21.4,Villa,4,Three Phase,15,4.7,1,4,1,25,Poor,0.825,kWh,2.17,18.2,260.21,291.44,1114.15,1350,29.5,328.67,9.9,276.49,3069.31
Gujarat,West,Summer,26.4,Row House,6,Three Phase,1,1.8,1,2,8,25,Poor,0.755,kVAh,18.06,15.7,500.18,770.39,3487.14,115,31.7,1105.42,6.8,320.11,5027.68
Karnataka,South,Summer,32.6,Villa,2,Single Phase,2,2.2,1,3,8,2,Good,0.976,kWh,17.95,0.0,120.38,129.61,684.43,190,31.3,214.23,11.9,129.55,1218.2
Maharashtra,West,Summer,21.2,Independent House,4,Single Phase,1,4.2,0,5,7,16,Average,0.959,kWh,7.67,0.0,352.98,402.24,2832.29,130,36.3,1028.12,5.6,223.46,4213.87
Rajasthan,North,Summer,41.5,Independent House,4,Three Phase,3,1.8,0,1,6,8,Average,0.973,kVAh,6.08,13.9,433.69,489.98,2727.36,360,33.0,900.03,11.5,458.55,4445.93
Uttar Pradesh,North,Winter,16.5,Apartment,7,Single Phase,5,1.6,1,6,2,4,Good,0.947,kVAh,4.45,0.0,435.15,484.02,2323.22,525,25.7,597.07,11.1,382.43,3827.71
Madhya Pradesh,Central,Summer,44.4,Apartment,8,Three Phase,5,4.8,0,2,9,0,Good,0.953,kWh,7.99,24.2,441.27,489.18,2526.5,550,26.4,667.0,6.7,250.81,3994.31
Uttar Pradesh,North,Monsoon,27.7,Independent House,1,Single Phase,3,4.5,0,0,5,18,Average,0.868,kWh,2.15,0.0,43.51,46.03,154.2,315,35.8,55.2,6.6,34.61,559.01
Karnataka,South,Winter,26.0,Apartment,1,Single Phase,2,2.5,0,5,9,16,Average,0.729,kWh,3.78,0.0,39.52,44.11,178.81,190,28.8,51.5,8.9,37.41,457.72
Kerala,South,Summer,37.5,Apartment,6,Single Phase,2,4.1,0,4,9,26,Poor,0.919,kWh,16.86,0.0,291.12,347.47,1735.82,190,15.3,265.58,14.6,319.94,2511.34
West Bengal,East,Spring,35.9,Independent House,1,Three Phase,5,1.3,1,3,10,22,Poor,0.845,kWh,10.23,9.9,58.43,66.47,0.0,450,37.4,0.0,13.3,59.85,509.85
Rajasthan,North,Monsoon,28.9,Villa,4,Single Phase,1,4.9,1,3,1,13,Average,0.888,kWh,2.61,0.0,108.72,114.68,401.38,120,30.1,120.82,10.3,66.15,708.34
Maharashtra,West,Spring,35.8,Apartment,2,Three Phase,2,1.4,0,0,8,13,Average,0.817,kVAh,20.0,13.6,61.32,86.67,281.68,260,23.8,67.04,6.0,36.52,645.24
Punjab,North,Spring,24.4,Villa,3,Three Phase,15,1.8,1,3,4,26,Poor,0.859,kVAh,9.52,11.8,134.72,177.7,0.0,1650,36.4,0.0,12.5,206.25,1856.25
Delhi,North,Summer,38.9,Villa,4,Single Phase,3,4.8,1,5,8,16,Average,0.744,kWh,13.1,0.0,302.21,335.88,611.46,375,17.8,108.84,11.6,127.05,1222.35
Delhi,North,Spring,24.4,Row House,2,Single Phase,2,4.6,1,3,1,14,Average,0.939,kWh,2.12,0.0,106.91,112.18,0.0,250,30.5,0.0,8.8,22.0,272.0
West Bengal,East,Summer,36.1,Independent House,2,Single Phase,2,1.0,0,1,3,3,Good,0.908,kWh,3.42,0.0,104.57,108.93,169.65,180,27.3,46.31,14.7,58.21,454.17
Punjab,North,Winter,7.8,Row House,3,Three Phase,2,3.3,1,0,5,18,Average,0.81,kWh,7.59,6.0,100.27,106.27,0.0,220,32.4,0.0,9.1,20.02,240.02
Kerala,South,Summer,35.3,Independent House,5,Single Phase,1,1.6,0,4,15,22,Poor,0.922,kWh,26.66,0.0,427.34,521.18,2778.08,95,15.1,419.49,14.7,484.01,3776.58
Tamil Nadu,South,Spring,25.7,Apartment,1,Three Phase,5,2.9,0,5,13,0,Good,0.959,kWh,20.71,9.9,64.2,70.25,0.0,500,38.6,0.0,14.2,71.0,571.0
Karnataka,South,Winter,26.5,Row House,3,Single Phase,2,4.8,0,5,2,9,Average,0.858,kWh,2.0,0.0,163.58,179.76,1015.42,190,18.8,190.9,8.0,111.71,1508.02
Telangana,South,Monsoon,31.8,Independent House,7,Single Phase,5,2.5,0,6,6,20,Poor,0.791,kWh,13.68,0.0,230.21,284.96,560.95,500,33.2,186.24,5.4,67.35,1314.54
Punjab,North,Winter,6.8,Villa,4,Single Phase,3,4.2,0,3,6,23,Poor,0.724,kWh,12.53,0.0,140.54,167.23,0.0,330,16.3,0.0,10.4,34.32,364.32
Rajasthan,North,Summer,39.8,Villa,5,Three Phase,3,3.6,0,0,8,23,Poor,0.857,kVAh,19.1,23.9,642.24,871.65,5773.2,360,23.2,1339.38,6.3,470.77,7943.36
Telangana,South,Winter,19.3,Villa,8,Single Phase,2,3.5,1,2,10,2,Good,0.953,kVAh,9.25,0.0,363.26,400.17,982.85,200,32.0,314.51,6.5,97.33,1594.69
Punjab,North,Spring,33.0,Apartment,6,Single Phase,1,4.5,1,0,13,3,Good,0.801,kVAh,25.65,0.0,309.6,421.83,609.15,110,25.6,155.94,12.9,112.89,987.98
Madhya Pradesh,Central,Winter,5.8,Row House,5,Single Phase,5,4.9,0,3,1,8,Average,0.859,kWh,1.25,0.0,315.79,344.27,1642.55,550,35.5,583.1,6.5,180.42,2956.07
Rajasthan,North,Summer,45.8,Row House,1,Three Phase,10,2.8,1,2,6,30,Poor,0.79,kWh,9.49,7.9,94.21,107.94,377.79,1200,34.3,129.58,7.9,134.88,1842.25
Uttar Pradesh,North,Spring,26.6,Villa,2,Single Phase,5,4.2,0,4,15,11,Average,0.917,kVAh,11.2,0.0,89.36,107.05,358.62,525,18.3,65.63,11.5,109.16,1058.41
Uttar Pradesh,North,Winter,14.8,Independent House,4,Single Phase,1,2.3,1,1,5,28,Poor,0.791,kVAh,11.77,0.0,265.04,366.18,1627.96,105,33.4,543.74,11.2,254.99,2531.69
Madhya Pradesh,Central,Winter,8.2,Independent House,2,Three Phase,15,4.9,1,6,2,29,Poor,0.915,kWh,1.41,9.5,58.06,63.74,254.96,1650,35.1,89.49,6.0,119.67,2114.12
Delhi,North,Winter,9.9,Villa,5,Three Phase,1,1.4,1,1,9,1,Good,0.91,kWh,18.09,4.9,334.89,362.42,730.89,125,16.1,117.67,11.4,110.99,1084.55
Kerala,South,Spring,34.3,Apartment,8,Single Phase,3,4.5,1,3,7,6,Good,0.859,kVAh,2.81,0.0,412.38,502.81,2667.86,285,34.9,931.08,7.2,279.64,4163.59
Madhya Pradesh,Central,Summer,45.8,Independent House,8,Three Phase,2,1.3,1,5,15,27,Poor,0.979,kVAh,15.64,13.8,640.4,743.85,4262.87,220,29.6,1261.81,11.0,631.92,6376.6
Maharashtra,West,Spring,40.0,Independent House,3,Three Phase,3,3.8,0,2,12,20,Poor,0.828,kVAh,22.7,1.9,116.65,168.09,832.27,390,27.7,230.54,13.0,188.87,1641.67
Punjab,North,Winter,14.2,Independent House,6,Three Phase,2,1.9,0,5,2,1,Good,0.977,kWh,5.29,8.1,445.46,481.59,907.95,220,21.0,190.67,10.2,134.5,1453.12
Gujarat,West,Winter,21.6,Row House,4,Single Phase,5,3.9,1,1,8,11,Average,0.727,kWh,7.46,0.0,205.49,216.02,711.77,575,28.2,200.72,8.8,130.9,1618.39
Telangana,South,Monsoon,33.1,Apartment,7,Three Phase,2,4.9,0,4,1,30,Poor,0.912,kWh,2.38,2.5,405.24,472.43,1344.15,200,23.8,319.91,14.5,270.29,2134.35
Punjab,North,Summer,38.8,Apartment,8,Single Phase,3,4.1,1,4,11,6,Good,0.906,kWh,26.79,0.0,672.86,762.82,2839.74,330,38.7,1098.98,11.2,478.1,4746.82
Gujarat,West,Spring,29.9,Villa,2,Three Phase,5,2.4,0,6,14,10,Average,0.961,kWh,37.12,23.9,56.26,67.89,163.69,575,38.9,63.68,10.3,82.64,885.01
Telangana,South,Monsoon,32.0,Independent House,6,Three Phase,15,2.9,0,1,10,22,Poor,0.844,kWh,9.34,5.9,320.09,364.2,850.97,1500,23.1,196.57,12.9,328.63,2876.18
Rajasthan,North,Spring,28.8,Row House,2,Three Phase,3,1.0,0,6,2,10,Average,0.988,kWh,2.62,17.0,93.55,103.75,363.12,360,17.9,65.0,11.4,89.85,877.97
Telangana,South,Summer,36.4,Row House,7,Single Phase,3,3.1,1,6,2,10,Average,0.768,kVAh,2.11,0.0,436.93,614.93,2056.65,300,17.6,361.97,11.7,318.08,3036.7
Gujarat,West,Spring,34.7,Row House,1,Single Phase,2,1.5,1,0,8,30,Poor,0.755,kWh,6.52,0.0,57.28,64.74,152.04,230,19.8,30.1,11.3,46.57,458.71
Telangana,South,Summer,33.4,Apartment,4,Single Phase,1,1.2,0,1,6,25,Poor,0.946,kVAh,2.89,0.0,420.79,497.99,1471.95,100,38.3,563.76,11.6,247.74,2383.45
Rajasthan,North,Spring,28.1,Apartment,4,Single Phase,2,1.6,0,2,12,23,Poor,0.75,kWh,16.1,0.0,118.2,136.33,477.16,240,34.5,164.62,13.8,121.68,1003.46
Tamil Nadu,South,Spring,34.9,Independent House,4,Single Phase,3,4.1,0,6,9,4,Good,0.807,kVAh,6.17,0.0,222.92,304.8,516.8,300,17.5,90.44,12.6,114.31,1021.55
Rajasthan,North,Summer,40.5,Row House,2,Three Phase,5,1.1,1,3,9,30,Poor,0.981,kWh,13.67,21.0,135.13,155.51,555.3,600,31.0,172.14,14.4,191.15,1518.6
Madhya Pradesh,Central,Spring,22.7,Apartment,7,Single Phase,1,2.3,0,5,5,10,Average,0.891,kWh,9.62,0.0,268.93,308.02,1421.42,110,24.2,343.98,10.3,193.17,2068.57
West Bengal,East,Winter,26.9,Villa,7,Three Phase,5,2.6,0,2,6,2,Good,0.761,kVAh,2.4,8.4,245.69,342.9,1448.12,450,31.2,451.81,6.7,157.45,2507.38
West Bengal,East,Monsoon,32.5,Villa,3,Three Phase,3,3.8,1,3,8,27,Poor,0.851,kVAh,18.06,11.4,99.77,137.0,310.0,270,27.4,84.94,8.7,57.85,722.79
Gujarat,West,Monsoon,29.5,Independent House,8,Single Phase,1,2.2,0,3,9,5,Good,0.879,kWh,21.6,0.0,254.4,272.69,943.01,115,15.7,148.05,6.1,73.57,1279.63
Tamil Nadu,South,Spring,32.0,Independent House,8,Single Phase,2,2.5,1,0,1,4,Good,0.847,kWh,2.11,0.0,568.53,580.65,1570.99,200,30.5,479.15,5.2,117.01,2367.15
Kerala,South,Monsoon,30.9,Villa,5,Single Phase,3,3.9,0,1,14,14,Average,0.826,kVAh,19.99,0.0,204.23,285.89,1366.34,285,25.0,341.58,9.2,183.35,2176.27
Karnataka,South,Winter,18.1,Independent House,6,Three Phase,10,3.1,0,2,11,22,Poor,0.72,kVAh,12.38,3.9,293.81,483.77,3277.27,950,29.2,956.96,11.9,616.92,5801.16
Rajasthan,North,Monsoon,29.6,Row House,3,Single Phase,5,3.3,0,5,10,12,Average,0.943,kWh,4.12,0.0,122.23,138.64,485.24,600,38.2,185.36,5.6,71.15,1341.76
Telangana,South,Spring,31.2,Villa,4,Three Phase,10,1.2,0,6,7,16,Average,0.867,kWh,18.35,24.4,157.36,186.33,215.83,1000,37.7,81.37,6.8,88.21,1385.4
Delhi,North,Summer,40.8,Villa,7,Single Phase,2,2.5,0,6,14,15,Average,0.862,kVAh,12.66,0.0,386.57,517.76,1665.44,250,22.2,369.73,14.2,324.49,2609.66
Maharashtra,West,Monsoon,38.8,Independent House,7,Three Phase,1,1.7,1,6,11,27,Poor,0.964,kVAh,8.42,8.9,288.36,343.73,2250.11,130,29.4,661.53,6.8,206.83,3248.48
Rajasthan,North,Winter,14.7,Villa,1,Three Phase,7,4.0,0,4,10,21,Poor,0.948,kWh,16.72,5.9,37.58,46.09,161.31,840,25.2,40.65,6.8,70.85,1112.82
Telangana,South,Spring,33.4,Row House,3,Three Phase,15,4.3,1,0,5,10,Average,0.788,kWh,2.41,7.9,114.05,120.85,52.12,1500,34.7,18.09,10.3,161.73,1731.94
Tamil Nadu,South,Monsoon,31.7,Row House,1,Single Phase,1,1.5,1,3,15,29,Poor,0.906,kWh,37.76,0.0,38.45,50.02,0.0,100,26.3,0.0,8.2,8.2,108.2
Rajasthan,North,Monsoon,26.5,Row House,8,Three Phase,15,2.2,0,6,2,7,Good,0.777,kWh,3.57,6.0,419.7,461.15,2518.34,1800,30.8,775.65,13.4,682.59,5776.58
West Bengal,East,Spring,38.6,Villa,4,Three Phase,15,4.5,0,3,10,6,Good,0.917,kVAh,4.55,12.9,218.03,256.97,909.85,1350,35.0,318.45,12.2,314.55,2892.85
Kerala,South,Spring,33.7,Row House,5,Single Phase,1,4.9,1,0,8,3,Good,0.976,kVAh,10.35,0.0,304.91,331.49,1639.94,95,36.8,603.5,8.2,191.75,2530.19
Rajasthan,North,Spring,28.6,Row House,2,Three Phase,10,1.4,0,6,12,2,Good,0.878,kWh,10.0,14.8,112.06,126.44,442.54,1200,16.9,74.79,14.2,243.86,1961.19
Madhya Pradesh,Central,Monsoon,27.9,Independent House,7,Three Phase,1,1.5,1,0,8,0,Good,0.863,kWh,17.73,12.9,364.17,380.41,1863.0,110,39.8,741.47,11.2,304.02,3018.5
Punjab,North,Monsoon,33.0,Row House,3,Three Phase,2,3.4,1,2,5,8,Average,0.949,kWh,4.11,5.7,150.81,158.34,0.0,220,17.1,0.0,10.2,22.44,242.44
Kerala,South,Summer,38.3,Villa,6,Single Phase,2,2.7,0,2,7,10,Average,0.756,kWh,11.4,0.0,444.6,492.22,2604.32,190,26.2,682.33,14.1,490.21,3966.86
Kerala,South,Summer,35.1,Independent House,7,Single Phase,1,2.6,0,0,1,19,Average,0.929,kVAh,0.39,0.0,471.37,536.85,2872.1,95,32.2,924.82,11.5,447.57,4339.49
Maharashtra,West,Monsoon,38.0,Independent House,5,Single Phase,1,2.3,1,0,5,28,Poor,0.881,kWh,11.98,0.0,308.44,356.87,2380.86,130,28.6,680.92,5.4,172.36,3364.14
Gujarat,West,Spring,36.8,Row House,1,Single Phase,3,1.6,1,5,12,19,Average,0.841,kWh,7.28,0.0,65.36,71.88,178.46,345,19.9,35.51,12.5,69.87,628.84
Madhya Pradesh,Central,Summer,43.1,Independent House,2,Single Phase,3,2.9,0,1,2,10,Average,0.741,kVAh,1.36,0.0,144.2,207.33,895.25,330,19.9,178.15,12.6,176.83,1580.23
Rajasthan,North,Monsoon,27.1,Independent House,7,Single Phase,5,4.3,1,0,8,19,Average,0.862,kVAh,11.87,0.0,477.25,587.69,3501.52,600,37.3,1306.07,9.0,486.68,5894.27
Karnataka,South,Monsoon,35.0,Villa,4,Single Phase,3,2.3,1,1,7,24,Poor,0.756,kVAh,5.39,0.0,220.2,332.2,2140.5,285,22.6,483.75,5.1,148.37,3057.62
Punjab,North,Winter,16.9,Row House,6,Three Phase,15,2.3,1,5,2,22,Poor,0.759,kVAh,4.74,10.5,372.22,566.99,1468.93,1650,29.5,433.33,9.6,341.02,3893.28
Maharashtra,West,Monsoon,33.5,Apartment,3,Single Phase,2,4.2,0,5,3,18,Average,0.919,kVAh,2.52,0.0,186.9,225.24,1258.04,260,18.6,234.0,6.7,117.39,1869.42
Tamil Nadu,South,Summer,36.7,Apartment,1,Three Phase,15,3.5,0,0,10,21,Poor,0.87,kWh,25.87,24.7,122.89,143.92,65.88,1500,34.1,22.47,7.8,123.89,1712.24
Karnataka,South,Spring,31.2,Apartment,5,Single Phase,1,3.4,0,6,2,0,Good,0.84,kWh,2.56,0.0,343.81,370.19,2425.43,95,15.3,371.09,9.3,268.91,3160.43
Telangana,South,Spring,29.0,Independent House,1,Single Phase,3,1.9,0,2,1,24,Poor,0.911,kWh,0.75,0.0,48.54,55.11,0.0,300,16.2,0.0,13.5,40.5,340.5
West Bengal,East,Summer,36.1,Villa,1,Single Phase,2,1.3,1,5,11,1,Good,0.939,kWh,23.02,0.0,114.9,124.61,248.05,180,23.1,57.3,11.9,57.76,543.11
Telangana,South,Spring,26.1,Villa,4,Single Phase,3,3.7,0,2,7,16,Average,0.809,kVAh,13.45,0.0,214.46,293.92,593.75,300,19.4,115.19,11.7,118.05,1126.98
West Bengal,East,Spring,29.2,Row House,8,Single Phase,1,4.8,1,4,3,12,Average,0.938,kWh,2.05,0.0,480.08,504.8,2502.5,90,21.8,545.54,8.8,276.15,3414.19
West Bengal,East,Summer,38.8,Row House,5,Single Phase,1,1.1,0,2,7,19,Average,0.92,kVAh,16.82,0.0,218.5,269.35,971.75,90,27.0,262.37,5.7,75.47,1399.6
Karnataka,South,Summer,40.3,Villa,4,Single Phase,5,3.9,1,2,6,16,Average,0.777,kVAh,6.82,0.0,231.84,321.15,2057.62,475,32.3,664.61,15.0,479.59,3676.82
Karnataka,South,Spring,30.4,Row House,3,Single Phase,3,3.7,1,1,4,10,Average,0.967,kWh,9.03,0.0,112.84,118.9,613.74,285,30.5,187.19,6.4,69.5,1155.43
Madhya Pradesh,Central,Monsoon,34.9,Villa,1,Single Phase,2,3.1,0,3,1,13,Average,0.947,kVAh,1.19,0.0,69.75,78.47,313.88,220,23.7,74.39,11.3,68.73,677.0
Uttar Pradesh,North,Monsoon,29.9,Apartment,3,Single Phase,3,2.7,0,6,15,9,Average,0.751,kWh,31.52,0.0,222.4,260.71,1044.98,315,32.6,340.66,5.6,95.24,1795.88
Rajasthan,North,Summer,42.4,Villa,4,Single Phase,5,1.4,0,5,11,24,Poor,0.902,kWh,27.73,0.0,321.79,399.86,2073.99,600,17.7,367.1,5.8,176.38,3217.46
Punjab,North,Spring,30.5,Villa,6,Single Phase,5,3.4,1,1,1,14,Average,0.829,kVAh,2.32,0.0,161.14,203.55,0.0,550,37.0,0.0,5.4,29.7,579.7
Tamil Nadu,South,Winter,25.0,Apartment,2,Three Phase,15,4.9,0,3,3,23,Poor,0.976,kWh,2.86,11.0,102.61,121.84,32.76,1500,19.8,6.49,6.1,93.89,1633.14
Kerala,South,Winter,25.2,Independent House,2,Single Phase,1,3.3,1,6,11,7,Good,0.941,kVAh,22.95,0.0,110.3,132.39,457.14,95,17.7,80.91,8.4,53.18,686.22
Uttar Pradesh,North,Spring,28.7,Independent House,1,Three Phase,15,3.9,0,6,4,28,Poor,0.767,kVAh,4.21,12.7,53.33,83.42,279.46,1575,24.0,67.07,14.7,282.46,2203.99
Karnataka,South,Monsoon,30.4,Villa,6,Single Phase,1,3.7,1,1,7,14,Average,0.831,kWh,6.69,0.0,258.09,273.04,1696.8,95,27.6,468.32,10.2,230.53,2490.65
Maharashtra,West,Monsoon,22.7,Row House,5,Three Phase,1,2.2,1,5,8,22,Poor,0.915,kWh,8.74,19.2,240.03,272.43,1609.6,130,28.1,452.3,9.8,214.81,2406.71
Kerala,South,Spring,34.7,Apartment,1,Single Phase,1,3.9,0,3,9,20,Poor,0.83,kWh,10.5,0.0,62.38,73.12,200.95,95,38.7,77.77,7.3,27.28,401.0
West Bengal,East,Monsoon,31.9,Independent House,2,Three Phase,2,2.0,0,1,4,5,Good,0.947,kWh,9.17,2.2,131.49,141.89,334.45,180,22.4,74.92,12.5,73.67,663.04
Kerala,South,Winter,19.4,Independent House,3,Single Phase,2,3.6,1,1,13,6,Good,0.969,kVAh,21.18,0.0,207.09,231.4,1039.4,190,32.9,341.96,12.9,202.71,1774.07
Karnataka,South,Winter,19.8,Apartment,7,Three Phase,7,2.4,1,3,8,13,Average,0.728,kVAh,6.64,21.6,324.79,482.29,3266.18,665,24.2,790.41,8.0,377.73,5099.32
Uttar Pradesh,North,Spring,33.9,Row House,6,Single Phase,2,1.3,0,5,7,7,Good,0.734,kWh,3.22,0.0,245.5,267.27,1077.12,210,19.3,207.88,11.6,173.42,1668.43
Maharashtra,West,Monsoon,20.6,Row House,7,Single Phase,2,2.3,0,3,14,27,Poor,0.831,kWh,22.95,0.0,246.22,292.58,1759.72,260,15.8,278.04,14.2,326.28,2624.04
Kerala,South,Winter,20.9,Row House,7,Three Phase,3,1.4,0,3,9,8,Average,0.969,kWh,5.18,20.0,549.13,604.72,3279.32,285,21.3,698.5,5.6,238.72,4501.53
West Bengal,East,Summer,21.7,Row House,6,Three Phase,5,3.3,0,3,1,18,Average,0.844,kVAh,1.05,13.5,503.83,666.0,3671.2,450,16.1,591.06,6.2,292.16,5004.42
Uttar Pradesh,North,Summer,39.2,Row House,3,Single Phase,3,4.5,0,2,10,15,Average,0.826,kWh,15.42,0.0,259.61,296.57,1220.69,315,24.3,296.63,5.2,95.28,1927.6
Uttar Pradesh,North,Winter,12.4,Independent House,7,Single Phase,5,3.9,1,3,3,4,Good,0.929,kWh,7.46,0.0,221.12,227.93,884.36,525,16.2,143.27,10.4,161.47,1714.1
Karnataka,South,Monsoon,34.1,Row House,7,Three Phase,3,2.1,0,5,11,2,Good,0.728,kWh,22.67,8.4,394.68,435.05,2911.88,285,21.9,637.7,10.0,383.46,4218.03
Kerala,South,Summer,41.0,Row House,4,Single Phase,1,2.2,0,4,10,30,Poor,0.903,kWh,24.74,0.0,226.5,263.18,1230.08,95,24.8,305.06,12.7,207.03,1837.17
Telangana,South,Monsoon,27.6,Row House,6,Single Phase,3,1.7,0,0,15,14,Average,0.874,kWh,35.76,0.0,502.73,592.88,1946.4,300,31.9,620.9,7.9,226.52,3093.82
Madhya Pradesh,Central,Winter,17.4,Villa,5,Three Phase,3,1.7,0,4,4,17,Average,0.966,kVAh,5.71,13.5,262.52,294.89,1346.18,330,20.4,274.62,13.4,261.41,2212.21
Maharashtra,West,Winter,33.7,Row House,1,Single Phase,2,2.7,1,2,4,12,Average,0.772,kVAh,6.93,0.0,45.58,63.34,205.86,260,23.2,47.76,11.1,57.01,570.62
Maharashtra,West,Winter,27.7,Villa,7,Three Phase,3,3.9,0,4,8,8,Average,0.783,kWh,12.49,10.0,382.16,425.99,3068.6,390,28.7,880.69,13.1,568.45,4907.74
Rajasthan,North,Monsoon,22.4,Apartment,6,Single Phase,2,1.5,1,4,10,19,Average,0.969,kWh,6.15,0.0,340.87,370.86,1863.74,240,21.6,402.57,12.5,313.29,2819.59
Karnataka,South,Spring,25.5,Villa,4,Single Phase,5,1.5,0,6,5,24,Poor,0.837,kVAh,8.93,0.0,197.07,263.63,1626.22,475,19.0,308.98,7.5,180.77,2590.97
Karnataka,South,Summer,40.1,Row House,7,Single Phase,2,1.2,1,4,2,23,Poor,0.797,kWh,3.59,0.0,742.59,817.12,5777.4,190,38.2,2206.97,10.3,841.96,9016.33
Telangana,South,Monsoon,28.6,Villa,8,Single Phase,5,4.4,1,2,13,13,Average,0.782,kVAh,18.91,0.0,483.64,671.84,2341.2,500,17.6,412.05,11.6,377.38,3630.63
Kerala,South,Summer,37.9,Independent House,4,Single Phase,2,2.9,0,2,10,8,Average,0.735,kWh,12.5,0.0,315.72,345.17,1722.02,190,21.9,377.12,12.1,276.99,2566.13
Delhi,North,Winter,10.1,Independent House,7,Three Phase,5,1.7,1,3,1,1,Good,0.829,kVAh,0.85,21.1,361.48,461.2,1297.8,625,34.1,442.55,10.4,246.0,2611.35
Rajasthan,North,Summer,39.6,Independent House,1,Single Phase,5,3.5,0,1,7,23,Poor,0.788,kVAh,16.33,0.0,74.0,109.84,384.44,600,24.7,94.96,14.5,156.51,1235.91
Uttar Pradesh,North,Monsoon,34.1,Row House,8,Single Phase,3,4.2,0,5,14,26,Poor,0.93,kWh,19.08,0.0,559.49,692.23,3666.99,315,18.2,667.39,7.4,344.05,4993.44
Karnataka,South,Spring,33.7,Villa,3,Three Phase,3,2.0,1,1,8,27,Poor,0.972,kVAh,16.31,12.7,196.93,232.79,1394.92,285,25.1,350.13,11.3,229.4,2259.45
Rajasthan,North,Spring,32.0,Villa,8,Single Phase,3,1.9,1,5,8,7,Good,0.928,kVAh,20.12,0.0,395.33,468.56,2572.06,360,32.5,835.92,13.6,512.45,4280.42
Punjab,North,Monsoon,27.5,Villa,6,Single Phase,5,2.1,0,2,14,22,Poor,0.864,kWh,13.99,0.0,463.25,559.89,1419.23,550,35.0,496.73,13.2,325.51,2791.47
Tamil Nadu,South,Monsoon,28.8,Row House,7,Three Phase,15,3.6,1,3,12,16,Average,0.931,kWh,12.76,9.4,269.89,301.74,506.09,1500,19.0,96.16,6.3,132.44,2234.69
Telangana,South,Summer,38.5,Villa,8,Single Phase,1,3.5,0,6,7,27,Poor,0.959,kWh,12.99,0.0,404.69,493.69,1450.45,100,26.6,385.82,7.9,152.97,2089.24
Maharashtra,West,Spring,27.7,Independent House,5,Single Phase,5,3.7,0,3,2,21,Poor,0.982,kVAh,5.29,0.0,216.96,254.0,1472.3,650,28.8,424.02,10.0,254.63,2800.95
Tamil Nadu,South,Winter,23.9,Row House,2,Single Phase,1,2.8,0,4,8,23,Poor,0.835,kVAh,4.84,0.0,90.61,123.44,35.16,100,22.4,7.88,6.7,9.58,152.62
Rajasthan,North,Winter,5.1,Row House,8,Single Phase,5,4.1,1,2,10,2,Good,0.823,kWh,13.5,0.0,410.39,426.67,2268.36,600,28.4,644.21,11.3,396.92,3909.49
Tamil Nadu,South,Summer,33.1,Row House,6,Three Phase,3,2.4,0,0,4,6,Good,0.91,kWh,2.63,2.2,516.97,537.96,1374.62,300,28.0,384.89,12.6,259.5,2319.01
Karnataka,South,Spring,31.3,Villa,5,Single Phase,2,2.2,0,4,1,10,Average,0.969,kVAh,1.21,0.0,151.68,171.71,962.29,190,28.6,275.21,14.5,206.99,1634.49
Delhi,North,Summer,39.2,Villa,2,Single Phase,1,4.5,1,3,12,7,Good,0.987,kWh,12.59,0.0,237.64,255.63,250.33,125,21.9,54.82,7.9,33.98,464.14
West Bengal,East,Spring,22.8,Row House,8,Single Phase,1,3.6,0,0,5,27,Poor,0.95,kWh,11.2,0.0,223.72,255.9,904.5,90,20.2,182.71,9.2,108.3,1285.51
Telangana,South,Summer,34.6,Independent House,1,Single Phase,3,1.8,0,3,1,16,Average,0.948,kVAh,1.54,0.0,106.2,121.85,54.62,300,18.1,9.89,9.5,34.63,399.14
Kerala,South,Summer,32.9,Row House,2,Three Phase,2,2.8,1,4,7,6,Good,0.971,kWh,12.2,12.7,136.97,146.64,530.84,190,33.7,178.89,12.9,116.07,1015.8
Kerala,South,Summer,41.1,Independent House,3,Single Phase,1,1.2,1,5,7,22,Poor,0.902,kWh,4.04,0.0,173.07,190.1,791.6,95,28.9,228.77,11.8,131.61,1246.99
Madhya Pradesh,Central,Winter,11.1,Villa,4,Single Phase,5,4.0,1,1,5,0,Good,0.813,kWh,5.07,0.0,133.52,137.8,551.2,550,29.5,162.6,7.5,94.79,1358.59
Kerala,South,Monsoon,28.7,Independent House,7,Single Phase,2,1.9,1,2,11,5,Good,0.977,kWh,4.74,0.0,316.81,331.54,1640.24,190,29.6,485.51,10.8,250.1,2565.85
Telangana,South,Monsoon,32.9,Apartment,3,Single Phase,1,4.8,1,1,9,17,Average,0.964,kVAh,9.4,0.0,216.07,238.72,391.72,100,20.0,78.34,9.7,55.3,625.35
Punjab,North,Spring,30.4,Row House,6,Single Phase,3,4.3,1,3,11,4,Good,0.932,kWh,26.41,0.0,165.96,183.17,0.0,330,21.3,0.0,12.6,41.58,371.58
Karnataka,South,Summer,35.3,Villa,3,Single Phase,3,3.8,0,1,1,3,Good,0.856,kVAh,1.5,0.0,171.45,209.94,1223.55,285,29.7,363.39,6.3,117.93,1989.88
Madhya Pradesh,Central,Winter,9.6,Apartment,8,Single Phase,1,2.2,0,1,12,18,Average,0.772,kWh,6.18,0.0,505.9,545.12,2901.57,110,18.5,536.79,9.8,347.74,3896.1
Maharashtra,West,Spring,35.3,Villa,8,Single Phase,1,2.8,0,5,14,6,Good,0.976,kVAh,36.76,0.0,450.64,550.74,4372.27,130,38.2,1670.21,5.0,308.62,6481.11
Rajasthan,North,Winter,5.8,Row House,2,Single Phase,5,4.1,1,5,1,1,Good,0.965,kVAh,0.54,0.0,131.41,143.94,503.79,600,38.3,192.95,5.4,70.02,1366.77
West Bengal,East,Spring,34.9,Villa,4,Three Phase,2,1.3,1,1,7,13,Average,0.96,kWh,4.22,22.3,167.62,182.15,535.75,180,29.4,157.51,12.3,107.41,980.67
Tamil Nadu,South,Summer,38.0,Apartment,7,Three Phase,2,4.4,1,3,15,24,Poor,0.963,kVAh,13.49,16.4,696.25,849.56,2807.98,200,38.0,1067.03,8.0,326.0,4401.01
Madhya Pradesh,Central,Monsoon,34.3,Apartment,6,Single Phase,2,4.0,0,1,10,22,Poor,0.785,kVAh,24.01,0.0,173.67,251.22,1121.28,220,25.7,288.17,7.3,118.95,1748.4
Tamil Nadu,South,Spring,28.8,Apartment,6,Single Phase,3,4.7,1,2,1,28,Poor,0.96,kVAh,2.58,0.0,195.78,220.04,220.14,300,29.0,63.84,6.6,38.54,622.52
Tamil Nadu,South,Monsoon,26.4,Villa,5,Three Phase,10,1.7,0,0,1,1,Good,0.863,kWh,2.02,8.5,408.27,432.42,963.47,1000,26.6,256.28,9.1,202.0,2421.75
Uttar Pradesh,North,Summer,47.8,Independent House,7,Single Phase,1,3.6,1,5,4,22,Poor,0.96,kWh,7.45,0.0,667.86,720.5,3850.75,105,36.3,1397.82,10.4,556.77,5910.34
West Bengal,East,Monsoon,37.8,Independent House,1,Single Phase,3,2.9,1,1,12,13,Average,0.768,kWh,8.85,0.0,34.96,36.44,0.0,270,34.2,0.0,11.7,31.59,301.59
Kerala,South,Monsoon,31.7,Independent House,2,Three Phase,10,1.0,0,4,2,1,Good,0.801,kWh,3.84,16.6,101.5,111.71,365.11,950,34.5,125.96,13.4,193.1,1634.18
Telangana,South,Monsoon,34.9,Villa,3,Single Phase,1,3.2,0,2,11,6,Good,0.941,kVAh,3.86,0.0,146.08,163.7,159.25,100,35.2,56.06,13.7,43.2,358.5
Madhya Pradesh,Central,Summer,45.0,Apartment,2,Single Phase,2,2.5,0,5,8,5,Good,0.761,kWh,8.75,0.0,180.76,197.14,842.77,220,31.4,264.63,11.9,157.96,1485.36
Maharashtra,West,Monsoon,38.0,Villa,3,Single Phase,3,4.1,0,6,12,11,Average,0.805,kWh,6.68,0.0,156.34,177.5,902.38,390,28.9,260.79,13.0,201.91,1755.07
West Bengal,East,Winter,34.8,Independent House,3,Single Phase,1,2.7,0,6,13,9,Average,0.85,kWh,22.38,0.0,221.61,253.05,890.25,90,33.4,297.34,6.2,79.21,1356.8
Maharashtra,West,Monsoon,35.7,Apartment,2,Single Phase,2,2.0,1,6,12,8,Average,0.766,kWh,11.06,0.0,127.41,139.97,622.78,260,15.6,97.15,8.3,81.33,1061.26
Telangana,South,Spring,26.8,Row House,2,Single Phase,1,1.1,1,1,10,8,Average,0.799,kWh,9.37,0.0,95.81,103.29,8.23,100,26.7,2.2,6.8,7.51,117.93
Uttar Pradesh,North,Summer,40.0,Villa,8,Three Phase,7,1.5,1,3,10,17,Average,0.844,kWh,3.42,11.6,1035.9,1122.63,6464.6,735,15.8,1021.41,12.6,1035.85,9256.85
Uttar Pradesh,North,Spring,31.3,Apartment,7,Three Phase,2,1.0,0,4,5,7,Good,0.917,kWh,7.19,24.5,257.15,281.99,1149.25,210,17.1,196.52,7.5,116.68,1672.46
Gujarat,West,Spring,36.3,Independent House,3,Single Phase,3,2.2,0,0,8,28,Poor,0.942,kWh,11.89,0.0,218.11,252.96,851.26,345,16.5,140.46,10.8,144.37,1481.09
Karnataka,South,Winter,23.7,Independent House,5,Single Phase,3,2.9,1,2,2,25,Poor,0.74,kVAh,4.27,0.0,320.36,477.25,3228.38,285,18.5,597.25,10.3,423.39,4534.02
Telangana,South,Summer,41.5,Apartment,7,Single Phase,1,4.3,0,6,4,6,Good,0.734,kWh,3.66,0.0,641.5,699.99,2481.95,100,20.3,503.84,14.6,450.52,3536.31
Kerala,South,Summer,34.4,Independent House,4,Single Phase,2,2.0,0,1,8,15,Average,0.792,kWh,6.39,0.0,358.71,391.53,2000.18,190,33.5,670.06,13.0,371.83,3232.07
Rajasthan,North,Winter,10.4,Villa,7,Single Phase,3,1.6,1,3,6,15,Average,0.765,kWh,4.97,0.0,369.14,392.61,2021.42,360,32.3,652.92,8.7,263.99,3298.33
Tamil Nadu,South,Spring,27.5,Apartment,5,Single Phase,3,2.9,1,4,14,29,Poor,0.959,kWh,35.08,0.0,186.89,236.89,279.11,300,22.0,61.41,11.9,76.22,716.74
Uttar Pradesh,North,Winter,13.8,Independent House,1,Three Phase,7,3.5,1,5,8,11,Average,0.882,kWh,19.42,5.8,46.61,52.34,175.34,735,27.8,48.74,14.3,137.15,1096.23
Telangana,South,Monsoon,33.1,Independent House,8,Three Phase,2,4.7,0,4,9,12,Average,0.907,kWh,21.98,9.7,386.78,454.41,1254.05,200,24.4,305.99,7.1,124.96,1885.0
Tamil Nadu,South,Monsoon,27.2,Villa,1,Single Phase,2,4.3,0,2,4,21,Poor,0.74,kWh,4.09,0.0,44.12,50.87,0.0,200,15.2,0.0,9.5,19.0,219.0
Telangana,South,Spring,30.9,Villa,3,Single Phase,2,1.8,0,2,10,5,Good,0.822,kWh,12.16,0.0,107.36,118.73,46.83,200,17.6,8.24,8.3,21.17,276.24
Tamil Nadu,South,Winter,27.4,Independent House,5,Single Phase,1,3.9,1,3,9,14,Average,0.795,kVAh,17.43,0.0,269.57,383.32,791.62,100,34.5,273.11,14.6,170.05,1334.78
Tamil Nadu,South,Monsoon,27.9,Apartment,4,Single Phase,1,3.2,1,2,6,29,Poor,0.985,kVAh,6.72,0.0,191.76,212.23,192.8,100,37.9,73.07,14.0,51.22,417.1
Telangana,South,Summer,41.5,Villa,8,Single Phase,3,1.2,0,6,12,26,Poor,0.746,kWh,19.35,0.0,1250.68,1569.57,6829.85,300,22.5,1536.72,14.8,1282.65,9949.22
Gujarat,West,Winter,32.1,Independent House,3,Single Phase,2,4.2,1,1,15,17,Average,0.859,kWh,7.52,0.0,141.33,150.36,468.83,230,19.1,89.55,8.3,65.44,853.81
Madhya Pradesh,Central,Monsoon,31.2,Villa,4,Three Phase,1,3.9,1,0,10,6,Good,0.88,kWh,13.31,4.2,116.34,120.49,481.96,110,29.7,143.14,14.5,106.59,841.69
West Bengal,East,Summer,22.4,Independent House,6,Single Phase,3,1.8,1,5,7,25,Poor,0.818,kWh,15.6,0.0,286.79,324.1,1326.11,270,24.7,327.55,12.4,238.53,2162.19
Tamil Nadu,South,Spring,30.4,Row House,2,Single Phase,2,3.8,0,3,15,12,Average,0.799,kWh,9.77,0.0,93.96,105.16,7.74,200,15.3,1.18,9.6,20.06,228.98
West Bengal,East,Summer,21.1,Independent House,1,Single Phase,5,4.0,0,1,15,2,Good,0.748,kWh,19.04,0.0,57.89,63.62,0.0,450,21.0,0.0,14.5,65.25,515.25
Telangana,South,Monsoon,31.8,Villa,8,Single Phase,1,4.2,1,5,15,30,Poor,0.958,kWh,37.62,0.0,548.35,666.0,2312.0,100,36.4,841.57,7.7,250.52,3504.09
West Bengal,East,Summer,32.3,Independent House,2,Three Phase,10,3.8,0,2,8,18,Average,0.733,kVAh,19.44,22.3,110.81,172.27,486.35,900,22.9,111.37,11.8,176.73,1674.46
Maharashtra,West,Monsoon,29.2,Row House,5,Single Phase,1,2.0,1,4,5,24,Poor,0.747,kVAh,7.51,0.0,204.18,312.69,1941.27,130,23.0,446.49,5.9,148.55,2666.3
Gujarat,West,Monsoon,25.1,Row House,8,Three Phase,3,1.6,1,3,13,10,Average,0.989,kWh,33.82,7.9,385.2,455.53,1793.21,345,22.1,396.3,9.6,243.31,2777.83
Gujarat,West,Winter,26.6,Row House,8,Single Phase,2,4.7,1,6,3,16,Average,0.926,kVAh,5.04,0.0,403.71,457.72,1803.4,230,20.3,366.09,10.6,254.35,2653.83
Rajasthan,North,Winter,5.2,Independent House,5,Single Phase,1,2.8,0,1,2,11,Average,0.757,kVAh,1.21,0.0,174.41,251.02,1080.61,120,30.4,328.51,8.5,129.97,1659.09
Kerala,South,Winter,23.2,Apartment,2,Three Phase,5,3.4,0,4,4,0,Good,0.828,kWh,10.13,11.7,69.91,78.16,217.84,475,21.6,47.05,12.0,88.79,828.68
Uttar Pradesh,North,Winter,6.6,Villa,8,Single Phase,2,3.8,0,0,3,17,Average,0.958,kWh,5.21,0.0,366.94,389.91,1767.97,210,34.4,608.18,11.7,302.58,2888.73
Rajasthan,North,Spring,33.6,Villa,4,Three Phase,7,2.7,1,2,2,19,Average,0.772,kWh,3.12,7.1,170.81,178.33,680.82,840,18.1,123.23,13.7,225.23,1869.28
Punjab,North,Summer,42.8,Villa,5,Three Phase,1,3.1,1,1,15,0,Good,0.956,kVAh,32.51,18.2,262.89,304.66,23.3,110,26.6,6.2,11.0,15.34,154.84
Uttar Pradesh,North,Monsoon,30.7,Independent House,4,Single Phase,2,1.3,0,1,2,28,Poor,0.756,kVAh,4.92,0.0,163.49,251.29,998.82,210,15.6,155.82,5.1,69.6,1434.23
Uttar Pradesh,North,Summer,46.1,Villa,2,Three Phase,5,4.2,0,6,12,20,Poor,0.825,kWh,29.11,16.0,96.23,121.43,406.79,525,26.5,107.8,8.6,89.4,1128.99
Delhi,North,Summer,45.0,Villa,4,Single Phase,1,3.9,1,6,5,24,Poor,0.949,kWh,1.81,0.0,405.54,449.59,1222.33,125,39.4,481.6,9.2,168.26,1997.2
Telangana,South,Spring,33.9,Apartment,6,Single Phase,5,4.7,1,4,5,14,Average,0.772,kWh,12.35,0.0,338.1,357.98,828.21,500,29.7,245.98,9.9,155.84,1730.03
Delhi,North,Summer,46.4,Villa,6,Three Phase,2,2.7,0,3,12,16,Average,0.842,kVAh,14.44,18.3,577.96,797.4,3483.1,250,29.6,1031.0,11.0,524.05,5288.15
Uttar Pradesh,North,Monsoon,25.8,Independent House,6,Single Phase,5,3.4,0,4,9,16,Average,0.773,kVAh,5.36,0.0,380.47,532.98,2631.87,525,39.5,1039.59,7.2,302.15,4498.6
Karnataka,South,Spring,31.9,Independent House,1,Single Phase,3,3.0,0,0,5,7,Good,0.989,kWh,7.39,0.0,51.43,54.46,236.25,285,24.2,57.17,12.4,71.72,650.15
Uttar Pradesh,North,Monsoon,33.3,Villa,3,Single Phase,1,4.6,1,0,15,23,Poor,0.839,kWh,39.51,0.0,169.52,190.63,701.59,105,30.3,212.58,12.4,126.38,1145.54
Kerala,South,Monsoon,25.5,Villa,3,Single Phase,2,3.7,1,6,13,22,Poor,0.784,kVAh,30.98,0.0,211.98,308.93,1504.58,190,17.4,261.8,6.5,127.16,2083.54
Gujarat,West,Summer,29.4,Villa,3,Single Phase,3,3.8,1,6,4,20,Poor,0.844,kWh,6.84,0.0,154.08,175.78,562.89,345,36.6,206.02,11.8,131.44,1245.34
Delhi,North,Winter,9.2,Independent House,2,Single Phase,1,1.1,1,0,5,21,Poor,0.843,kWh,9.51,0.0,72.44,81.86,0.0,125,35.2,0.0,14.8,18.5,143.5
Rajasthan,North,Winter,12.0,Apartment,6,Three Phase,1,1.7,1,4,7,28,Poor,0.964,kVAh,18.07,20.0,281.8,342.46,1657.83,120,33.4,553.72,14.0,326.42,2657.97
Tamil Nadu,South,Spring,28.0,Apartment,7,Single Phase,5,3.5,1,6,9,27,Poor,0.85,kWh,9.67,0.0,200.67,231.98,261.93,500,28.2,73.86,14.4,120.35,956.15
Delhi,North,Winter,14.7,Independent House,1,Three Phase,7,4.0,1,1,5,17,Average,0.721,kWh,2.35,22.2,60.06,63.5,0.0,875,21.6,0.0,12.0,105.0,980.0
Delhi,North,Winter,17.1,Row House,7,Single Phase,5,1.3,1,5,6,12,Average,0.786,kWh,9.59,0.0,425.2,458.77,1282.0,625,27.9,357.68,6.4,144.94,2409.62
Kerala,South,Summer,40.0,Row House,2,Single Phase,3,1.1,0,6,9,22,Poor,0.856,kVAh,22.69,0.0,188.33,258.27,1200.62,285,32.5,390.2,10.4,195.09,2070.91
Maharashtra,West,Winter,21.1,Row House,8,Single Phase,1,4.0,0,1,15,11,Average,0.762,kVAh,35.3,0.0,279.35,425.82,3066.91,130,35.3,1082.62,7.7,329.52,4609.05
West Bengal,East,Monsoon,37.6,Apartment,5,Three Phase,10,3.9,1,5,2,3,Good,0.959,kVAh,1.08,8.5,297.07,330.35,1366.67,900,32.9,449.63,8.5,230.89,2947.19
Uttar Pradesh,North,Spring,32.1,Independent House,6,Three Phase,2,2.9,1,4,3,18,Average,0.759,kWh,2.07,20.3,328.21,354.69,1560.17,210,34.4,536.7,5.9,136.11,2442.98
Gujarat,West,Monsoon,29.8,Apartment,7,Single Phase,2,2.5,1,2,8,16,Average,0.76,kWh,14.6,0.0,480.05,525.98,2142.89,230,16.0,342.86,9.3,252.56,2968.32
Gujarat,West,Winter,26.6,Villa,8,Single Phase,3,3.6,1,5,11,10,Average,0.891,kWh,29.2,0.0,305.44,355.97,1330.26,345,29.2,388.44,10.3,212.56,2276.26
Rajasthan,North,Spring,30.4,Row House,6,Three Phase,5,2.1,1,1,5,4,Good,0.733,kVAh,7.12,23.3,240.44,347.92,1697.42,600,36.8,624.65,9.9,289.28,3211.36
Delhi,North,Winter,5.5,Row House,6,Single Phase,5,3.3,0,2,5,17,Average,0.726,kVAh,5.84,0.0,229.26,347.05,661.73,625,29.6,195.87,7.5,111.19,1593.79
Maharashtra,West,Spring,24.9,Row House,4,Three Phase,15,1.3,1,3,13,1,Good,0.953,kWh,22.96,9.1,176.58,195.97,1039.98,1950,26.1,271.43,11.6,378.32,3639.73
Gujarat,West,Monsoon,39.9,Apartment,8,Three Phase,1,4.1,1,1,13,16,Average,0.806,kWh,17.43,18.8,490.78,554.32,2298.76,115,19.0,436.76,7.9,225.19,3075.72
Madhya Pradesh,Central,Winter,13.6,Independent House,4,Three Phase,2,2.0,1,0,1,3,Good,0.903,kVAh,1.69,0.1,125.56,140.76,563.04,220,27.5,154.84,5.8,54.4,992.27
Uttar Pradesh,North,Summer,44.3,Villa,1,Three Phase,2,4.3,1,4,11,14,Average,0.755,kWh,6.65,17.1,59.17,63.74,213.53,210,29.6,63.2,8.8,42.83,529.57
Punjab,North,Spring,29.6,Villa,5,Three Phase,15,3.8,1,3,1,4,Good,0.765,kVAh,0.66,23.6,235.16,326.52,132.6,1650,34.2,45.35,10.9,199.25,2027.2
Tamil Nadu,South,Spring,30.0,Apartment,2,Three Phase,2,3.1,1,5,10,18,Average,0.874,kVAh,22.77,23.4,71.34,94.72,0.0,200,37.4,0.0,5.3,10.6,210.6
Kerala,South,Winter,22.9,Row House,7,Single Phase,5,2.5,1,1,6,5,Good,0.771,kWh,10.91,0.0,198.92,206.65,890.9,475,17.6,156.8,9.7,147.7,1670.4
Gujarat,West,Summer,26.0,Apartment,7,Single Phase,2,3.3,0,3,6,23,Poor,0.907,kWh,8.55,0.0,407.27,471.25,1866.31,230,21.2,395.66,9.8,244.21,2736.18
Kerala,South,Monsoon,30.2,Independent House,5,Single Phase,2,2.2,0,1,15,28,Poor,0.929,kWh,18.53,0.0,251.74,297.41,1435.46,190,18.4,264.12,14.2,268.32,2157.91
Uttar Pradesh,North,Summer,42.8,Apartment,6,Three Phase,10,4.4,0,5,3,25,Poor,0.771,kWh,4.43,11.8,478.63,545.09,2710.59,1050,20.3,550.25,8.0,344.87,4655.7
Gujarat,West,Winter,31.9,Villa,2,Three Phase,2,3.6,0,5,11,28,Poor,0.9,kVAh,26.37,12.9,81.03,116.07,341.96,230,37.7,128.92,12.8,89.71,790.59
Delhi,North,Spring,24.6,Row House,5,Single Phase,1,2.8,1,0,15,9,Average,0.947,kWh,10.81,0.0,239.81,253.79,242.05,125,26.3,63.66,6.4,27.57,458.28
Uttar Pradesh,North,Summer,47.9,Apartment,3,Single Phase,3,1.6,1,2,14,21,Poor,0.93,kWh,20.63,0.0,273.46,330.86,1419.57,315,30.0,425.87,5.7,123.15,2283.59
Delhi,North,Monsoon,30.3,Villa,3,Three Phase,2,2.2,1,6,1,13,Average,0.968,kVAh,0.97,24.5,132.64,151.56,0.0,250,30.0,0.0,14.6,36.5,286.5
Kerala,South,Summer,38.4,Apartment,1,Three Phase,10,2.0,0,3,10,20,Poor,0.877,kVAh,15.98,19.7,55.68,74.32,204.97,950,26.1,53.5,14.4,174.02,1382.49
Telangana,South,Spring,31.7,Villa,3,Single Phase,5,3.8,0,2,7,27,Poor,0.898,kVAh,14.08,0.0,134.31,174.32,185.8,500,33.0,61.31,8.7,65.0,812.11
Punjab,North,Winter,15.8,Independent House,2,Three Phase,7,1.7,1,6,5,26,Poor,0.825,kWh,9.32,24.5,107.06,126.96,0.0,770,37.4,0.0,9.8,75.46,845.46
Karnataka,South,Summer,36.0,Row House,4,Three Phase,15,1.3,0,0,1,12,Average,0.842,kWh,1.72,9.2,432.35,471.68,3186.6,1425,27.2,866.76,6.4,350.61,5828.97
Punjab,North,Monsoon,22.4,Independent House,2,Three Phase,7,2.9,1,4,2,1,Good,0.769,kWh,3.56,13.3,134.97,143.59,0.0,770,16.6,0.0,6.7,51.59,821.59
Kerala,South,Summer,41.8,Apartment,3,Single Phase,1,2.2,0,3,2,23,Poor,0.784,kWh,4.72,0.0,152.45,179.76,729.56,95,25.5,186.04,10.5,106.11,1116.71
Kerala,South,Spring,31.8,Independent House,4,Single Phase,1,3.4,0,2,11,19,Average,0.8,kWh,19.13,0.0,223.61,254.39,1177.34,95,19.7,231.94,6.1,91.76,1596.04
Madhya Pradesh,Central,Winter,13.9,Independent House,7,Single Phase,5,3.1,1,4,14,24,Poor,0.754,kWh,4.83,0.0,451.94,493.99,2555.84,550,20.7,529.06,13.7,497.98,4132.88
Gujarat,West,Spring,20.3,Row House,5,Single Phase,1,2.2,0,1,9,8,Average,0.822,kWh,9.72,0.0,327.68,350.85,1306.45,115,28.4,371.03,12.4,222.27,2014.75
Gujarat,West,Winter,25.2,Villa,7,Single Phase,3,4.3,0,1,8,19,Average,0.891,kWh,16.19,0.0,309.15,343.33,1271.48,345,28.4,361.1,11.7,231.38,2208.96
Telangana,South,Spring,30.2,Apartment,6,Three Phase,3,1.9,1,3,3,1,Good,0.934,kWh,2.08,4.0,341.04,354.7,816.2,300,31.8,259.55,11.8,162.34,1538.09
Punjab,North,Monsoon,27.0,Row House,6,Single Phase,2,4.9,1,6,6,24,Poor,0.935,kVAh,13.07,0.0,337.5,430.15,650.75,220,25.6,166.59,12.8,132.78,1170.12
West Bengal,East,Monsoon,22.4,Row House,3,Single Phase,3,4.9,1,6,10,2,Good,0.868,kVAh,20.03,0.0,101.13,123.52,242.6,270,24.1,58.47,7.2,41.12,612.18
West Bengal,East,Spring,39.2,Villa,1,Single Phase,5,4.6,1,5,8,20,Poor,0.956,kVAh,18.71,0.0,40.4,47.29,0.0,450,26.6,0.0,5.9,26.55,476.55
Telangana,South,Winter,24.2,Villa,7,Single Phase,1,4.5,0,0,8,4,Good,0.917,kWh,13.89,0.0,358.25,384.46,925.12,100,39.2,362.65,13.0,180.41,1568.18
Gujarat,West,Monsoon,36.5,Villa,3,Three Phase,3,4.0,1,0,3,13,Average,0.872,kWh,3.37,23.5,194.09,207.38,679.81,345,32.0,217.54,9.3,115.54,1357.88
Uttar Pradesh,North,Spring,26.8,Independent House,3,Single Phase,1,1.4,1,0,10,9,Average,0.768,kVAh,6.38,0.0,222.72,306.17,1273.9,105,22.8,290.45,8.2,136.89,1806.24
Telangana,South,Summer,32.6,Row House,6,Three Phase,2,2.5,0,5,13,2,Good,0.815,kWh,11.24,22.8,343.65,380.21,909.57,200,31.2,283.79,8.5,118.44,1511.79
Karnataka,South,Monsoon,28.4,Apartment,8,Three Phase,5,4.6,1,6,8,13,Average,0.865,kWh,12.74,4.6,347.79,385.39,2539.43,475,39.8,1010.69,12.6,507.16,4532.28
Karnataka,South,Monsoon,26.6,Row House,5,Three Phase,3,4.8,1,3,6,11,Average,0.909,kWh,6.15,18.5,140.86,152.0,832.2,285,22.6,188.08,13.5,176.21,1481.49
Madhya Pradesh,Central,Spring,32.7,Row House,4,Single Phase,1,3.2,0,2,10,0,Good,0.899,kWh,9.06,0.0,174.88,188.11,796.27,110,15.7,125.01,8.9,91.78,1123.06
Tamil Nadu,South,Summer,40.1,Apartment,7,Single Phase,2,1.9,1,2,6,30,Poor,0.936,kWh,4.32,0.0,812.33,911.96,3095.02,200,31.7,981.12,8.9,380.58,4656.71
Punjab,North,Spring,25.1,Apartment,2,Single Phase,3,1.9,0,2,1,10,Average,0.785,kWh,1.28,0.0,88.66,96.52,0.0,330,33.0,0.0,14.0,46.2,376.2
Karnataka,South,Summer,38.2,Villa,7,Single Phase,3,1.4,1,1,5,20,Poor,0.83,kWh,8.68,0.0,503.24,571.05,3931.87,285,25.0,982.97,8.1,421.19,5621.03
Uttar Pradesh,North,Spring,31.8,Independent House,7,Single Phase,1,1.8,0,2,1,18,Average,0.738,kVAh,2.52,0.0,259.91,374.41,1676.52,105,35.2,590.13,11.7,277.48,2649.14
Tamil Nadu,South,Spring,28.4,Row House,3,Single Phase,2,1.3,1,1,15,29,Poor,0.806,kWh,18.41,0.0,95.83,105.81,8.72,200,16.3,1.42,12.1,25.43,235.56
Delhi,North,Winter,14.1,Independent House,6,Single Phase,2,1.9,1,6,6,9,Average,0.971,kVAh,15.69,0.0,344.59,392.61,866.75,250,22.8,197.62,10.3,135.38,1449.74
Rajasthan,North,Winter,5.5,Apartment,4,Three Phase,1,1.1,0,0,6,28,Poor,0.853,kVAh,11.81,20.4,154.77,215.77,886.74,120,38.2,338.73,6.4,86.11,1431.58
Telangana,South,Spring,29.1,Independent House,2,Single Phase,3,3.1,0,6,3,4,Good,0.826,kWh,3.89,0.0,116.89,129.09,72.73,300,17.1,12.44,5.4,20.8,405.96
Gujarat,West,Summer,21.7,Apartment,8,Single Phase,2,4.8,1,3,7,14,Average,0.952,kWh,12.69,0.0,577.05,624.68,2685.74,230,32.7,878.24,9.2,349.05,4143.02
Maharashtra,West,Summer,39.8,Apartment,8,Single Phase,5,1.8,0,2,9,6,Good,0.814,kWh,15.62,0.0,888.83,963.02,8981.56,650,36.4,3269.29,14.5,1870.62,14771.48
Telangana,South,Summer,34.6,Apartment,1,Single Phase,1,4.7,0,0,1,21,Poor,0.915,kVAh,1.21,0.0,67.29,84.5,0.0,100,39.1,0.0,9.4,9.4,109.4
Uttar Pradesh,North,Summer,47.5,Apartment,7,Single Phase,1,1.3,1,4,8,30,Poor,0.74,kWh,11.09,0.0,618.85,707.38,3765.47,105,38.0,1430.88,12.5,662.67,5964.02
Tamil Nadu,South,Winter,27.5,Villa,4,Single Phase,5,1.5,1,3,13,22,Poor,0.823,kVAh,16.59,0.0,124.73,173.02,109.53,500,37.2,40.75,13.8,89.74,740.01
Maharashtra,West,Spring,29.8,Apartment,8,Single Phase,2,1.3,0,0,12,20,Poor,0.77,kVAh,10.2,0.0,559.35,856.74,7793.35,260,31.8,2478.29,6.0,631.9,11163.54
Tamil Nadu,South,Summer,36.2,Row House,3,Single Phase,3,2.1,1,0,12,9,Average,0.78,kVAh,20.83,0.0,405.3,579.13,1564.0,300,28.0,437.92,9.1,209.47,2511.39
Telangana,South,Summer,33.6,Independent House,4,Single Phase,3,2.5,1,5,5,0,Good,0.722,kWh,4.3,0.0,297.34,318.0,681.88,300,36.7,250.25,10.4,128.14,1360.27
Telangana,South,Spring,30.6,Villa,2,Single Phase,1,1.9,0,4,4,16,Average,0.73,kVAh,2.16,0.0,108.5,160.0,150.0,100,23.8,35.7,8.3,23.71,309.41
Rajasthan,North,Summer,42.3,Villa,4,Three Phase,3,3.5,0,0,6,12,Average,0.899,kVAh,3.14,13.8,545.72,643.43,3947.44,360,31.3,1235.55,14.4,798.19,6341.18
Karnataka,South,Summer,32.5,Independent House,4,Single Phase,2,2.3,0,0,8,22,Poor,0.927,kWh,9.12,0.0,174.09,197.9,1135.14,190,25.8,292.87,7.8,126.2,1744.21
Maharashtra,West,Summer,33.7,Row House,1,Three Phase,10,4.9,0,6,8,20,Poor,0.721,kWh,13.57,16.0,45.99,54.85,178.26,1300,22.6,40.29,6.4,97.19,1615.74
Kerala,South,Winter,22.2,Independent House,8,Three Phase,15,1.8,0,5,14,12,Average,0.787,kWh,11.44,6.9,385.22,424.28,2196.68,1425,21.9,481.07,9.8,402.07,4504.82
Tamil Nadu,South,Summer,34.3,Apartment,5,Three Phase,5,2.9,0,6,9,5,Good,0.981,kWh,7.13,11.5,600.51,667.97,1972.66,500,15.2,299.84,11.0,304.98,3077.48
Delhi,North,Monsoon,32.9,Villa,2,Three Phase,5,1.8,1,0,8,1,Good,0.755,kVAh,11.96,18.0,142.25,203.67,16.51,625,27.6,4.56,14.8,95.62,741.69
Tamil Nadu,South,Summer,35.4,Villa,6,Three Phase,10,3.4,0,5,7,22,Poor,0.902,kWh,7.2,4.4,619.13,743.93,2322.08,1000,31.1,722.17,6.1,246.7,4290.94
West Bengal,East,Summer,38.4,Villa,1,Single Phase,1,2.8,0,2,9,26,Poor,0.78,kWh,7.68,0.0,121.23,134.21,296.05,90,17.1,50.62,7.4,32.31,468.99
Gujarat,West,Winter,33.6,Independent House,1,Three Phase,3,2.8,1,2,14,12,Average,0.951,kWh,16.56,3.1,54.9,61.85,141.34,345,30.8,43.53,11.9,63.06,592.93
Uttar Pradesh,North,Spring,27.4,Apartment,8,Single Phase,1,2.0,0,5,1,23,Poor,0.962,kVAh,2.47,0.0,530.07,650.72,3397.18,105,22.1,750.78,11.7,497.6,4750.55
Karnataka,South,Summer,32.1,Villa,8,Single Phase,5,1.6,0,2,13,17,Average,0.795,kWh,34.54,0.0,836.0,966.67,6899.02,475,25.1,1731.66,9.1,828.62,9934.3
Punjab,North,Spring,26.7,Independent House,1,Single Phase,3,1.1,1,5,8,30,Poor,0.891,kWh,12.92,0.0,51.68,60.5,0.0,330,15.8,0.0,5.2,17.16,347.16
Gujarat,West,Monsoon,36.4,Row House,8,Three Phase,5,4.5,0,5,12,3,Good,0.95,kWh,18.79,14.3,299.39,341.37,1262.37,575,16.2,204.5,12.8,261.36,2303.23
Madhya Pradesh,Central,Monsoon,26.0,Row House,6,Three Phase,5,3.7,1,0,8,22,Poor,0.909,kVAh,4.62,13.8,400.05,483.76,2493.44,550,32.9,820.34,12.9,498.43,4362.2
Punjab,North,Monsoon,34.3,Apartment,1,Three Phase,7,4.6,0,2,1,16,Average,0.862,kWh,0.37,18.9,41.07,45.37,0.0,770,27.7,0.0,9.0,69.3,839.3
Kerala,South,Monsoon,29.0,Row House,3,Single Phase,2,1.4,1,6,13,10,Average,0.897,kWh,27.79,0.0,225.86,254.25,1176.5,190,37.3,438.83,7.0,126.37,1931.71
Tamil Nadu,South,Monsoon,28.8,Villa,5,Single Phase,5,2.4,1,4,12,6,Good,0.773,kVAh,25.72,0.0,346.6,485.61,1149.63,500,23.8,273.61,10.4,200.02,2123.27
Delhi,North,Summer,39.3,Apartment,8,Three Phase,3,3.4,0,0,11,19,Average,0.84,kWh,13.21,10.8,573.53,631.79,2406.63,375,30.6,736.43,8.6,302.55,3820.62
Kerala,South,Spring,29.1,Row House,5,Three Phase,15,4.3,1,3,1,5,Good,0.985,kWh,2.59,16.2,326.87,340.72,1695.32,1425,37.8,640.83,10.8,406.2,4167.36
Kerala,South,Summer,41.3,Row House,3,Single Phase,2,4.5,1,3,7,19,Average,0.74,kVAh,13.26,0.0,143.95,209.36,907.16,190,35.1,318.41,5.1,72.19,1487.77
Telangana,South,Winter,24.4,Villa,4,Single Phase,1,4.9,0,4,2,30,Poor,0.819,kVAh,4.09,0.0,116.25,168.05,170.13,100,20.6,35.05,7.1,21.67,326.84
Maharashtra,West,Winter,39.9,Apartment,2,Single Phase,1,4.8,0,6,15,18,Average,0.939,kWh,25.02,0.0,65.01,74.32,241.54,130,20.2,48.79,9.1,38.25,458.58
Kerala,South,Summer,32.8,Villa,1,Single Phase,5,4.0,1,6,8,20,Poor,0.882,kWh,8.29,0.0,46.97,51.34,127.99,475,28.5,36.48,5.9,37.73,677.19
Gujarat,West,Winter,35.2,Villa,1,Single Phase,3,3.5,0,2,7,27,Poor,0.791,kWh,14.91,0.0,51.3,59.67,133.28,345,27.5,36.65,10.7,55.1,570.03
Rajasthan,North,Spring,25.9,Independent House,1,Three Phase,15,3.0,1,1,13,0,Good,0.916,kWh,23.19,19.4,35.52,37.92,132.72,1800,15.5,20.57,11.9,232.44,2185.73
Gujarat,West,Monsoon,25.9,Independent House,4,Single Phase,3,4.4,0,0,11,25,Poor,0.819,kWh,11.81,0.0,111.64,124.23,372.15,345,23.1,85.97,14.4,115.65,918.77
Maharashtra,West,Winter,26.8,Row House,7,Three Phase,10,2.0,0,1,4,21,Poor,0.89,kWh,7.86,20.3,264.6,300.75,1822.46,1300,31.5,574.08,9.0,332.69,4029.23
Karnataka,South,Summer,41.4,Independent House,6,Single Phase,3,4.6,0,3,1,24,Poor,0.722,kVAh,2.17,0.0,399.27,626.09,4344.68,285,32.0,1390.3,12.7,764.54,6784.51
Gujarat,West,Winter,31.5,Villa,6,Single Phase,5,4.2,0,4,6,25,Poor,0.817,kWh,12.42,0.0,340.88,421.65,1635.67,575,24.8,405.65,9.8,256.4,2872.72
West Bengal,East,Winter,20.6,Apartment,3,Single Phase,3,2.1,1,3,7,11,Average,0.832,kWh,12.56,0.0,170.81,183.78,543.9,270,24.3,132.17,9.4,88.93,1035.0
Punjab,North,Summer,41.4,Villa,1,Three Phase,15,3.4,0,0,11,27,Poor,0.808,kWh,13.27,14.3,55.6,66.14,0.0,1650,19.6,0.0,7.2,118.8,1768.8
Delhi,North,Spring,28.6,Apartment,7,Single Phase,2,1.1,1,6,6,6,Good,0.731,kWh,8.98,0.0,410.3,436.75,1138.88,250,31.4,357.61,8.3,144.96,1891.44
West Bengal,East,Spring,31.2,Row House,8,Single Phase,5,1.7,0,4,14,13,Average,0.804,kWh,7.12,0.0,254.51,284.38,1068.33,450,31.0,331.18,10.9,201.6,2051.1
Telangana,South,Winter,22.2,Villa,6,Single Phase,1,4.6,1,6,6,28,Poor,0.911,kWh,9.68,0.0,148.92,164.19,160.47,100,33.1,53.12,12.4,38.89,352.48
Rajasthan,North,Winter,9.2,Apartment,6,Single Phase,5,1.9,0,4,1,8,Average,0.885,kWh,1.33,0.0,495.18,539.1,3112.8,600,15.7,488.71,6.0,252.09,4453.6
Kerala,South,Summer,38.5,Villa,3,Single Phase,1,2.5,1,5,5,18,Average,0.843,kWh,8.31,0.0,298.36,326.01,1607.06,95,35.4,568.9,10.2,231.64,2502.6
Gujarat,West,Winter,30.0,Row House,5,Single Phase,3,4.7,1,1,14,5,Good,0.812,kWh,8.85,0.0,220.58,228.5,757.95,345,24.1,182.67,14.0,179.99,1465.6
Telangana,South,Monsoon,34.7,Villa,5,Single Phase,5,2.2,0,6,9,22,Poor,0.823,kWh,5.95,0.0,159.89,190.92,227.3,500,26.1,59.33,5.3,41.69,828.32
Delhi,North,Spring,32.8,Row House,3,Single Phase,3,4.3,1,0,5,30,Poor,0.722,kWh,6.32,0.0,165.9,187.03,0.0,375,39.4,0.0,6.8,25.5,400.5
Punjab,North,Monsoon,32.4,Row House,2,Single Phase,5,2.8,1,2,1,27,Poor,0.901,kVAh,2.36,0.0,128.94,156.55,0.0,550,38.3,0.0,6.9,37.95,587.95
Madhya Pradesh,Central,Monsoon,24.0,Villa,3,Three Phase,10,4.3,1,4,8,26,Poor,0.969,kVAh,21.1,19.7,194.99,235.35,1039.55,1100,32.3,335.78,11.2,277.24,2752.56
Gujarat,West,Monsoon,34.9,Villa,1,Single Phase,3,4.3,0,4,7,2,Good,0.77,kVAh,7.25,0.0,69.13,99.09,279.13,345,20.6,57.5,8.1,55.21,736.85
Tamil Nadu,South,Winter,19.4,Row House,4,Single Phase,5,3.3,0,2,12,13,Average,0.957,kWh,8.87,0.0,118.67,131.62,47.43,500,26.9,12.76,14.4,80.67,640.86
Kerala,South,Winter,25.0,Row House,7,Three Phase,3,1.8,0,6,11,16,Average,0.742,kWh,12.19,11.1,299.66,344.63,1718.78,285,28.7,493.29,11.7,292.16,2789.23
Telangana,South,Spring,29.8,Apartment,6,Single Phase,5,4.3,1,3,5,13,Average,0.732,kWh,2.9,0.0,246.56,261.62,475.53,500,31.3,148.84,5.0,56.22,1180.59
Rajasthan,North,Monsoon,26.3,Independent House,5,Three Phase,3,3.1,1,4,3,22,Poor,0.945,kVAh,4.89,10.6,318.02,381.27,1939.21,360,18.0,349.06,14.4,381.35,3029.61
Maharashtra,West,Spring,36.6,Villa,6,Single Phase,3,4.1,0,6,3,28,Poor,0.864,kWh,2.65,0.0,405.46,479.83,3604.31,390,32.3,1164.19,6.7,345.62,5504.12
Maharashtra,West,Spring,26.1,Villa,6,Three Phase,5,1.6,0,4,8,14,Average,0.926,kWh,11.84,0.2,413.43,462.12,3428.09,650,38.8,1330.1,7.8,421.84,5830.03
West Bengal,East,Winter,22.3,Apartment,8,Three Phase,3,3.4,0,2,6,21,Poor,0.773,kWh,3.34,17.5,433.99,500.88,2474.08,270,38.6,954.99,8.8,325.52,4024.59
Karnataka,South,Spring,28.9,Apartment,6,Three Phase,1,3.4,0,6,12,2,Good,0.861,kWh,19.83,5.6,177.56,206.09,1194.67,95,34.7,414.55,12.6,214.73,1918.96
Gujarat,West,Spring,24.2,Row House,7,Three Phase,2,1.9,0,4,5,6,Good,0.758,kWh,11.95,8.9,212.02,237.59,791.58,230,26.1,206.6,13.1,160.89,1389.08
Uttar Pradesh,North,Monsoon,32.3,Apartment,2,Single Phase,3,1.3,0,5,12,26,Poor,0.86,kVAh,23.09,0.0,110.66,150.49,504.9,315,27.6,139.35,14.5,139.09,1098.35
Tamil Nadu,South,Winter,25.8,Villa,1,Single Phase,3,1.2,0,4,1,2,Good,0.813,kWh,0.89,0.0,50.71,53.74,0.0,300,31.9,0.0,9.2,27.6,327.6
Delhi,North,Winter,17.8,Independent House,4,Single Phase,2,1.6,0,3,9,11,Average,0.8,kVAh,12.83,0.0,127.04,179.67,0.0,250,21.9,0.0,6.3,15.75,265.75
Madhya Pradesh,Central,Monsoon,24.6,Apartment,7,Single Phase,1,4.4,0,6,11,19,Average,0.963,kWh,20.79,0.0,297.66,338.52,1607.47,110,19.3,310.24,7.4,150.05,2177.76
Madhya Pradesh,Central,Spring,27.6,Apartment,2,Single Phase,2,4.2,0,6,12,14,Average,0.871,kVAh,13.61,0.0,102.83,134.51,538.04,220,18.2,97.92,13.1,112.13,968.09
Tamil Nadu,South,Summer,37.5,Villa,6,Single Phase,2,4.3,0,2,15,6,Good,0.891,kWh,33.25,0.0,309.22,335.94,625.79,200,34.9,218.4,9.5,99.2,1143.39
Telangana,South,Winter,24.4,Row House,6,Single Phase,3,4.1,0,2,11,1,Good,0.935,kVAh,7.06,0.0,276.21,315.44,672.51,300,25.7,172.84,11.3,129.42,1274.77
Gujarat,West,Winter,31.0,Row House,7,Single Phase,5,2.3,0,6,11,24,Poor,0.728,kWh,8.37,0.0,317.62,372.54,1407.31,575,16.9,237.84,13.2,293.06,2513.21
Delhi,North,Winter,10.6,Apartment,6,Single Phase,2,4.5,0,6,7,29,Poor,0.798,kWh,11.18,0.0,333.21,389.26,851.67,250,32.1,273.39,8.4,115.5,1490.56
Uttar Pradesh,North,Summer,38.6,Independent House,3,Single Phase,5,2.6,1,4,11,12,Average,0.756,kWh,18.96,0.0,162.13,177.6,637.74,525,34.8,221.93,5.6,77.54,1462.22
Uttar Pradesh,North,Monsoon,23.3,Apartment,7,Single Phase,5,2.7,1,4,7,15,Average,0.871,kWh,9.85,0.0,466.2,497.31,2401.63,525,33.6,806.95,6.6,246.42,3979.99
Kerala,South,Monsoon,28.0,Villa,3,Three Phase,15,2.5,0,0,5,8,Average,0.966,kWh,4.27,20.2,87.69,96.46,297.25,1425,19.8,58.85,6.7,119.33,1900.44
Rajasthan,North,Spring,34.7,Apartment,1,Single Phase,2,4.6,0,1,13,25,Poor,0.732,kWh,31.19,0.0,59.32,70.42,246.47,240,39.9,98.34,14.8,86.55,671.36
Madhya Pradesh,Central,Spring,28.0,Apartment,5,Single Phase,1,4.8,1,2,7,20,Poor,0.777,kWh,9.0,0.0,185.31,207.37,895.46,110,31.4,281.17,6.9,88.78,1375.41
Rajasthan,North,Spring,24.8,Independent House,7,Single Phase,2,1.5,1,1,13,0,Good,0.928,kWh,11.13,0.0,249.39,258.9,1123.95,240,30.6,343.93,10.2,174.2,1882.08
Uttar Pradesh,North,Summer,47.3,Independent House,2,Single Phase,2,4.1,0,5,5,25,Poor,0.771,kWh,4.6,0.0,263.48,297.65,1225.98,210,24.2,296.69,5.6,97.03,1829.7
Punjab,North,Spring,22.3,Villa,7,Three Phase,1,1.5,1,6,9,2,Good,0.786,kWh,14.19,9.6,266.43,291.55,0.0,110,33.3,0.0,12.4,13.64,123.64
Delhi,North,Spring,23.7,Row House,5,Single Phase,5,1.3,1,5,4,26,Poor,0.837,kVAh,3.74,0.0,253.16,348.33,667.48,625,20.4,136.17,5.2,74.29,1502.94
Maharashtra,West,Monsoon,29.6,Villa,3,Three Phase,7,3.8,1,0,11,30,Poor,0.727,kVAh,4.31,4.1,165.06,246.78,1418.51,910,19.1,270.94,9.8,254.75,2854.19
Maharashtra,West,Spring,26.3,Row House,4,Single Phase,5,3.0,0,6,10,20,Poor,0.938,kWh,7.11,0.0,122.15,140.52,626.87,650,21.7,136.03,9.1,128.57,1541.48
Maharashtra,West,Monsoon,26.9,Independent House,4,Three Phase,3,4.9,0,4,5,5,Good,0.967,kVAh,6.58,17.5,106.65,121.78,487.26,390,30.9,150.56,5.8,59.61,1087.44
Rajasthan,North,Spring,33.7,Villa,2,Three Phase,5,1.4,0,2,5,12,Average,0.831,kVAh,11.91,4.2,135.77,179.17,685.43,600,33.6,230.31,9.3,140.96,1656.71
Tamil Nadu,South,Winter,26.1,Villa,8,Single Phase,3,1.0,0,6,9,8,Average,0.976,kVAh,14.59,0.0,555.4,643.25,1858.95,300,24.1,448.01,9.0,234.63,2841.58
West Bengal,East,Summer,25.0,Independent House,5,Single Phase,3,4.7,0,2,9,28,Poor,0.831,kVAh,11.81,0.0,453.29,632.94,3431.52,270,36.1,1238.78,12.9,637.3,5577.59
Madhya Pradesh,Central,Winter,15.3,Villa,5,Single Phase,1,1.0,1,4,12,17,Average,0.777,kVAh,27.38,0.0,202.55,299.81,1371.52,110,36.6,501.98,11.7,232.07,2215.57
Kerala,South,Winter,19.2,Independent House,3,Single Phase,5,4.8,1,1,4,18,Average,0.965,kVAh,6.6,0.0,170.02,185.66,764.96,475,37.3,285.33,5.2,79.32,1604.61
Kerala,South,Spring,32.7,Villa,4,Single Phase,2,1.8,1,4,8,29,Poor,0.874,kWh,16.58,0.0,225.05,261.06,1217.36,190,29.6,360.34,12.5,220.96,1988.66
West Bengal,East,Winter,29.0,Villa,1,Three Phase,2,2.3,0,1,1,7,Good,0.798,kWh,1.99,11.6,68.16,72.1,0.0,180,22.3,0.0,10.3,18.54,198.54
Madhya Pradesh,Central,Spring,24.5,Row House,1,Single Phase,3,1.4,0,1,15,26,Poor,0.853,kVAh,8.06,0.0,40.31,54.52,218.08,330,31.7,69.13,6.7,41.35,658.56
Maharashtra,West,Winter,35.5,Villa,5,Single Phase,2,2.2,1,3,13,26,Poor,0.812,kVAh,28.15,0.0,287.91,395.57,2765.92,260,15.3,423.19,13.1,451.83,3900.94
Uttar Pradesh,North,Spring,32.7,Independent House,4,Single Phase,1,2.3,0,0,4,29,Poor,0.95,kVAh,5.22,0.0,170.49,204.0,767.1,105,23.0,176.43,6.1,63.96,1112.49
Kerala,South,Winter,18.2,Villa,7,Three Phase,10,4.4,1,0,9,18,Average,0.752,kVAh,19.4,11.8,342.38,492.7,2607.2,950,20.8,542.3,14.3,586.23,4685.73
Delhi,North,Summer,45.7,Villa,6,Three Phase,10,2.5,0,6,11,21,Poor,0.784,kVAh,23.42,14.8,524.7,834.56,3776.48,1250,37.6,1419.96,14.8,954.07,7400.51
Telangana,South,Summer,41.2,Villa,1,Single Phase,5,4.3,1,2,4,26,Poor,0.749,kWh,1.56,0.0,101.7,115.29,38.23,500,18.0,6.88,8.6,46.88,591.98
Rajasthan,North,Summer,45.2,Villa,1,Single Phase,1,1.8,0,5,11,30,Poor,0.923,kWh,10.11,0.0,76.54,86.45,302.57,120,31.3,94.71,5.5,28.45,545.73
Punjab,North,Summer,41.5,Apartment,5,Single Phase,2,3.3,0,3,7,13,Average,0.739,kVAh,3.35,0.0,343.59,500.87,1006.09,220,35.0,352.13,7.8,123.1,1701.32
Kerala,South,Winter,22.1,Row House,1,Single Phase,1,1.1,1,0,6,23,Poor,0.831,kWh,15.75,0.0,47.37,51.71,129.23,95,24.7,31.92,9.1,23.31,279.46
Rajasthan,North,Monsoon,26.4,Apartment,2,Single Phase,2,1.5,1,1,6,10,Average,0.783,kWh,2.16,0.0,144.3,152.5,538.75,240,18.0,96.97,13.7,119.97,995.7
Karnataka,South,Monsoon,26.2,Independent House,5,Single Phase,2,2.9,1,2,1,15,Average,0.934,kVAh,2.45,0.0,199.17,223.94,1328.55,190,35.3,468.98,6.4,127.2,2114.73
Madhya Pradesh,Central,Summer,46.9,Villa,5,Three Phase,7,2.4,1,6,12,5,Good,0.814,kWh,13.07,3.0,336.65,373.56,1821.22,770,39.8,724.84,6.8,225.49,3541.55
Rajasthan,North,Monsoon,29.5,Villa,5,Single Phase,5,1.1,1,6,3,30,Poor,0.782,kWh,2.98,0.0,365.55,421.32,2229.57,600,28.9,644.35,14.0,486.35,3960.26
Madhya Pradesh,Central,Summer,41.0,Row House,6,Single Phase,5,4.0,1,1,15,7,Good,0.932,kVAh,5.68,0.0,446.43,495.6,2565.66,550,27.6,708.12,14.7,562.1,4385.88
Telangana,South,Monsoon,27.2,Independent House,6,Three Phase,7,4.0,1,0,4,30,Poor,0.723,kWh,5.43,17.1,437.08,489.14,1427.7,700,16.1,229.86,11.2,264.05,2621.61
Delhi,North,Monsoon,28.3,Apartment,1,Single Phase,5,3.3,1,6,3,4,Good,0.899,kVAh,3.29,0.0,40.82,47.85,0.0,625,15.5,0.0,9.7,60.62,685.62
Maharashtra,West,Monsoon,39.3,Apartment,1,Three Phase,10,2.1,0,5,11,28,Poor,0.849,kVAh,16.33,23.1,62.43,92.24,299.78,1300,20.3,60.86,5.2,86.35,1746.99
Maharashtra,West,Monsoon,29.1,Row House,2,Three Phase,7,3.5,1,3,4,22,Poor,0.934,kWh,5.23,17.3,64.49,76.43,248.4,910,38.2,94.89,5.8,72.69,1325.98
Kerala,South,Spring,34.2,Villa,2,Single Phase,3,3.1,0,3,14,25,Poor,0.98,kVAh,29.63,0.0,141.71,173.56,692.36,285,23.4,162.01,12.2,139.0,1278.38
Punjab,North,Winter,11.5,Apartment,3,Single Phase,3,2.4,0,6,1,5,Good,0.892,kWh,1.05,0.0,97.64,104.18,0.0,330,38.4,0.0,14.1,46.53,376.53
Delhi,North,Monsoon,30.9,Independent House,7,Single Phase,5,4.9,0,4,14,8,Average,0.951,kVAh,16.67,0.0,515.9,607.0,2245.5,625,35.9,806.13,11.9,437.52,4114.15
Punjab,North,Summer,40.7,Apartment,4,Single Phase,1,4.4,1,3,6,1,Good,0.94,kWh,13.1,0.0,270.22,281.64,0.0,110,35.2,0.0,13.1,14.41,124.41
Kerala,South,Spring,31.4,Apartment,2,Single Phase,3,3.6,1,4,6,27,Poor,0.792,kWh,14.74,0.0,128.97,147.82,537.92,285,21.2,114.04,11.4,106.81,1043.77
Rajasthan,North,Monsoon,25.4,Independent House,7,Single Phase,1,4.1,0,4,5,20,Poor,0.745,kVAh,9.29,0.0,257.56,397.66,2058.04,120,33.4,687.38,13.4,383.97,3249.38
Gujarat,West,Summer,36.8,Apartment,6,Single Phase,3,3.3,1,2,6,28,Poor,0.802,kVAh,4.06,0.0,485.06,666.33,2914.82,345,37.1,1081.4,14.2,616.45,4957.66
Tamil Nadu,South,Monsoon,29.0,Villa,6,Three Phase,2,1.2,0,3,8,6,Good,0.909,kWh,11.81,19.8,351.89,392.36,823.26,200,25.0,205.81,12.7,156.09,1385.17
Telangana,South,Monsoon,25.5,Apartment,2,Three Phase,15,3.6,0,1,9,24,Poor,0.846,kVAh,23.43,11.2,101.05,143.66,109.15,1500,29.4,32.09,7.2,118.17,1759.41
Tamil Nadu,South,Monsoon,31.9,Apartment,7,Three Phase,2,3.6,1,0,8,4,Good,0.878,kWh,16.63,22.9,380.12,411.44,890.04,200,17.4,154.87,11.8,146.9,1391.81
Maharashtra,West,Winter,21.2,Villa,4,Single Phase,3,3.6,0,2,4,13,Average,0.902,kWh,7.29,0.0,242.34,268.7,1581.82,390,19.0,300.54,7.0,159.07,2431.43
Karnataka,South,Monsoon,31.3,Row House,2,Single Phase,2,1.5,1,2,5,19,Average,0.813,kVAh,11.28,0.0,155.04,209.05,1216.88,190,35.2,428.34,5.2,95.43,1930.65
Karnataka,South,Winter,18.4,Row House,8,Single Phase,5,3.2,0,0,4,29,Poor,0.857,kWh,5.29,0.0,268.2,306.17,1945.28,475,39.6,770.33,7.0,223.34,3413.95
Kerala,South,Winter,23.0,Apartment,7,Single Phase,2,1.7,1,6,2,15,Average,0.736,kWh,1.11,0.0,412.34,445.02,2321.12,190,27.4,635.99,12.2,383.95,3531.05
Karnataka,South,Spring,27.6,Villa,5,Single Phase,2,3.1,0,2,7,19,Average,0.818,kVAh,4.4,0.0,151.49,197.12,1129.99,190,27.4,309.62,11.1,180.89,1810.5
Uttar Pradesh,North,Summer,44.9,Apartment,7,Three Phase,2,4.0,0,1,1,5,Good,0.779,kWh,0.9,8.6,730.76,764.98,4139.87,210,33.5,1386.86,11.4,653.99,6390.71
Uttar Pradesh,North,Spring,28.1,Apartment,7,Single Phase,2,1.7,0,0,7,9,Average,0.734,kVAh,10.14,0.0,229.42,346.46,1511.61,210,31.9,482.2,13.0,286.5,2490.32
Rajasthan,North,Summer,44.9,Apartment,6,Three Phase,5,2.0,0,6,10,8,Average,0.941,kVAh,23.4,21.7,746.01,920.3,6162.4,600,23.3,1435.84,10.5,860.82,9059.05
Gujarat,West,Summer,31.6,Villa,3,Single Phase,1,3.3,0,6,15,15,Average,0.726,kWh,31.79,0.0,172.02,207.54,680.4,115,37.1,252.43,6.1,63.92,1111.74
Tamil Nadu,South,Monsoon,26.8,Apartment,8,Single Phase,1,3.2,0,3,10,14,Average,0.961,kWh,24.82,0.0,279.67,307.51,526.28,100,36.6,192.62,6.3,51.59,870.5
Maharashtra,West,Winter,30.0,Independent House,4,Single Phase,2,2.6,0,5,3,12,Average,0.755,kVAh,1.49,0.0,301.91,437.87,3186.81,260,27.6,879.56,8.7,376.39,4702.76
Kerala,South,Monsoon,27.0,Villa,3,Single Phase,2,4.6,1,1,7,22,Poor,0.908,kWh,9.12,0.0,189.33,217.14,953.84,190,27.9,266.12,13.9,195.98,1605.95
Madhya Pradesh,Central,Spring,33.3,Independent House,1,Single Phase,1,2.8,1,2,14,2,Good,0.959,kVAh,16.69,0.0,45.37,49.66,198.64,110,20.3,40.32,7.2,25.13,374.09
Gujarat,West,Summer,34.5,Independent House,3,Three Phase,3,2.0,1,6,6,26,Poor,0.741,kWh,15.29,10.4,351.0,425.57,1653.9,345,16.1,266.28,10.8,244.64,2509.82
Rajasthan,North,Spring,26.1,Villa,6,Three Phase,10,2.4,0,2,15,25,Poor,0.795,kVAh,34.02,19.3,205.74,345.9,1682.77,1200,34.3,577.19,7.2,249.12,3709.08
Telangana,South,Summer,40.8,Apartment,5,Single Phase,1,2.2,0,6,13,9,Average,0.924,kWh,8.35,0.0,396.36,440.97,1186.85,100,23.7,281.28,9.9,155.25,1723.38
Madhya Pradesh,Central,Spring,29.0,Row House,1,Single Phase,1,2.6,0,0,4,3,Good,0.989,kVAh,8.52,0.0,42.5,45.95,183.8,110,33.0,60.65,9.5,33.67,388.13
Punjab,North,Monsoon,34.0,Apartment,4,Three Phase,7,2.7,0,4,10,7,Good,0.938,kVAh,21.67,4.1,237.23,286.05,0.0,770,39.8,0.0,5.2,40.04,810.04
Gujarat,West,Spring,26.3,Row House,4,Three Phase,3,2.8,0,1,13,23,Poor,0.749,kVAh,22.07,20.8,187.27,298.87,1064.75,345,18.0,191.65,7.0,112.1,1713.5
Gujarat,West,Winter,28.8,Row House,8,Single Phase,1,3.9,0,5,2,15,Average,0.905,kVAh,4.22,0.0,234.33,289.87,1022.9,115,34.8,355.97,5.7,85.15,1579.01
Rajasthan,North,Winter,10.5,Row House,7,Single Phase,5,2.2,1,5,5,21,Poor,0.733,kVAh,1.77,0.0,343.96,523.02,2984.16,600,39.1,1166.81,10.5,498.85,5249.82
Uttar Pradesh,North,Winter,12.5,Row House,6,Single Phase,5,4.9,0,4,12,12,Average,0.856,kVAh,17.08,0.0,185.81,244.02,963.2,525,35.6,342.9,7.3,133.67,1964.77
Madhya Pradesh,Central,Monsoon,29.6,Villa,2,Single Phase,2,1.7,0,4,1,11,Average,0.869,kVAh,1.34,0.0,145.44,180.76,758.41,220,30.6,232.07,9.5,115.0,1325.49
Karnataka,South,Monsoon,28.1,Row House,3,Three Phase,2,1.2,0,0,13,2,Good,0.772,kWh,13.6,17.9,247.72,272.21,1690.57,190,24.4,412.5,13.1,300.39,2593.47
Gujarat,West,Monsoon,25.7,Independent House,3,Single Phase,1,4.5,0,1,3,16,Average,0.861,kWh,3.42,0.0,151.46,162.33,513.12,115,19.5,100.06,10.1,73.55,801.73
Gujarat,West,Spring,26.4,Villa,6,Single Phase,2,3.6,1,6,12,22,Poor,0.932,kWh,15.91,0.0,337.09,383.58,1458.65,230,39.6,577.62,9.0,203.96,2470.24
Karnataka,South,Summer,38.5,Independent House,1,Single Phase,2,2.4,0,0,4,4,Good,0.937,kVAh,2.45,0.0,106.34,120.91,627.01,190,19.3,121.01,12.0,112.56,1050.58
Tamil Nadu,South,Winter,19.3,Independent House,5,Single Phase,3,2.6,0,3,5,28,Poor,0.773,kWh,11.4,0.0,222.01,255.06,342.71,300,26.3,90.13,14.2,104.06,836.91
Punjab,North,Winter,12.5,Apartment,5,Single Phase,5,2.2,1,0,7,6,Good,0.765,kWh,5.08,0.0,294.58,300.21,1.05,550,16.8,0.18,7.0,38.59,589.81
Gujarat,West,Monsoon,25.9,Independent House,4,Single Phase,1,2.8,0,4,15,0,Good,0.88,kVAh,29.54,0.0,284.19,368.38,1387.97,115,18.6,258.16,11.6,204.29,1965.42
Punjab,North,Monsoon,30.6,Villa,4,Single Phase,1,4.5,1,2,5,15,Average,0.804,kVAh,2.13,0.0,126.91,166.96,0.0,110,22.2,0.0,8.5,9.35,119.35
Tamil Nadu,South,Monsoon,31.0,Apartment,5,Single Phase,5,2.6,0,2,5,21,Poor,0.777,kWh,11.48,0.0,197.15,227.95,247.82,500,34.5,85.5,13.3,110.83,944.16
Kerala,South,Monsoon,33.2,Independent House,2,Single Phase,2,3.6,1,2,9,8,Average,0.817,kVAh,17.43,0.0,127.99,174.43,697.58,190,21.1,147.19,9.8,101.41,1136.18
Karnataka,South,Spring,27.5,Villa,1,Three Phase,2,3.3,1,4,7,8,Average,0.739,kVAh,5.76,24.5,46.81,71.2,329.16,190,31.7,104.34,5.6,34.92,658.42
West Bengal,East,Monsoon,38.3,Villa,7,Single Phase,1,1.6,0,0,4,24,Poor,0.972,kVAh,7.68,0.0,615.36,701.79,3930.68,90,25.9,1018.05,7.1,357.75,5396.47
Delhi,North,Monsoon,23.9,Apartment,4,Three Phase,10,4.3,0,6,8,26,Poor,0.819,kWh,20.04,17.5,276.0,334.63,605.84,1250,37.9,229.61,8.0,166.84,2252.28
Rajasthan,North,Monsoon,22.3,Villa,6,Three Phase,2,4.6,1,3,11,14,Average,0.863,kVAh,4.91,23.4,359.63,449.02,2430.39,240,22.5,546.84,12.9,415.02,3632.26
Tamil Nadu,South,Winter,20.3,Villa,5,Three Phase,5,2.6,1,6,1,15,Average,0.806,kWh,1.85,12.2,248.02,267.67,386.85,500,21.0,81.24,8.9,86.16,1054.24
Rajasthan,North,Summer,39.7,Independent House,5,Three Phase,3,3.8,1,1,4,15,Average,0.829,kVAh,9.6,7.5,203.24,263.15,1147.32,360,19.3,221.43,12.9,223.01,1951.77
Madhya Pradesh,Central,Summer,40.3,Row House,2,Single Phase,2,1.8,0,4,7,11,Average,0.941,kVAh,4.62,0.0,177.58,208.67,902.15,220,33.6,303.12,6.8,96.92,1522.19
Telangana,South,Monsoon,30.2,Villa,1,Three Phase,7,4.1,0,2,12,14,Average,0.785,kVAh,11.4,22.2,51.58,72.17,0.0,700,28.4,0.0,8.3,58.1,758.1
Uttar Pradesh,North,Spring,32.4,Apartment,2,Single Phase,5,1.7,0,1,11,7,Good,0.957,kWh,3.71,0.0,103.2,108.75,364.31,525,36.1,131.52,11.4,116.37,1137.2
Rajasthan,North,Spring,25.0,Apartment,8,Three Phase,7,4.8,1,4,9,1,Good,0.873,kWh,22.43,7.0,354.47,390.59,2006.78,840,28.4,569.92,8.4,287.0,3703.71
Uttar Pradesh,North,Summer,44.5,Villa,1,Three Phase,2,4.6,0,6,13,7,Good,0.947,kWh,7.71,7.4,88.56,99.46,333.19,210,35.0,116.62,6.1,40.25,700.06
Kerala,South,Monsoon,25.4,Row House,5,Three Phase,10,2.0,1,5,12,27,Poor,0.825,kWh,27.71,24.8,396.28,474.6,2498.6,950,19.5,487.23,9.8,385.71,4321.54
Tamil Nadu,South,Winter,20.2,Villa,1,Single Phase,5,1.0,0,1,13,1,Good,0.98,kWh,30.66,0.0,42.82,49.33,0.0,500,15.4,0.0,13.0,65.0,565.0
Gujarat,West,Spring,37.3,Row House,8,Three Phase,1,3.9,0,1,7,29,Poor,0.74,kVAh,11.09,16.3,227.43,356.22,1331.42,115,17.3,230.34,7.9,132.46,1809.22
Rajasthan,North,Summer,46.4,Independent House,5,Single Phase,5,1.4,0,1,4,10,Average,0.857,kWh,2.75,0.0,401.74,430.12,2293.37,600,37.2,853.13,10.9,408.37,4154.87
Karnataka,South,Spring,30.9,Row House,5,Single Phase,2,2.1,0,5,1,4,Good,0.83,kWh,1.9,0.0,310.0,336.83,2175.22,190,28.9,628.64,8.2,245.5,3239.36
Rajasthan,North,Monsoon,28.6,Independent House,2,Single Phase,3,2.7,1,0,3,3,Good,0.722,kVAh,2.4,0.0,110.34,155.13,553.21,360,22.9,126.69,12.6,131.03,1170.93
Uttar Pradesh,North,Monsoon,30.2,Apartment,6,Single Phase,3,2.6,1,6,7,12,Average,0.944,kVAh,6.27,0.0,181.11,209.19,792.53,315,27.8,220.32,12.1,160.67,1488.53
Karnataka,South,Spring,26.4,Independent House,5,Single Phase,3,4.9,0,4,10,22,Poor,0.757,kVAh,8.14,0.0,221.39,344.62,2233.65,285,33.7,752.74,5.7,186.47,3457.86
Uttar Pradesh,North,Monsoon,28.3,Row House,1,Three Phase,1,3.9,0,5,15,13,Average,0.829,kVAh,17.34,18.3,75.3,107.96,361.67,105,32.2,116.46,6.7,39.07,622.19
West Bengal,East,Monsoon,26.0,Apartment,1,Three Phase,2,4.2,1,4,12,17,Average,0.794,kWh,21.29,2.8,58.96,68.16,0.0,180,29.3,0.0,7.6,13.68,193.68
West Bengal,East,Monsoon,25.2,Villa,2,Single Phase,5,3.1,1,6,11,14,Average,0.917,kWh,20.95,0.0,65.84,74.6,0.0,450,35.4,0.0,8.3,37.35,487.35
Delhi,North,Summer,43.2,Apartment,5,Single Phase,5,2.9,0,0,12,26,Poor,0.72,kVAh,19.54,0.0,477.6,783.49,3392.68,625,24.3,824.42,10.5,508.42,5350.53
Uttar Pradesh,North,Spring,34.2,Apartment,1,Single Phase,2,3.7,1,5,6,16,Average,0.818,kWh,3.63,0.0,58.28,62.33,208.81,210,27.6,57.63,14.4,68.61,545.04
Rajasthan,North,Monsoon,32.6,Independent House,4,Three Phase,15,3.1,0,4,1,9,Average,0.753,kWh,2.58,20.7,251.08,283.58,1259.69,1800,15.1,190.21,14.0,454.99,3704.89
West Bengal,East,Monsoon,23.1,Villa,1,Three Phase,15,2.8,0,6,15,18,Average,0.766,kWh,39.83,17.5,82.24,98.62,118.1,1350,18.3,21.61,8.7,129.6,1619.32
West Bengal,East,Spring,38.5,Apartment,7,Single Phase,2,3.6,0,3,2,23,Poor,0.945,kWh,3.65,0.0,435.57,487.8,2388.52,180,37.7,900.47,12.3,426.69,3895.68
Telangana,South,Spring,28.1,Villa,5,Single Phase,3,2.7,1,2,8,7,Good,0.738,kVAh,19.59,0.0,254.93,372.68,882.01,300,27.0,238.14,8.9,126.39,1546.54
Uttar Pradesh,North,Summer,46.0,Independent House,8,Single Phase,3,3.3,1,6,10,16,Average,0.784,kVAh,24.4,0.0,700.4,1048.47,5982.56,315,26.6,1591.36,9.7,765.22,8654.14
Delhi,North,Winter,7.4,Row House,8,Single Phase,2,1.4,1,2,11,6,Good,0.833,kWh,26.96,0.0,384.98,425.95,1068.67,250,26.3,281.06,6.6,105.58,1705.32
Rajasthan,North,Monsoon,23.6,Row House,8,Three Phase,2,1.7,0,5,13,24,Poor,0.768,kVAh,20.99,10.2,675.33,1057.4,7259.2,240,22.6,1640.58,7.9,722.04,9861.82
Gujarat,West,Spring,25.9,Independent House,8,Single Phase,2,4.7,1,0,3,23,Poor,0.789,kWh,5.91,0.0,276.64,308.69,1110.41,230,38.5,427.51,5.1,90.16,1858.08
Kerala,South,Summer,34.5,Row House,6,Three Phase,2,2.8,0,0,2,15,Average,0.741,kVAh,1.31,19.4,431.0,629.84,3430.04,190,19.6,672.29,9.3,399.19,4691.51
Telangana,South,Winter,20.4,Independent House,7,Single Phase,3,3.3,0,2,13,25,Poor,0.922,kVAh,4.67,0.0,419.89,515.6,1560.0,300,28.0,436.8,13.8,316.96,2613.76
Maharashtra,West,Monsoon,24.2,Apartment,3,Single Phase,5,2.7,0,4,7,13,Average,0.733,kWh,7.46,0.0,180.96,201.56,1081.62,650,19.2,207.67,6.4,124.11,2063.41
Uttar Pradesh,North,Winter,8.5,Row House,7,Single Phase,2,4.9,0,5,15,2,Good,0.904,kWh,29.11,0.0,450.52,535.25,2646.62,210,22.7,600.78,6.0,207.44,3664.85
Punjab,North,Monsoon,34.0,Independent House,2,Single Phase,1,2.0,1,1,2,30,Poor,0.837,kWh,4.57,0.0,140.85,155.7,0.0,110,38.1,0.0,8.0,8.8,118.8
Telangana,South,Spring,26.7,Independent House,7,Three Phase,10,1.8,0,2,14,28,Poor,0.743,kWh,34.43,19.7,460.45,572.13,1842.65,1000,34.4,633.87,13.7,476.28,3952.81
Tamil Nadu,South,Spring,30.4,Apartment,3,Single Phase,5,4.3,0,2,10,19,Average,0.881,kVAh,26.5,0.0,148.06,190.14,135.21,500,28.9,39.08,12.5,84.29,758.57
Karnataka,South,Winter,25.6,Independent House,3,Three Phase,10,2.9,1,2,4,1,Good,0.825,kWh,8.32,0.1,154.0,161.42,894.37,950,19.7,176.19,7.1,143.46,2164.02
Uttar Pradesh,North,Monsoon,25.4,Apartment,4,Single Phase,5,5.0,1,0,4,0,Good,0.769,kWh,6.96,0.0,221.84,226.94,879.51,525,16.2,142.48,9.5,146.96,1693.95
Punjab,North,Winter,17.2,Villa,7,Three Phase,10,3.3,1,0,13,11,Average,0.891,kWh,12.53,5.5,244.38,267.57,0.0,1100,27.2,0.0,10.6,116.6,1216.6
Kerala,South,Spring,30.9,Independent House,8,Single Phase,3,1.2,0,4,9,24,Poor,0.766,kVAh,13.15,0.0,298.57,455.55,2384.3,285,19.4,462.55,13.0,407.14,3539.0
Delhi,North,Monsoon,26.2,Villa,6,Single Phase,3,4.1,1,5,12,0,Good,0.965,kVAh,21.83,0.0,233.26,272.02,324.09,375,17.7,57.36,11.3,85.48,841.93
Madhya Pradesh,Central,Spring,28.9,Independent House,7,Three Phase,7,1.7,0,1,4,28,Poor,0.832,kWh,3.48,11.4,307.61,340.68,1620.65,770,25.5,413.27,7.4,207.49,3011.4
Uttar Pradesh,North,Spring,26.6,Row House,4,Single Phase,5,4.9,1,5,12,23,Poor,0.924,kWh,4.44,0.0,163.68,181.13,655.04,525,32.3,211.58,12.8,178.13,1569.74
Rajasthan,North,Spring,31.2,Apartment,7,Single Phase,3,1.1,1,5,15,22,Poor,0.967,kVAh,25.76,0.0,446.49,545.14,3161.12,360,39.9,1261.29,14.7,703.01,5485.42
Tamil Nadu,South,Winter,23.4,Apartment,3,Single Phase,3,1.3,1,1,8,3,Good,0.733,kVAh,14.75,0.0,83.99,119.42,29.13,300,36.5,10.63,11.8,40.09,379.85
Gujarat,West,Spring,39.1,Villa,4,Three Phase,1,4.6,0,5,6,0,Good,0.942,kWh,10.89,15.3,199.93,226.15,749.26,115,35.4,265.24,11.2,126.5,1255.99
Gujarat,West,Winter,22.0,Independent House,7,Single Phase,3,1.5,1,5,12,13,Average,0.86,kWh,13.64,0.0,531.57,591.92,2505.56,345,39.7,994.71,8.7,334.54,4179.81
Punjab,North,Winter,17.6,Villa,7,Single Phase,5,1.5,0,5,8,17,Average,0.731,kVAh,17.99,0.0,488.81,775.73,2930.11,550,39.3,1151.53,5.5,254.74,4886.38
Telangana,South,Summer,34.3,Villa,2,Three Phase,10,1.6,1,6,6,19,Average,0.924,kWh,7.5,2.1,148.26,161.65,154.12,1000,20.6,31.75,13.7,162.46,1348.34
Kerala,South,Spring,27.7,Apartment,6,Single Phase,5,4.6,1,1,13,0,Good,0.721,kWh,26.77,0.0,284.84,301.81,1461.86,475,35.4,517.5,12.0,294.52,2748.88
Madhya Pradesh,Central,Monsoon,25.6,Independent House,8,Single Phase,2,4.0,1,5,14,28,Poor,0.893,kWh,13.28,0.0,455.7,550.42,2937.88,220,23.3,684.53,13.5,518.72,4361.13
Tamil Nadu,South,Summer,39.8,Apartment,1,Single Phase,2,1.5,1,4,14,1,Good,0.885,kWh,14.32,0.0,86.86,95.35,0.0,200,24.4,0.0,12.8,25.6,225.6
Maharashtra,West,Spring,38.3,Row House,7,Three Phase,2,2.8,0,3,5,3,Good,0.907,kWh,3.03,9.5,485.56,520.26,4031.51,260,39.7,1600.51,9.8,577.42,6469.43
Punjab,North,Monsoon,33.4,Row House,5,Single Phase,1,1.3,1,3,9,26,Poor,0.728,kVAh,8.32,0.0,431.93,680.45,2263.15,110,31.1,703.84,5.0,153.85,3230.84
Tamil Nadu,South,Monsoon,31.1,Row House,3,Three Phase,5,5.0,0,4,6,15,Average,0.901,kWh,15.55,11.2,177.39,197.3,145.95,500,35.0,51.08,13.4,93.4,790.43
Rajasthan,North,Spring,26.0,Apartment,7,Single Phase,1,1.9,1,0,14,24,Poor,0.746,kVAh,31.01,0.0,520.29,869.77,5758.16,120,21.7,1249.52,8.5,605.85,7733.53
Punjab,North,Winter,11.3,Villa,3,Single Phase,2,1.8,0,5,6,18,Average,0.799,kWh,10.58,0.0,102.68,116.13,0.0,220,22.8,0.0,8.0,17.6,237.6
Karnataka,South,Summer,36.0,Independent House,5,Three Phase,1,4.5,0,5,15,1,Good,0.808,kWh,29.91,12.0,292.48,344.57,2233.27,95,25.3,565.02,12.8,370.34,3263.64
Rajasthan,North,Summer,44.1,Row House,7,Single Phase,5,2.8,1,5,7,21,Poor,0.947,kWh,18.61,0.0,297.56,360.08,1785.58,600,37.7,673.16,5.7,174.35,3233.09
Karnataka,South,Winter,18.4,Row House,4,Three Phase,1,3.4,0,6,2,14,Average,0.776,kWh,3.92,14.4,204.59,231.5,1385.25,95,20.5,283.98,11.1,195.83,1960.06
Kerala,South,Monsoon,29.1,Apartment,1,Three Phase,3,2.2,1,3,14,14,Average,0.937,kVAh,17.31,21.0,51.2,62.83,166.48,285,15.6,25.97,9.7,46.31,523.76
Punjab,North,Summer,46.5,Apartment,7,Three Phase,5,1.1,1,3,4,23,Poor,0.743,kVAh,7.12,7.1,834.53,1301.48,6610.36,550,23.9,1579.88,14.3,1249.85,9990.09
West Bengal,East,Spring,20.1,Villa,4,Single Phase,2,1.5,0,2,11,4,Good,0.773,kWh,3.71,0.0,281.39,304.04,1195.92,180,26.4,315.72,14.4,243.6,1935.24
Karnataka,South,Spring,31.0,Row House,7,Single Phase,1,2.1,0,6,13,20,Poor,0.769,kWh,10.34,0.0,328.1,386.47,2547.53,95,33.0,840.68,12.8,445.85,3929.06
Gujarat,West,Spring,34.4,Villa,7,Three Phase,1,3.0,1,6,8,20,Poor,0.841,kWh,12.06,17.6,352.62,404.79,1557.27,115,31.0,482.75,14.8,318.94,2473.97
Gujarat,West,Winter,26.8,Row House,2,Single Phase,2,4.9,0,3,14,18,Average,0.73,kWh,7.51,0.0,56.3,62.32,143.08,230,31.9,45.64,7.4,30.99,449.71
Maharashtra,West,Winter,29.6,Apartment,7,Three Phase,5,2.1,0,0,14,19,Average,0.753,kVAh,12.28,6.5,484.9,717.21,6233.41,650,20.0,1246.68,13.6,1105.69,9235.78
Rajasthan,North,Summer,41.4,Independent House,5,Single Phase,5,3.0,1,4,4,10,Average,0.869,kWh,2.06,0.0,331.27,353.04,1734.54,600,28.5,494.34,10.2,288.55,3117.43
Rajasthan,North,Monsoon,23.5,Row House,6,Single Phase,5,1.5,0,2,13,22,Poor,0.832,kVAh,27.37,0.0,456.97,662.37,4098.96,600,19.7,807.5,12.4,682.8,6189.26
Delhi,North,Winter,9.2,Villa,3,Three Phase,2,1.4,0,0,10,5,Good,0.73,kWh,25.78,17.4,160.86,174.74,0.0,250,17.1,0.0,13.6,34.0,284.0
Karnataka,South,Spring,31.7,Villa,4,Three Phase,5,4.5,1,2,10,4,Good,0.904,kWh,23.56,8.1,209.88,230.6,1378.5,475,23.2,319.81,14.0,304.26,2477.58
Maharashtra,West,Monsoon,22.0,Apartment,3,Single Phase,3,2.0,0,4,10,22,Poor,0.952,kVAh,18.55,0.0,153.74,187.65,977.99,390,17.9,175.06,13.1,202.14,1745.19
West Bengal,East,Spring,25.7,Apartment,1,Single Phase,2,3.8,1,2,1,3,Good,0.976,kVAh,0.67,0.0,30.34,31.91,0.0,180,22.7,0.0,5.3,9.54,189.54
West Bengal,East,Summer,31.6,Villa,4,Single Phase,5,1.9,1,5,13,0,Good,0.856,kWh,28.04,0.0,222.71,256.02,905.1,450,32.6,295.06,11.8,194.72,1844.88
Uttar Pradesh,North,Spring,22.2,Apartment,5,Three Phase,2,1.1,1,0,4,10,Average,0.834,kWh,10.01,24.7,225.82,243.46,960.45,210,15.1,145.03,14.7,193.38,1508.86
Kerala,South,Monsoon,26.7,Villa,4,Three Phase,7,4.2,1,2,4,30,Poor,0.905,kVAh,6.29,23.7,282.73,363.85,1834.1,665,36.1,662.11,10.2,322.44,3483.65
Punjab,North,Monsoon,25.7,Row House,1,Single Phase,5,5.0,1,1,8,4,Good,0.732,kVAh,14.56,0.0,51.87,74.29,0.0,550,32.7,0.0,12.9,70.95,620.95
Tamil Nadu,South,Monsoon,30.4,Apartment,7,Three Phase,3,3.5,1,6,7,7,Good,0.835,kWh,2.59,6.2,453.01,484.32,1145.12,300,15.2,174.06,6.6,106.87,1726.04
Delhi,North,Monsoon,34.2,Row House,8,Single Phase,5,4.6,0,0,7,18,Average,0.902,kWh,2.63,0.0,409.71,431.15,1102.47,625,29.0,319.72,5.7,116.69,2163.88
Maharashtra,West,Summer,33.8,Independent House,5,Three Phase,7,3.6,1,3,5,17,Average,0.787,kWh,8.53,20.6,378.1,412.85,2937.86,910,31.3,919.55,6.6,314.65,5082.06
Telangana,South,Summer,35.5,Apartment,6,Single Phase,1,2.3,1,1,9,17,Average,0.917,kVAh,16.31,0.0,399.89,480.43,1384.15,100,35.8,495.53,10.3,203.91,2183.58
Kerala,South,Summer,38.8,Apartment,3,Single Phase,1,3.0,1,3,1,24,Poor,0.773,kWh,1.69,0.0,396.21,445.25,2322.5,95,33.7,782.68,5.1,163.21,3363.39
Madhya Pradesh,Central,Spring,33.4,Apartment,5,Single Phase,5,2.7,0,1,8,28,Poor,0.902,kVAh,18.23,0.0,234.23,304.78,1401.66,550,24.2,339.2,12.7,290.94,2581.8
Punjab,North,Monsoon,30.7,Villa,7,Single Phase,5,2.5,1,6,2,21,Poor,0.721,kWh,1.13,0.0,324.53,363.76,318.8,550,25.0,79.7,8.2,77.78,1026.28
Delhi,North,Spring,22.4,Apartment,4,Single Phase,3,4.1,0,3,15,13,Average,0.792,kWh,31.32,0.0,200.64,224.15,108.68,375,35.8,38.91,13.8,72.12,594.7
Gujarat,West,Summer,35.8,Independent House,8,Single Phase,2,1.2,0,3,1,8,Average,0.741,kWh,1.13,0.0,559.32,619.09,2654.99,230,15.8,419.49,13.6,449.41,3753.89
Kerala,South,Summer,32.4,Apartment,4,Three Phase,2,4.5,0,6,8,28,Poor,0.918,kWh,8.22,20.4,366.31,446.62,2330.72,190,23.0,536.07,9.1,278.17,3334.95
Telangana,South,Summer,34.5,Apartment,3,Three Phase,3,1.4,0,4,7,4,Good,0.842,kVAh,8.66,3.2,338.34,437.62,1170.1,300,25.0,292.52,6.5,114.57,1877.2
Rajasthan,North,Summer,43.7,Row House,7,Three Phase,5,3.8,1,5,9,3,Good,0.804,kWh,13.07,17.7,579.54,628.27,3826.16,600,20.9,799.67,8.0,418.07,5643.89
Delhi,North,Summer,42.8,Independent House,7,Single Phase,2,2.9,1,3,2,29,Poor,0.72,kWh,3.59,0.0,366.06,394.35,874.58,250,15.9,139.06,14.6,184.49,1448.12
Uttar Pradesh,North,Monsoon,33.4,Independent House,8,Single Phase,5,4.0,1,1,13,14,Average,0.904,kWh,27.9,0.0,572.41,632.45,3278.43,525,38.9,1275.31,5.3,269.17,5347.91
Karnataka,South,Summer,37.7,Independent House,1,Single Phase,1,4.2,0,1,4,17,Average,0.738,kVAh,4.68,0.0,101.1,151.17,826.72,95,16.3,134.76,9.0,95.08,1151.56
Gujarat,West,Winter,31.9,Independent House,6,Single Phase,5,2.6,1,2,7,7,Good,0.847,kWh,7.61,0.0,274.09,290.38,1025.27,575,17.6,180.45,9.0,160.26,1940.98
Uttar Pradesh,North,Winter,12.4,Independent House,3,Single Phase,5,3.3,0,1,5,0,Good,0.802,kWh,6.71,0.0,189.64,204.82,771.12,525,39.4,303.82,12.0,191.99,1791.93
Madhya Pradesh,Central,Spring,23.2,Row House,6,Single Phase,3,2.9,1,4,1,14,Average,0.962,kWh,2.33,0.0,302.74,322.68,1510.85,330,21.0,317.28,12.4,267.61,2425.73
Gujarat,West,Summer,37.6,Independent House,4,Single Phase,5,4.2,0,0,2,15,Average,0.902,kWh,3.29,0.0,232.4,248.65,832.51,575,31.8,264.74,12.6,210.7,1882.94
Punjab,North,Summer,44.8,Apartment,6,Single Phase,3,3.6,1,1,12,8,Average,0.84,kWh,9.69,0.0,644.24,679.42,2255.94,330,23.0,518.87,12.0,372.58,3477.38
Kerala,South,Spring,26.2,Independent House,1,Single Phase,5,3.4,1,2,13,15,Average,0.943,kVAh,34.21,0.0,28.62,33.03,74.32,475,17.5,13.01,5.3,29.8,592.13
Karnataka,South,Summer,35.4,Row House,2,Three Phase,7,4.2,0,4,8,19,Average,0.965,kWh,5.82,17.5,184.24,209.96,1223.7,665,32.7,400.15,9.9,226.6,2515.45
Gujarat,West,Spring,26.8,Row House,4,Single Phase,3,3.9,1,0,4,14,Average,0.752,kWh,7.98,0.0,135.71,144.47,447.04,345,30.1,134.56,10.9,101.0,1027.6
Maharashtra,West,Monsoon,20.7,Apartment,3,Single Phase,2,3.9,1,6,2,2,Good,0.789,kVAh,3.67,0.0,176.56,236.91,1344.98,260,27.2,365.83,14.5,285.77,2256.58
Punjab,North,Summer,41.2,Independent House,1,Single Phase,3,2.9,1,2,9,23,Poor,0.866,kWh,22.5,0.0,74.53,84.63,0.0,330,17.5,0.0,10.1,33.33,363.33
West Bengal,East,Summer,23.0,Independent House,8,Three Phase,7,2.5,1,1,8,16,Average,0.973,kWh,20.27,4.3,839.84,935.5,5625.07,630,30.3,1704.4,7.7,612.88,8572.35
Delhi,North,Winter,13.0,Villa,1,Three Phase,15,1.9,1,3,8,1,Good,0.933,kVAh,10.85,15.1,30.23,34.69,0.0,1875,20.1,0.0,7.7,144.38,2019.38
Telangana,South,Monsoon,33.6,Row House,7,Three Phase,15,3.0,0,2,12,28,Poor,0.801,kWh,29.34,7.6,409.01,510.86,1536.3,1500,40.0,614.52,13.6,496.51,4147.33
Madhya Pradesh,Central,Spring,31.9,Row House,2,Single Phase,1,3.7,0,1,11,9,Average,0.811,kWh,4.62,0.0,71.01,77.28,309.12,110,16.2,50.08,5.8,27.21,496.41
Telangana,South,Winter,26.5,Apartment,3,Single Phase,5,4.4,0,5,11,23,Poor,0.748,kWh,13.52,0.0,158.85,182.35,205.88,500,28.0,57.65,5.4,41.23,804.75
Rajasthan,North,Spring,30.9,Row House,8,Single Phase,5,2.7,0,6,11,16,Average,0.848,kWh,11.21,0.0,507.23,565.41,3323.28,600,27.9,927.2,7.8,378.34,5228.81
Tamil Nadu,South,Monsoon,32.4,Independent House,3,Single Phase,1,2.7,0,0,3,28,Poor,0.771,kWh,1.12,0.0,154.65,170.87,106.31,100,22.9,24.34,11.8,27.22,257.87
Gujarat,West,Monsoon,35.8,Villa,6,Single Phase,5,1.1,1,3,14,7,Good,0.979,kWh,21.02,0.0,467.79,497.68,1989.21,575,30.6,608.7,9.5,301.43,3474.34
Karnataka,South,Spring,28.2,Row House,4,Three Phase,3,2.2,0,3,2,27,Poor,0.972,kVAh,2.2,1.4,278.66,334.32,2156.4,285,31.2,672.8,11.6,361.25,3475.44
Karnataka,South,Monsoon,34.9,Villa,8,Single Phase,2,4.7,1,6,3,26,Poor,0.815,kWh,4.02,0.0,565.63,621.52,4310.4,190,20.6,887.94,9.9,533.45,5921.79
Kerala,South,Spring,29.2,Independent House,3,Single Phase,3,2.0,0,5,13,16,Average,0.898,kWh,12.89,0.0,219.28,246.47,1129.82,285,31.8,359.28,12.8,227.09,2001.19
Delhi,North,Summer,45.1,Apartment,8,Single Phase,1,2.6,1,3,1,19,Average,0.834,kWh,1.94,0.0,616.44,662.85,2608.53,125,20.3,529.53,11.8,385.04,3648.1
Rajasthan,North,Summer,43.4,Villa,7,Single Phase,1,1.8,0,1,4,23,Poor,0.985,kWh,4.33,0.0,763.15,853.48,5627.84,120,27.7,1558.91,5.7,416.48,7723.24
Karnataka,South,Summer,38.3,Independent House,8,Three Phase,5,4.8,0,0,2,1,Good,0.837,kWh,4.96,12.8,362.72,385.4,2539.5,475,28.0,711.06,6.1,227.26,3952.82
Maharashtra,West,Summer,25.2,Villa,6,Single Phase,1,3.6,0,1,10,29,Poor,0.835,kVAh,17.03,0.0,348.84,498.73,3792.36,130,30.7,1164.26,5.8,295.02,5381.64
Karnataka,South,Spring,31.4,Apartment,4,Single Phase,2,4.6,0,2,1,22,Poor,0.856,kWh,2.48,0.0,222.29,249.1,1517.25,190,18.1,274.62,14.8,293.32,2275.19
Tamil Nadu,South,Monsoon,31.2,Apartment,5,Three Phase,3,1.3,0,0,14,2,Good,0.942,kVAh,10.3,16.1,231.43,273.18,406.13,300,16.2,65.79,8.2,63.3,835.22
Maharashtra,West,Monsoon,39.9,Row House,7,Three Phase,1,2.5,1,4,11,2,Good,0.878,kWh,27.09,3.6,423.53,450.64,3313.87,130,32.5,1077.01,14.2,641.96,5162.84
Madhya Pradesh,Central,Summer,38.5,Apartment,7,Single Phase,5,2.2,1,3,7,23,Poor,0.961,kWh,2.69,0.0,471.44,514.42,2691.28,550,15.8,425.22,6.5,238.32,3904.82
Punjab,North,Winter,17.8,Row House,4,Single Phase,5,1.6,1,0,12,8,Average,0.782,kWh,18.91,0.0,243.46,259.5,0.0,550,31.1,0.0,6.6,36.3,586.3
Delhi,North,Winter,7.4,Row House,5,Single Phase,5,1.2,0,2,5,20,Poor,0.778,kWh,12.86,0.0,276.82,315.43,519.44,625,26.5,137.65,11.2,143.59,1425.68
Delhi,North,Spring,30.0,Apartment,8,Single Phase,2,2.1,1,3,7,25,Poor,0.931,kWh,16.73,0.0,245.28,289.6,403.2,250,24.6,99.19,9.8,73.73,826.12
Punjab,North,Spring,29.2,Independent House,8,Single Phase,1,2.0,1,3,15,19,Average,0.836,kVAh,24.56,0.0,289.2,395.79,478.95,110,18.5,88.61,11.2,75.89,753.44
Punjab,North,Summer,48.0,Apartment,1,Single Phase,1,1.1,1,6,4,16,Average,0.726,kWh,10.2,0.0,134.41,148.42,0.0,110,36.7,0.0,5.1,5.61,115.61
Delhi,North,Summer,42.6,Independent House,7,Single Phase,5,4.1,0,3,7,21,Poor,0.975,kWh,15.08,0.0,308.68,354.39,694.75,625,26.9,186.89,10.6,159.7,1666.35
Tamil Nadu,South,Monsoon,30.3,Independent House,2,Single Phase,1,1.7,1,4,15,23,Poor,0.934,kVAh,8.61,0.0,141.49,175.11,112.67,100,16.9,19.04,13.8,31.98,263.68
Kerala,South,Monsoon,28.9,Villa,1,Single Phase,2,4.3,0,0,15,12,Average,0.798,kVAh,21.9,0.0,48.28,66.12,177.5,190,18.0,31.95,11.0,43.94,443.39
Punjab,North,Monsoon,25.2,Row House,8,Three Phase,3,4.3,0,2,13,26,Poor,0.813,kVAh,17.31,10.2,367.06,520.61,1144.27,330,33.3,381.04,8.5,157.7,2013.01
Rajasthan,North,Summer,39.6,Apartment,2,Single Phase,5,4.3,0,4,11,28,Poor,0.759,kWh,22.86,0.0,108.21,129.54,453.39,600,29.5,133.75,11.0,130.59,1317.73
Punjab,North,Monsoon,30.0,Apartment,1,Single Phase,3,4.1,0,2,6,10,Average,0.763,kWh,12.22,0.0,38.85,42.71,0.0,330,21.0,0.0,9.2,30.36,360.36
West Bengal,East,Summer,30.6,Row House,1,Single Phase,3,2.3,1,1,9,9,Average,0.77,kWh,5.16,0.0,51.46,54.58,0.0,270,19.8,0.0,11.5,31.05,301.05
Madhya Pradesh,Central,Monsoon,34.5,Independent House,2,Three Phase,15,1.7,1,1,12,3,Good,0.9,kWh,9.33,22.5,128.18,136.59,546.36,1650,17.1,93.43,5.6,128.23,2418.02
Maharashtra,West,Spring,34.4,Apartment,1,Single Phase,3,2.9,1,5,11,0,Good,0.95,kWh,3.74,0.0,49.46,52.21,169.68,390,26.1,44.29,12.9,77.91,681.88
Madhya Pradesh,Central,Summer,42.8,Apartment,6,Single Phase,1,3.3,1,4,7,29,Poor,0.889,kVAh,16.13,0.0,469.38,610.48,3349.29,110,19.0,636.36,12.5,511.96,4607.61
Punjab,North,Summer,44.1,Villa,6,Single Phase,1,4.2,1,0,5,18,Average,0.854,kWh,10.39,0.0,358.86,389.56,447.8,110,24.5,109.71,5.5,36.71,704.22
Rajasthan,North,Spring,27.4,Row House,3,Single Phase,3,2.4,0,5,7,22,Poor,0.93,kVAh,2.58,0.0,105.67,132.21,462.74,360,19.5,90.23,7.0,63.91,976.88
Madhya Pradesh,Central,Winter,13.6,Villa,8,Three Phase,2,4.3,1,2,3,28,Poor,0.742,kWh,3.69,15.0,314.13,351.45,1686.34,220,21.7,365.94,5.2,118.16,2390.44
Delhi,North,Spring,29.3,Villa,6,Three Phase,7,4.3,1,2,3,4,Good,0.726,kWh,3.18,22.4,183.5,193.33,0.0,875,34.1,0.0,9.5,83.12,958.12
Delhi,North,Summer,38.9,Independent House,2,Single Phase,1,1.4,1,4,12,22,Poor,0.825,kWh,15.06,0.0,129.55,152.52,0.0,125,22.1,0.0,13.8,17.25,142.25
West Bengal,East,Summer,23.1,Villa,2,Single Phase,5,1.2,1,3,10,27,Poor,0.856,kWh,3.78,0.0,197.96,216.21,706.05,450,15.5,109.44,13.8,174.64,1440.13
Maharashtra,West,Monsoon,38.6,Apartment,6,Three Phase,15,3.3,1,5,13,10,Average,0.945,kVAh,5.02,16.8,307.23,358.61,2398.17,1950,22.0,527.6,14.7,716.74,5592.5
Rajasthan,North,Monsoon,27.8,Independent House,4,Three Phase,2,2.4,1,1,5,23,Poor,0.966,kWh,9.75,19.3,160.21,185.0,717.5,240,22.3,160.0,13.7,153.1,1270.6
Punjab,North,Monsoon,27.0,Row House,1,Single Phase,1,1.2,1,6,11,9,Average,0.938,kVAh,27.37,0.0,37.91,47.18,0.0,110,26.4,0.0,6.0,6.6,116.6
Rajasthan,North,Winter,16.0,Independent House,1,Single Phase,5,2.4,1,1,15,29,Poor,0.895,kWh,16.17,0.0,50.07,56.64,198.24,600,34.1,67.6,10.9,94.38,960.22
West Bengal,East,Summer,29.4,Apartment,2,Single Phase,5,4.3,1,1,4,1,Good,0.756,kWh,1.72,0.0,156.86,159.41,422.05,450,35.9,151.52,6.7,68.58,1092.14
West Bengal,East,Monsoon,31.2,Apartment,4,Single Phase,5,1.9,1,6,11,15,Average,0.976,kWh,29.06,0.0,143.14,167.42,462.1,450,17.2,79.48,13.2,130.89,1122.47
Rajasthan,North,Winter,7.2,Apartment,8,Single Phase,2,4.3,1,0,10,18,Average,0.903,kWh,22.1,0.0,554.04,626.15,3809.2,240,31.2,1188.47,9.6,502.82,5740.49
Maharashtra,West,Summer,20.2,Row House,8,Three Phase,15,3.6,0,3,10,22,Poor,0.831,kWh,16.03,7.2,502.03,594.0,4855.92,1950,15.8,767.24,14.9,1128.4,8701.56
Madhya Pradesh,Central,Winter,8.5,Apartment,8,Single Phase,5,2.6,0,1,9,26,Poor,0.851,kVAh,12.36,0.0,512.08,711.17,4039.01,550,40.0,1615.61,5.7,353.66,6558.28
Karnataka,South,Summer,37.4,Row House,8,Single Phase,3,2.4,1,2,9,21,Poor,0.85,kWh,7.24,0.0,659.34,729.84,5122.8,285,28.2,1444.63,10.0,685.24,7537.67
Gujarat,West,Summer,35.3,Villa,1,Single Phase,2,3.5,0,3,15,9,Average,0.768,kVAh,25.98,0.0,79.64,113.26,331.56,230,35.8,118.7,10.2,69.39,749.65
Madhya Pradesh,Central,Summer,46.3,Independent House,6,Single Phase,3,1.6,0,4,6,20,Poor,0.803,kVAh,8.2,0.0,686.52,976.13,5853.99,330,25.3,1481.06,7.3,559.55,8224.6
Kerala,South,Spring,34.8,Row House,4,Three Phase,5,3.3,0,1,9,26,Poor,0.777,kWh,15.81,4.4,211.27,239.1,1085.6,475,19.9,216.03,13.9,246.95,2023.59
Telangana,South,Spring,29.6,Villa,8,Single Phase,5,2.2,1,1,2,27,Poor,0.721,kVAh,0.83,0.0,320.77,483.65,1400.25,500,31.6,442.48,10.2,238.96,2581.69
Punjab,North,Monsoon,34.9,Apartment,7,Three Phase,2,4.9,0,6,10,18,Average,0.896,kWh,7.75,0.2,224.53,252.25,0.0,220,21.3,0.0,8.8,19.36,239.36
Rajasthan,North,Winter,11.5,Row House,7,Single Phase,5,3.3,0,2,10,26,Poor,0.738,kWh,12.89,0.0,194.41,221.85,920.17,600,15.1,138.95,10.6,175.87,1834.99
Uttar Pradesh,North,Summer,47.1,Row House,7,Three Phase,10,1.1,0,5,1,1,Good,0.94,kWh,2.03,16.0,651.52,711.3,3790.95,1050,23.3,883.29,11.8,675.46,6399.7
Tamil Nadu,South,Winter,25.8,Independent House,5,Single Phase,5,2.1,1,5,2,13,Average,0.926,kVAh,4.92,0.0,211.42,251.81,331.34,500,24.6,81.51,11.6,105.89,1018.73
Tamil Nadu,South,Winter,27.6,Villa,4,Single Phase,2,1.8,0,5,6,23,Poor,0.833,kVAh,14.86,0.0,181.83,266.13,381.45,200,36.1,137.71,13.7,98.52,817.69
Uttar Pradesh,North,Summer,47.9,Villa,5,Single Phase,2,3.9,1,6,7,12,Average,0.909,kWh,8.33,0.0,492.75,527.71,2597.62,210,38.4,997.48,10.1,384.32,4189.41
Madhya Pradesh,Central,Winter,9.4,Villa,8,Single Phase,1,3.1,0,5,12,10,Average,0.943,kWh,25.49,0.0,235.05,264.56,1189.98,110,25.5,303.45,7.8,125.07,1728.5
Rajasthan,North,Winter,13.1,Villa,5,Single Phase,3,4.8,0,6,14,18,Average,0.793,kWh,17.35,0.0,238.44,270.12,1185.66,360,34.8,412.61,10.2,199.74,2158.01
Madhya Pradesh,Central,Summer,45.8,Apartment,2,Single Phase,2,3.5,0,0,6,12,Average,0.821,kWh,2.92,0.0,127.64,137.06,548.24,220,29.1,159.54,13.7,127.11,1054.88
Punjab,North,Summer,45.6,Villa,1,Single Phase,1,3.4,1,0,9,25,Poor,0.935,kVAh,4.91,0.0,114.49,133.1,0.0,110,30.4,0.0,5.7,6.27,116.27
West Bengal,East,Monsoon,34.5,Independent House,7,Single Phase,2,3.4,0,1,15,19,Average,0.879,kWh,14.16,0.0,399.12,436.29,2054.22,180,24.6,505.34,5.4,147.94,2887.5
Madhya Pradesh,Central,Monsoon,23.2,Villa,6,Single Phase,5,1.3,0,5,3,9,Average,0.742,kWh,7.25,0.0,426.69,475.8,2444.88,550,32.1,784.81,5.4,204.1,3983.79
Delhi,North,Monsoon,26.8,Villa,2,Three Phase,10,4.3,1,5,5,9,Average,0.788,kVAh,4.91,8.1,85.81,118.91,0.0,1250,31.4,0.0,13.5,168.75,1418.75
Maharashtra,West,Spring,38.6,Independent House,8,Single Phase,3,2.9,1,4,7,22,Poor,0.92,kWh,13.57,0.0,494.45,567.13,4555.51,390,28.2,1284.65,10.6,660.4,6890.57
Rajasthan,North,Summer,45.0,Independent House,5,Single Phase,2,4.5,1,3,12,7,Good,0.737,kVAh,24.1,0.0,349.94,510.31,2882.48,240,18.6,536.14,5.2,190.25,3848.87
Delhi,North,Spring,28.9,Row House,6,Single Phase,1,3.8,0,1,15,4,Good,0.749,kWh,13.25,0.0,253.44,277.24,347.58,125,16.4,57.0,6.4,33.89,563.48
West Bengal,East,Winter,20.7,Row House,2,Single Phase,1,2.3,1,2,8,3,Good,0.753,kWh,18.72,0.0,92.68,97.49,112.45,90,18.7,21.03,6.5,14.53,238.0
Rajasthan,North,Summer,47.7,Independent House,8,Three Phase,5,3.7,1,4,4,10,Average,0.834,kVAh,7.01,18.3,898.41,1180.58,8244.64,600,33.5,2761.95,9.8,1137.45,12744.04
Rajasthan,North,Spring,25.9,Apartment,5,Single Phase,3,4.3,0,6,7,0,Good,0.761,kWh,15.9,0.0,135.16,145.46,509.11,360,30.4,154.77,12.3,125.94,1149.82
Punjab,North,Summer,39.5,Apartment,4,Single Phase,1,4.1,1,0,12,15,Average,0.864,kWh,18.24,0.0,379.41,406.35,531.75,110,31.5,167.5,11.0,89.02,898.27
Maharashtra,West,Winter,33.5,Independent House,4,Three Phase,5,2.1,0,5,2,6,Good,0.753,kWh,3.49,7.1,294.08,318.43,1998.38,650,27.9,557.55,9.9,317.39,3523.31
Karnataka,South,Winter,22.5,Row House,7,Single Phase,5,2.1,0,3,8,7,Good,0.968,kWh,20.39,0.0,307.66,338.52,2187.9,475,23.6,516.34,9.2,292.49,3471.73
Punjab,North,Monsoon,29.2,Apartment,3,Single Phase,2,1.6,1,2,14,30,Poor,0.809,kWh,10.69,0.0,120.84,138.71,0.0,220,21.6,0.0,14.4,31.68,251.68
Uttar Pradesh,North,Spring,27.4,Apartment,5,Three Phase,10,2.1,1,6,15,1,Good,0.808,kVAh,12.57,6.1,333.66,449.46,2119.31,1050,15.7,332.73,12.4,434.25,3936.3
West Bengal,East,Monsoon,29.4,Villa,6,Three Phase,3,1.6,0,6,4,15,Average,0.92,kWh,5.43,1.7,407.79,471.56,2283.12,270,28.3,646.12,7.8,249.54,3448.79
Karnataka,South,Winter,19.0,Apartment,5,Single Phase,3,3.0,1,4,9,12,Average,0.819,kVAh,23.28,0.0,196.13,266.99,1651.43,285,30.0,495.43,13.1,318.57,2750.43
Madhya Pradesh,Central,Winter,9.9,Villa,1,Single Phase,1,2.2,0,2,12,4,Good,0.775,kVAh,13.38,0.0,52.49,75.02,300.08,110,32.8,98.43,6.2,31.53,540.03
Delhi,North,Summer,46.8,Villa,2,Three Phase,7,2.9,0,4,9,27,Poor,0.93,kVAh,6.06,16.8,176.48,225.55,114.98,875,33.5,38.52,9.1,93.59,1122.08
Telangana,South,Monsoon,33.2,Row House,5,Single Phase,2,2.7,0,0,7,11,Average,0.879,kWh,2.36,0.0,409.44,435.98,1161.9,200,27.4,318.36,13.7,230.2,1910.46
Tamil Nadu,South,Summer,40.1,Row House,2,Three Phase,3,1.9,1,4,7,21,Poor,0.81,kWh,13.48,21.3,134.49,166.3,99.45,300,38.4,38.19,6.6,28.88,466.52
Uttar Pradesh,North,Summer,42.8,Row House,1,Single Phase,3,5.0,0,6,10,20,Poor,0.816,kWh,23.3,0.0,47.36,58.68,196.58,315,38.1,74.9,10.5,61.58,648.05
West Bengal,East,Spring,31.6,Apartment,4,Single Phase,1,3.6,1,2,1,25,Poor,0.793,kVAh,0.6,0.0,106.31,142.13,335.65,90,25.4,85.26,5.3,27.08,537.98
Maharashtra,West,Spring,23.2,Row House,7,Three Phase,5,2.9,1,4,4,28,Poor,0.827,kWh,10.33,6.8,268.21,314.7,1961.26,650,21.8,427.56,6.6,200.56,3239.38
Madhya Pradesh,Central,Summer,40.6,Independent House,4,Single Phase,1,2.5,1,4,14,8,Average,0.868,kVAh,25.39,0.0,188.79,250.4,1117.06,110,25.9,289.32,13.3,201.68,1718.06
West Bengal,East,Monsoon,33.1,Apartment,7,Single Phase,1,3.9,0,4,3,17,Average,0.811,kWh,3.06,0.0,221.81,246.1,855.5,90,23.1,197.62,14.9,170.32,1313.45
Madhya Pradesh,Central,Monsoon,26.5,Row House,2,Three Phase,5,3.9,1,1,4,24,Poor,0.977,kVAh,4.87,5.7,79.89,93.35,373.4,550,16.2,60.49,9.1,89.53,1073.42
Maharashtra,West,Summer,27.9,Villa,2,Single Phase,2,1.1,1,4,9,16,Average,0.79,kWh,15.78,0.0,114.24,125.45,514.6,260,30.8,158.5,9.7,90.51,1023.61
Delhi,North,Spring,23.7,Apartment,7,Single Phase,5,2.9,1,4,9,4,Good,0.786,kWh,16.31,0.0,208.0,226.68,120.06,625,30.0,36.02,10.7,83.58,864.65
West Bengal,East,Spring,35.6,Villa,6,Single Phase,2,1.3,0,3,14,17,Average,0.83,kVAh,22.31,0.0,271.61,392.73,1771.52,180,31.5,558.03,13.8,346.32,2855.86
Kerala,South,Spring,27.5,Independent House,5,Three Phase,5,1.8,0,3,3,18,Average,0.925,kWh,1.82,0.9,344.62,375.41,1903.46,475,24.3,462.54,12.7,360.81,3201.81
Rajasthan,North,Winter,13.7,Row House,7,Three Phase,2,2.9,0,1,15,7,Good,0.823,kWh,23.1,3.0,194.98,212.69,869.79,240,22.9,199.18,8.8,115.19,1424.17
Karnataka,South,Spring,32.7,Apartment,3,Three Phase,10,4.6,1,6,3,0,Good,0.822,kWh,7.07,21.3,174.42,187.55,1066.83,950,31.4,334.98,13.8,324.55,2676.37
Telangana,South,Winter,24.5,Apartment,1,Single Phase,1,1.1,1,1,13,5,Good,0.955,kVAh,28.62,0.0,72.08,84.36,0.0,100,38.4,0.0,7.8,7.8,107.8
Telangana,South,Winter,20.7,Row House,4,Three Phase,7,1.9,1,1,12,27,Poor,0.781,kVAh,27.77,5.7,151.83,230.56,361.85,700,30.3,109.64,13.4,156.98,1328.47
Madhya Pradesh,Central,Winter,13.0,Apartment,8,Single Phase,3,4.3,1,1,12,0,Good,0.892,kVAh,21.95,0.0,455.61,537.55,2849.72,330,31.5,897.66,12.5,509.67,4587.05
Punjab,North,Winter,9.1,Row House,8,Single Phase,3,1.3,0,5,14,18,Average,0.808,kVAh,28.63,0.0,520.28,776.6,2936.2,330,31.6,927.84,7.8,327.14,4521.17
Tamil Nadu,South,Summer,39.4,Villa,3,Three Phase,10,4.2,1,2,11,15,Average,0.791,kWh,14.91,13.7,232.67,254.39,340.36,1000,29.9,101.77,9.6,138.44,1580.58
Delhi,North,Summer,40.4,Row House,6,Three Phase,5,2.1,0,1,6,28,Poor,0.923,kVAh,8.1,18.5,442.47,579.24,2065.06,625,31.7,654.62,9.7,324.43,3669.12
Gujarat,West,Winter,29.1,Apartment,8,Single Phase,5,4.9,0,2,6,22,Poor,0.863,kVAh,6.59,0.0,438.84,568.22,2375.21,575,25.5,605.68,8.0,284.47,3840.36
Punjab,North,Winter,13.4,Row House,5,Single Phase,2,2.1,0,6,3,14,Average,0.927,kVAh,5.81,0.0,297.67,351.48,257.4,220,29.0,74.65,10.3,56.86,608.91
Madhya Pradesh,Central,Winter,10.9,Villa,6,Single Phase,2,2.2,0,2,7,8,Average,0.989,kVAh,3.42,0.0,337.38,367.81,1786.14,220,38.9,694.81,14.5,391.64,3092.59
Madhya Pradesh,Central,Spring,28.1,Apartment,8,Single Phase,1,3.5,0,2,9,11,Average,0.928,kVAh,21.95,0.0,342.45,404.96,2012.76,110,34.2,688.36,9.3,261.43,3072.55
Tamil Nadu,South,Monsoon,32.3,Villa,2,Three Phase,10,1.5,0,3,4,15,Average,0.738,kWh,2.59,3.5,171.37,188.07,132.1,1000,29.2,38.57,6.8,79.61,1250.29
Rajasthan,North,Summer,44.8,Row House,5,Single Phase,1,2.5,1,0,2,30,Poor,0.979,kWh,1.08,0.0,433.83,472.22,2598.6,120,33.6,873.13,12.2,438.19,4029.91
Rajasthan,North,Winter,8.1,Apartment,7,Single Phase,5,5.0,1,5,15,10,Average,0.87,kWh,18.24,0.0,230.98,254.31,1098.7,600,21.9,240.62,5.1,98.91,2038.23
Kerala,South,Winter,22.2,Villa,4,Single Phase,2,2.1,0,0,4,24,Poor,0.886,kVAh,6.76,0.0,212.93,280.21,1332.26,190,33.7,448.97,11.5,226.69,2197.92
Gujarat,West,Winter,32.5,Villa,5,Single Phase,5,1.8,0,5,7,15,Average,0.73,kVAh,4.07,0.0,151.33,229.98,763.43,575,25.3,193.15,7.4,113.34,1644.91
Madhya Pradesh,Central,Monsoon,28.4,Independent House,7,Three Phase,5,1.6,1,1,3,24,Poor,0.73,kVAh,7.32,16.8,371.54,561.45,3013.43,550,20.3,611.73,5.1,212.93,4388.09
Punjab,North,Spring,26.1,Independent House,8,Three Phase,3,4.9,1,3,3,19,Average,0.834,kWh,3.48,17.8,449.23,481.19,905.95,330,23.9,216.52,10.4,151.06,1603.53
Karnataka,South,Monsoon,29.9,Villa,6,Single Phase,1,2.5,1,4,4,6,Good,0.773,kVAh,1.78,0.0,292.18,392.97,2596.28,95,24.0,623.11,13.0,430.87,3745.25
Madhya Pradesh,Central,Monsoon,34.6,Villa,1,Single Phase,3,3.2,1,2,5,30,Poor,0.907,kWh,7.83,0.0,50.8,57.53,230.12,330,16.4,37.74,7.2,43.05,640.91
Karnataka,South,Spring,30.6,Apartment,8,Single Phase,1,3.6,0,2,7,8,Average,0.914,kVAh,3.97,0.0,398.16,472.58,3193.35,95,36.8,1175.15,14.1,629.35,5092.86
Telangana,South,Summer,35.7,Villa,4,Single Phase,3,1.7,0,4,8,22,Poor,0.722,kWh,8.54,0.0,391.44,455.89,1261.45,300,19.6,247.24,12.0,217.04,2025.74
Maharashtra,West,Spring,36.4,Independent House,3,Single Phase,2,2.0,1,2,14,15,Average,0.919,kVAh,19.12,0.0,105.8,123.23,498.06,260,29.7,147.92,11.6,105.09,1011.08
Punjab,North,Spring,29.3,Row House,7,Single Phase,2,1.0,1,1,13,29,Poor,0.9,kWh,19.29,0.0,393.54,471.97,859.85,220,19.2,165.09,11.9,148.15,1393.09
Uttar Pradesh,North,Summer,43.5,Villa,6,Three Phase,10,4.9,1,5,14,5,Good,0.827,kWh,21.28,12.4,403.45,455.91,2157.37,1050,35.7,770.18,9.7,385.82,4363.37
Punjab,North,Summer,41.4,Row House,6,Single Phase,2,1.8,0,5,13,16,Average,0.765,kWh,8.99,0.0,416.16,466.34,831.7,220,30.5,253.67,7.6,99.21,1404.58
Maharashtra,West,Spring,27.3,Villa,1,Single Phase,1,3.3,0,3,10,25,Poor,0.875,kWh,15.68,0.0,70.29,82.79,269.07,130,32.6,87.72,13.7,66.69,553.47
Kerala,South,Winter,22.2,Independent House,7,Single Phase,3,2.2,0,0,12,0,Good,0.785,kWh,6.79,0.0,263.13,274.9,1300.4,285,26.7,347.21,5.8,112.09,2044.7
Delhi,North,Monsoon,27.7,Row House,2,Single Phase,5,4.4,0,0,6,24,Poor,0.98,kWh,13.45,0.0,125.66,147.44,0.0,625,30.5,0.0,13.5,84.38,709.38
Madhya Pradesh,Central,Summer,40.2,Apartment,6,Three Phase,1,1.9,0,6,13,23,Poor,0.901,kWh,21.8,21.1,666.98,810.32,4718.19,110,21.3,1004.97,10.5,612.48,6445.65
Delhi,North,Winter,17.8,Independent House,3,Single Phase,2,4.9,1,2,13,18,Average,0.733,kWh,18.31,0.0,88.94,98.86,0.0,250,24.1,0.0,14.9,37.25,287.25
Maharashtra,West,Winter,34.6,Independent House,3,Single Phase,2,4.0,0,0,13,2,Good,0.934,kWh,25.6,0.0,209.51,233.23,1317.56,260,30.2,397.9,14.7,290.39,2265.86
Gujarat,West,Spring,39.6,Villa,8,Single Phase,1,4.1,0,4,15,7,Good,0.735,kVAh,32.78,0.0,219.96,356.45,1332.49,115,18.1,241.18,7.8,131.72,1820.39
Uttar Pradesh,North,Monsoon,30.5,Apartment,3,Single Phase,5,4.0,0,2,9,18,Average,0.976,kWh,19.98,0.0,169.49,187.66,687.03,525,32.3,221.91,8.6,123.32,1557.27
Uttar Pradesh,North,Monsoon,28.6,Row House,3,Three Phase,15,2.1,1,6,10,29,Poor,0.859,kWh,18.01,12.3,246.74,291.3,1194.87,1575,33.8,403.87,5.5,174.56,3348.29
Telangana,South,Monsoon,29.9,Row House,5,Single Phase,3,4.0,0,2,1,23,Poor,0.977,kWh,2.31,0.0,308.75,344.76,779.82,300,30.1,234.73,6.6,86.76,1401.31
Gujarat,West,Spring,35.4,Apartment,8,Single Phase,3,1.7,0,5,1,7,Good,0.923,kVAh,1.08,0.0,303.5,352.67,1314.92,345,27.5,361.6,10.0,202.15,2223.67
Uttar Pradesh,North,Summer,43.3,Row House,1,Single Phase,5,2.8,1,0,11,0,Good,0.757,kVAh,26.76,0.0,53.91,77.4,259.29,525,35.4,91.79,7.2,63.08,939.16
Maharashtra,West,Winter,28.9,Row House,8,Single Phase,5,1.2,0,4,2,1,Good,0.95,kWh,2.39,0.0,292.09,314.78,1962.06,650,24.1,472.86,9.0,277.64,3362.56
Telangana,South,Winter,26.8,Villa,5,Single Phase,3,2.0,1,2,6,28,Poor,0.839,kWh,6.93,0.0,302.14,343.93,776.78,300,28.7,222.94,11.6,150.77,1450.49
Punjab,North,Monsoon,29.3,Row House,7,Single Phase,1,3.6,0,5,3,27,Poor,0.788,kWh,3.37,0.0,231.27,274.49,0.0,110,39.8,0.0,6.8,7.48,117.48
Delhi,North,Spring,32.2,Row House,2,Single Phase,3,3.5,0,5,11,25,Poor,0.87,kWh,8.83,0.0,117.01,131.28,0.0,375,20.6,0.0,6.8,25.5,400.5
Rajasthan,North,Summer,46.5,Villa,6,Single Phase,5,1.1,1,2,2,7,Good,0.919,kWh,3.03,0.0,862.4,884.51,5876.08,600,35.5,2086.01,5.1,436.67,8998.75
Delhi,North,Spring,34.8,Row House,3,Three Phase,15,2.1,0,5,12,4,Good,0.943,kVAh,6.16,11.7,119.28,140.01,0.0,1875,16.4,0.0,9.8,183.75,2058.75
Rajasthan,North,Winter,17.9,Apartment,5,Single Phase,2,4.1,1,0,11,22,Poor,0.9,kWh,18.45,0.0,236.61,275.08,1212.94,240,36.5,442.72,9.4,178.19,2073.86
Gujarat,West,Spring,35.7,Villa,2,Single Phase,3,4.9,1,1,4,8,Average,0.872,kWh,10.26,0.0,63.36,67.59,162.58,345,35.0,56.9,6.9,38.95,603.44
Maharashtra,West,Summer,29.9,Villa,1,Single Phase,2,2.3,0,2,11,8,Average,0.957,kWh,18.04,0.0,77.26,85.87,279.08,260,25.1,70.05,5.2,31.67,640.8
West Bengal,East,Winter,31.1,Villa,8,Single Phase,5,4.9,1,6,1,3,Good,0.785,kVAh,1.64,0.0,240.75,321.96,1312.22,450,38.8,509.14,9.6,218.05,2489.41
West Bengal,East,Summer,22.2,Apartment,4,Single Phase,1,4.7,1,5,12,5,Good,0.798,kWh,5.29,0.0,332.02,348.03,1481.41,90,22.5,333.32,7.9,150.47,2055.21
Maharashtra,West,Summer,26.6,Independent House,8,Single Phase,5,2.5,0,5,15,1,Good,0.769,kVAh,38.94,0.0,479.17,726.99,6342.75,650,37.1,2353.16,7.6,710.29,10056.2
Uttar Pradesh,North,Summer,45.6,Row House,3,Single Phase,3,4.4,0,5,6,12,Average,0.879,kVAh,8.89,0.0,149.93,188.54,691.35,315,28.4,196.34,11.0,132.3,1334.98
Kerala,South,Summer,34.7,Apartment,4,Single Phase,2,1.2,1,0,11,7,Good,0.963,kWh,23.41,0.0,423.22,466.16,2447.96,190,33.7,824.96,8.3,287.42,3750.35
Kerala,South,Spring,33.1,Row House,2,Single Phase,1,4.0,0,4,3,15,Average,0.739,kVAh,2.02,0.0,53.59,80.17,224.76,95,27.0,60.68,12.0,45.65,426.09
Kerala,South,Summer,41.0,Independent House,2,Single Phase,5,4.9,0,5,15,5,Good,0.807,kVAh,35.88,0.0,226.94,315.68,1545.08,475,19.6,302.84,9.8,227.65,2550.56
West Bengal,East,Winter,25.7,Villa,5,Single Phase,3,4.8,1,4,1,30,Poor,0.893,kWh,1.95,0.0,322.51,348.99,1487.65,270,37.5,557.87,5.6,129.67,2445.18
Rajasthan,North,Monsoon,27.6,Independent House,2,Single Phase,1,3.2,1,5,10,19,Average,0.922,kWh,13.93,0.0,88.11,96.73,338.56,120,18.9,63.99,14.9,77.86,600.4
Punjab,North,Winter,9.9,Apartment,3,Single Phase,2,3.3,0,4,9,21,Poor,0.775,kVAh,19.75,0.0,127.21,197.16,0.0,220,37.7,0.0,9.6,21.12,241.12
West Bengal,East,Monsoon,28.3,Row House,5,Single Phase,5,3.5,0,2,11,12,Average,0.94,kWh,17.96,0.0,152.67,174.2,496.0,450,35.7,177.07,11.1,124.66,1247.73
Punjab,North,Winter,17.5,Independent House,7,Single Phase,2,3.9,0,2,12,19,Average,0.959,kVAh,29.44,0.0,440.7,544.6,1312.2,220,27.8,364.79,13.0,246.61,2143.6
Maharashtra,West,Summer,29.1,Independent House,8,Single Phase,3,3.7,0,6,3,2,Good,0.967,kWh,6.67,0.0,566.03,610.96,5045.53,390,36.1,1821.44,14.8,1074.03,8331.0
Punjab,North,Winter,13.9,Row House,4,Single Phase,2,3.8,1,0,11,2,Good,0.977,kWh,20.56,0.0,185.07,198.75,0.0,220,32.6,0.0,12.4,27.28,247.28
Rajasthan,North,Monsoon,31.4,Villa,3,Single Phase,1,2.5,0,5,11,26,Poor,0.91,kWh,22.78,0.0,148.64,180.95,695.22,120,20.2,140.44,13.0,124.24,1079.9
Maharashtra,West,Spring,21.2,Independent House,3,Three Phase,1,4.7,0,4,4,23,Poor,0.922,kVAh,4.7,17.2,161.82,211.12,1152.84,130,16.6,191.37,6.0,88.45,1562.67
Maharashtra,West,Spring,34.0,Row House,3,Single Phase,5,2.5,1,6,5,12,Average,0.872,kWh,4.48,0.0,129.0,138.38,610.93,650,32.0,195.5,12.5,182.05,1638.48
Karnataka,South,Spring,30.4,Apartment,1,Single Phase,1,3.3,1,3,1,1,Good,0.748,kVAh,2.49,0.0,32.63,45.12,184.42,95,34.4,63.44,11.0,37.71,380.57
Karnataka,South,Spring,29.0,Independent House,2,Single Phase,1,4.5,1,5,8,8,Average,0.869,kWh,15.07,0.0,57.48,64.09,289.7,95,29.6,85.75,9.7,45.63,516.08
Gujarat,West,Monsoon,28.0,Independent House,6,Single Phase,5,2.1,1,2,9,25,Poor,0.925,kWh,18.97,0.0,374.05,434.48,1695.33,575,32.7,554.37,8.4,237.28,3061.98
Rajasthan,North,Spring,28.3,Apartment,8,Three Phase,3,1.1,0,3,15,22,Poor,0.912,kWh,27.32,24.9,575.9,679.72,4237.76,360,29.8,1262.85,6.5,380.94,6241.55
Gujarat,West,Spring,25.3,Independent House,1,Single Phase,3,3.0,0,6,11,0,Good,0.92,kWh,6.1,0.0,66.39,70.73,174.2,345,31.6,55.05,9.3,53.41,627.65
Madhya Pradesh,Central,Winter,6.8,Independent House,3,Single Phase,3,4.1,0,3,14,25,Poor,0.789,kVAh,17.7,0.0,160.77,248.64,1108.0,330,17.5,193.9,8.9,145.24,1777.13
Delhi,North,Summer,42.0,Villa,6,Single Phase,3,3.9,1,3,6,21,Poor,0.778,kVAh,14.19,0.0,568.44,862.73,4001.84,375,22.2,888.41,14.3,752.93,6018.18
Uttar Pradesh,North,Monsoon,33.1,Apartment,1,Single Phase,5,1.1,1,6,6,0,Good,0.975,kWh,9.73,0.0,39.59,42.24,141.5,525,38.3,54.2,9.0,64.86,785.56
Madhya Pradesh,Central,Summer,44.7,Independent House,5,Three Phase,2,4.3,0,5,15,29,Poor,0.85,kWh,16.79,20.2,238.86,274.3,1240.14,220,28.3,350.96,12.3,222.77,2033.87
Gujarat,West,Summer,21.8,Independent House,2,Single Phase,3,3.9,0,3,8,29,Poor,0.839,kWh,6.34,0.0,183.16,210.8,692.46,345,24.5,169.65,10.0,120.71,1327.82
Maharashtra,West,Winter,25.9,Apartment,1,Single Phase,2,1.9,1,0,12,28,Poor,0.819,kWh,4.85,0.0,68.59,73.56,239.07,260,27.4,65.51,6.6,37.26,601.84
Tamil Nadu,South,Winter,27.9,Independent House,8,Single Phase,3,3.4,0,3,10,29,Poor,0.975,kVAh,21.82,0.0,484.65,624.85,1774.31,300,30.2,535.84,9.7,253.18,2863.34
Punjab,North,Summer,40.0,Villa,1,Single Phase,5,3.5,0,5,1,24,Poor,0.85,kVAh,1.39,0.0,82.32,106.66,0.0,550,18.6,0.0,5.1,28.05,578.05
Tamil Nadu,South,Summer,40.1,Row House,1,Single Phase,3,4.8,0,6,11,10,Average,0.775,kVAh,22.46,0.0,54.57,82.58,0.0,300,25.1,0.0,9.7,29.1,329.1
Delhi,North,Winter,16.5,Villa,1,Single Phase,5,3.3,1,3,4,6,Good,0.77,kWh,2.84,0.0,67.76,69.97,0.0,625,27.0,0.0,13.3,83.12,708.12
Telangana,South,Summer,36.5,Row House,2,Single Phase,3,3.5,1,4,14,25,Poor,0.978,kVAh,12.37,0.0,111.56,128.1,70.25,300,33.6,23.6,8.1,31.9,425.76
Gujarat,West,Summer,27.8,Villa,3,Single Phase,5,1.5,0,0,15,30,Poor,0.812,kVAh,30.48,0.0,374.65,558.8,2323.4,575,36.8,855.01,6.5,243.97,3997.38
Karnataka,South,Winter,27.9,Row House,2,Single Phase,5,4.6,1,4,12,9,Average,0.85,kWh,13.68,0.0,78.36,85.25,407.14,475,17.7,72.06,7.7,73.47,1027.67
Kerala,South,Spring,27.5,Apartment,5,Three Phase,3,1.7,0,2,2,30,Poor,0.934,kWh,1.24,9.9,346.85,401.31,2058.86,285,24.6,506.48,8.2,233.73,3084.07
Delhi,North,Spring,25.0,Apartment,4,Three Phase,3,3.6,1,4,9,14,Average,0.956,kWh,4.38,22.5,172.78,192.25,0.0,375,19.2,0.0,14.2,53.25,428.25
Maharashtra,West,Summer,30.1,Apartment,1,Three Phase,7,4.3,0,5,7,23,Poor,0.96,kWh,2.37,7.3,47.13,55.31,179.76,910,33.7,60.58,9.7,111.58,1261.92
Maharashtra,West,Monsoon,20.6,Apartment,2,Single Phase,1,4.0,0,2,8,24,Poor,0.732,kWh,9.44,0.0,81.98,93.14,302.7,130,28.2,85.36,13.5,69.94,588.01
Madhya Pradesh,Central,Summer,43.7,Row House,8,Single Phase,5,1.3,0,5,9,25,Poor,0.81,kVAh,15.68,0.0,935.71,1430.26,8964.78,550,32.5,2913.55,11.0,1367.12,13795.45
Kerala,South,Winter,21.7,Villa,7,Single Phase,5,4.6,0,0,6,24,Poor,0.744,kVAh,12.95,0.0,215.75,343.81,1713.86,475,23.1,395.9,13.2,341.19,2925.95
Tamil Nadu,South,Summer,39.6,Apartment,8,Three Phase,10,3.5,1,5,5,17,Average,0.871,kVAh,8.25,1.9,758.35,938.05,3215.03,1000,30.7,987.01,8.3,431.77,5633.81
Karnataka,South,Monsoon,28.1,Villa,2,Three Phase,1,2.6,1,4,14,6,Good,0.969,kVAh,16.74,17.7,90.78,104.79,520.61,95,16.5,85.9,7.7,54.02,755.53
Rajasthan,North,Winter,15.2,Row House,2,Three Phase,5,3.4,1,0,4,6,Good,0.88,kVAh,4.95,11.6,121.56,144.57,506.0,600,18.2,92.09,14.3,171.33,1369.41
Rajasthan,North,Monsoon,32.7,Apartment,8,Single Phase,2,4.7,0,6,10,8,Average,0.845,kWh,20.12,0.0,428.34,485.17,2692.48,240,15.6,420.03,13.4,449.24,3801.75
Kerala,South,Spring,31.0,Apartment,2,Three Phase,5,1.9,1,6,15,10,Average,0.745,kWh,22.13,6.4,149.49,163.91,634.46,475,32.8,208.1,13.9,183.14,1500.7
Rajasthan,North,Summer,38.6,Villa,4,Single Phase,3,4.2,1,3,3,4,Good,0.853,kVAh,3.68,0.0,273.2,333.1,1589.98,360,37.0,588.29,11.1,281.75,2820.01
Gujarat,West,Summer,34.5,Villa,6,Single Phase,1,3.5,1,3,5,19,Average,0.905,kVAh,2.11,0.0,324.04,371.01,1400.2,115,35.6,498.47,5.8,116.79,2130.46
Maharashtra,West,Summer,22.5,Independent House,6,Single Phase,1,1.1,0,0,1,2,Good,0.876,kVAh,2.52,0.0,445.17,525.89,4094.45,130,36.2,1482.19,13.3,758.98,6465.62
Telangana,South,Summer,32.3,Apartment,7,Three Phase,15,4.2,1,6,10,23,Poor,0.752,kWh,18.42,8.8,472.53,547.96,1721.8,1500,25.3,435.62,12.6,460.83,4118.25
Gujarat,West,Winter,20.2,Villa,3,Single Phase,2,3.1,1,4,3,23,Poor,0.787,kWh,2.74,0.0,166.29,185.69,599.55,230,27.7,166.08,6.4,63.72,1059.35
Kerala,South,Spring,29.1,Independent House,3,Three Phase,3,4.7,1,4,3,14,Average,0.94,kVAh,1.92,0.2,131.94,146.84,532.04,285,29.0,154.29,12.0,116.56,1087.89
Delhi,North,Winter,14.3,Row House,6,Single Phase,2,2.8,1,1,10,0,Good,0.95,kVAh,14.35,0.0,274.92,307.76,484.92,250,22.0,106.68,10.1,85.0,926.6
Uttar Pradesh,North,Monsoon,24.5,Villa,3,Single Phase,5,1.6,0,3,11,25,Poor,0.945,kWh,24.21,0.0,228.58,275.98,1119.8,525,19.9,222.84,5.7,106.46,1974.1
Karnataka,South,Spring,28.6,Independent House,1,Three Phase,2,4.6,0,4,7,12,Average,0.752,kWh,11.63,20.3,65.15,72.24,334.93,190,24.6,82.39,6.0,36.44,643.76
Maharashtra,West,Monsoon,27.3,Villa,4,Single Phase,5,1.3,1,6,4,30,Poor,0.835,kVAh,2.38,0.0,248.31,339.25,2205.54,650,21.3,469.78,12.9,428.97,3754.28
Telangana,South,Monsoon,25.6,Row House,7,Single Phase,5,3.1,1,6,15,22,Poor,0.834,kVAh,6.36,0.0,364.03,494.44,1454.2,500,20.4,296.66,10.9,245.34,2496.2
Madhya Pradesh,Central,Summer,46.9,Row House,1,Three Phase,10,2.2,1,6,2,7,Good,0.736,kVAh,5.23,14.4,59.63,86.81,347.24,1100,19.4,67.36,12.6,190.84,1705.44
Gujarat,West,Summer,31.9,Row House,6,Single Phase,2,3.8,0,3,8,23,Poor,0.954,kVAh,14.4,0.0,499.77,626.55,2696.02,230,22.9,617.39,14.0,496.08,4039.49
Kerala,South,Summer,32.6,Row House,3,Three Phase,3,1.4,1,2,10,14,Average,0.918,kWh,11.43,2.7,255.27,277.36,1315.16,285,35.3,464.25,9.2,189.93,2254.34
Telangana,South,Winter,24.3,Apartment,5,Single Phase,1,2.4,1,2,11,10,Average,0.845,kWh,8.19,0.0,358.69,389.22,942.55,100,21.2,199.82,8.6,106.84,1349.21
Punjab,North,Monsoon,22.2,Villa,3,Single Phase,5,4.3,1,2,8,30,Poor,0.898,kWh,4.82,0.0,195.52,211.34,0.0,550,25.8,0.0,9.5,52.25,602.25
Delhi,North,Winter,17.6,Independent House,1,Single Phase,2,3.3,1,5,11,30,Poor,0.836,kVAh,22.86,0.0,33.82,46.24,0.0,250,34.3,0.0,5.3,13.25,263.25
Gujarat,West,Spring,28.7,Apartment,7,Single Phase,1,1.6,0,4,13,17,Average,0.828,kWh,31.48,0.0,483.82,550.77,2279.23,115,36.3,827.36,8.6,277.06,3498.65
Uttar Pradesh,North,Spring,33.8,Independent House,4,Three Phase,2,2.0,1,4,3,0,Good,0.724,kVAh,5.94,3.9,208.85,306.11,1273.55,210,39.2,499.23,7.5,148.71,2131.49
Uttar Pradesh,North,Summer,47.9,Row House,1,Three Phase,3,3.3,0,6,5,13,Average,0.905,kVAh,4.72,16.7,113.7,142.94,478.85,315,32.4,155.15,14.0,132.86,1081.86
Kerala,South,Spring,25.8,Apartment,3,Three Phase,10,4.4,0,3,5,1,Good,0.964,kVAh,7.95,2.7,135.97,155.13,581.78,950,16.6,96.58,10.0,162.84,1791.19
Punjab,North,Spring,22.2,Apartment,3,Three Phase,1,2.2,0,4,9,17,Average,0.828,kVAh,14.5,3.6,192.58,254.31,0.0,110,25.2,0.0,11.0,12.1,122.1
Telangana,South,Winter,20.9,Apartment,3,Single Phase,3,4.6,0,0,11,30,Poor,0.724,kWh,16.13,0.0,101.77,122.3,55.75,300,36.3,20.24,13.0,48.88,424.87
Telangana,South,Winter,19.2,Villa,1,Single Phase,1,2.0,1,2,8,27,Poor,0.745,kWh,8.58,0.0,29.82,33.72,0.0,100,35.2,0.0,11.1,11.1,111.1
Gujarat,West,Spring,23.3,Villa,2,Single Phase,1,2.8,1,3,10,15,Average,0.843,kWh,20.64,0.0,111.92,122.58,366.05,115,26.3,96.27,14.4,83.13,660.45
Maharashtra,West,Monsoon,38.4,Row House,8,Single Phase,1,1.5,0,5,4,3,Good,0.874,kVAh,7.59,0.0,270.02,340.41,2217.08,130,24.2,536.53,11.3,325.85,3209.46
Maharashtra,West,Winter,24.1,Independent House,1,Single Phase,2,2.0,1,1,12,3,Good,0.922,kWh,24.27,0.0,72.22,75.6,245.7,260,21.8,53.56,6.2,34.67,593.94
Tamil Nadu,South,Monsoon,33.7,Villa,4,Single Phase,3,2.1,0,6,4,22,Poor,0.825,kWh,6.53,0.0,204.64,239.38,287.83,300,37.6,108.22,6.3,43.85,739.91
West Bengal,East,Spring,33.7,Row House,5,Single Phase,5,1.3,1,2,3,27,Poor,0.928,kWh,3.52,0.0,266.14,298.39,1159.25,450,18.7,216.78,12.9,235.56,2061.59
Punjab,North,Winter,15.1,Villa,8,Three Phase,5,3.7,0,4,11,3,Good,0.855,kWh,9.34,18.0,410.67,454.09,770.45,550,25.4,195.69,11.5,174.36,1690.5
Maharashtra,West,Summer,34.2,Villa,1,Three Phase,15,2.4,0,5,11,18,Average,0.989,kVAh,19.92,21.3,64.42,75.42,245.12,1950,18.8,46.08,7.8,174.81,2416.01
Rajasthan,North,Summer,47.2,Apartment,6,Single Phase,2,1.9,0,5,13,29,Poor,0.742,kVAh,31.03,0.0,678.54,1114.28,7714.24,240,29.7,2291.13,10.3,1055.27,11300.64
Uttar Pradesh,North,Monsoon,31.5,Independent House,8,Single Phase,3,3.4,1,1,1,7,Good,0.809,kVAh,2.0,0.0,409.09,515.75,2519.88,315,30.1,758.48,11.3,406.05,3999.41
Madhya Pradesh,Central,Winter,16.0,Villa,5,Three Phase,5,1.0,1,5,3,16,Average,0.911,kVAh,2.69,17.1,321.85,384.08,1885.39,550,15.1,284.69,7.1,193.13,2913.21
Rajasthan,North,Monsoon,29.3,Apartment,2,Single Phase,3,4.9,1,0,2,30,Poor,0.826,kWh,1.23,0.0,138.8,152.43,538.37,360,23.2,124.9,7.1,72.65,1095.92
Delhi,North,Spring,32.2,Villa,4,Single Phase,1,2.3,1,4,11,29,Poor,0.9,kWh,21.16,0.0,233.81,276.07,342.31,125,29.7,101.67,7.0,39.83,608.81
Delhi,North,Spring,28.5,Row House,8,Single Phase,1,3.5,1,5,12,26,Poor,0.966,kWh,18.13,0.0,489.89,570.44,2007.86,125,38.5,773.03,6.7,194.69,3100.58
Telangana,South,Monsoon,31.8,Apartment,1,Three Phase,3,1.7,0,6,3,14,Average,0.81,kWh,1.84,11.1,40.82,45.1,0.0,300,22.4,0.0,8.9,26.7,326.7
Uttar Pradesh,North,Winter,11.3,Apartment,2,Single Phase,3,3.8,1,1,7,5,Good,0.872,kWh,12.71,0.0,128.03,133.29,446.52,315,35.5,158.52,10.4,95.68,1015.72
Rajasthan,North,Winter,12.5,Villa,6,Single Phase,3,4.0,0,3,15,15,Average,0.935,kWh,11.2,0.0,272.93,304.69,1384.0,360,36.3,502.39,14.1,316.74,2563.14
Delhi,North,Summer,46.1,Row House,5,Three Phase,2,4.1,1,4,14,19,Average,0.854,kWh,6.53,12.1,324.1,353.06,688.77,250,31.0,213.52,8.8,101.4,1253.69
Telangana,South,Winter,27.8,Apartment,3,Single Phase,1,2.8,0,4,10,27,Poor,0.934,kVAh,9.53,0.0,108.02,129.66,74.15,100,26.0,19.28,15.0,29.01,222.44
Rajasthan,North,Winter,11.2,Apartment,6,Three Phase,2,4.3,0,2,15,5,Good,0.799,kWh,30.23,13.2,352.54,411.6,2159.1,240,34.8,751.37,9.9,311.9,3462.36
Karnataka,South,Summer,41.2,Apartment,8,Single Phase,1,3.6,0,4,4,28,Poor,0.907,kWh,7.74,0.0,901.4,1056.81,7575.07,95,31.5,2386.15,11.2,1126.3,11182.52
Gujarat,West,Monsoon,23.6,Row House,3,Single Phase,5,3.3,0,3,7,26,Poor,0.815,kVAh,10.32,0.0,97.18,133.6,406.82,575,17.5,71.19,10.2,107.41,1160.42
Rajasthan,North,Summer,47.2,Apartment,7,Three Phase,7,1.8,1,0,1,16,Average,0.961,kWh,2.22,20.4,391.83,411.27,2156.71,840,32.3,696.62,14.8,546.61,4239.94
Uttar Pradesh,North,Spring,31.2,Villa,7,Single Phase,3,4.1,0,3,4,6,Good,0.947,kVAh,2.73,0.0,201.0,224.99,869.95,315,31.2,271.42,11.9,173.31,1629.68
Karnataka,South,Summer,39.6,Apartment,6,Single Phase,3,4.5,0,4,11,19,Average,0.772,kVAh,19.02,0.0,729.11,1073.54,7700.55,285,35.1,2702.89,14.1,1507.07,12195.51
Telangana,South,Winter,19.5,Row House,4,Single Phase,1,4.6,0,3,5,20,Poor,0.739,kWh,11.4,0.0,254.81,295.59,599.86,100,37.1,222.55,6.9,63.65,986.05
Maharashtra,West,Winter,26.2,Row House,8,Three Phase,10,4.3,0,5,1,1,Good,0.753,kWh,2.29,1.8,433.52,463.55,3442.32,1300,15.2,523.23,9.0,473.9,5739.46
Gujarat,West,Monsoon,35.5,Villa,6,Single Phase,1,3.5,0,3,2,4,Good,0.728,kWh,1.03,0.0,392.25,416.58,1612.1,115,23.8,383.68,9.5,200.52,2311.3
Delhi,North,Summer,43.2,Apartment,4,Three Phase,2,1.8,0,5,3,18,Average,0.808,kWh,3.25,21.0,475.49,521.67,1690.85,250,36.3,613.78,9.0,229.92,2784.55
Madhya Pradesh,Central,Winter,11.4,Independent House,2,Single Phase,1,3.3,0,4,2,0,Good,0.969,kVAh,3.35,0.0,108.35,117.56,470.24,110,37.1,174.46,7.5,56.6,811.3
Maharashtra,West,Summer,22.1,Apartment,6,Single Phase,1,3.0,1,1,2,10,Average,0.897,kWh,2.8,0.0,490.05,520.77,4037.21,130,39.9,1610.85,10.4,600.92,6378.97
Rajasthan,North,Summer,45.1,Row House,2,Single Phase,5,3.2,0,6,8,24,Poor,0.878,kWh,6.28,0.0,118.54,132.22,462.77,600,36.7,169.84,14.6,179.96,1412.57
West Bengal,East,Monsoon,30.0,Row House,1,Single Phase,2,3.5,1,0,7,26,Poor,0.771,kWh,5.27,0.0,52.0,57.84,0.0,180,27.6,0.0,14.6,26.28,206.28
West Bengal,East,Winter,21.3,Row House,4,Single Phase,5,1.3,1,3,12,4,Good,0.904,kWh,19.22,0.0,216.0,238.7,818.5,450,16.7,136.69,6.8,95.55,1500.74
West Bengal,East,Spring,34.9,Row House,2,Three Phase,2,4.6,0,4,1,30,Poor,0.945,kWh,0.69,7.7,118.09,138.19,315.95,180,21.3,67.3,14.9,83.92,647.17
Gujarat,West,Monsoon,28.5,Apartment,5,Single Phase,3,1.4,1,3,9,5,Good,0.972,kVAh,23.42,0.0,190.29,212.17,697.53,345,34.6,241.35,6.5,83.45,1367.33
Punjab,North,Spring,26.8,Row House,5,Single Phase,5,2.5,1,2,13,25,Poor,0.896,kWh,18.75,0.0,160.38,185.8,0.0,550,16.9,0.0,13.6,74.8,624.8
Rajasthan,North,Summer,45.1,Independent House,4,Three Phase,1,4.9,1,3,2,19,Average,0.768,kVAh,3.22,14.8,173.94,242.24,1032.32,120,28.1,290.08,5.2,75.0,1517.41
Maharashtra,West,Monsoon,39.9,Independent House,3,Three Phase,2,4.9,1,2,14,20,Poor,0.83,kWh,32.3,7.5,130.84,154.12,728.19,260,21.3,155.11,5.4,61.74,1205.04
Maharashtra,West,Spring,25.3,Independent House,6,Three Phase,5,3.2,0,4,6,12,Average,0.963,kVAh,9.36,0.8,173.51,201.71,1082.74,650,29.3,317.24,9.5,194.75,2244.73
Uttar Pradesh,North,Winter,6.5,Apartment,3,Three Phase,2,1.6,0,1,7,27,Poor,0.814,kWh,13.41,2.1,203.3,231.6,902.34,210,16.3,147.08,7.9,99.49,1358.92
Madhya Pradesh,Central,Summer,44.6,Independent House,8,Single Phase,2,3.7,0,2,9,4,Good,0.8,kWh,17.54,0.0,967.91,1090.62,6638.25,220,16.6,1101.95,7.3,581.09,8541.29
Punjab,North,Spring,26.8,Villa,1,Three Phase,3,3.2,1,5,7,16,Average,0.75,kWh,7.89,5.8,47.78,52.8,0.0,330,31.3,0.0,15.0,49.5,379.5
Delhi,North,Spring,33.1,Independent House,3,Three Phase,10,1.1,1,3,3,15,Average,0.859,kWh,7.87,20.2,162.16,177.19,0.0,1250,16.6,0.0,10.1,126.25,1376.25
Telangana,South,Summer,35.9,Villa,6,Single Phase,3,1.7,0,0,8,30,Poor,0.856,kWh,9.81,0.0,395.33,442.71,1195.55,300,15.0,179.33,14.9,249.56,1924.44
West Bengal,East,Winter,22.1,Villa,1,Single Phase,2,1.9,0,3,4,4,Good,0.979,kWh,6.3,0.0,35.59,37.77,0.0,180,27.1,0.0,10.3,18.54,198.54
Punjab,North,Monsoon,25.3,Row House,8,Three Phase,2,4.8,0,5,7,28,Poor,0.833,kWh,3.46,24.0,508.94,602.64,1718.48,220,36.0,618.65,8.6,219.91,2777.05
Gujarat,West,Monsoon,25.2,Row House,7,Single Phase,2,2.0,1,2,14,15,Average,0.92,kVAh,14.29,0.0,238.63,276.23,959.47,230,37.2,356.92,14.5,224.23,1770.62
Kerala,South,Winter,25.0,Independent House,2,Single Phase,3,4.5,0,5,10,10,Average,0.74,kVAh,10.91,0.0,75.3,114.33,376.77,285,18.9,71.21,6.4,46.91,779.89
Karnataka,South,Monsoon,28.6,Villa,1,Three Phase,5,2.7,0,3,3,17,Average,0.819,kWh,5.45,7.5,65.33,72.55,336.65,475,38.8,130.62,9.2,86.69,1028.96
Madhya Pradesh,Central,Winter,17.2,Villa,7,Three Phase,3,2.6,0,6,1,4,Good,0.792,kWh,0.58,16.0,382.09,410.18,2044.6,330,34.1,697.21,10.2,313.32,3385.13
Tamil Nadu,South,Spring,27.0,Villa,5,Single Phase,2,1.2,1,4,4,2,Good,0.774,kWh,2.23,0.0,306.56,322.8,579.8,200,27.8,161.18,13.6,127.97,1068.96
West Bengal,East,Monsoon,35.9,Apartment,5,Single Phase,5,4.9,1,1,10,2,Good,0.971,kWh,8.58,0.0,310.22,321.29,1307.87,450,28.9,377.98,13.9,296.88,2432.73
West Bengal,East,Monsoon,28.4,Apartment,6,Single Phase,3,3.9,1,2,1,23,Poor,0.842,kWh,0.53,0.0,332.69,357.25,1541.25,270,16.3,251.22,6.8,140.25,2202.73
Tamil Nadu,South,Summer,33.4,Apartment,2,Three Phase,7,3.6,1,0,5,18,Average,0.793,kWh,10.76,13.4,140.7,148.86,73.29,700,29.4,21.55,12.3,97.76,892.6
Rajasthan,North,Winter,14.4,Independent House,7,Single Phase,2,4.0,1,4,6,30,Poor,0.79,kWh,3.46,0.0,264.18,292.85,1310.68,240,28.2,369.61,12.8,245.8,2166.08
Kerala,South,Winter,19.2,Apartment,8,Three Phase,2,4.4,0,1,11,3,Good,0.955,kWh,8.52,24.9,287.25,315.53,1544.18,190,38.6,596.05,9.4,219.04,2549.28
Delhi,North,Spring,23.7,Independent House,2,Single Phase,3,4.1,0,3,8,15,Average,0.894,kVAh,18.66,0.0,126.47,157.54,0.0,375,21.5,0.0,9.0,33.75,408.75
Punjab,North,Monsoon,32.3,Apartment,6,Single Phase,3,1.0,0,3,1,2,Good,0.721,kWh,1.22,0.0,330.57,353.0,265.0,330,38.2,101.23,7.4,51.52,747.75
West Bengal,East,Winter,30.7,Row House,3,Three Phase,1,1.8,0,3,12,16,Average,0.955,kWh,24.69,21.0,128.69,153.39,391.95,90,27.0,105.83,11.0,64.66,652.43
Telangana,South,Winter,24.1,Villa,6,Three Phase,15,1.1,0,1,1,2,Good,0.926,kWh,1.99,0.1,202.95,213.46,299.26,1500,22.4,67.04,10.1,188.5,2054.79
Punjab,North,Summer,39.8,Villa,3,Single Phase,2,4.1,1,2,2,16,Average,0.909,kWh,3.21,0.0,290.97,307.29,36.45,220,38.6,14.07,6.3,17.04,287.56
Kerala,South,Spring,33.3,Apartment,6,Single Phase,1,1.5,0,1,7,27,Poor,0.929,kWh,18.18,0.0,337.46,410.05,2111.3,95,35.4,747.4,7.8,230.39,3184.09
Delhi,North,Summer,43.2,Independent House,5,Single Phase,5,3.1,1,3,10,14,Average,0.82,kWh,10.0,0.0,555.16,601.32,2208.58,625,26.4,583.07,9.8,334.83,3751.48
Madhya Pradesh,Central,Winter,6.8,Independent House,6,Three Phase,7,1.9,1,2,9,2,Good,0.839,kVAh,10.11,6.2,411.76,511.71,2672.71,770,37.8,1010.29,7.0,311.71,4764.71
Maharashtra,West,Summer,22.2,Villa,5,Single Phase,5,1.1,1,1,9,16,Average,0.916,kVAh,10.39,0.0,587.21,670.5,5711.19,650,25.9,1479.2,11.7,917.33,8757.71
Delhi,North,Summer,40.5,Independent House,1,Single Phase,2,3.4,0,2,7,24,Poor,0.748,kWh,4.49,0.0,128.73,144.74,0.0,250,36.7,0.0,10.1,25.25,275.25
Telangana,South,Summer,40.2,Independent House,2,Three Phase,3,4.8,0,5,5,16,Average,0.721,kWh,10.47,18.8,169.62,194.6,236.5,300,32.0,75.68,7.6,46.53,658.71
Kerala,South,Summer,41.0,Independent House,8,Three Phase,1,3.2,0,3,7,19,Average,0.953,kWh,12.32,13.5,535.25,605.32,3282.92,95,24.8,814.16,8.1,339.56,4531.64
Kerala,South,Winter,20.8,Row House,4,Single Phase,1,3.4,1,6,7,19,Average,0.928,kWh,14.14,0.0,239.4,259.31,1206.86,95,25.8,311.37,10.3,166.16,1779.39
Gujarat,West,Summer,31.2,Villa,5,Single Phase,2,3.6,1,3,7,25,Poor,0.77,kVAh,8.45,0.0,441.67,643.88,2791.34,230,21.2,591.76,13.2,476.93,4090.03
Kerala,South,Winter,18.8,Villa,3,Single Phase,2,2.9,1,5,8,12,Average,0.857,kWh,15.41,0.0,174.69,193.44,811.64,190,32.6,264.59,6.8,86.1,1352.34
Punjab,North,Monsoon,22.4,Independent House,6,Single Phase,3,3.3,1,0,7,0,Good,0.932,kVAh,8.53,0.0,236.2,263.25,0.0,330,27.8,0.0,13.0,42.9,372.9
Rajasthan,North,Monsoon,30.5,Apartment,8,Single Phase,1,4.1,0,5,8,9,Average,0.888,kVAh,6.35,0.0,420.26,522.64,2981.12,120,27.4,816.83,13.1,513.25,4431.2
Delhi,North,Monsoon,33.9,Villa,3,Single Phase,5,2.5,1,1,4,26,Poor,0.827,kWh,8.67,0.0,111.37,124.86,0.0,625,23.1,0.0,5.9,36.88,661.88
Tamil Nadu,South,Summer,42.0,Row House,5,Single Phase,3,4.8,1,3,14,23,Poor,0.754,kWh,17.88,0.0,249.49,286.84,453.94,300,35.9,162.96,8.4,77.02,993.92
Rajasthan,North,Monsoon,28.1,Row House,3,Single Phase,1,3.7,0,5,9,24,Poor,0.905,kVAh,10.73,0.0,130.66,165.75,611.62,120,15.2,92.97,14.6,120.39,944.98
Karnataka,South,Monsoon,32.2,Villa,4,Single Phase,1,3.9,1,6,8,2,Good,0.955,kWh,7.17,0.0,242.34,256.31,1571.33,95,25.9,406.97,5.9,122.32,2195.62
Punjab,North,Spring,31.6,Apartment,4,Three Phase,7,1.2,1,1,3,1,Good,0.801,kVAh,3.35,17.3,160.48,212.05,0.0,770,29.9,0.0,5.6,43.12,813.12
Telangana,South,Spring,27.8,Row House,7,Single Phase,5,3.8,1,1,8,4,Good,0.918,kWh,20.64,0.0,478.48,504.2,1503.0,500,37.1,557.61,14.3,366.17,2926.78
Madhya Pradesh,Central,Winter,5.7,Independent House,5,Single Phase,5,3.8,0,3,7,15,Average,0.914,kWh,7.11,0.0,300.81,340.76,1621.14,550,20.0,324.23,12.5,311.92,2807.28
Rajasthan,North,Spring,26.8,Independent House,8,Three Phase,3,2.9,0,6,15,21,Poor,0.957,kVAh,16.09,0.7,446.34,546.11,3168.88,360,21.8,690.82,8.3,350.23,4569.93
Madhya Pradesh,Central,Monsoon,24.7,Row House,1,Single Phase,1,3.8,0,1,15,20,Poor,0.873,kVAh,15.57,0.0,34.32,44.99,179.96,110,25.0,44.99,8.8,29.48,364.43
Delhi,North,Summer,44.2,Apartment,6,Single Phase,2,3.4,1,6,15,4,Good,0.892,kWh,30.79,0.0,527.76,614.48,2294.12,250,27.0,619.41,12.6,398.61,3562.14
Madhya Pradesh,Central,Winter,8.4,Apartment,2,Single Phase,5,1.8,0,0,9,14,Average,0.956,kWh,6.1,0.0,112.98,122.65,490.6,550,31.3,153.56,9.5,113.44,1307.6
Uttar Pradesh,North,Spring,34.4,Villa,7,Single Phase,1,1.6,1,3,11,3,Good,0.935,kVAh,26.29,0.0,533.85,613.38,3154.47,105,34.4,1085.14,13.4,582.18,4926.79
Kerala,South,Winter,18.7,Independent House,8,Single Phase,5,1.6,1,3,11,20,Poor,0.92,kWh,24.69,0.0,559.25,634.59,3458.54,475,20.5,709.0,14.7,682.45,5324.99
Gujarat,West,Monsoon,23.5,Independent House,2,Single Phase,3,1.5,1,4,12,15,Average,0.987,kVAh,20.25,0.0,175.8,200.59,654.68,345,15.9,104.09,9.1,100.44,1204.22
Delhi,North,Summer,46.6,Independent House,6,Three Phase,7,1.1,0,5,8,30,Poor,0.841,kWh,7.6,16.0,753.15,911.22,4389.76,875,23.9,1049.15,7.9,498.8,6812.71
Uttar Pradesh,North,Winter,5.4,Independent House,3,Three Phase,2,3.5,1,6,8,4,Good,0.758,kVAh,17.8,12.6,174.41,260.55,1044.2,210,18.5,193.18,7.9,114.34,1561.71
Gujarat,West,Winter,35.9,Apartment,1,Single Phase,3,1.5,0,3,11,26,Poor,0.968,kWh,16.77,0.0,43.17,52.03,105.01,345,24.9,26.15,8.5,40.47,516.63
Gujarat,West,Summer,21.0,Villa,3,Three Phase,1,1.1,0,4,11,10,Average,0.778,kVAh,27.44,13.8,257.29,395.53,1514.21,115,33.0,499.69,11.7,249.08,2377.99
Punjab,North,Spring,29.0,Independent House,2,Single Phase,5,1.8,0,5,2,20,Poor,0.789,kWh,1.63,0.0,146.7,168.49,0.0,550,26.5,0.0,8.8,48.4,598.4
Punjab,North,Spring,23.4,Villa,5,Single Phase,5,3.5,1,0,5,15,Average,0.805,kWh,11.91,0.0,335.04,357.21,286.05,550,35.1,100.4,14.4,134.85,1071.3
Gujarat,West,Monsoon,34.7,Independent House,5,Single Phase,5,4.3,0,1,8,6,Good,0.808,kVAh,5.72,0.0,164.45,219.21,723.58,575,22.1,159.91,9.3,135.64,1594.13
Uttar Pradesh,North,Summer,45.7,Row House,3,Single Phase,3,2.8,0,5,5,23,Poor,0.768,kWh,6.25,0.0,229.76,270.84,1094.62,315,25.6,280.22,7.6,128.43,1818.27
West Bengal,East,Summer,27.0,Row House,2,Three Phase,15,3.7,0,2,12,29,Poor,0.749,kWh,6.21,4.4,211.81,248.03,865.15,1350,24.5,211.96,7.2,174.75,2601.86
Uttar Pradesh,North,Winter,16.0,Independent House,2,Single Phase,1,2.0,0,3,13,27,Poor,0.911,kVAh,30.18,0.0,90.17,117.1,392.28,105,19.6,76.89,11.2,64.31,638.48
Uttar Pradesh,North,Summer,47.2,Independent House,2,Three Phase,3,3.7,0,0,6,28,Poor,0.873,kVAh,7.96,22.2,221.29,288.65,1181.88,315,24.5,289.56,10.8,192.94,1979.38
Gujarat,West,Monsoon,33.0,Villa,6,Three Phase,15,1.6,0,1,15,30,Poor,0.774,kVAh,7.77,17.0,389.86,595.36,2524.48,1725,29.9,754.82,13.6,680.58,5684.88
Telangana,South,Winter,26.2,Villa,8,Three Phase,1,1.1,1,6,8,10,Average,0.76,kWh,16.32,9.7,493.83,547.6,1720.0,100,36.7,631.24,5.1,125.01,2576.25
Uttar Pradesh,North,Monsoon,26.2,Villa,8,Single Phase,2,2.6,0,6,11,13,Average,0.895,kVAh,17.82,0.0,226.42,295.69,1216.38,210,19.0,231.11,9.3,154.15,1811.64
Punjab,North,Spring,27.2,Row House,4,Three Phase,10,4.9,1,5,4,16,Average,0.753,kWh,7.62,6.7,172.6,191.36,0.0,1100,34.3,0.0,7.0,77.0,1177.0
Telangana,South,Winter,21.0,Row House,4,Single Phase,3,2.6,0,1,12,10,Average,0.755,kWh,8.25,0.0,119.15,132.26,80.65,300,37.1,29.92,6.9,28.33,438.9
West Bengal,East,Monsoon,35.6,Villa,3,Single Phase,2,3.0,1,2,1,24,Poor,0.964,kWh,0.37,0.0,147.91,163.95,444.75,180,27.5,122.31,10.6,79.19,826.24
Karnataka,South,Winter,24.7,Villa,3,Single Phase,5,3.6,0,2,5,12,Average,0.956,kWh,12.03,0.0,92.49,101.66,499.96,475,27.5,137.49,13.2,146.84,1259.29
Kerala,South,Monsoon,25.9,Apartment,4,Three Phase,5,2.2,1,0,1,2,Good,0.882,kWh,1.87,21.6,239.49,250.37,1153.22,475,19.9,229.49,7.1,131.9,1989.61
Telangana,South,Monsoon,25.6,Villa,2,Single Phase,2,3.4,0,6,10,13,Average,0.778,kVAh,14.27,0.0,113.84,167.91,169.77,200,19.7,33.45,7.4,29.84,433.06
Uttar Pradesh,North,Monsoon,25.8,Independent House,3,Single Phase,5,2.5,1,2,7,10,Average,0.988,kWh,4.12,0.0,162.45,171.18,606.28,525,28.5,172.79,9.0,117.37,1421.44
Madhya Pradesh,Central,Summer,46.0,Independent House,4,Single Phase,3,4.3,0,2,7,3,Good,0.964,kWh,10.69,0.0,309.36,325.32,1526.95,330,20.7,316.08,5.1,110.82,2283.86
Karnataka,South,Winter,23.3,Row House,4,Three Phase,7,3.0,1,3,11,17,Average,0.821,kVAh,8.4,10.1,167.26,222.71,1319.33,665,22.9,302.13,12.5,285.81,2572.26
West Bengal,East,Monsoon,35.7,Villa,5,Single Phase,2,1.2,0,1,8,13,Average,0.942,kWh,4.53,0.0,257.52,280.74,1044.7,180,27.6,288.34,6.2,93.81,1606.85
Punjab,North,Summer,47.8,Independent House,3,Single Phase,1,2.7,1,6,10,16,Average,0.783,kVAh,23.03,0.0,214.9,317.87,89.35,110,36.9,32.97,8.0,18.59,250.91
Kerala,South,Summer,34.6,Apartment,1,Single Phase,3,3.1,0,4,2,21,Poor,0.761,kWh,2.49,0.0,115.03,135.15,469.42,285,33.7,158.19,8.6,78.48,991.1
Tamil Nadu,South,Spring,25.2,Villa,6,Single Phase,1,3.9,0,6,3,28,Poor,0.779,kVAh,4.16,0.0,298.09,441.58,995.53,100,25.6,254.86,7.5,101.28,1451.66
Maharashtra,West,Spring,20.2,Apartment,3,Single Phase,2,4.0,0,0,4,24,Poor,0.829,kVAh,7.89,0.0,120.06,164.78,807.61,260,22.8,184.14,10.6,132.69,1384.43
Delhi,North,Summer,40.3,Independent House,6,Single Phase,1,2.4,0,4,6,23,Poor,0.933,kWh,7.25,0.0,298.02,358.58,713.61,125,32.8,234.06,12.7,136.23,1208.9
Karnataka,South,Spring,32.7,Villa,2,Single Phase,3,2.9,1,6,8,9,Average,0.886,kWh,12.99,0.0,127.59,141.16,760.66,285,26.3,200.05,13.8,171.91,1417.62
Punjab,North,Summer,43.7,Apartment,4,Single Phase,2,3.7,1,1,6,20,Poor,0.951,kVAh,13.6,0.0,216.54,258.0,0.0,220,16.4,0.0,12.9,28.38,248.38
Uttar Pradesh,North,Summer,40.4,Apartment,6,Three Phase,3,4.6,1,5,11,24,Poor,0.77,kVAh,6.56,9.1,581.24,848.64,4683.66,315,34.4,1611.18,6.4,423.03,7032.87
Telangana,South,Spring,26.4,Apartment,4,Single Phase,5,4.3,0,4,12,18,Average,0.945,kWh,4.77,0.0,109.41,118.49,46.22,500,38.7,17.89,5.0,28.21,592.32
Madhya Pradesh,Central,Summer,41.8,Row House,7,Three Phase,5,3.5,0,5,10,14,Average,0.738,kVAh,9.34,9.5,322.96,497.36,2576.4,550,32.6,839.91,5.5,218.15,4184.45
Uttar Pradesh,North,Summer,41.3,Apartment,1,Single Phase,2,3.0,1,3,8,3,Good,0.946,kWh,21.05,0.0,65.31,69.93,234.27,210,20.0,46.85,13.7,67.28,558.4
Uttar Pradesh,North,Spring,26.0,Apartment,4,Single Phase,1,1.1,1,4,10,20,Poor,0.909,kWh,14.38,0.0,270.03,307.91,1284.17,105,29.6,380.11,9.6,169.85,1939.13
Gujarat,West,Summer,33.6,Independent House,4,Single Phase,2,3.7,0,6,3,24,Poor,0.75,kVAh,7.91,0.0,222.19,354.43,1323.1,230,37.8,500.13,8.7,178.63,2231.86
West Bengal,East,Winter,23.1,Row House,3,Three Phase,7,3.1,1,6,10,0,Good,0.79,kVAh,7.71,10.1,89.28,123.98,244.9,630,27.2,66.61,13.3,125.22,1066.73
Madhya Pradesh,Central,Winter,5.5,Apartment,5,Three Phase,1,1.1,0,3,6,23,Poor,0.949,kWh,3.64,7.9,386.3,453.59,2309.4,110,16.5,381.05,9.2,257.64,3058.09
Punjab,North,Monsoon,30.6,Villa,6,Single Phase,2,3.4,0,4,15,29,Poor,0.737,kWh,30.81,0.0,190.88,228.53,0.0,220,23.6,0.0,10.3,22.66,242.66
Punjab,North,Monsoon,32.4,Independent House,3,Single Phase,1,4.9,0,2,12,21,Poor,0.817,kVAh,30.23,0.0,149.11,214.82,0.0,110,39.3,0.0,10.7,11.77,121.77
Kerala,South,Spring,31.2,Row House,7,Single Phase,1,2.4,1,6,9,2,Good,0.788,kVAh,3.57,0.0,302.46,404.22,2076.32,95,31.6,656.12,6.0,169.65,2997.08
Madhya Pradesh,Central,Monsoon,26.1,Independent House,7,Single Phase,5,2.7,0,0,11,8,Average,0.822,kWh,15.48,0.0,246.25,272.74,1232.11,550,33.5,412.76,8.5,186.56,2381.43
Uttar Pradesh,North,Spring,26.2,Apartment,1,Single Phase,2,4.2,0,4,5,17,Average,0.857,kWh,8.99,0.0,48.42,54.07,181.13,210,21.7,39.31,9.0,38.74,469.18
Punjab,North,Monsoon,23.5,Apartment,8,Single Phase,3,4.4,1,3,7,0,Good,0.725,kWh,15.21,0.0,266.24,282.4,0.0,330,23.2,0.0,8.3,27.39,357.39
Maharashtra,West,Monsoon,32.7,Apartment,8,Three Phase,1,4.2,1,6,7,27,Poor,0.801,kVAh,16.29,13.6,362.96,521.72,4047.83,130,38.9,1574.61,14.0,805.34,6557.78
Tamil Nadu,South,Summer,35.0,Apartment,1,Single Phase,2,2.6,1,5,2,0,Good,0.963,kWh,4.11,0.0,90.56,95.11,0.0,200,29.0,0.0,7.0,14.0,214.0
Karnataka,South,Spring,27.9,Villa,5,Single Phase,1,3.3,1,3,12,6,Good,0.886,kVAh,6.2,0.0,328.94,386.63,2548.72,95,22.0,560.72,5.1,163.43,3367.87
Gujarat,West,Summer,34.1,Villa,2,Single Phase,2,4.9,0,0,13,2,Good,0.942,kWh,6.81,0.0,188.14,200.44,654.13,230,39.1,255.76,5.2,59.27,1199.17
Delhi,North,Summer,38.1,Row House,2,Single Phase,2,4.3,1,0,5,27,Poor,0.891,kWh,12.47,0.0,200.86,215.51,69.79,250,24.6,17.17,14.2,47.85,384.81
Gujarat,West,Spring,23.1,Apartment,2,Single Phase,1,4.1,0,3,10,18,Average,0.734,kWh,26.55,0.0,71.91,83.6,221.82,115,34.1,75.64,12.8,52.79,465.26
Maharashtra,West,Monsoon,23.7,Independent House,6,Single Phase,3,4.7,1,0,15,15,Average,0.784,kWh,22.08,0.0,171.42,183.53,947.3,390,34.4,325.87,14.0,232.84,1896.01
Delhi,North,Spring,32.9,Villa,8,Three Phase,5,3.4,1,0,15,8,Average,0.83,kVAh,12.04,22.6,416.98,547.91,1861.41,625,38.8,722.23,8.1,259.9,3468.54
Punjab,North,Spring,32.4,Villa,4,Three Phase,15,3.5,0,6,5,17,Average,0.863,kWh,2.97,0.1,210.13,230.06,0.0,1650,32.2,0.0,7.9,130.35,1780.35
Rajasthan,North,Winter,9.3,Villa,7,Three Phase,7,2.4,0,2,14,9,Average,0.778,kWh,21.02,12.8,377.21,425.99,2263.43,840,25.1,568.12,11.1,407.54,4079.09
Karnataka,South,Summer,39.5,Independent House,5,Three Phase,7,4.1,0,0,6,25,Poor,0.75,kVAh,5.56,16.7,326.07,491.13,3332.47,665,38.5,1283.0,10.6,559.73,5840.21
Uttar Pradesh,North,Winter,14.9,Apartment,5,Single Phase,1,4.0,0,1,5,19,Average,0.817,kVAh,12.61,0.0,141.73,190.22,699.58,105,32.8,229.46,8.4,86.86,1120.9
Maharashtra,West,Spring,33.1,Row House,6,Single Phase,3,2.7,0,5,11,26,Poor,0.853,kWh,10.94,0.0,213.31,244.41,1400.85,390,29.5,413.25,13.1,288.74,2492.84
Punjab,North,Monsoon,28.4,Row House,2,Single Phase,2,4.2,1,4,8,30,Poor,0.878,kWh,5.48,0.0,113.93,130.36,0.0,220,19.2,0.0,14.4,31.68,251.68
Maharashtra,West,Summer,31.5,Independent House,4,Single Phase,5,3.4,1,6,12,15,Average,0.944,kWh,10.8,0.0,166.48,188.94,987.6,650,34.3,338.75,10.8,213.45,2189.8
Delhi,North,Spring,34.8,Row House,6,Single Phase,1,3.0,0,3,4,10,Average,0.779,kWh,6.7,0.0,428.17,475.93,1393.55,125,24.8,345.6,12.8,238.61,2102.75
Punjab,North,Winter,5.1,Apartment,6,Three Phase,5,4.7,0,6,6,21,Poor,0.851,kWh,15.22,13.2,337.98,410.82,554.1,550,36.4,201.69,9.6,125.36,1431.15
Karnataka,South,Monsoon,29.8,Apartment,7,Three Phase,3,4.6,1,4,3,22,Poor,0.947,kWh,6.71,6.7,358.14,409.67,2721.53,285,31.0,843.67,5.7,219.46,4069.66
Delhi,North,Monsoon,25.3,Row House,6,Single Phase,2,3.4,1,0,5,24,Poor,0.741,kWh,10.63,0.0,209.63,240.1,180.45,250,32.2,58.1,9.5,46.41,534.97
Rajasthan,North,Winter,15.5,Independent House,3,Three Phase,2,4.1,0,5,12,11,Average,0.985,kWh,21.44,13.0,83.04,95.56,334.46,240,38.2,127.76,14.8,103.93,806.15
Kerala,South,Summer,41.9,Villa,1,Three Phase,3,4.4,1,0,9,9,Average,0.796,kVAh,13.04,24.5,91.7,126.92,432.79,285,30.1,130.27,6.7,56.82,904.89
Uttar Pradesh,North,Summer,41.0,Villa,6,Single Phase,2,2.4,1,5,4,0,Good,0.892,kWh,9.13,0.0,577.3,614.56,3162.14,210,29.9,945.48,13.0,561.29,4878.91
Delhi,North,Winter,6.0,Row House,4,Single Phase,2,1.3,0,3,2,24,Poor,0.844,kWh,1.02,0.0,280.77,313.18,509.31,250,15.4,78.43,14.9,124.82,962.57
Tamil Nadu,South,Monsoon,31.5,Apartment,8,Single Phase,1,4.3,1,0,9,9,Average,0.862,kWh,17.38,0.0,453.35,504.78,1221.99,100,30.1,367.82,14.3,241.64,1931.45
Gujarat,West,Spring,38.5,Independent House,8,Single Phase,2,2.8,1,5,9,14,Average,0.971,kVAh,5.94,0.0,285.23,310.97,1121.01,230,27.6,309.4,6.1,101.28,1761.69
Telangana,South,Summer,32.6,Villa,8,Single Phase,5,3.1,1,0,5,18,Average,0.942,kVAh,5.05,0.0,1015.25,1117.09,4567.45,500,38.5,1758.47,6.2,423.21,7249.13
Rajasthan,North,Summer,46.1,Row House,7,Single Phase,2,1.9,1,5,7,1,Good,0.948,kVAh,13.28,0.0,570.89,656.32,4050.56,240,28.7,1162.51,12.3,670.73,6123.8
Telangana,South,Monsoon,26.1,Villa,6,Single Phase,2,4.7,1,5,15,10,Average,0.735,kWh,18.34,0.0,300.67,326.8,714.09,200,17.3,123.54,7.3,75.75,1113.37
Madhya Pradesh,Central,Summer,43.6,Independent House,2,Single Phase,5,2.3,0,5,1,20,Poor,0.906,kWh,2.0,0.0,158.3,187.43,792.76,550,22.1,175.2,9.7,147.24,1665.21
Rajasthan,North,Winter,12.0,Row House,6,Single Phase,5,2.1,0,0,13,30,Poor,0.722,kWh,14.31,0.0,338.17,403.04,2097.04,600,16.1,337.62,10.2,309.54,3344.2
Maharashtra,West,Winter,23.7,Row House,7,Single Phase,1,4.8,0,4,13,22,Poor,0.755,kVAh,30.81,0.0,200.37,316.4,1978.18,130,33.1,654.78,13.0,359.18,3122.14
Karnataka,South,Winter,18.2,Villa,1,Single Phase,2,1.9,0,4,7,19,Average,0.739,kVAh,10.18,0.0,51.52,78.43,369.29,190,32.1,118.54,5.1,34.57,712.4
Gujarat,West,Summer,26.3,Independent House,2,Single Phase,3,4.4,0,3,9,8,Average,0.838,kVAh,6.09,0.0,187.03,242.52,809.82,345,29.8,241.33,9.4,131.24,1527.39
Punjab,North,Spring,27.6,Row House,7,Single Phase,3,3.6,0,4,10,11,Average,0.876,kVAh,25.46,0.0,289.55,390.34,451.7,330,19.5,88.08,7.4,64.36,934.15
Madhya Pradesh,Central,Winter,13.5,Villa,1,Single Phase,1,4.4,0,3,15,20,Poor,0.771,kWh,12.92,0.0,54.73,60.99,243.96,110,29.1,70.99,14.7,62.47,487.42
Telangana,South,Winter,26.4,Villa,7,Single Phase,5,3.4,1,5,7,15,Average,0.778,kVAh,13.86,0.0,324.87,473.75,1350.75,500,15.9,214.77,8.6,177.63,2243.15
West Bengal,East,Spring,28.9,Villa,7,Single Phase,1,3.4,0,1,2,7,Good,0.933,kVAh,5.01,0.0,425.7,477.59,2322.26,90,16.0,371.56,9.1,253.33,3037.15
Gujarat,West,Winter,28.5,Independent House,4,Single Phase,1,4.3,1,0,7,26,Poor,0.737,kVAh,15.71,0.0,239.34,383.85,1459.9,115,28.3,413.15,9.1,180.91,2168.97
Kerala,South,Spring,26.8,Independent House,3,Single Phase,5,2.4,0,5,14,3,Good,0.8,kVAh,17.16,0.0,147.7,204.3,876.8,475,38.9,341.08,12.0,203.15,1896.02
Rajasthan,North,Spring,28.4,Apartment,1,Three Phase,7,2.0,1,1,15,20,Poor,0.934,kWh,6.6,0.7,37.35,40.89,143.12,840,25.5,36.49,12.3,125.41,1145.02
Maharashtra,West,Spring,39.4,Apartment,4,Single Phase,3,2.1,0,2,11,29,Poor,0.882,kWh,10.86,0.0,251.09,291.99,1755.33,390,35.5,623.14,5.4,149.5,2917.96
Rajasthan,North,Monsoon,29.7,Villa,2,Single Phase,1,3.2,1,4,5,2,Good,0.777,kWh,6.88,0.0,147.02,154.48,549.64,120,39.0,214.36,12.2,107.85,991.85
Gujarat,West,Spring,34.8,Row House,6,Single Phase,5,1.9,0,5,2,7,Good,0.927,kWh,1.39,0.0,230.72,245.81,822.0,575,33.4,274.55,11.3,188.88,1860.43
Kerala,South,Monsoon,34.3,Apartment,4,Three Phase,7,1.5,1,6,11,22,Poor,0.802,kWh,19.92,18.0,224.52,274.43,1297.58,665,24.2,314.01,8.3,188.96,2465.55
Gujarat,West,Spring,23.3,Row House,1,Single Phase,3,4.8,1,0,12,6,Good,0.883,kWh,7.24,0.0,59.27,60.32,135.68,345,23.1,31.34,11.6,59.4,571.42
Maharashtra,West,Summer,20.3,Apartment,2,Single Phase,1,2.8,0,1,10,27,Poor,0.926,kVAh,23.63,0.0,134.25,171.59,858.35,130,38.9,333.9,15.0,198.34,1520.58
Tamil Nadu,South,Monsoon,33.3,Independent House,2,Three Phase,1,2.3,0,3,13,13,Average,0.734,kWh,6.39,3.2,70.0,76.83,0.0,100,23.9,0.0,10.9,10.9,110.9
Punjab,North,Winter,12.8,Villa,2,Single Phase,5,1.1,1,0,10,24,Poor,0.807,kWh,22.3,0.0,84.61,96.46,0.0,550,21.7,0.0,6.6,36.3,586.3
West Bengal,East,Winter,25.4,Row House,7,Single Phase,1,4.3,0,0,10,1,Good,0.851,kWh,14.73,0.0,180.67,196.4,607.0,90,18.2,110.47,8.4,67.83,875.3
Maharashtra,West,Summer,24.1,Villa,2,Three Phase,10,3.3,0,6,6,6,Good,0.809,kWh,14.12,12.9,125.93,142.97,645.13,1300,28.5,183.86,8.4,178.83,2307.82
Delhi,North,Spring,29.9,Villa,6,Single Phase,2,2.9,0,3,15,6,Good,0.955,kWh,30.24,0.0,423.27,486.34,1461.21,250,21.6,315.62,9.4,190.52,2217.35
Maharashtra,West,Summer,23.0,Row House,6,Single Phase,5,3.3,1,4,13,3,Good,0.751,kWh,29.86,0.0,583.64,662.28,5619.29,650,16.8,944.04,9.2,663.63,7876.96
Rajasthan,North,Winter,6.9,Villa,2,Three Phase,2,4.0,1,0,11,19,Average,0.776,kWh,12.69,4.5,49.03,52.81,184.84,240,17.7,32.72,8.8,40.26,497.82
Tamil Nadu,South,Spring,28.1,Apartment,1,Single Phase,3,2.0,1,5,6,18,Average,0.878,kVAh,7.83,0.0,71.6,87.0,0.0,300,37.5,0.0,12.2,36.6,336.6
Karnataka,South,Winter,19.5,Apartment,5,Three Phase,2,4.0,0,6,12,9,Average,0.862,kVAh,18.18,9.1,320.97,422.94,2821.05,190,20.7,583.96,7.7,276.82,3871.82
Madhya Pradesh,Central,Monsoon,23.3,Apartment,1,Single Phase,3,4.4,1,5,5,5,Good,0.813,kVAh,8.19,0.0,42.31,55.7,222.8,330,29.4,65.5,7.2,44.52,662.82
Karnataka,South,Summer,35.0,Independent House,4,Single Phase,1,1.8,0,0,5,18,Average,0.922,kVAh,4.11,0.0,225.73,264.13,1629.97,95,22.3,363.48,12.9,269.41,2357.87
Delhi,North,Spring,24.7,Independent House,3,Single Phase,5,2.7,0,0,7,9,Average,0.777,kVAh,17.73,0.0,90.91,128.97,0.0,625,29.0,0.0,9.1,56.88,681.88
Punjab,North,Winter,6.5,Villa,7,Three Phase,15,1.8,0,0,11,2,Good,0.975,kWh,23.26,11.3,277.97,319.73,98.65,1650,23.6,23.28,14.2,251.61,2023.55
Uttar Pradesh,North,Winter,10.0,Row House,2,Three Phase,5,2.3,1,2,15,19,Average,0.939,kVAh,18.21,11.2,56.05,63.64,213.19,525,29.7,63.32,5.8,46.49,848.0
Telangana,South,Monsoon,28.7,Villa,2,Single Phase,3,4.5,1,2,10,6,Good,0.954,kWh,5.3,0.0,76.25,79.3,0.0,300,37.8,0.0,13.7,41.1,341.1
Delhi,North,Summer,43.4,Apartment,3,Single Phase,5,1.4,1,1,6,5,Good,0.868,kVAh,2.67,0.0,268.77,315.43,519.44,625,34.2,177.65,10.3,136.17,1458.26
Uttar Pradesh,North,Monsoon,34.0,Apartment,7,Three Phase,7,1.8,1,0,11,6,Good,0.83,kWh,28.94,8.2,490.09,549.82,2741.33,735,32.5,890.93,11.1,484.77,4852.03
Uttar Pradesh,North,Summer,47.0,Independent House,5,Single Phase,3,3.1,0,4,5,6,Good,0.837,kWh,4.19,0.0,537.68,575.81,2910.26,315,26.3,765.4,5.5,219.49,4210.15
Maharashtra,West,Monsoon,39.5,Row House,7,Three Phase,15,4.9,1,1,5,25,Poor,0.941,kWh,5.15,0.3,407.77,443.38,3241.63,1950,15.4,499.21,8.9,506.48,6197.33
Gujarat,West,Winter,33.3,Independent House,7,Single Phase,3,2.6,0,6,15,6,Good,0.763,kWh,21.32,0.0,330.97,379.78,1440.98,345,17.8,256.49,8.4,171.57,2214.04
Tamil Nadu,South,Monsoon,29.0,Apartment,3,Single Phase,5,2.2,1,5,11,0,Good,0.852,kWh,13.63,0.0,245.52,268.18,388.63,500,23.5,91.33,13.7,134.25,1114.21
Maharashtra,West,Summer,38.6,Villa,4,Three Phase,3,4.4,0,3,7,2,Good,0.987,kWh,7.19,4.3,357.85,390.11,2711.59,390,35.5,962.62,9.9,402.36,4466.57
Karnataka,South,Monsoon,30.1,Villa,5,Single Phase,3,4.0,0,4,3,9,Average,0.777,kWh,2.74,0.0,196.8,217.11,1277.33,285,39.8,508.38,8.7,180.15,2250.85
Punjab,North,Summer,46.3,Row House,6,Single Phase,2,2.8,0,2,4,25,Poor,0.849,kVAh,9.04,0.0,559.21,770.93,2896.51,220,27.5,796.54,11.8,461.74,4374.79
Madhya Pradesh,Central,Monsoon,26.5,Apartment,1,Single Phase,2,4.6,1,6,15,8,Average,0.831,kWh,28.97,0.0,69.29,77.71,310.84,220,32.1,99.78,9.0,56.76,687.38
Tamil Nadu,South,Spring,33.9,Independent House,7,Single Phase,3,1.1,0,2,12,17,Average,0.909,kWh,5.85,0.0,365.43,394.55,830.93,300,26.5,220.2,7.9,106.74,1457.86
West Bengal,East,Spring,24.9,Villa,4,Single Phase,2,4.1,0,5,10,2,Good,0.743,kVAh,10.58,0.0,215.3,325.89,1337.73,180,18.1,242.13,6.5,114.39,1874.25
Karnataka,South,Summer,39.5,Apartment,8,Single Phase,5,3.7,1,2,4,15,Average,0.956,kVAh,3.01,0.0,657.17,718.34,5036.55,475,25.9,1304.47,14.1,961.06,7777.07
Gujarat,West,Summer,32.8,Independent House,6,Three Phase,7,2.6,0,1,2,24,Poor,0.721,kWh,3.38,15.9,399.77,467.26,1847.76,805,36.2,668.89,7.6,252.45,3574.09
Gujarat,West,Winter,33.5,Independent House,1,Three Phase,2,4.7,0,6,4,2,Good,0.851,kVAh,6.97,21.1,43.21,56.12,120.14,230,22.2,26.67,14.2,53.51,430.32
Tamil Nadu,South,Spring,33.9,Villa,6,Three Phase,2,4.1,0,2,4,18,Average,0.764,kWh,7.42,20.8,169.85,189.32,133.98,200,36.6,49.04,8.5,32.56,415.57
Telangana,South,Monsoon,29.1,Row House,5,Three Phase,15,3.7,1,1,5,20,Poor,0.86,kWh,9.34,11.5,169.27,195.86,239.65,1500,35.1,84.12,13.8,251.68,2075.45
Kerala,South,Winter,26.8,Villa,3,Single Phase,1,1.7,1,3,4,23,Poor,0.721,kVAh,6.83,0.0,125.89,198.8,843.8,95,29.8,251.45,13.8,164.25,1354.51
Kerala,South,Monsoon,30.1,Independent House,8,Single Phase,5,3.6,1,3,2,0,Good,0.74,kVAh,1.0,0.0,594.02,838.32,4680.92,475,22.1,1034.48,7.2,445.71,6636.11
West Bengal,East,Spring,22.8,Villa,3,Single Phase,5,4.6,1,0,4,10,Average,0.73,kVAh,9.49,0.0,96.66,136.68,308.4,450,22.2,68.46,13.5,111.63,938.49
Delhi,North,Spring,29.2,Independent House,5,Single Phase,2,1.7,0,4,15,12,Average,0.985,kVAh,23.76,0.0,219.44,249.5,222.75,250,38.8,86.43,13.6,76.05,635.23
Madhya Pradesh,Central,Monsoon,27.0,Independent House,5,Single Phase,5,2.2,0,1,6,6,Good,0.789,kVAh,15.79,0.0,249.57,348.99,1671.34,550,15.9,265.74,5.9,146.74,2633.82
Delhi,North,Summer,39.8,Independent House,2,Single Phase,5,3.6,0,6,1,29,Poor,0.789,kVAh,2.07,0.0,208.98,303.34,465.03,625,26.4,122.77,13.1,158.88,1371.67
Karnataka,South,Winter,18.3,Row House,2,Single Phase,1,4.2,1,4,15,22,Poor,0.855,kVAh,12.02,0.0,90.53,124.7,652.02,95,21.0,136.92,11.0,97.23,981.18
Rajasthan,North,Monsoon,24.3,Row House,1,Three Phase,15,4.7,0,6,10,28,Poor,0.742,kVAh,25.99,20.0,34.39,58.98,206.43,1800,17.2,35.51,11.4,232.78,2274.72
Maharashtra,West,Summer,34.4,Apartment,6,Single Phase,1,3.4,0,3,15,26,Poor,0.906,kVAh,39.45,0.0,573.26,798.58,7143.12,130,16.6,1185.76,11.5,972.77,9431.65
Maharashtra,West,Spring,35.1,Villa,7,Three Phase,7,1.2,1,3,7,8,Average,0.725,kWh,15.2,4.0,408.67,445.03,3258.05,910,31.4,1023.03,12.8,664.46,5855.53
West Bengal,East,Winter,35.1,Independent House,8,Single Phase,1,4.1,1,4,2,11,Average,0.81,kWh,4.83,0.0,226.45,236.52,807.6,90,34.7,280.24,9.0,106.01,1283.84
Maharashtra,West,Monsoon,31.8,Villa,7,Three Phase,1,4.7,0,0,11,28,Poor,0.759,kVAh,18.53,8.7,425.54,658.92,5581.73,130,24.2,1350.78,5.3,374.31,7436.82
Delhi,North,Spring,33.3,Apartment,6,Single Phase,5,3.9,1,3,6,30,Poor,0.965,kWh,11.65,0.0,225.22,255.4,249.3,625,23.3,58.09,11.9,110.95,1043.34
Kerala,South,Winter,24.2,Row House,6,Three Phase,5,4.5,0,0,12,13,Average,0.878,kWh,9.07,15.6,388.69,421.27,2178.62,475,22.0,479.3,14.9,466.8,3599.72
Gujarat,West,Monsoon,39.1,Apartment,5,Single Phase,1,1.3,1,5,14,7,Good,0.866,kVAh,37.23,0.0,362.88,480.53,1909.46,115,33.3,635.85,7.0,186.22,2846.54
Telangana,South,Spring,29.4,Apartment,5,Single Phase,1,3.9,0,2,4,18,Average,0.8,kVAh,3.4,0.0,143.2,198.1,245.25,100,22.9,56.16,9.3,37.33,438.74
Punjab,North,Spring,27.7,Apartment,8,Single Phase,2,2.3,1,4,7,2,Good,0.911,kWh,18.42,0.0,326.41,349.56,247.8,220,20.6,51.05,13.3,69.01,587.85
Telangana,South,Spring,29.7,Villa,1,Single Phase,5,4.8,1,3,6,27,Poor,0.843,kWh,4.57,0.0,63.68,73.2,0.0,500,19.8,0.0,9.5,47.5,547.5
Gujarat,West,Spring,30.7,Apartment,6,Single Phase,1,1.4,0,1,7,22,Poor,0.802,kWh,14.2,0.0,189.02,214.86,707.48,115,19.6,138.67,8.6,82.66,1043.81
Tamil Nadu,South,Monsoon,26.7,Villa,6,Three Phase,5,1.5,1,2,14,17,Average,0.937,kWh,30.23,3.0,421.99,491.67,1170.85,500,17.2,201.39,6.0,112.33,1984.56
Delhi,North,Monsoon,24.9,Row House,2,Single Phase,1,4.4,0,3,8,0,Good,0.847,kVAh,7.6,0.0,97.89,126.88,0.0,125,29.5,0.0,13.2,16.5,141.5
Gujarat,West,Spring,34.4,Independent House,6,Single Phase,1,1.8,0,4,6,5,Good,0.84,kWh,9.91,0.0,364.22,396.84,1520.31,115,30.1,457.61,9.1,190.46,2283.37
Tamil Nadu,South,Summer,33.4,Independent House,4,Single Phase,5,2.9,0,3,1,13,Average,0.872,kWh,1.64,0.0,276.91,302.93,510.25,500,19.6,100.01,12.7,141.0,1251.27
Rajasthan,North,Summer,42.1,Independent House,4,Single Phase,5,3.9,0,0,2,8,Average,0.82,kWh,3.2,0.0,373.39,401.0,2082.25,600,18.8,391.46,6.0,184.42,3258.14
Kerala,South,Spring,33.2,Apartment,7,Single Phase,5,1.5,1,2,12,27,Poor,0.811,kVAh,21.18,0.0,321.6,450.58,2354.48,475,25.0,588.62,12.4,423.84,3841.94
Madhya Pradesh,Central,Spring,28.7,Row House,6,Single Phase,3,5.0,0,4,15,18,Average,0.814,kWh,29.38,0.0,243.91,288.03,1310.85,330,21.4,280.52,14.2,272.84,2194.21
West Bengal,East,Spring,30.3,Row House,5,Single Phase,2,2.6,1,0,8,13,Average,0.816,kWh,7.94,0.0,267.31,279.51,1036.72,180,31.0,321.38,7.8,119.97,1658.08
Madhya Pradesh,Central,Winter,15.5,Row House,5,Single Phase,3,2.5,1,3,13,29,Poor,0.721,kWh,26.9,0.0,240.83,279.66,1267.75,330,27.1,343.56,10.6,205.78,2147.09
West Bengal,East,Spring,37.4,Independent House,5,Single Phase,2,4.6,1,3,1,21,Poor,0.906,kVAh,0.91,0.0,254.96,314.98,1266.92,180,26.0,329.4,11.9,211.38,1987.7
Delhi,North,Spring,35.0,Apartment,3,Single Phase,5,3.3,1,1,3,5,Good,0.913,kWh,2.09,0.0,199.64,205.02,22.59,625,36.9,8.34,5.4,35.42,691.35
Delhi,North,Summer,42.3,Row House,8,Single Phase,1,4.6,1,3,9,26,Poor,0.931,kWh,8.36,0.0,604.1,688.31,2774.01,125,30.1,834.98,11.4,425.68,4159.67
Uttar Pradesh,North,Spring,34.6,Apartment,2,Single Phase,3,4.1,1,0,10,2,Good,0.885,kWh,23.6,0.0,87.25,91.05,305.02,315,24.7,75.34,13.5,93.87,789.23
Punjab,North,Spring,32.8,Row House,6,Three Phase,10,4.4,1,0,11,27,Poor,0.863,kWh,11.05,19.8,327.07,378.31,391.55,1100,36.6,143.31,8.3,135.69,1770.55
Telangana,South,Spring,31.1,Independent House,8,Single Phase,1,3.9,0,1,4,4,Good,0.948,kWh,9.39,0.0,256.73,279.79,542.03,100,27.2,147.43,6.1,48.16,837.62
Delhi,North,Summer,39.8,Villa,1,Single Phase,3,2.1,0,2,15,20,Poor,0.863,kVAh,38.94,0.0,67.83,95.13,0.0,375,22.4,0.0,11.7,43.88,418.88
Delhi,North,Summer,44.2,Apartment,8,Three Phase,1,2.5,0,0,14,5,Good,0.76,kWh,35.52,14.4,402.37,452.57,1241.7,125,15.1,187.5,9.8,152.31,1706.51
Gujarat,West,Spring,22.2,Independent House,4,Single Phase,5,4.9,1,1,1,13,Average,0.94,kWh,0.74,0.0,233.29,244.37,816.67,575,27.4,223.77,14.1,227.78,1843.21
Uttar Pradesh,North,Summer,43.4,Villa,1,Single Phase,2,3.3,1,4,7,30,Poor,0.853,kWh,10.63,0.0,100.02,116.28,389.54,210,23.5,91.54,6.1,42.16,733.24
Uttar Pradesh,North,Winter,15.3,Independent House,2,Single Phase,5,4.5,1,3,10,13,Average,0.755,kWh,24.47,0.0,55.1,62.74,210.18,525,26.1,54.86,6.7,52.93,842.97
Telangana,South,Summer,40.2,Apartment,8,Three Phase,1,1.7,1,2,4,18,Average,0.985,kWh,10.31,13.5,525.09,577.51,1869.55,100,15.4,287.91,6.0,135.45,2392.91
Karnataka,South,Summer,39.3,Apartment,1,Three Phase,3,2.0,1,2,5,15,Average,0.783,kVAh,5.84,9.7,88.43,120.71,625.69,285,15.6,97.61,6.1,61.51,1069.8
Rajasthan,North,Summer,45.9,Row House,7,Single Phase,1,1.1,1,1,10,16,Average,0.978,kWh,11.39,0.0,785.62,819.76,5358.08,120,19.8,1060.9,9.1,595.05,7134.03
Kerala,South,Spring,25.8,Row House,7,Single Phase,1,4.4,1,3,3,11,Average,0.889,kWh,3.73,0.0,376.58,394.31,2016.86,95,25.5,514.3,5.2,136.56,2762.72
Rajasthan,North,Winter,5.0,Row House,8,Single Phase,5,2.5,1,4,12,17,Average,0.838,kWh,22.27,0.0,625.87,718.42,4547.36,600,30.3,1377.85,9.4,613.37,7138.58
Maharashtra,West,Summer,36.3,Apartment,5,Single Phase,2,4.3,1,5,8,20,Poor,0.734,kVAh,16.38,0.0,434.7,718.32,6245.82,260,24.4,1523.98,12.6,1011.75,9041.55
Kerala,South,Winter,18.5,Apartment,7,Single Phase,3,1.6,1,3,14,17,Average,0.732,kVAh,7.09,0.0,294.08,429.52,2228.12,285,24.8,552.57,13.7,420.0,3485.69
Delhi,North,Spring,33.8,Villa,1,Single Phase,2,1.4,0,4,9,25,Poor,0.79,kWh,10.7,0.0,68.9,79.43,0.0,250,31.9,0.0,11.0,27.5,277.5
Kerala,South,Winter,26.4,Independent House,1,Single Phase,2,3.2,1,2,1,17,Average,0.809,kWh,1.31,0.0,35.45,37.35,84.04,190,18.1,15.21,12.4,35.87,325.12
Rajasthan,North,Spring,27.6,Row House,2,Single Phase,5,1.9,1,4,14,7,Good,0.911,kVAh,9.9,0.0,107.89,124.09,434.31,600,39.2,170.25,5.3,63.84,1268.41
Delhi,North,Summer,43.8,Villa,6,Three Phase,5,3.9,1,2,2,19,Average,0.812,kWh,4.49,19.5,480.14,510.47,1618.06,625,24.0,388.33,11.2,294.72,2926.1
Kerala,South,Monsoon,28.1,Independent House,2,Single Phase,1,3.1,1,5,2,20,Poor,0.918,kVAh,2.46,0.0,147.71,185.19,762.14,95,18.3,139.47,8.2,81.72,1078.33
Uttar Pradesh,North,Summer,47.1,Row House,4,Three Phase,2,4.1,0,1,3,24,Poor,0.906,kVAh,2.57,19.8,569.37,733.76,3936.94,210,28.7,1129.9,14.3,754.59,6031.43
Rajasthan,North,Spring,23.6,Villa,1,Single Phase,5,2.3,0,3,4,28,Poor,0.961,kWh,2.25,0.0,63.22,71.38,249.83,600,26.6,66.45,10.0,91.63,1007.91
Tamil Nadu,South,Monsoon,31.2,Row House,7,Single Phase,1,3.1,0,5,5,0,Good,0.965,kWh,10.13,0.0,256.32,288.26,458.91,100,17.7,81.23,6.2,39.69,679.83
Punjab,North,Summer,38.1,Villa,4,Single Phase,3,1.3,1,4,14,14,Average,0.825,kWh,22.78,0.0,273.99,316.13,80.65,330,38.7,31.21,12.3,54.35,496.21
Kerala,South,Monsoon,34.9,Independent House,4,Three Phase,2,1.8,0,4,9,14,Average,0.945,kWh,4.1,1.7,322.57,358.14,1799.84,190,35.7,642.54,7.6,200.06,2832.44
Karnataka,South,Spring,33.1,Row House,5,Single Phase,2,2.8,1,5,11,1,Good,0.73,kWh,24.47,0.0,283.97,300.43,1902.22,190,17.0,323.38,11.4,275.38,2690.98
West Bengal,East,Spring,27.8,Apartment,3,Single Phase,5,1.4,1,0,13,2,Good,0.893,kVAh,26.62,0.0,221.48,275.04,1007.71,450,32.1,323.47,13.4,238.68,2019.86
Uttar Pradesh,North,Monsoon,27.5,Row House,7,Single Phase,2,1.5,0,2,1,24,Poor,0.839,kVAh,0.86,0.0,268.92,346.22,1510.2,210,38.2,576.9,9.0,206.74,2503.83
Kerala,South,Winter,20.4,Independent House,2,Single Phase,3,3.9,0,5,15,27,Poor,0.76,kWh,19.37,0.0,63.19,75.78,209.86,285,24.2,50.79,9.3,50.75,596.4
Delhi,North,Monsoon,28.6,Independent House,6,Three Phase,5,1.4,1,5,10,30,Poor,0.891,kWh,25.84,1.2,195.05,241.22,185.49,625,30.0,55.65,8.4,72.76,938.89
Punjab,North,Winter,9.2,Villa,4,Three Phase,10,1.2,1,3,7,21,Poor,0.794,kWh,12.64,9.2,209.78,239.3,0.0,1100,32.8,0.0,14.4,158.4,1258.4
Madhya Pradesh,Central,Summer,46.8,Apartment,1,Single Phase,1,3.1,1,5,1,5,Good,0.846,kWh,2.49,0.0,97.56,101.41,405.64,110,33.2,134.67,13.7,89.09,739.41
Uttar Pradesh,North,Monsoon,23.0,Independent House,3,Single Phase,1,2.7,0,3,5,17,Average,0.724,kVAh,2.81,0.0,200.4,298.52,1230.25,105,16.5,202.99,11.5,176.9,1715.14
Karnataka,South,Winter,25.8,Apartment,1,Single Phase,5,3.1,1,6,14,3,Good,0.807,kWh,5.71,0.0,39.08,42.09,167.6,475,37.5,62.85,8.4,59.26,764.71
Rajasthan,North,Winter,15.5,Apartment,6,Three Phase,10,1.5,0,4,1,11,Average,0.876,kWh,1.94,18.9,339.68,381.99,1944.43,1200,17.7,344.16,12.3,429.1,3917.69
Maharashtra,West,Summer,25.4,Row House,8,Single Phase,5,3.3,1,2,9,15,Average,0.863,kVAh,6.65,0.0,860.57,1071.92,10199.07,650,32.4,3304.5,10.9,1542.74,15696.3
Uttar Pradesh,North,Winter,5.8,Apartment,3,Three Phase,5,2.8,0,2,10,25,Poor,0.849,kVAh,10.01,8.0,194.14,264.1,1061.59,525,31.9,338.65,11.4,219.48,2144.71
Tamil Nadu,South,Winter,23.7,Row House,1,Single Phase,5,1.0,1,5,6,25,Poor,0.768,kWh,15.07,0.0,49.69,58.34,0.0,500,37.3,0.0,11.5,57.5,557.5
Kerala,South,Monsoon,26.4,Independent House,5,Single Phase,2,2.7,1,3,9,13,Average,0.839,kVAh,17.95,0.0,338.68,445.75,2325.5,190,15.6,362.78,9.0,259.05,3137.32
Delhi,North,Winter,13.9,Villa,3,Single Phase,3,2.0,0,4,4,17,Average,0.737,kVAh,6.86,0.0,173.4,265.41,294.35,375,17.6,51.8,10.7,77.16,798.31
Maharashtra,West,Winter,24.0,Apartment,7,Three Phase,5,1.8,0,3,1,22,Poor,0.879,kWh,1.75,25.0,270.7,314.56,1959.87,650,32.3,633.04,6.1,197.82,3440.73
Uttar Pradesh,North,Spring,23.6,Apartment,8,Three Phase,7,1.1,0,2,7,12,Average,0.845,kWh,15.19,8.6,427.52,478.52,2290.77,735,30.7,703.27,14.1,525.79,4254.83
Uttar Pradesh,North,Spring,28.3,Villa,8,Single Phase,1,2.2,1,6,7,7,Good,0.959,kWh,10.9,0.0,489.57,528.98,2605.87,105,22.0,573.29,13.7,449.93,3734.09
Maharashtra,West,Winter,39.9,Apartment,2,Single Phase,1,4.9,0,4,13,19,Average,0.726,kWh,26.53,0.0,75.58,90.5,294.12,130,24.4,71.77,9.5,47.11,543.0
Tamil Nadu,South,Summer,33.9,Row House,4,Single Phase,3,3.7,1,1,14,1,Good,0.848,kWh,17.82,0.0,381.26,396.9,839.15,300,17.1,143.49,7.1,91.07,1373.71
Rajasthan,North,Summer,40.6,Row House,2,Single Phase,1,1.2,0,2,2,9,Average,0.928,kWh,5.14,0.0,200.87,218.01,899.05,120,16.7,150.14,6.6,77.17,1246.36
Maharashtra,West,Monsoon,34.9,Row House,7,Three Phase,7,2.1,1,5,7,20,Poor,0.808,kWh,5.14,20.5,492.59,555.16,4421.69,910,35.2,1556.43,8.7,599.27,7487.39
Punjab,North,Summer,42.2,Apartment,1,Single Phase,3,1.7,1,5,7,13,Average,0.758,kVAh,8.34,0.0,48.26,69.53,0.0,330,29.7,0.0,9.9,32.67,362.67
Kerala,South,Summer,35.1,Villa,3,Single Phase,5,1.9,1,4,1,6,Good,0.803,kWh,0.91,0.0,142.5,149.29,546.74,475,38.5,210.49,7.8,96.11,1328.35
Punjab,North,Spring,27.1,Villa,2,Single Phase,5,2.3,0,3,2,16,Average,0.877,kWh,4.64,0.0,147.45,161.3,0.0,550,36.9,0.0,12.3,67.65,617.65
Delhi,North,Spring,32.7,Villa,7,Three Phase,1,2.5,0,4,1,27,Poor,0.906,kWh,2.18,17.8,418.02,495.6,1521.4,125,30.5,464.03,7.9,166.72,2277.15
West Bengal,East,Summer,31.2,Independent House,1,Single Phase,1,3.3,1,4,1,24,Poor,0.887,kWh,2.15,0.0,102.58,113.07,190.35,90,25.7,48.92,11.8,38.85,368.12
West Bengal,East,Summer,35.7,Row House,4,Single Phase,2,4.2,0,0,1,27,Poor,0.765,kVAh,2.16,0.0,180.74,258.85,919.25,180,30.4,279.45,12.1,166.82,1545.52
Kerala,South,Monsoon,34.6,Apartment,6,Three Phase,3,4.5,1,1,5,0,Good,0.853,kWh,7.77,0.3,360.44,376.04,1907.24,285,39.5,753.36,13.4,394.71,3340.31
Punjab,North,Monsoon,22.6,Independent House,4,Single Phase,1,2.3,0,5,15,22,Poor,0.989,kVAh,33.07,0.0,164.07,210.98,0.0,110,28.1,0.0,12.6,13.86,123.86
Tamil Nadu,South,Monsoon,28.2,Independent House,4,Three Phase,1,1.0,1,1,9,6,Good,0.751,kVAh,11.37,10.6,358.15,499.39,1197.87,100,21.7,259.94,5.9,91.91,1649.71
Punjab,North,Summer,39.6,Row House,8,Three Phase,1,2.4,1,1,12,11,Average,0.962,kVAh,28.38,22.4,605.04,706.33,2444.31,110,36.7,897.06,14.4,497.0,3948.37
Tamil Nadu,South,Spring,29.0,Villa,2,Three Phase,15,4.8,0,6,13,9,Average,0.831,kVAh,29.78,2.1,122.4,171.4,107.1,1500,24.4,26.13,9.6,156.79,1790.02
Kerala,South,Summer,37.0,Row House,2,Single Phase,2,3.3,0,6,8,19,Average,0.792,kWh,21.31,0.0,175.32,205.31,882.86,190,32.6,287.81,8.3,112.94,1473.61
Kerala,South,Winter,22.6,Villa,1,Three Phase,10,1.7,0,1,15,11,Average,0.865,kWh,32.67,12.8,54.5,64.24,171.2,950,30.3,51.87,13.8,161.88,1334.96
Madhya Pradesh,Central,Spring,26.5,Row House,3,Single Phase,5,1.4,0,1,10,26,Poor,0.882,kVAh,4.27,0.0,99.98,123.46,493.84,550,21.2,104.69,6.7,76.95,1225.49
Gujarat,West,Summer,24.5,Row House,5,Single Phase,1,4.6,0,5,11,26,Poor,0.978,kWh,29.26,0.0,202.42,255.73,864.14,115,24.8,214.31,10.0,119.35,1312.8
Kerala,South,Winter,21.4,Row House,5,Single Phase,3,2.6,1,5,14,6,Good,0.79,kVAh,29.49,0.0,205.19,295.32,1422.92,285,23.7,337.23,7.6,155.43,2200.58
Karnataka,South,Winter,22.6,Independent House,7,Single Phase,3,5.0,1,0,12,22,Poor,0.937,kVAh,8.25,0.0,295.32,350.29,2276.18,285,39.6,901.37,5.4,186.98,3649.52
Gujarat,West,Winter,23.9,Independent House,3,Single Phase,3,4.7,1,2,14,13,Average,0.961,kWh,23.98,0.0,167.82,185.96,600.55,345,39.6,237.82,10.8,127.8,1311.17
Punjab,North,Summer,38.4,Row House,7,Single Phase,2,2.3,0,2,14,6,Good,0.876,kVAh,9.97,0.0,647.35,791.25,3038.75,220,29.0,881.24,11.5,476.1,4616.09
Telangana,South,Monsoon,26.3,Independent House,7,Three Phase,5,3.1,0,2,6,10,Average,0.941,kWh,13.36,7.5,441.08,492.46,1444.3,500,32.3,466.51,11.3,272.42,2683.23
Delhi,North,Monsoon,32.8,Independent House,5,Three Phase,2,3.9,0,4,5,14,Average,0.904,kVAh,6.18,23.8,178.15,222.12,99.54,250,27.0,26.88,12.1,45.55,421.96
Uttar Pradesh,North,Summer,44.5,Row House,3,Three Phase,7,4.1,0,6,11,16,Average,0.723,kWh,10.51,19.5,353.26,404.46,1853.81,735,19.6,363.35,13.4,395.59,3347.75
Rajasthan,North,Winter,6.0,Apartment,8,Single Phase,2,3.2,1,1,3,23,Poor,0.843,kVAh,6.73,0.0,413.16,546.32,3170.56,240,38.2,1211.15,12.8,591.58,5213.29
Gujarat,West,Spring,34.0,Independent House,3,Single Phase,2,3.9,0,0,14,15,Average,0.816,kWh,31.54,0.0,174.06,199.64,651.17,230,26.2,170.61,11.4,119.9,1171.68
Kerala,South,Monsoon,31.5,Independent House,1,Single Phase,5,2.1,0,2,7,24,Poor,0.878,kWh,11.3,0.0,75.31,88.36,261.2,475,34.9,91.16,7.5,62.05,889.41
Telangana,South,Summer,38.9,Row House,7,Three Phase,15,4.8,1,4,9,6,Good,0.961,kVAh,15.04,1.5,556.64,632.31,2143.55,1500,33.8,724.52,8.5,371.29,4739.36
Gujarat,West,Monsoon,21.7,Villa,3,Single Phase,3,1.2,0,6,12,2,Good,0.86,kWh,5.38,0.0,164.6,183.28,590.64,345,34.9,206.13,11.3,129.02,1270.79
Kerala,South,Spring,25.4,Row House,7,Three Phase,10,4.0,1,0,2,23,Poor,0.944,kVAh,1.47,4.7,364.5,417.03,2153.18,950,24.9,536.14,13.1,476.75,4116.07
Telangana,South,Monsoon,25.0,Apartment,8,Single Phase,2,4.3,1,6,1,5,Good,0.796,kWh,2.34,0.0,364.67,385.45,928.75,200,16.9,156.96,9.3,119.57,1405.28
Madhya Pradesh,Central,Spring,33.1,Villa,6,Single Phase,3,2.7,1,5,14,22,Poor,0.788,kWh,8.01,0.0,341.45,386.38,1899.42,330,25.0,474.85,10.4,281.24,2985.52
Telangana,South,Summer,34.3,Villa,2,Single Phase,2,3.8,1,3,4,18,Average,0.736,kWh,2.13,0.0,187.2,199.28,248.2,200,28.8,71.48,10.0,51.97,571.65
Madhya Pradesh,Central,Winter,16.0,Apartment,1,Three Phase,3,4.0,0,5,9,13,Average,0.852,kWh,14.23,10.0,25.74,29.27,117.08,330,22.4,26.23,10.9,51.59,524.9
Uttar Pradesh,North,Winter,16.4,Independent House,8,Single Phase,2,4.9,1,4,3,1,Good,0.73,kVAh,4.21,0.0,318.77,451.92,2133.83,210,15.7,335.01,5.7,152.69,2831.53
Madhya Pradesh,Central,Summer,46.7,Row House,3,Single Phase,5,1.5,1,6,11,2,Good,0.935,kWh,8.76,0.0,312.94,331.5,1564.65,550,27.5,430.28,9.2,234.13,2779.06
Maharashtra,West,Summer,39.2,Independent House,4,Single Phase,5,1.8,1,5,15,26,Poor,0.831,kWh,28.76,0.0,236.76,283.17,1689.62,650,18.6,314.27,6.4,169.85,2823.73
Uttar Pradesh,North,Winter,7.2,Row House,2,Three Phase,3,4.9,1,4,1,3,Good,0.936,kWh,2.28,19.3,74.1,78.81,264.01,315,18.8,49.63,10.4,65.38,694.03
West Bengal,East,Monsoon,30.4,Independent House,8,Single Phase,5,2.1,1,3,3,28,Poor,0.922,kVAh,7.45,0.0,703.16,879.86,5221.68,450,20.4,1065.22,5.0,336.85,7073.75
Delhi,North,Winter,10.5,Row House,1,Single Phase,5,4.5,1,6,11,9,Average,0.746,kVAh,28.56,0.0,34.4,51.34,0.0,625,22.8,0.0,14.5,90.62,715.62
Kerala,South,Spring,25.3,Independent House,1,Single Phase,3,2.9,1,2,11,10,Average,0.966,kWh,10.08,0.0,38.38,41.47,94.92,285,22.6,21.45,10.5,42.14,443.52
West Bengal,East,Summer,26.4,Apartment,7,Single Phase,3,1.5,1,6,3,19,Average,0.976,kWh,6.55,0.0,636.32,688.33,3833.09,270,35.2,1349.25,7.3,398.02,5850.36
Telangana,South,Summer,33.7,Villa,5,Single Phase,2,4.0,0,1,10,11,Average,0.777,kVAh,20.15,0.0,256.68,379.67,907.59,200,24.3,220.54,8.2,108.91,1437.04
West Bengal,East,Monsoon,26.4,Independent House,3,Single Phase,3,2.2,1,2,11,15,Average,0.966,kVAh,18.4,0.0,260.48,300.99,1176.13,270,37.0,435.17,14.5,272.79,2154.08
Punjab,North,Monsoon,29.4,Villa,5,Three Phase,10,4.0,1,0,14,18,Average,0.804,kVAh,24.33,13.9,226.53,312.98,64.9,1100,23.6,15.32,5.5,64.91,1245.13
Rajasthan,North,Monsoon,24.5,Apartment,2,Three Phase,7,1.6,0,2,10,18,Average,0.723,kWh,5.34,20.4,139.06,152.76,540.18,840,27.7,149.63,9.8,149.92,1679.73
Tamil Nadu,South,Monsoon,26.9,Villa,4,Single Phase,1,3.4,1,1,11,24,Poor,0.878,kVAh,18.18,0.0,302.73,394.36,830.26,100,22.2,184.32,9.8,109.23,1223.81
Punjab,North,Spring,23.9,Villa,1,Three Phase,15,1.8,0,5,4,5,Good,0.778,kWh,10.63,22.8,49.13,54.99,0.0,1650,25.7,0.0,10.2,168.3,1818.3
Telangana,South,Monsoon,29.0,Row House,7,Three Phase,15,1.4,0,4,11,6,Good,0.781,kVAh,18.72,7.9,286.24,422.24,1093.2,1500,23.0,251.44,6.9,196.28,3040.92
Gujarat,West,Winter,28.3,Row House,5,Single Phase,1,4.6,1,1,5,10,Average,0.842,kVAh,2.29,0.0,309.0,378.82,1436.51,115,34.1,489.85,12.3,251.09,2292.45
Maharashtra,West,Winter,35.9,Apartment,3,Three Phase,3,3.2,1,1,6,11,Average,0.772,kVAh,2.26,3.9,113.95,155.14,735.79,390,28.4,208.97,8.5,113.45,1448.21
Rajasthan,North,Spring,28.2,Independent House,2,Single Phase,3,3.1,0,2,11,18,Average,0.978,kVAh,15.52,0.0,92.93,106.84,373.94,360,25.6,95.73,14.6,121.13,950.8
Maharashtra,West,Monsoon,39.7,Independent House,7,Single Phase,3,1.6,1,3,11,16,Average,0.909,kWh,29.09,0.0,323.56,363.09,2442.75,390,39.9,974.66,7.9,300.78,4108.19
Kerala,South,Monsoon,25.6,Villa,5,Single Phase,3,1.1,0,3,13,27,Poor,0.752,kVAh,7.15,0.0,374.33,554.89,2980.34,285,31.5,938.81,5.7,239.64,4443.78
Karnataka,South,Spring,31.4,Villa,3,Three Phase,15,3.2,0,0,13,24,Poor,0.875,kVAh,21.49,21.9,206.1,300.31,1901.33,1425,31.4,597.02,8.0,313.87,4237.21
Gujarat,West,Summer,38.6,Villa,3,Single Phase,2,4.4,1,5,11,21,Poor,0.894,kWh,6.91,0.0,262.31,289.52,1021.27,230,35.3,360.51,10.1,162.79,1774.56
Kerala,South,Monsoon,31.5,Row House,5,Single Phase,2,3.1,1,3,15,25,Poor,0.737,kWh,11.34,0.0,161.62,187.45,775.7,190,19.5,151.26,9.7,108.35,1225.31
Punjab,North,Monsoon,23.8,Independent House,8,Three Phase,1,1.9,1,1,1,5,Good,0.934,kVAh,1.53,3.7,392.58,432.93,664.65,110,36.1,239.94,12.4,125.81,1140.4
Karnataka,South,Summer,35.5,Villa,4,Three Phase,2,4.2,0,5,13,9,Average,0.884,kWh,25.98,20.1,223.12,255.3,1563.75,190,23.7,370.61,10.4,220.93,2345.29
Uttar Pradesh,North,Monsoon,25.2,Villa,4,Single Phase,5,2.0,0,0,13,14,Average,0.792,kWh,29.42,0.0,147.06,165.61,578.99,525,19.9,115.22,9.7,118.26,1337.47
Maharashtra,West,Monsoon,39.2,Apartment,7,Single Phase,2,2.5,0,4,8,15,Average,0.865,kWh,8.01,0.0,344.48,381.54,2626.32,260,22.5,590.92,6.3,219.07,3696.31
Gujarat,West,Monsoon,37.2,Row House,4,Single Phase,3,2.5,1,6,7,11,Average,0.903,kWh,15.08,0.0,258.53,294.55,1044.66,345,16.2,169.23,7.3,113.8,1672.69
Delhi,North,Spring,29.7,Villa,7,Three Phase,2,1.1,0,0,1,2,Good,0.906,kVAh,1.72,3.1,440.01,510.58,1618.77,250,28.3,458.11,5.6,130.31,2457.19
Gujarat,West,Monsoon,21.8,Apartment,1,Three Phase,2,4.9,1,1,6,4,Good,0.925,kWh,12.2,9.6,62.6,66.02,156.77,230,38.5,60.36,10.8,48.29,495.42
Delhi,North,Winter,5.4,Villa,4,Single Phase,3,1.4,1,2,7,0,Good,0.738,kWh,16.96,0.0,149.51,157.58,0.0,375,21.2,0.0,10.7,40.12,415.12
Karnataka,South,Spring,33.7,Row House,1,Three Phase,10,3.6,1,1,15,13,Average,0.896,kVAh,37.81,22.2,40.14,50.92,216.61,950,15.7,34.01,5.6,67.23,1267.85
Delhi,North,Monsoon,22.2,Row House,6,Three Phase,2,4.4,1,5,13,1,Good,0.833,kVAh,17.75,16.2,215.62,283.46,375.57,250,30.4,114.17,13.7,101.34,841.09
Gujarat,West,Summer,39.5,Apartment,7,Single Phase,2,2.1,0,1,1,24,Poor,0.789,kVAh,2.3,0.0,610.23,874.28,4058.54,230,37.2,1509.78,7.0,405.88,6204.2
Rajasthan,North,Spring,22.5,Villa,4,Single Phase,3,2.4,0,0,12,24,Poor,0.79,kWh,6.25,0.0,290.69,323.25,1518.56,360,33.3,505.68,7.3,174.05,2558.29
Rajasthan,North,Winter,16.0,Row House,8,Single Phase,5,3.1,0,0,11,3,Good,0.889,kVAh,12.25,0.0,491.1,581.54,3452.32,600,38.7,1336.05,9.1,490.34,5878.71
West Bengal,East,Spring,29.4,Row House,2,Single Phase,3,1.4,1,4,2,15,Average,0.983,kWh,4.69,0.0,116.39,122.54,237.7,270,16.9,40.17,9.3,50.95,598.82
West Bengal,East,Summer,35.8,Apartment,5,Single Phase,2,4.5,0,5,7,12,Average,0.846,kWh,12.26,0.0,234.12,258.19,915.95,180,18.8,172.2,13.1,166.13,1434.28
Telangana,South,Spring,34.3,Row House,6,Single Phase,2,1.9,1,4,15,13,Average,0.755,kWh,25.32,0.0,238.56,275.63,526.81,200,25.3,133.28,11.3,97.19,957.28
Kerala,South,Winter,23.7,Apartment,5,Three Phase,1,2.2,0,5,13,3,Good,0.897,kWh,10.49,9.0,235.62,252.41,1165.46,95,39.4,459.19,14.4,247.63,1967.28
Karnataka,South,Summer,39.7,Row House,3,Single Phase,3,2.2,0,2,11,0,Good,0.854,kVAh,25.52,0.0,230.96,292.68,1844.1,285,39.0,719.2,13.4,381.67,3229.97
Karnataka,South,Winter,27.1,Villa,8,Single Phase,3,4.8,0,2,13,1,Good,0.875,kVAh,8.09,0.0,292.25,358.43,2337.23,285,34.1,796.99,14.0,478.69,3897.91
Delhi,North,Spring,34.4,Villa,8,Single Phase,3,4.9,0,1,7,10,Average,0.903,kWh,3.21,0.0,318.23,346.33,658.48,375,21.7,142.89,12.6,148.22,1324.6
West Bengal,East,Spring,23.1,Independent House,1,Single Phase,1,2.3,0,6,5,2,Good,0.721,kVAh,6.4,0.0,29.21,43.24,0.0,90,28.5,0.0,8.9,8.01,98.01
Maharashtra,West,Spring,31.3,Row House,3,Single Phase,5,2.8,0,6,11,19,Average,0.923,kWh,24.06,0.0,217.85,246.53,1416.65,650,28.3,400.91,14.2,350.39,2817.95
Uttar Pradesh,North,Monsoon,32.4,Apartment,2,Single Phase,2,4.9,1,0,9,6,Good,0.782,kVAh,16.83,0.0,135.57,179.69,647.98,210,30.6,198.28,11.4,120.41,1176.68
Rajasthan,North,Monsoon,23.9,Independent House,3,Three Phase,2,1.2,0,6,3,15,Average,0.894,kVAh,7.61,2.3,109.42,136.87,479.05,240,30.8,147.55,13.8,119.59,986.18
Rajasthan,North,Winter,13.1,Row House,4,Three Phase,5,1.8,1,3,7,2,Good,0.892,kWh,3.64,9.6,256.73,271.49,1193.2,600,18.1,215.97,6.9,138.63,2147.8
Gujarat,West,Summer,34.6,Independent House,7,Single Phase,1,4.1,0,0,3,4,Good,0.728,kWh,1.65,0.0,846.9,886.52,4125.86,115,21.2,874.68,7.6,388.78,5504.32
West Bengal,East,Monsoon,28.8,Villa,1,Single Phase,2,1.2,1,3,8,2,Good,0.775,kWh,4.38,0.0,75.11,77.97,14.85,180,28.3,4.2,7.4,14.73,213.78
Uttar Pradesh,North,Winter,14.1,Independent House,1,Three Phase,2,1.2,1,3,10,29,Poor,0.742,kWh,22.76,9.7,66.05,80.78,270.61,210,29.7,80.37,11.8,66.2,627.18
Maharashtra,West,Spring,25.5,Villa,8,Single Phase,3,4.4,0,0,10,30,Poor,0.957,kWh,24.71,0.0,242.5,281.74,1678.96,390,35.0,587.64,13.7,363.95,3020.55
Tamil Nadu,South,Monsoon,28.3,Apartment,2,Single Phase,3,1.9,0,3,1,18,Average,0.9,kWh,1.91,0.0,89.34,97.06,0.0,300,33.3,0.0,6.2,18.6,318.6
Telangana,South,Monsoon,25.7,Apartment,5,Three Phase,15,1.7,1,5,3,28,Poor,0.928,kWh,5.42,15.9,390.23,429.91,1131.55,1500,27.5,311.18,15.0,441.41,3384.14
West Bengal,East,Monsoon,24.6,Apartment,5,Single Phase,5,2.0,1,0,4,27,Poor,0.865,kWh,6.7,0.0,352.17,389.46,1750.3,450,29.2,511.09,9.8,265.72,2977.1
Kerala,South,Monsoon,33.9,Row House,2,Single Phase,2,1.6,1,3,10,6,Good,0.823,kVAh,16.1,0.0,110.87,144.64,518.84,190,30.6,158.77,13.0,112.79,980.39
Madhya Pradesh,Central,Monsoon,27.4,Row House,8,Three Phase,1,2.9,0,5,15,18,Average,0.776,kVAh,6.49,20.4,414.05,598.65,3268.25,110,36.7,1199.45,10.3,471.5,5049.2
Kerala,South,Winter,23.2,Independent House,1,Single Phase,2,3.0,0,1,3,30,Poor,0.846,kVAh,5.06,0.0,73.63,101.18,318.25,190,25.1,79.88,9.2,54.11,642.24
Rajasthan,North,Monsoon,31.0,Villa,2,Single Phase,5,1.7,1,4,9,8,Average,0.723,kWh,21.69,0.0,108.33,123.31,431.59,600,21.4,92.36,7.8,87.67,1211.61
Maharashtra,West,Monsoon,25.1,Villa,4,Three Phase,7,3.6,1,1,14,27,Poor,0.746,kVAh,32.94,22.1,175.41,270.34,1594.03,910,21.5,342.72,14.2,404.24,3250.99
Maharashtra,West,Monsoon,37.9,Apartment,5,Three Phase,3,4.5,1,2,13,19,Average,0.927,kVAh,32.65,12.8,230.59,297.22,1794.29,390,19.3,346.3,14.6,369.47,2900.05
Delhi,North,Winter,12.8,Villa,7,Three Phase,7,1.6,0,3,13,10,Average,0.932,kWh,13.37,2.5,481.45,524.98,1712.37,875,16.2,277.4,12.4,355.23,3220.01
Delhi,North,Spring,25.1,Independent House,8,Three Phase,7,2.7,1,0,1,16,Average,0.815,kWh,1.7,2.9,455.32,481.8,1431.7,875,30.2,432.37,6.7,183.52,2922.59
Telangana,South,Spring,31.5,Row House,6,Single Phase,1,4.7,0,4,10,26,Poor,0.813,kVAh,5.24,0.0,372.33,528.46,1624.3,100,18.4,298.87,9.5,192.2,2215.37
West Bengal,East,Monsoon,26.6,Row House,3,Single Phase,5,3.0,1,4,6,1,Good,0.823,kVAh,3.25,0.0,206.33,264.77,948.85,450,38.6,366.26,9.5,167.69,1932.79
Telangana,South,Monsoon,33.6,Villa,1,Single Phase,5,4.3,0,1,5,5,Good,0.733,kWh,8.14,0.0,45.55,48.58,0.0,500,25.9,0.0,13.9,69.5,569.5
Delhi,North,Monsoon,26.4,Row House,4,Three Phase,2,4.7,1,2,2,19,Average,0.951,kWh,0.72,15.0,115.74,122.05,0.0,250,39.0,0.0,13.0,32.5,282.5
Telangana,South,Monsoon,31.6,Independent House,6,Three Phase,3,5.0,1,4,12,4,Good,0.911,kWh,5.6,13.5,173.82,184.17,210.42,300,23.3,49.03,13.5,75.53,634.98
Madhya Pradesh,Central,Spring,31.2,Villa,3,Three Phase,10,2.3,1,0,3,12,Average,0.814,kWh,6.3,20.7,97.25,105.72,422.88,1100,23.4,98.95,7.5,121.64,1743.47
Gujarat,West,Winter,34.8,Row House,2,Single Phase,2,4.2,1,1,4,10,Average,0.951,kVAh,2.43,0.0,68.45,75.79,192.92,230,33.6,64.82,11.8,57.55,545.3
Tamil Nadu,South,Monsoon,32.7,Independent House,5,Single Phase,3,3.6,1,3,6,26,Poor,0.874,kWh,6.03,0.0,195.95,214.99,202.47,300,20.1,40.7,7.2,39.11,582.27
Punjab,North,Winter,5.0,Villa,1,Three Phase,15,3.8,1,6,1,5,Good,0.771,kWh,0.82,9.0,45.5,48.82,0.0,1650,28.1,0.0,6.2,102.3,1752.3
Karnataka,South,Spring,34.5,Apartment,4,Single Phase,5,1.6,0,3,3,17,Average,0.825,kWh,5.46,0.0,240.84,266.49,1647.68,475,18.5,304.82,8.2,199.05,2626.55
Kerala,South,Winter,26.1,Row House,8,Three Phase,15,5.0,0,4,5,11,Average,0.919,kWh,7.51,4.4,366.7,409.46,2107.76,1425,30.5,642.87,8.3,346.58,4522.2
Uttar Pradesh,North,Summer,41.5,Villa,7,Single Phase,5,2.3,0,4,9,28,Poor,0.938,kWh,12.51,0.0,562.59,640.29,3329.38,525,30.3,1008.8,10.0,486.32,5349.51
Delhi,North,Monsoon,27.8,Apartment,2,Single Phase,5,3.2,1,2,2,0,Good,0.724,kWh,0.91,0.0,141.45,144.9,0.0,625,39.6,0.0,9.6,60.0,685.0
Uttar Pradesh,North,Spring,31.7,Independent House,2,Three Phase,5,2.0,0,0,7,4,Good,0.886,kWh,9.65,18.8,72.04,78.87,264.21,525,22.4,59.18,5.1,43.27,891.67
West Bengal,East,Summer,32.0,Apartment,5,Single Phase,2,2.4,1,6,9,19,Average,0.871,kVAh,22.62,0.0,349.55,435.69,2050.33,180,19.3,395.71,9.3,244.22,2870.26
Uttar Pradesh,North,Spring,29.8,Independent House,7,Single Phase,1,4.6,1,0,8,5,Good,0.966,kVAh,6.05,0.0,180.92,192.37,710.11,105,23.9,169.72,10.7,105.38,1090.21
Uttar Pradesh,North,Spring,30.1,Independent House,7,Single Phase,5,2.2,0,1,13,17,Average,0.941,kVAh,9.13,0.0,227.35,265.35,1067.72,525,18.8,200.73,11.2,200.87,1994.31
Gujarat,West,Spring,36.0,Independent House,6,Three Phase,5,3.9,1,6,10,9,Average,0.958,kWh,9.41,11.3,375.2,423.7,1645.2,575,20.5,337.27,5.0,127.87,2685.35
West Bengal,East,Spring,26.9,Apartment,3,Single Phase,1,3.2,0,5,10,9,Average,0.788,kVAh,10.52,0.0,164.43,235.97,804.85,90,24.8,199.6,13.6,148.85,1243.3
Gujarat,West,Spring,25.4,Independent House,6,Single Phase,5,4.6,1,3,11,11,Average,0.916,kWh,17.52,0.0,279.62,309.81,1115.62,575,35.3,393.81,6.5,135.49,2219.92
Delhi,North,Spring,31.4,Villa,7,Single Phase,5,2.7,1,0,14,6,Good,0.932,kVAh,11.91,0.0,478.1,544.11,1836.72,625,36.5,670.4,14.1,441.63,3573.74
Tamil Nadu,South,Winter,23.1,Villa,7,Single Phase,1,3.3,1,0,3,12,Average,0.985,kWh,6.53,0.0,400.62,422.78,929.73,100,19.7,183.16,11.5,139.48,1352.37
Gujarat,West,Spring,29.6,Apartment,2,Single Phase,3,1.4,0,0,2,15,Average,0.916,kWh,2.78,0.0,71.33,77.25,198.32,345,27.4,54.34,6.4,38.25,635.92
West Bengal,East,Summer,37.4,Apartment,5,Single Phase,3,4.0,1,2,9,9,Average,0.973,kWh,5.18,0.0,292.22,306.87,1214.29,270,26.0,315.71,5.6,100.8,1900.8
Karnataka,South,Winter,25.2,Villa,8,Single Phase,5,3.1,1,5,6,16,Average,0.811,kVAh,6.08,0.0,436.65,594.02,4104.15,475,18.3,751.06,7.3,389.11,5719.31
West Bengal,East,Spring,37.4,Villa,7,Three Phase,5,4.7,1,1,14,16,Average,0.864,kVAh,15.53,2.5,333.39,416.82,1927.86,450,15.2,293.03,13.7,365.91,3036.81
Rajasthan,North,Spring,31.3,Villa,4,Three Phase,15,4.0,0,0,5,7,Good,0.736,kWh,6.68,19.9,107.48,115.93,405.75,1800,28.5,115.64,12.9,299.46,2620.86
West Bengal,East,Spring,29.0,Independent House,6,Three Phase,3,3.9,0,4,15,17,Average,0.819,kWh,15.61,12.4,187.75,215.36,701.8,270,30.9,216.86,7.0,83.21,1271.86
Delhi,North,Summer,42.4,Apartment,3,Three Phase,15,3.2,0,0,10,28,Poor,0.968,kWh,13.0,11.5,221.37,252.25,235.12,1875,25.6,60.19,13.4,290.82,2461.14
Punjab,North,Monsoon,22.5,Independent House,4,Three Phase,1,3.4,0,5,11,23,Poor,0.914,kWh,9.75,0.9,260.96,293.4,0.0,110,32.7,0.0,6.7,7.37,117.37
Telangana,South,Monsoon,30.0,Apartment,6,Single Phase,3,4.1,0,4,8,16,Average,0.99,kVAh,9.3,0.0,329.42,367.23,862.06,300,27.6,237.93,12.5,175.0,1574.99
Karnataka,South,Monsoon,34.8,Villa,3,Three Phase,7,2.2,0,4,8,30,Poor,0.89,kVAh,17.33,21.7,109.55,140.97,759.4,665,26.8,203.52,9.8,159.54,1787.46
Uttar Pradesh,North,Monsoon,33.3,Villa,6,Single Phase,1,1.7,1,4,15,3,Good,0.783,kWh,39.0,0.0,392.42,451.13,2129.17,105,31.3,666.43,12.6,365.48,3266.07
Delhi,North,Monsoon,23.1,Villa,6,Three Phase,1,1.3,0,5,10,22,Poor,0.911,kVAh,7.66,0.3,407.74,499.98,1549.87,125,38.0,588.95,8.9,201.48,2465.3
Telangana,South,Monsoon,27.7,Row House,4,Single Phase,5,1.7,1,2,11,30,Poor,0.898,kWh,11.54,0.0,172.68,199.41,248.52,500,30.0,74.56,11.3,93.01,916.09
Kerala,South,Spring,28.9,Row House,7,Single Phase,1,3.0,0,4,1,10,Average,0.92,kVAh,1.51,0.0,387.33,455.81,2385.86,95,31.9,761.09,11.1,359.86,3601.81
Maharashtra,West,Winter,38.7,Villa,3,Three Phase,2,2.1,0,5,1,22,Poor,0.796,kWh,0.55,10.5,105.76,126.48,522.28,260,35.5,185.41,7.6,73.54,1041.23
West Bengal,East,Winter,20.2,Villa,7,Single Phase,3,2.1,1,2,12,11,Average,0.789,kVAh,18.89,0.0,231.94,330.25,1366.02,270,29.6,404.34,9.9,202.0,2242.36
West Bengal,East,Summer,20.9,Row House,8,Single Phase,3,3.1,1,5,10,14,Average,0.964,kVAh,24.93,0.0,295.95,345.56,1465.38,270,16.1,235.93,6.2,122.22,2093.53
West Bengal,East,Spring,29.5,Independent House,2,Single Phase,1,2.5,0,5,9,21,Poor,0.81,kWh,19.17,0.0,73.53,83.07,40.35,90,28.3,11.42,14.6,20.7,162.47
Kerala,South,Monsoon,27.9,Row House,8,Single Phase,2,2.4,1,6,10,12,Average,0.95,kWh,20.72,0.0,651.41,719.97,3970.82,190,39.8,1580.39,12.5,717.65,6458.86
Maharashtra,West,Spring,37.4,Villa,4,Three Phase,2,4.4,1,3,1,7,Good,0.897,kVAh,0.37,1.6,129.05,150.03,697.72,260,28.0,195.36,13.8,159.13,1312.21
Delhi,North,Winter,6.9,Independent House,6,Single Phase,1,2.4,1,4,7,16,Average,0.792,kWh,6.81,0.0,181.13,192.39,0.0,125,36.8,0.0,13.0,16.25,141.25
Karnataka,South,Spring,30.8,Villa,8,Single Phase,3,2.2,1,6,3,12,Average,0.946,kVAh,5.14,0.0,249.39,289.05,1816.88,285,23.8,432.42,15.0,380.14,2914.43
Telangana,South,Spring,28.7,Villa,7,Three Phase,5,4.1,0,5,15,19,Average,0.856,kWh,31.53,16.6,325.45,388.69,940.61,500,26.9,253.02,6.1,103.31,1796.94
Punjab,North,Spring,34.0,Independent House,5,Single Phase,3,4.5,0,4,6,13,Average,0.855,kVAh,9.54,0.0,233.58,303.43,17.15,330,32.2,5.52,9.4,33.15,385.82
Uttar Pradesh,North,Winter,13.4,Villa,8,Single Phase,2,2.8,0,2,12,0,Good,0.978,kWh,16.53,0.0,250.92,273.47,1107.5,210,39.7,439.68,11.4,200.32,1957.5
Gujarat,West,Spring,26.5,Apartment,7,Single Phase,3,2.9,0,5,5,17,Average,0.844,kVAh,4.49,0.0,293.93,388.86,1483.2,345,19.1,283.29,8.4,177.37,2288.86
Delhi,North,Winter,10.1,Apartment,7,Single Phase,1,3.2,1,0,3,1,Good,0.893,kWh,7.46,0.0,398.82,412.45,980.92,125,23.2,227.57,10.4,138.68,1472.18
Punjab,North,Winter,16.4,Apartment,3,Three Phase,10,2.2,1,1,10,17,Average,0.721,kWh,19.16,21.3,190.82,212.98,0.0,1100,37.6,0.0,6.4,70.4,1170.4
Maharashtra,West,Monsoon,20.3,Independent House,7,Three Phase,3,1.3,1,5,5,4,Good,0.777,kWh,3.1,15.0,330.7,353.38,2346.13,390,37.5,879.8,9.5,343.51,3959.44
Madhya Pradesh,Central,Spring,23.9,Independent House,2,Single Phase,5,4.9,0,5,1,1,Good,0.975,kWh,2.59,0.0,61.55,65.18,260.72,550,36.4,94.9,10.8,97.81,1003.43
Maharashtra,West,Monsoon,37.0,Independent House,6,Single Phase,1,3.3,1,5,7,29,Poor,0.834,kVAh,17.1,0.0,214.42,294.21,1771.86,130,36.6,648.5,14.2,362.15,2912.52
Gujarat,West,Winter,22.9,Row House,2,Single Phase,3,4.1,1,3,15,26,Poor,0.896,kVAh,27.39,0.0,77.86,99.76,281.61,345,30.5,85.89,13.3,94.76,807.27
Delhi,North,Spring,32.7,Villa,2,Three Phase,10,4.3,1,0,7,7,Good,0.725,kWh,3.52,19.8,82.13,86.16,0.0,1250,21.4,0.0,12.1,151.25,1401.25
West Bengal,East,Monsoon,30.7,Apartment,6,Single Phase,1,1.1,0,5,2,25,Poor,0.822,kWh,5.08,0.0,368.28,442.11,2091.99,90,34.4,719.65,9.6,278.56,3180.2
Telangana,South,Winter,24.3,Apartment,4,Single Phase,5,3.6,0,0,12,12,Average,0.931,kWh,30.39,0.0,158.16,188.24,220.6,500,37.6,82.95,9.0,72.32,875.86
Kerala,South,Summer,38.8,Apartment,8,Three Phase,3,3.4,0,0,13,4,Good,0.818,kWh,29.29,24.3,542.25,642.36,3505.16,285,16.6,581.86,5.6,244.83,4616.85
West Bengal,East,Winter,26.4,Row House,4,Three Phase,3,3.9,0,1,14,3,Good,0.955,kVAh,31.34,14.1,134.53,154.72,398.6,270,37.8,150.67,7.2,58.99,878.26
Rajasthan,North,Monsoon,22.1,Apartment,3,Three Phase,15,3.8,1,6,5,7,Good,0.739,kWh,6.72,16.5,193.16,208.63,847.46,1800,32.2,272.88,5.4,157.7,3078.05
Kerala,South,Summer,39.0,Apartment,1,Three Phase,10,1.0,1,4,15,27,Poor,0.789,kVAh,18.62,8.3,109.4,155.79,585.74,950,20.7,121.25,10.6,175.64,1832.63
Delhi,North,Monsoon,32.1,Independent House,4,Single Phase,5,3.5,1,3,1,29,Poor,0.883,kVAh,0.73,0.0,168.05,203.12,14.04,625,34.0,4.77,5.6,36.05,679.87
Punjab,North,Winter,13.5,Row House,4,Three Phase,2,1.7,0,6,6,13,Average,0.771,kWh,8.63,15.4,252.11,290.39,0.0,220,18.6,0.0,7.3,16.06,236.06
Punjab,North,Spring,31.0,Apartment,3,Three Phase,10,2.9,1,6,2,25,Poor,0.958,kWh,2.86,2.6,179.96,200.34,0.0,1100,35.5,0.0,9.2,101.2,1201.2
Uttar Pradesh,North,Spring,28.6,Row House,5,Single Phase,2,1.6,0,3,14,18,Average,0.789,kVAh,19.81,0.0,219.15,310.38,1298.74,210,21.6,280.53,13.8,246.92,2036.19
Punjab,North,Monsoon,32.7,Villa,4,Single Phase,5,1.5,1,1,2,30,Poor,0.799,kWh,1.76,0.0,291.8,312.21,61.05,550,18.6,11.36,13.3,82.78,705.19
Tamil Nadu,South,Spring,32.3,Independent House,8,Single Phase,3,1.3,0,3,11,13,Average,0.785,kWh,6.43,0.0,504.17,549.65,1428.39,300,22.2,317.1,12.8,261.82,2307.32
Kerala,South,Winter,20.0,Independent House,4,Three Phase,3,3.1,1,2,12,3,Good,0.91,kWh,18.34,3.9,200.24,220.13,971.78,285,30.7,298.34,10.5,163.29,1718.4
Gujarat,West,Summer,32.8,Row House,5,Single Phase,1,1.8,1,5,7,17,Average,0.777,kVAh,5.33,0.0,302.65,417.78,1617.68,115,17.9,289.56,11.3,228.51,2250.75
Telangana,South,Winter,20.1,Row House,3,Single Phase,1,2.9,1,0,10,8,Average,0.957,kWh,24.6,0.0,135.55,152.24,130.6,100,33.9,44.27,8.1,22.26,297.14
West Bengal,East,Monsoon,29.5,Villa,6,Single Phase,2,3.9,1,4,14,5,Good,0.741,kWh,35.47,0.0,295.96,330.29,1366.28,180,38.5,526.02,12.7,263.18,2335.48
West Bengal,East,Winter,39.6,Apartment,1,Three Phase,5,2.6,1,4,7,2,Good,0.813,kVAh,6.16,15.0,57.74,74.85,0.0,450,33.4,0.0,12.2,54.9,504.9
Uttar Pradesh,North,Monsoon,31.2,Villa,2,Single Phase,5,3.9,0,5,8,15,Average,0.886,kWh,3.73,0.0,59.64,64.92,217.48,525,30.1,65.46,8.7,70.29,878.24
Uttar Pradesh,North,Winter,14.0,Independent House,8,Single Phase,1,2.5,1,0,10,12,Average,0.979,kWh,23.45,0.0,454.01,496.04,2394.14,105,39.4,943.29,9.1,313.26,3755.69
Kerala,South,Winter,21.8,Row House,5,Single Phase,1,2.3,0,0,5,15,Average,0.762,kVAh,12.95,0.0,217.58,307.44,1495.64,95,38.7,578.81,13.7,297.22,2466.67
Uttar Pradesh,North,Summer,43.9,Row House,7,Three Phase,15,3.6,0,5,4,18,Average,0.855,kWh,7.83,8.7,712.52,813.52,4455.38,1575,28.3,1260.87,12.2,889.53,8180.79
Tamil Nadu,South,Winter,18.5,Villa,7,Single Phase,1,1.2,1,4,14,27,Poor,0.775,kVAh,27.25,0.0,554.92,805.69,2606.17,100,36.5,951.25,13.9,508.38,4165.81
Uttar Pradesh,North,Monsoon,23.8,Row House,5,Single Phase,5,2.7,1,0,6,6,Good,0.887,kVAh,11.28,0.0,381.54,454.23,2147.46,525,27.2,584.11,7.5,244.24,3500.81
Karnataka,South,Winter,21.3,Row House,7,Three Phase,3,3.2,1,0,7,11,Average,0.734,kWh,16.17,18.4,297.18,334.78,2159.85,285,30.7,663.07,10.0,310.79,3418.72
West Bengal,East,Monsoon,23.9,Independent House,1,Single Phase,5,4.0,0,6,2,27,Poor,0.725,kVAh,2.17,0.0,31.03,48.26,0.0,450,33.1,0.0,13.5,60.75,510.75
Delhi,North,Winter,16.0,Apartment,4,Single Phase,3,2.1,0,3,9,15,Average,0.865,kWh,19.6,0.0,253.6,292.92,418.14,375,17.9,74.85,9.5,82.46,950.45
West Bengal,East,Summer,29.0,Independent House,4,Single Phase,2,2.4,0,1,14,14,Average,0.936,kWh,28.31,0.0,275.58,313.17,1255.17,180,31.0,389.1,5.6,102.16,1926.44
Kerala,South,Monsoon,32.3,Villa,3,Single Phase,2,2.7,1,3,12,21,Poor,0.883,kWh,4.61,0.0,205.96,237.15,1073.9,190,39.7,426.34,7.7,130.15,1820.39
Rajasthan,North,Spring,28.1,Independent House,4,Three Phase,3,1.9,1,3,11,13,Average,0.931,kVAh,22.03,23.1,272.61,321.7,1507.32,360,36.5,550.17,14.7,355.37,2772.87
Rajasthan,North,Summer,45.7,Villa,3,Single Phase,3,2.8,1,4,8,12,Average,0.931,kVAh,20.55,0.0,377.32,451.02,2444.89,360,27.2,665.01,8.9,308.82,3778.73
Maharashtra,West,Winter,33.9,Row House,1,Single Phase,2,4.4,0,4,1,4,Good,0.978,kVAh,0.8,0.0,30.51,33.27,108.13,260,19.5,21.08,9.0,35.03,424.24
Tamil Nadu,South,Winter,26.3,Independent House,5,Single Phase,3,3.7,0,6,12,12,Average,0.968,kWh,30.25,0.0,355.81,418.86,916.01,300,24.7,226.25,6.9,99.52,1541.78
West Bengal,East,Winter,33.5,Apartment,5,Single Phase,1,2.2,1,5,9,30,Poor,0.809,kVAh,22.28,0.0,157.23,236.45,807.25,90,34.9,281.73,6.8,80.17,1259.15
Kerala,South,Winter,20.7,Villa,7,Single Phase,3,3.7,0,5,5,14,Average,0.771,kVAh,2.81,0.0,268.81,381.57,1940.42,285,30.6,593.77,7.8,219.9,3039.09
Rajasthan,North,Spring,26.2,Villa,1,Single Phase,2,4.7,1,0,15,7,Good,0.906,kVAh,25.47,0.0,51.91,62.65,219.28,240,35.0,76.75,13.4,71.83,607.85
Maharashtra,West,Monsoon,35.4,Apartment,5,Single Phase,3,3.3,1,0,1,14,Average,0.775,kVAh,1.23,0.0,216.85,287.46,1721.58,390,25.8,444.17,11.3,288.8,2844.54
Kerala,South,Spring,34.8,Villa,6,Single Phase,1,1.9,1,6,4,1,Good,0.835,kVAh,7.78,0.0,215.21,269.46,1267.76,95,29.3,371.45,11.0,190.76,1924.98
Delhi,North,Monsoon,24.2,Apartment,1,Single Phase,1,5.0,1,4,12,1,Good,0.866,kWh,15.84,0.0,35.52,38.19,0.0,125,39.0,0.0,14.9,18.62,143.62
Uttar Pradesh,North,Monsoon,25.4,Apartment,5,Single Phase,3,4.9,1,6,13,29,Poor,0.934,kWh,13.65,0.0,270.93,310.17,1297.5,315,32.0,415.2,10.9,221.02,2248.72
Tamil Nadu,South,Winter,26.6,Row House,5,Single Phase,1,4.6,0,6,10,2,Good,0.952,kWh,14.41,0.0,179.7,205.34,168.69,100,24.0,40.49,11.4,35.25,344.42
Madhya Pradesh,Central,Spring,33.0,Villa,4,Three Phase,1,1.6,0,1,13,10,Average,0.96,kVAh,7.82,3.9,267.23,307.24,1416.66,110,26.2,371.17,5.6,106.28,2004.11
Kerala,South,Spring,30.1,Row House,3,Single Phase,2,2.5,0,1,4,3,Good,0.845,kWh,6.35,0.0,200.0,215.71,945.26,190,36.7,346.91,12.6,186.75,1668.92
Maharashtra,West,Summer,27.6,Apartment,3,Single Phase,3,3.9,0,4,4,10,Average,0.962,kWh,8.1,0.0,134.8,151.51,708.75,390,22.6,160.18,12.8,161.14,1420.07
Uttar Pradesh,North,Winter,9.5,Apartment,5,Three Phase,7,3.7,0,0,4,4,Good,0.922,kVAh,6.46,20.7,213.33,250.2,993.48,735,36.2,359.64,6.8,141.99,2230.11
Madhya Pradesh,Central,Summer,39.5,Row House,1,Single Phase,2,3.3,0,0,3,3,Good,0.888,kWh,6.11,0.0,50.15,53.84,215.36,220,34.4,74.08,5.4,27.51,536.95
Karnataka,South,Winter,26.1,Row House,5,Single Phase,3,3.3,1,2,5,10,Average,0.781,kVAh,3.18,0.0,318.6,429.51,2870.32,285,37.3,1070.63,9.2,388.79,4614.74
Telangana,South,Winter,20.3,Independent House,5,Three Phase,1,2.1,0,6,7,5,Good,0.868,kWh,17.97,22.6,367.21,418.24,1073.2,100,17.5,187.81,13.9,189.18,1550.19
Karnataka,South,Summer,34.0,Villa,8,Single Phase,5,1.5,1,2,4,21,Poor,0.838,kWh,2.46,0.0,964.27,1064.7,7634.25,475,18.8,1435.24,11.6,1107.16,10651.65
Punjab,North,Spring,33.4,Apartment,5,Single Phase,5,4.6,0,1,13,18,Average,0.874,kWh,27.49,0.0,273.23,312.74,63.7,550,30.3,19.3,13.9,87.99,720.99
Tamil Nadu,South,Winter,20.0,Villa,8,Three Phase,2,2.9,1,5,8,9,Average,0.979,kWh,16.72,3.6,280.08,311.48,540.18,200,15.6,84.27,7.1,58.54,882.98
Uttar Pradesh,North,Summer,45.3,Independent House,6,Single Phase,2,1.4,1,0,9,28,Poor,0.78,kVAh,17.78,0.0,598.42,889.72,4950.68,210,24.5,1212.92,6.1,388.79,6762.39
Maharashtra,West,Winter,35.9,Villa,7,Three Phase,5,4.4,1,5,5,3,Good,0.808,kWh,5.18,10.2,379.35,405.64,2866.12,650,23.1,662.07,11.2,467.96,4646.15
Punjab,North,Monsoon,28.4,Villa,1,Single Phase,5,4.8,1,3,6,8,Average,0.987,kWh,12.44,0.0,67.94,74.58,0.0,550,22.4,0.0,6.8,37.4,587.4
Telangana,South,Winter,24.8,Apartment,1,Single Phase,3,3.8,1,6,9,17,Average,0.769,kVAh,3.37,0.0,59.49,82.87,0.0,300,36.5,0.0,9.8,29.4,329.4
Uttar Pradesh,North,Summer,42.6,Independent House,6,Single Phase,2,3.7,1,4,6,0,Good,0.943,kVAh,12.34,0.0,469.29,525.81,2585.26,210,18.4,475.69,14.3,467.75,3738.7
Gujarat,West,Monsoon,28.6,Row House,2,Single Phase,1,3.3,0,5,11,24,Poor,0.877,kWh,19.91,0.0,74.09,88.75,240.88,115,21.2,51.07,8.3,33.78,440.72
Kerala,South,Summer,35.2,Villa,2,Single Phase,3,3.4,0,6,11,1,Good,0.741,kWh,26.71,0.0,91.13,104.36,332.4,285,25.8,85.76,9.0,63.28,766.45
Telangana,South,Spring,32.9,Row House,8,Three Phase,3,1.7,1,2,9,19,Average,0.95,kWh,11.14,21.4,495.2,543.47,1699.35,300,29.8,506.41,9.2,230.53,2736.29
Maharashtra,West,Monsoon,38.5,Apartment,4,Single Phase,3,3.1,1,2,4,17,Average,0.915,kWh,2.49,0.0,124.75,132.79,569.29,390,25.4,144.6,6.3,69.54,1173.43
Karnataka,South,Summer,34.2,Row House,2,Single Phase,3,3.2,0,4,10,25,Poor,0.775,kWh,12.7,0.0,113.83,128.66,678.16,285,20.3,137.67,14.0,154.12,1254.94
Tamil Nadu,South,Monsoon,32.2,Apartment,4,Three Phase,15,3.2,0,3,7,5,Good,0.777,kVAh,13.22,18.1,208.78,295.21,483.23,1500,27.1,130.96,10.8,228.33,2342.52
Madhya Pradesh,Central,Summer,42.0,Apartment,7,Single Phase,2,2.9,1,0,15,19,Average,0.872,kWh,5.08,0.0,635.23,673.51,3781.04,220,34.0,1285.55,14.4,761.27,6047.87
Delhi,North,Monsoon,31.5,Villa,7,Three Phase,2,4.3,0,3,15,21,Poor,0.974,kVAh,5.98,8.3,225.53,264.78,291.51,250,33.6,97.95,14.6,93.36,732.82
Rajasthan,North,Summer,38.9,Apartment,7,Single Phase,3,1.4,0,0,15,28,Poor,0.947,kWh,24.77,0.0,637.08,745.97,4767.76,360,36.7,1749.77,13.4,921.59,7799.12
Maharashtra,West,Spring,32.1,Row House,4,Three Phase,7,3.2,1,0,14,2,Good,0.888,kVAh,15.02,12.0,170.85,204.95,1106.88,910,34.3,379.66,10.7,256.43,2652.97
Kerala,South,Summer,39.2,Row House,5,Single Phase,2,4.7,0,0,1,3,Good,0.811,kVAh,2.08,0.0,495.57,640.36,3493.16,190,21.6,754.52,8.8,390.52,4828.2
Maharashtra,West,Spring,34.8,Apartment,2,Three Phase,7,3.7,0,4,14,19,Average,0.727,kWh,21.83,5.2,120.19,143.16,646.54,910,24.1,155.82,8.0,136.99,1849.35
Telangana,South,Summer,32.7,Villa,4,Single Phase,3,4.0,0,5,10,16,Average,0.827,kWh,4.01,0.0,214.76,239.8,395.67,300,37.2,147.19,13.5,113.79,956.64
Kerala,South,Monsoon,30.6,Villa,7,Single Phase,2,4.6,0,1,6,5,Good,0.759,kVAh,13.65,0.0,490.96,706.85,3892.1,190,20.5,797.88,14.6,712.48,5592.46
Kerala,South,Monsoon,28.4,Independent House,6,Three Phase,2,4.5,1,2,10,1,Good,0.875,kWh,3.84,24.7,225.85,239.76,1089.56,190,17.5,190.67,12.7,186.72,1656.95
Punjab,North,Summer,45.4,Villa,4,Single Phase,5,1.2,1,4,4,19,Average,0.876,kVAh,6.38,0.0,461.1,562.17,1435.19,550,24.6,353.06,11.2,261.88,2600.13
Uttar Pradesh,North,Spring,29.3,Independent House,6,Single Phase,5,4.9,1,0,14,30,Poor,0.938,kVAh,12.99,0.0,368.44,423.37,1965.38,525,32.2,632.85,14.4,449.75,3572.98
Karnataka,South,Monsoon,28.7,Row House,8,Three Phase,10,1.9,0,0,7,26,Poor,0.955,kVAh,18.54,14.0,507.72,630.41,4377.07,950,38.6,1689.55,6.7,470.11,7486.74
Uttar Pradesh,North,Spring,22.3,Row House,1,Single Phase,2,1.7,0,1,1,3,Good,0.906,kWh,1.15,0.0,52.57,55.58,186.19,210,28.2,52.51,6.6,29.61,478.31
Rajasthan,North,Winter,13.4,Villa,6,Three Phase,3,4.5,0,3,4,28,Poor,0.741,kWh,2.26,13.2,166.79,198.04,789.22,360,18.0,142.06,6.2,80.06,1371.34
Maharashtra,West,Winter,23.3,Independent House,8,Single Phase,3,3.5,1,3,15,17,Average,0.735,kWh,23.73,0.0,416.31,479.17,3597.74,390,38.8,1395.92,8.2,441.46,5825.13
Delhi,North,Spring,22.9,Row House,1,Three Phase,7,2.4,0,6,13,25,Poor,0.985,kVAh,24.58,18.5,72.64,90.44,0.0,875,16.1,0.0,11.7,102.38,977.38
Maharashtra,West,Spring,29.2,Apartment,3,Single Phase,2,3.6,1,0,1,27,Poor,0.929,kWh,1.65,0.0,81.5,91.11,296.11,260,26.6,78.76,13.6,86.34,721.21
Punjab,North,Summer,43.9,Independent House,8,Single Phase,5,3.8,1,0,2,9,Average,0.835,kWh,4.26,0.0,613.72,631.3,1919.1,550,28.2,541.19,5.5,165.57,3175.85
Rajasthan,North,Winter,7.7,Apartment,7,Single Phase,5,3.4,0,3,2,22,Poor,0.88,kWh,1.08,0.0,223.62,258.0,1119.0,600,36.6,409.55,13.1,278.84,2407.39
Delhi,North,Summer,40.7,Apartment,6,Single Phase,2,4.0,0,6,15,7,Good,0.981,kWh,28.96,0.0,656.97,739.78,3108.57,250,22.7,705.65,9.1,369.84,4434.06
Telangana,South,Summer,40.2,Independent House,2,Single Phase,2,3.0,0,4,1,8,Average,0.864,kWh,1.89,0.0,268.98,295.26,598.65,200,29.8,178.4,13.0,127.02,1104.07
West Bengal,East,Monsoon,31.9,Row House,2,Single Phase,3,1.2,0,0,1,6,Good,0.804,kWh,2.4,0.0,102.37,106.36,156.8,270,37.5,58.8,5.8,28.16,513.76
Kerala,South,Monsoon,33.4,Villa,4,Three Phase,2,2.3,0,4,10,12,Average,0.889,kVAh,13.96,15.2,285.68,373.25,1890.5,190,36.0,680.58,8.2,226.41,2987.49
Gujarat,West,Spring,34.9,Apartment,8,Single Phase,3,2.9,0,3,4,23,Poor,0.83,kWh,10.39,0.0,465.26,542.55,2234.02,345,24.4,545.1,9.3,290.54,3414.67
Gujarat,West,Winter,37.3,Independent House,1,Single Phase,5,2.5,0,0,11,2,Good,0.791,kWh,11.45,0.0,29.61,31.75,61.91,575,30.4,18.82,6.5,42.62,698.36
Delhi,North,Monsoon,23.0,Independent House,3,Single Phase,5,3.5,1,5,14,30,Poor,0.746,kWh,27.3,0.0,211.41,247.17,212.26,625,30.5,64.74,12.7,114.55,1016.56
Tamil Nadu,South,Summer,37.2,Row House,8,Single Phase,5,4.1,1,4,1,18,Average,0.799,kWh,0.69,0.0,573.51,603.3,1675.18,500,28.0,469.05,12.7,335.82,2980.05
Kerala,South,Spring,34.9,Villa,3,Single Phase,1,1.2,0,1,6,6,Good,0.763,kWh,11.86,0.0,182.8,193.75,813.5,95,33.5,272.52,14.4,170.07,1351.09
West Bengal,East,Summer,36.7,Villa,2,Single Phase,2,1.9,1,6,4,12,Average,0.923,kWh,3.99,0.0,188.51,205.03,650.15,180,35.1,228.2,10.0,105.84,1164.19
Delhi,North,Spring,22.7,Apartment,6,Three Phase,5,4.6,0,2,10,21,Poor,0.869,kWh,17.27,2.5,153.74,179.86,0.0,625,21.9,0.0,8.5,53.13,678.12
Telangana,South,Monsoon,31.1,Independent House,5,Single Phase,5,4.8,0,2,2,29,Poor,0.74,kVAh,4.17,0.0,166.33,246.58,420.48,500,22.1,92.93,12.4,125.66,1139.07
Punjab,North,Monsoon,23.0,Independent House,2,Single Phase,1,1.7,0,3,8,27,Poor,0.75,kVAh,12.81,0.0,68.64,105.57,0.0,110,26.6,0.0,11.5,12.65,122.65
Punjab,North,Spring,27.8,Apartment,4,Single Phase,3,1.5,0,6,12,17,Average,0.808,kWh,8.33,0.0,288.27,322.55,112.75,330,17.9,20.18,10.7,49.53,512.47
Telangana,South,Spring,33.3,Apartment,1,Single Phase,2,1.5,1,0,6,26,Poor,0.845,kVAh,12.35,0.0,51.84,67.61,0.0,200,38.5,0.0,6.8,13.6,213.6
Uttar Pradesh,North,Spring,24.7,Villa,5,Three Phase,10,2.8,1,1,3,1,Good,0.739,kVAh,4.83,10.7,209.25,296.51,1220.4,1050,29.3,357.58,7.1,186.59,2814.56
Delhi,North,Summer,38.1,Independent House,2,Three Phase,2,4.4,0,2,11,30,Poor,0.851,kWh,24.4,5.2,174.61,217.82,80.19,250,24.4,19.57,7.1,24.83,374.59
Maharashtra,West,Winter,29.9,Row House,6,Single Phase,2,3.8,0,2,1,10,Average,0.814,kWh,0.59,0.0,249.96,269.56,1588.22,260,31.2,495.53,9.6,225.0,2568.75
Delhi,North,Spring,23.0,Row House,8,Single Phase,1,3.3,0,3,14,5,Good,0.813,kWh,14.61,0.0,296.52,321.98,548.91,125,15.5,85.08,8.8,66.79,825.78
Uttar Pradesh,North,Winter,13.4,Apartment,6,Single Phase,3,2.7,1,4,4,17,Average,0.828,kVAh,7.06,0.0,395.41,506.56,2460.14,315,37.5,922.55,6.2,229.26,3926.95
West Bengal,East,Winter,32.6,Row House,3,Three Phase,2,1.7,1,2,3,22,Poor,0.749,kVAh,7.69,23.3,92.54,139.7,323.5,180,23.5,76.02,8.8,51.0,630.52
Madhya Pradesh,Central,Summer,44.6,Apartment,8,Single Phase,2,3.6,0,0,13,16,Average,0.814,kVAh,18.83,0.0,1074.09,1447.39,9082.12,220,23.6,2143.38,10.6,1213.22,12658.73
Karnataka,South,Summer,38.3,Row House,7,Three Phase,10,3.5,1,2,3,14,Average,0.783,kWh,7.57,7.1,694.1,745.69,5241.68,950,35.1,1839.83,12.3,987.87,9019.38
Karnataka,South,Monsoon,33.3,Villa,4,Single Phase,1,4.0,1,3,5,2,Good,0.731,kVAh,11.81,0.0,183.74,271.46,1684.95,95,28.7,483.58,12.9,292.0,2555.53
Gujarat,West,Monsoon,28.8,Row House,8,Three Phase,5,4.7,1,5,12,17,Average,0.962,kWh,6.13,5.5,320.1,341.91,1264.88,575,25.8,326.34,10.6,229.62,2395.84
Punjab,North,Spring,22.0,Row House,3,Single Phase,2,2.0,1,4,13,3,Good,0.971,kWh,28.82,0.0,227.08,256.31,0.0,220,35.1,0.0,10.8,23.76,243.76
Punjab,North,Summer,39.1,Independent House,2,Single Phase,3,2.7,1,3,10,7,Good,0.952,kWh,11.94,0.0,241.33,255.12,0.0,330,15.1,0.0,10.8,35.64,365.64
Kerala,South,Winter,25.4,Independent House,5,Single Phase,3,1.2,1,6,1,3,Good,0.843,kWh,2.4,0.0,312.04,324.36,1597.16,285,38.7,618.1,12.2,305.03,2805.29
Uttar Pradesh,North,Spring,28.3,Apartment,4,Single Phase,1,3.5,0,1,10,25,Poor,0.73,kWh,5.74,0.0,147.04,173.58,618.04,105,35.1,216.93,11.2,105.28,1045.25
West Bengal,East,Spring,26.8,Villa,2,Single Phase,2,3.8,0,5,12,4,Good,0.93,kVAh,10.97,0.0,94.94,110.89,179.45,180,17.6,31.58,10.3,40.28,431.31
Delhi,North,Monsoon,28.5,Apartment,7,Single Phase,3,2.1,0,3,7,23,Poor,0.797,kVAh,7.78,0.0,469.12,680.69,2724.49,375,29.4,801.0,11.8,460.26,4360.74
Kerala,South,Monsoon,27.8,Apartment,6,Three Phase,5,1.6,0,1,13,6,Good,0.755,kWh,27.92,6.7,232.51,272.42,1285.52,475,28.3,363.8,11.8,250.67,2374.99
Rajasthan,North,Spring,34.2,Villa,1,Three Phase,1,2.0,1,1,15,27,Poor,0.927,kVAh,7.83,5.3,35.29,41.39,144.87,120,39.3,56.93,9.9,31.86,353.65
Maharashtra,West,Spring,39.6,Row House,4,Single Phase,3,3.1,0,5,13,6,Good,0.883,kWh,5.58,0.0,108.45,116.27,446.21,390,23.3,103.97,7.9,74.27,1014.45
Kerala,South,Spring,33.6,Villa,3,Single Phase,5,2.2,0,6,2,4,Good,0.807,kWh,2.01,0.0,223.48,237.41,1075.46,475,15.8,169.92,5.6,96.34,1816.72
Tamil Nadu,South,Spring,26.1,Independent House,2,Single Phase,2,4.5,1,1,6,0,Good,0.907,kVAh,13.14,0.0,52.86,61.13,0.0,200,31.4,0.0,6.3,12.6,212.6
Rajasthan,North,Spring,28.9,Independent House,5,Single Phase,1,4.1,1,2,8,5,Good,0.977,kVAh,4.58,0.0,254.9,269.83,1184.07,120,28.7,339.83,14.1,231.79,1875.68
Tamil Nadu,South,Spring,32.1,Row House,4,Single Phase,2,4.2,1,6,15,27,Poor,0.894,kVAh,17.77,0.0,156.57,207.11,174.89,200,29.0,50.72,13.4,57.03,482.63
Rajasthan,North,Monsoon,30.3,Villa,2,Three Phase,3,4.5,1,2,8,12,Average,0.763,kWh,18.71,14.2,92.56,102.56,358.96,360,38.9,139.64,14.1,121.06,979.66
Tamil Nadu,South,Spring,27.2,Row House,7,Three Phase,7,1.3,1,3,9,23,Poor,0.742,kWh,16.22,18.9,278.83,342.01,647.03,700,29.5,190.88,10.1,155.33,1693.24
Rajasthan,North,Monsoon,27.6,Villa,8,Single Phase,3,1.8,0,6,10,17,Average,0.797,kWh,8.62,0.0,639.29,698.4,4387.2,360,18.6,816.02,9.2,511.82,6075.04
Punjab,North,Monsoon,29.9,Apartment,4,Three Phase,10,4.2,0,5,10,12,Average,0.85,kWh,22.87,22.7,234.79,280.32,0.0,1100,34.0,0.0,9.9,108.9,1208.9
Maharashtra,West,Monsoon,38.4,Row House,7,Three Phase,10,2.9,1,5,2,26,Poor,0.922,kWh,1.1,21.7,427.81,495.81,3763.31,1300,25.8,970.93,9.8,591.36,6625.6
Rajasthan,North,Winter,10.8,Apartment,2,Single Phase,2,1.4,0,2,1,17,Average,0.802,kWh,1.57,0.0,61.42,64.76,226.66,240,33.3,75.48,11.2,60.72,602.86
Madhya Pradesh,Central,Spring,22.6,Apartment,3,Single Phase,3,4.7,0,1,14,15,Average,0.873,kVAh,12.28,0.0,143.58,178.81,748.37,330,32.3,241.72,9.0,118.81,1438.9
Kerala,South,Monsoon,26.3,Independent House,4,Three Phase,3,2.7,0,6,11,15,Average,0.765,kWh,9.54,11.4,275.89,320.67,1575.02,285,33.6,529.21,10.5,250.87,2640.1
Delhi,North,Spring,30.7,Independent House,6,Single Phase,5,2.3,1,4,12,0,Good,0.983,kVAh,22.56,0.0,442.81,494.78,1516.07,625,39.3,595.82,11.7,320.22,3057.1
Maharashtra,West,Winter,25.7,Row House,3,Three Phase,15,3.8,1,0,10,17,Average,0.893,kWh,20.1,23.0,166.04,181.68,933.52,1950,37.1,346.33,14.8,478.02,3707.87
Punjab,North,Spring,22.0,Villa,1,Single Phase,3,1.6,0,0,10,29,Poor,0.751,kWh,13.94,0.0,53.21,60.04,0.0,330,33.6,0.0,11.1,36.63,366.63
Maharashtra,West,Monsoon,30.3,Villa,6,Single Phase,2,2.0,1,5,6,7,Good,0.751,kVAh,5.03,0.0,330.55,455.06,3357.85,260,22.1,742.08,14.1,614.75,4974.68
Karnataka,South,Spring,27.6,Villa,2,Single Phase,2,2.6,0,5,7,1,Good,0.83,kWh,5.63,0.0,83.7,91.08,439.49,190,21.7,95.37,12.1,87.71,812.57
Karnataka,South,Summer,39.8,Independent House,3,Single Phase,3,3.2,0,1,4,12,Average,0.946,kWh,10.4,0.0,140.23,156.14,859.52,285,25.3,217.46,8.7,118.49,1480.48
Kerala,South,Summer,32.2,Independent House,7,Single Phase,1,1.1,1,3,5,24,Poor,0.75,kWh,9.64,0.0,752.35,826.01,4607.06,95,20.1,926.02,10.3,579.69,6207.77
West Bengal,East,Spring,24.4,Row House,1,Three Phase,15,2.3,1,0,6,7,Good,0.933,kWh,3.32,1.2,63.46,65.05,0.0,1350,35.5,0.0,7.0,94.5,1444.5
Tamil Nadu,South,Winter,23.7,Independent House,4,Single Phase,1,3.4,1,6,12,4,Good,0.741,kVAh,16.9,0.0,195.53,290.84,467.94,100,15.2,71.13,13.0,83.08,722.15
Uttar Pradesh,North,Summer,38.9,Apartment,6,Single Phase,2,2.0,0,0,6,19,Average,0.736,kVAh,8.46,0.0,717.34,1051.04,5999.26,210,20.8,1247.85,5.5,410.14,7867.25
Gujarat,West,Monsoon,33.4,Villa,2,Single Phase,1,1.7,1,0,7,28,Poor,0.847,kVAh,5.73,0.0,83.76,111.47,324.94,115,29.6,96.18,11.9,63.8,599.92
Madhya Pradesh,Central,Winter,7.8,Independent House,7,Single Phase,1,4.7,1,6,7,1,Good,0.831,kWh,17.75,0.0,450.51,489.0,2525.4,110,26.4,666.71,14.2,468.9,3771.0
Punjab,North,Spring,25.8,Villa,8,Single Phase,5,4.1,1,1,10,23,Poor,0.766,kVAh,22.59,0.0,221.99,323.39,116.95,550,34.8,40.7,7.9,55.9,763.55
Rajasthan,North,Summer,45.1,Row House,6,Three Phase,2,1.7,1,2,9,19,Average,0.753,kWh,10.92,12.7,576.22,628.86,3830.88,240,26.8,1026.68,13.1,667.78,5765.34
Karnataka,South,Summer,37.4,Villa,7,Three Phase,5,1.5,0,4,7,27,Poor,0.75,kWh,16.5,9.1,468.87,565.25,3888.38,475,32.8,1275.39,12.1,682.29,6321.05
Madhya Pradesh,Central,Spring,26.4,Villa,3,Three Phase,7,3.3,0,5,7,25,Poor,0.792,kWh,5.85,20.5,146.16,175.91,733.44,770,25.0,183.36,7.3,123.14,1809.93
Rajasthan,North,Winter,6.7,Apartment,1,Single Phase,1,4.8,1,4,9,0,Good,0.789,kVAh,12.91,0.0,34.44,46.64,163.24,120,15.2,24.81,6.7,20.64,328.69
Rajasthan,North,Summer,42.4,Independent House,5,Single Phase,3,4.7,0,0,4,15,Average,0.807,kVAh,6.52,0.0,326.51,431.95,2306.64,360,36.8,848.84,8.1,284.75,3800.23
Maharashtra,West,Spring,29.0,Row House,2,Single Phase,3,1.7,1,0,5,20,Poor,0.777,kWh,3.0,0.0,102.59,110.65,404.34,390,34.1,137.88,5.5,51.27,983.5
Punjab,North,Summer,46.0,Apartment,4,Single Phase,5,2.7,1,5,7,0,Good,0.725,kVAh,15.17,0.0,465.78,691.32,2339.24,550,20.6,481.88,6.1,205.64,3576.76
Maharashtra,West,Spring,21.8,Independent House,2,Three Phase,10,3.0,1,1,1,18,Average,0.799,kWh,0.84,9.3,114.27,119.83,472.73,1300,34.1,161.2,6.8,131.51,2065.44
Kerala,South,Summer,36.1,Villa,1,Single Phase,1,4.9,0,1,15,30,Poor,0.926,kWh,7.12,0.0,81.17,92.74,280.69,95,15.6,43.79,10.4,43.63,463.11
Karnataka,South,Summer,33.9,Villa,4,Single Phase,1,3.1,1,0,4,8,Average,0.873,kVAh,8.32,0.0,285.23,351.32,2283.9,95,27.1,618.94,10.9,326.76,3324.6
Delhi,North,Winter,11.1,Row House,6,Single Phase,1,1.8,0,1,8,5,Good,0.804,kWh,12.71,0.0,354.36,388.72,849.24,125,23.7,201.27,6.0,70.53,1246.04
Uttar Pradesh,North,Summer,42.0,Independent House,4,Single Phase,2,4.1,0,1,5,16,Average,0.756,kVAh,7.81,0.0,413.82,582.36,2952.84,210,28.2,832.7,12.2,487.46,4483.0
Madhya Pradesh,Central,Summer,43.2,Apartment,8,Single Phase,2,1.9,0,5,15,29,Poor,0.727,kVAh,11.95,0.0,884.1,1416.12,8867.92,220,33.1,2935.28,11.8,1418.74,13441.94
Karnataka,South,Winter,27.7,Villa,1,Three Phase,2,2.2,1,2,14,13,Average,0.773,kWh,18.47,18.0,39.41,45.12,184.42,190,38.0,70.08,14.1,62.67,507.17
Rajasthan,North,Summer,40.2,Independent House,3,Three Phase,1,4.4,1,5,12,27,Poor,0.748,kWh,6.1,8.3,285.58,334.14,1597.51,120,31.1,496.83,13.9,307.79,2522.14
Tamil Nadu,South,Monsoon,31.3,Independent House,6,Single Phase,2,4.2,1,1,9,13,Average,0.82,kWh,7.26,0.0,359.74,377.86,772.51,200,30.9,238.71,9.3,112.64,1323.86
Gujarat,West,Spring,33.1,Villa,4,Three Phase,10,2.9,0,4,9,27,Poor,0.954,kVAh,9.2,1.6,148.64,178.18,571.77,1150,25.4,145.23,12.1,225.91,2092.9
Gujarat,West,Spring,24.0,Independent House,2,Single Phase,5,2.1,0,1,3,29,Poor,0.902,kWh,3.01,0.0,150.12,170.8,544.46,575,37.1,201.99,8.9,117.61,1439.06
Kerala,South,Winter,19.3,Independent House,7,Single Phase,5,4.5,1,0,13,25,Poor,0.843,kWh,15.24,0.0,258.71,292.0,1403.0,475,17.8,249.73,11.8,251.07,2378.81
Tamil Nadu,South,Spring,29.8,Villa,4,Single Phase,2,1.9,0,3,4,9,Average,0.799,kWh,8.77,0.0,154.56,174.33,111.5,200,30.1,33.56,13.4,46.24,391.29
Madhya Pradesh,Central,Monsoon,25.8,Row House,1,Three Phase,5,2.1,0,5,15,10,Average,0.831,kWh,7.09,10.0,49.62,55.72,222.88,550,33.5,74.66,5.2,44.07,891.62
Kerala,South,Spring,31.1,Row House,2,Three Phase,2,4.8,0,3,8,24,Poor,0.85,kVAh,20.43,22.6,72.83,104.79,334.32,190,23.1,77.23,7.5,45.12,646.66
Rajasthan,North,Winter,14.1,Apartment,7,Single Phase,3,3.7,0,1,6,1,Good,0.776,kVAh,10.91,0.0,349.27,485.95,2698.14,360,20.4,550.42,9.5,342.81,3951.37
Madhya Pradesh,Central,Spring,28.4,Apartment,8,Single Phase,1,1.5,0,1,14,13,Average,0.84,kVAh,18.02,0.0,295.5,406.49,2022.09,110,17.9,361.95,14.0,349.17,2843.21
Maharashtra,West,Spring,20.8,Independent House,5,Single Phase,1,2.1,1,5,11,24,Poor,0.724,kVAh,9.95,0.0,361.28,576.04,4655.13,130,35.4,1647.92,9.7,624.01,7057.05
Rajasthan,North,Monsoon,34.2,Villa,1,Single Phase,5,3.6,0,4,5,20,Poor,0.777,kWh,1.99,0.0,65.57,77.7,271.95,600,20.4,55.48,6.2,57.5,984.93
Karnataka,South,Summer,36.3,Independent House,4,Single Phase,1,2.1,1,5,11,8,Average,0.739,kWh,10.18,0.0,295.47,312.66,1993.95,95,23.2,462.6,11.6,295.98,2847.53
Madhya Pradesh,Central,Monsoon,34.7,Villa,1,Single Phase,3,3.6,1,5,4,14,Average,0.912,kWh,7.66,0.0,51.48,55.98,223.92,330,39.7,88.9,7.9,50.78,693.6
Telangana,South,Spring,27.2,Apartment,7,Three Phase,3,2.7,0,2,9,27,Poor,0.943,kWh,17.45,8.7,406.09,464.69,1305.45,300,19.2,250.65,8.9,165.19,2021.29
Gujarat,West,Monsoon,39.3,Row House,1,Single Phase,3,1.7,1,6,15,21,Poor,0.9,kVAh,39.55,0.0,72.98,101.78,289.09,345,17.2,49.72,13.6,93.0,776.81
Rajasthan,North,Summer,44.9,Row House,5,Single Phase,5,3.9,1,2,13,1,Good,0.938,kVAh,33.46,0.0,294.85,352.71,1732.15,600,36.8,637.43,11.3,335.56,3305.14
Maharashtra,West,Spring,21.0,Row House,7,Single Phase,2,1.4,1,5,8,17,Average,0.98,kWh,10.86,0.0,263.96,286.96,1717.85,260,17.9,307.5,14.2,324.52,2609.87
Rajasthan,North,Winter,18.0,Villa,8,Three Phase,7,4.9,0,4,15,21,Poor,0.953,kVAh,38.49,4.3,511.82,693.25,4346.0,840,32.5,1412.45,9.8,646.65,7245.1
Uttar Pradesh,North,Summer,39.2,Apartment,6,Single Phase,3,1.8,1,5,4,14,Average,0.823,kWh,10.26,0.0,399.24,438.77,2056.24,315,20.0,411.25,12.9,358.94,3141.43
Kerala,South,Monsoon,34.1,Independent House,6,Three Phase,3,1.4,0,6,10,2,Good,0.847,kWh,17.47,24.7,419.03,476.91,2512.46,285,38.4,964.78,11.7,440.18,4202.43
Tamil Nadu,South,Summer,34.0,Villa,8,Single Phase,3,2.8,0,1,1,14,Average,0.898,kWh,2.48,0.0,445.2,479.92,1129.72,300,39.9,450.76,12.9,242.58,2123.06
Delhi,North,Winter,7.8,Row House,8,Three Phase,5,4.7,1,4,10,25,Poor,0.975,kWh,11.47,10.4,208.72,248.79,219.55,625,26.2,57.52,8.0,72.17,974.24
Gujarat,West,Summer,31.8,Independent House,6,Single Phase,2,1.1,1,4,14,3,Good,0.928,kWh,32.12,0.0,304.16,349.46,1299.99,230,25.4,330.2,10.6,197.18,2057.37
Uttar Pradesh,North,Monsoon,34.2,Row House,8,Single Phase,2,2.8,0,4,15,3,Good,0.855,kVAh,28.54,0.0,515.48,681.71,3598.62,210,25.6,921.25,13.9,657.45,5387.31
Gujarat,West,Summer,40.0,Apartment,6,Single Phase,3,4.9,0,0,1,13,Average,0.747,kVAh,0.62,0.0,250.79,362.03,1358.44,345,35.8,486.32,14.0,306.57,2496.33
Madhya Pradesh,Central,Spring,28.1,Row House,8,Single Phase,1,1.1,1,1,15,27,Poor,0.737,kWh,21.05,0.0,590.21,649.16,3614.25,110,35.0,1264.99,5.3,264.43,5253.66
Punjab,North,Summer,44.7,Apartment,5,Single Phase,1,1.7,0,6,6,22,Poor,0.967,kVAh,4.13,0.0,365.79,433.45,667.25,110,31.8,212.19,11.1,109.83,1099.26
Uttar Pradesh,North,Spring,30.5,Villa,3,Single Phase,3,2.1,1,6,1,3,Good,0.929,kVAh,1.39,0.0,205.01,233.89,913.56,315,35.5,324.31,12.2,189.45,1742.33
Maharashtra,West,Summer,39.9,Row House,3,Single Phase,3,4.0,0,3,15,8,Average,0.89,kWh,22.82,0.0,328.1,365.21,2463.84,390,26.8,660.31,6.0,210.85,3725.0
Uttar Pradesh,North,Spring,24.1,Villa,3,Three Phase,3,3.3,1,5,15,30,Poor,0.735,kVAh,25.13,0.6,143.81,237.83,932.87,315,38.9,362.89,6.9,111.14,1721.89
Tamil Nadu,South,Monsoon,29.9,Villa,4,Single Phase,1,4.5,1,6,7,25,Poor,0.865,kVAh,3.89,0.0,145.29,192.11,138.17,100,26.9,37.17,6.2,17.07,292.4
Kerala,South,Summer,40.0,Apartment,5,Single Phase,1,3.4,1,5,12,17,Average,0.857,kWh,22.05,0.0,448.02,513.15,2729.9,95,21.5,586.93,7.8,266.12,3677.95
Karnataka,South,Monsoon,35.0,Villa,8,Three Phase,10,1.5,0,5,1,8,Average,0.746,kVAh,1.43,24.4,437.84,648.32,4511.4,950,27.6,1245.15,10.5,704.19,7410.73
Tamil Nadu,South,Monsoon,27.3,Villa,6,Single Phase,5,2.7,0,1,14,25,Poor,0.917,kWh,31.9,0.0,192.07,224.13,234.45,500,34.6,81.12,10.8,88.08,903.66
Gujarat,West,Summer,21.6,Apartment,7,Single Phase,3,1.1,1,1,4,29,Poor,0.78,kVAh,1.88,0.0,329.26,461.02,1818.74,345,26.4,480.15,7.2,190.36,2834.25
West Bengal,East,Spring,32.4,Apartment,6,Single Phase,1,1.6,1,6,12,23,Poor,0.815,kVAh,27.01,0.0,460.76,668.45,3688.96,90,38.7,1427.63,14.8,770.58,5977.17
Kerala,South,Winter,24.2,Villa,2,Single Phase,2,1.1,0,1,2,29,Poor,0.988,kWh,3.16,0.0,85.75,96.52,297.51,190,23.9,71.11,12.5,69.83,628.45
Punjab,North,Winter,10.9,Villa,6,Single Phase,5,4.6,0,3,11,6,Good,0.75,kWh,12.93,0.0,368.84,396.54,482.7,550,17.1,82.54,13.7,152.79,1268.03
Tamil Nadu,South,Monsoon,31.3,Independent House,4,Three Phase,15,3.0,1,0,15,28,Poor,0.807,kWh,35.71,10.5,140.72,165.87,98.81,1500,20.6,20.35,8.9,144.11,1763.26
Gujarat,West,Spring,37.9,Villa,7,Single Phase,1,3.2,1,0,9,29,Poor,0.721,kWh,18.67,0.0,273.02,309.87,1115.9,115,37.0,412.88,14.0,230.13,1873.91
Karnataka,South,Monsoon,26.7,Row House,4,Three Phase,7,4.4,0,0,5,11,Average,0.877,kVAh,6.51,5.8,153.75,187.53,1066.7,665,21.2,226.14,9.2,180.12,2137.96
Kerala,South,Monsoon,31.2,Row House,6,Single Phase,1,4.0,1,5,4,28,Poor,0.955,kWh,2.98,0.0,389.19,428.87,2224.22,95,34.3,762.91,10.7,329.79,3411.92
Maharashtra,West,Summer,35.1,Independent House,1,Single Phase,3,3.0,0,5,8,22,Poor,0.915,kWh,18.41,0.0,67.06,82.61,268.48,390,39.0,104.71,14.2,108.37,871.56
Kerala,South,Monsoon,30.6,Villa,3,Three Phase,15,1.5,0,2,4,9,Average,0.822,kWh,9.44,2.5,187.17,207.06,893.36,1425,17.8,159.02,5.2,128.82,2606.2
Delhi,North,Spring,27.7,Apartment,6,Single Phase,2,4.5,1,3,9,28,Poor,0.808,kWh,6.7,0.0,228.04,250.5,227.25,250,26.1,59.31,10.5,56.34,592.9
Gujarat,West,Spring,26.0,Apartment,1,Three Phase,15,1.3,1,4,11,23,Poor,0.83,kVAh,23.18,22.2,55.71,81.12,212.64,1725,23.1,49.12,12.5,248.35,2235.11
Uttar Pradesh,North,Spring,27.4,Villa,8,Single Phase,5,3.4,1,0,9,29,Poor,0.914,kVAh,15.1,0.0,509.19,630.51,3265.82,525,23.1,754.4,11.4,518.15,5063.37
Kerala,South,Summer,32.3,Independent House,5,Three Phase,15,4.6,0,5,7,22,Poor,0.979,kVAh,8.58,19.4,498.76,601.54,3260.24,1425,27.2,886.79,13.0,724.36,6296.39
Karnataka,South,Summer,37.3,Independent House,8,Single Phase,2,1.2,1,0,11,10,Average,0.925,kWh,12.61,0.0,764.88,821.49,5810.18,190,28.9,1679.14,12.8,982.95,8662.27
Tamil Nadu,South,Winter,27.3,Independent House,1,Three Phase,7,3.1,1,1,2,19,Average,0.903,kVAh,4.49,19.1,56.71,68.05,0.0,700,28.9,0.0,14.7,102.9,802.9
Rajasthan,North,Winter,15.2,Villa,4,Single Phase,3,4.3,1,2,2,8,Average,0.821,kVAh,1.61,0.0,249.73,320.63,1499.57,360,26.8,401.88,12.0,271.37,2532.83
Tamil Nadu,South,Summer,39.0,Villa,8,Single Phase,5,4.9,1,1,4,7,Good,0.985,kWh,3.67,0.0,661.49,683.8,2045.48,500,17.1,349.78,13.0,376.38,3271.64
Uttar Pradesh,North,Summer,47.7,Villa,4,Single Phase,1,4.1,1,0,13,20,Poor,0.96,kWh,26.45,0.0,470.29,544.82,2708.83,105,36.3,983.31,12.0,455.66,4252.79
West Bengal,East,Winter,33.7,Independent House,5,Single Phase,1,3.7,1,2,14,21,Poor,0.904,kVAh,8.13,0.0,345.21,415.58,1919.81,90,21.4,410.84,8.1,196.07,2616.73
Kerala,South,Summer,32.9,Independent House,2,Single Phase,2,2.9,0,4,14,4,Good,0.913,kWh,35.85,0.0,166.19,200.88,856.28,190,33.6,287.71,11.2,149.41,1483.4
Maharashtra,West,Winter,27.4,Independent House,7,Three Phase,7,4.8,1,5,14,15,Average,0.724,kWh,19.89,15.4,187.28,208.24,1131.39,910,39.0,441.24,6.0,148.96,2631.59
Madhya Pradesh,Central,Monsoon,28.0,Independent House,1,Single Phase,5,4.8,1,3,14,24,Poor,0.95,kWh,27.9,0.0,50.5,58.29,233.16,550,22.2,51.76,7.9,65.96,900.88
Punjab,North,Spring,29.7,Independent House,7,Single Phase,2,4.0,1,6,15,24,Poor,0.953,kVAh,28.98,0.0,379.44,481.75,908.75,220,23.8,216.28,11.8,158.71,1503.75
Rajasthan,North,Spring,28.2,Apartment,1,Single Phase,1,2.3,1,4,10,6,Good,0.924,kWh,25.38,0.0,57.62,62.29,218.01,120,31.8,69.33,14.4,58.66,466.0
Kerala,South,Monsoon,25.6,Apartment,6,Single Phase,3,2.5,1,0,3,3,Good,0.732,kWh,2.03,0.0,193.08,196.21,828.26,285,34.2,283.26,12.6,175.96,1572.49
Tamil Nadu,South,Spring,30.5,Row House,6,Single Phase,2,1.3,1,2,6,29,Poor,0.855,kWh,14.23,0.0,218.25,242.78,299.73,200,19.9,59.65,12.6,70.48,629.86
Kerala,South,Spring,34.8,Apartment,7,Single Phase,1,1.2,1,3,13,8,Average,0.858,kVAh,21.68,0.0,534.05,688.98,3784.88,95,31.1,1177.1,6.2,313.53,5370.51
Delhi,North,Monsoon,23.6,Villa,6,Three Phase,2,3.6,0,5,8,3,Good,0.778,kWh,9.63,12.9,317.15,357.25,707.62,250,19.1,135.16,8.8,96.16,1188.95
Madhya Pradesh,Central,Spring,32.7,Independent House,2,Single Phase,5,2.7,1,6,14,15,Average,0.759,kVAh,9.69,0.0,93.92,134.38,537.52,550,22.7,122.02,10.6,128.21,1337.75
Madhya Pradesh,Central,Summer,38.5,Villa,6,Single Phase,1,2.5,1,6,4,9,Average,0.855,kWh,10.13,0.0,590.68,638.9,3543.96,110,36.4,1290.0,10.2,504.28,5448.25
Punjab,North,Summer,44.2,Apartment,2,Single Phase,2,3.9,1,2,7,3,Good,0.972,kVAh,8.42,0.0,138.38,148.05,0.0,220,19.0,0.0,12.9,28.38,248.38
Gujarat,West,Spring,20.8,Apartment,5,Three Phase,5,4.2,0,6,2,5,Good,0.967,kVAh,1.0,22.9,227.14,260.9,888.18,575,24.7,219.38,11.3,190.13,1872.7
Telangana,South,Winter,24.8,Apartment,5,Single Phase,5,4.5,0,2,14,13,Average,0.961,kVAh,10.91,0.0,150.85,173.84,184.6,500,24.5,45.23,10.5,76.63,806.46
Rajasthan,North,Winter,12.9,Independent House,4,Three Phase,7,2.7,1,1,12,23,Poor,0.815,kVAh,13.47,1.3,121.76,169.02,629.61,840,24.9,156.77,13.2,214.68,1841.07
Tamil Nadu,South,Monsoon,25.9,Row House,1,Three Phase,3,1.8,1,6,1,3,Good,0.938,kVAh,1.83,1.0,42.19,46.31,0.0,300,35.3,0.0,11.6,34.8,334.8
West Bengal,East,Winter,24.5,Independent House,1,Single Phase,2,1.1,1,5,12,19,Average,0.827,kVAh,10.71,0.0,73.91,96.81,109.05,180,26.8,29.23,5.3,16.87,335.14
Madhya Pradesh,Central,Winter,12.4,Villa,5,Single Phase,2,3.0,1,5,12,24,Poor,0.824,kWh,13.29,0.0,172.1,200.0,857.5,220,32.4,277.83,8.2,111.14,1466.47
Madhya Pradesh,Central,Summer,38.7,Apartment,6,Single Phase,1,3.8,1,0,5,2,Good,0.77,kWh,6.95,0.0,652.49,671.85,3769.67,110,23.8,897.18,12.9,616.21,5393.07
Kerala,South,Monsoon,30.5,Row House,8,Single Phase,1,1.7,1,2,3,12,Average,0.788,kWh,7.49,0.0,520.34,554.01,2975.06,95,16.0,476.01,14.3,507.09,4053.16
Delhi,North,Summer,46.3,Apartment,6,Single Phase,5,2.3,0,1,8,26,Poor,0.977,kVAh,6.26,0.0,413.36,475.52,1390.88,625,36.9,513.23,8.7,220.03,2749.15
Uttar Pradesh,North,Winter,13.0,Row House,8,Single Phase,5,4.6,0,2,1,5,Good,0.972,kWh,0.8,0.0,425.74,449.16,2117.54,525,20.4,431.98,13.5,415.06,3489.58
Tamil Nadu,South,Winter,25.1,Apartment,6,Three Phase,7,3.0,0,6,14,6,Good,0.913,kVAh,22.92,9.6,271.81,340.14,640.49,700,30.5,195.35,6.2,95.22,1631.06
Uttar Pradesh,North,Summer,38.3,Villa,2,Single Phase,5,1.6,0,6,10,27,Poor,0.725,kVAh,15.02,0.0,130.57,210.97,801.25,525,26.1,209.13,13.2,202.67,1738.05
Punjab,North,Winter,17.3,Row House,8,Single Phase,3,3.4,1,5,15,15,Average,0.831,kWh,20.2,0.0,319.97,343.56,217.8,330,33.3,72.53,5.6,34.74,655.07
Uttar Pradesh,North,Winter,5.2,Villa,3,Three Phase,15,4.2,1,2,8,23,Poor,0.917,kWh,9.55,22.7,206.79,230.59,897.39,1575,27.8,249.47,12.9,351.12,3072.99
Punjab,North,Spring,22.4,Independent House,3,Single Phase,5,4.4,0,2,14,17,Average,0.869,kVAh,12.03,0.0,119.95,155.19,0.0,550,16.7,0.0,5.2,28.6,578.6
Madhya Pradesh,Central,Winter,15.9,Independent House,3,Three Phase,10,1.5,0,1,7,24,Poor,0.88,kWh,15.49,2.4,196.43,231.57,1020.09,1100,36.5,372.33,8.4,209.36,2701.78
Delhi,North,Summer,39.0,Villa,6,Three Phase,10,4.5,0,5,13,29,Poor,0.897,kWh,22.13,5.0,335.29,401.83,911.89,1250,26.1,238.0,7.8,187.19,2587.09
Punjab,North,Summer,42.7,Independent House,8,Single Phase,1,4.8,0,0,2,11,Average,0.884,kWh,5.16,0.0,403.19,430.67,653.35,110,26.1,170.52,9.2,85.92,1019.79
Delhi,North,Spring,34.5,Row House,4,Single Phase,5,4.3,1,2,12,0,Good,0.85,kWh,8.84,0.0,267.08,279.4,357.3,625,30.1,107.55,9.3,101.36,1191.2
Delhi,North,Winter,5.8,Apartment,7,Single Phase,5,3.2,0,0,9,12,Average,0.989,kWh,18.48,0.0,235.45,257.44,258.48,625,31.1,80.39,9.3,89.64,1053.51
Tamil Nadu,South,Monsoon,25.9,Row House,5,Three Phase,1,2.6,1,2,5,8,Average,0.835,kWh,11.86,16.0,255.46,276.96,419.36,100,34.3,143.84,14.1,93.51,756.71
Karnataka,South,Winter,22.9,Villa,8,Three Phase,1,2.7,0,4,12,14,Average,0.848,kVAh,20.64,5.0,308.86,427.33,2853.97,95,34.3,978.91,6.2,243.53,4171.42
Kerala,South,Winter,26.4,Villa,5,Three Phase,3,1.6,0,6,12,14,Average,0.912,kVAh,27.7,8.1,175.6,221.75,981.5,285,32.4,318.01,8.0,126.76,1711.27
Rajasthan,North,Monsoon,30.6,Row House,2,Single Phase,5,1.4,0,3,10,0,Good,0.789,kWh,7.09,0.0,161.09,176.18,668.99,600,27.2,181.97,10.5,152.35,1603.31
Maharashtra,West,Winter,34.0,Villa,7,Single Phase,2,4.1,0,1,8,20,Poor,0.986,kVAh,8.26,0.0,423.6,481.68,3622.72,260,39.6,1434.6,5.2,276.5,5593.81
Uttar Pradesh,North,Monsoon,34.6,Row House,8,Three Phase,5,4.1,1,4,15,9,Average,0.917,kWh,8.96,6.4,316.15,344.82,1501.94,525,23.8,357.46,8.6,205.06,2589.46
Kerala,South,Winter,22.0,Row House,2,Single Phase,5,4.1,0,1,9,27,Poor,0.806,kVAh,21.22,0.0,108.4,158.52,602.12,475,16.2,97.54,6.4,75.18,1249.84
Delhi,North,Monsoon,26.8,Villa,5,Single Phase,3,4.5,0,0,12,8,Average,0.739,kVAh,21.96,0.0,206.87,323.01,553.54,375,30.3,167.72,8.2,89.89,1186.16
Maharashtra,West,Monsoon,29.8,Apartment,4,Single Phase,3,2.8,0,6,11,4,Good,0.897,kWh,12.82,0.0,127.37,142.85,644.23,390,39.3,253.18,7.7,99.13,1386.55
Telangana,South,Spring,34.2,Villa,4,Single Phase,1,2.2,1,6,11,29,Poor,0.868,kWh,5.5,0.0,274.38,304.57,632.73,100,25.8,163.24,11.1,99.45,995.42
Rajasthan,North,Winter,11.3,Apartment,3,Single Phase,5,4.9,1,3,14,19,Average,0.937,kWh,26.23,0.0,171.39,185.77,721.74,600,27.8,200.64,6.2,94.39,1616.76
Tamil Nadu,South,Winter,18.8,Row House,2,Three Phase,3,3.4,0,3,12,30,Poor,0.732,kWh,9.68,3.5,93.02,110.34,15.51,300,30.9,4.79,12.9,41.32,361.62
Karnataka,South,Spring,29.0,Apartment,3,Three Phase,1,1.6,0,0,9,6,Good,0.84,kVAh,19.72,18.4,222.86,295.64,1866.3,95,21.2,395.66,7.1,167.34,2524.3
Uttar Pradesh,North,Monsoon,28.4,Apartment,5,Single Phase,2,1.0,1,5,9,17,Average,0.819,kWh,3.13,0.0,333.62,357.14,1574.63,210,18.2,286.58,6.2,128.41,2199.62
Maharashtra,West,Winter,21.9,Independent House,2,Single Phase,3,2.3,1,2,11,11,Average,0.931,kVAh,9.74,0.0,64.02,71.99,233.97,390,38.9,91.01,14.9,106.53,821.51
Rajasthan,North,Monsoon,28.9,Villa,5,Single Phase,2,2.2,0,5,2,11,Average,0.925,kVAh,4.75,0.0,217.27,261.68,1139.24,240,16.5,187.97,8.7,136.35,1703.56
Telangana,South,Spring,33.4,Villa,1,Three Phase,3,2.5,1,2,5,19,Average,0.893,kWh,6.65,19.6,55.86,60.55,0.0,300,33.3,0.0,8.1,24.3,324.3
West Bengal,East,Summer,32.6,Villa,4,Single Phase,5,2.4,0,2,3,20,Poor,0.847,kWh,5.55,0.0,312.3,348.73,1485.96,450,29.0,430.93,5.8,137.28,2504.16
Tamil Nadu,South,Monsoon,31.6,Row House,1,Single Phase,2,3.1,1,5,1,15,Average,0.918,kVAh,0.4,0.0,65.78,76.01,0.0,200,17.4,0.0,9.6,19.2,219.2
Madhya Pradesh,Central,Monsoon,31.3,Villa,4,Single Phase,3,3.7,0,3,2,13,Average,0.867,kWh,1.5,0.0,122.51,135.02,540.08,330,24.5,132.32,12.7,127.3,1129.7
Uttar Pradesh,North,Winter,17.5,Row House,2,Single Phase,5,1.6,0,4,6,28,Poor,0.973,kWh,4.56,0.0,144.31,163.0,566.2,525,33.0,186.85,7.0,89.46,1367.51
Punjab,North,Monsoon,27.4,Row House,3,Three Phase,2,1.2,0,3,2,20,Poor,0.839,kWh,2.84,15.5,113.08,131.47,0.0,220,26.2,0.0,5.3,11.66,231.66
Uttar Pradesh,North,Spring,34.5,Apartment,3,Single Phase,3,4.3,1,1,12,26,Poor,0.902,kVAh,21.14,0.0,101.2,129.02,432.22,315,24.6,106.33,12.2,104.13,957.67
West Bengal,East,Summer,20.3,Villa,3,Three Phase,5,1.6,0,3,15,21,Poor,0.787,kWh,36.99,21.9,198.42,258.86,919.3,450,21.3,195.81,9.2,143.99,1709.1
Rajasthan,North,Winter,10.2,Row House,3,Single Phase,1,4.6,0,1,9,22,Poor,0.943,kWh,8.54,0.0,152.64,174.59,660.25,120,16.7,110.26,6.2,55.21,945.72
Punjab,North,Summer,45.6,Row House,7,Single Phase,1,3.9,0,4,10,4,Good,0.939,kWh,20.77,0.0,811.9,892.26,3745.82,110,26.5,992.64,14.2,688.48,5536.94
Rajasthan,North,Spring,27.3,Apartment,5,Three Phase,10,4.1,0,3,15,26,Poor,0.81,kVAh,13.18,13.7,212.48,313.96,1451.21,1200,29.3,425.2,9.1,279.95,3356.37
Uttar Pradesh,North,Monsoon,29.2,Row House,4,Single Phase,2,4.4,1,1,15,28,Poor,0.958,kWh,14.07,0.0,147.03,173.2,616.18,210,20.7,127.55,7.4,70.58,1024.31
Gujarat,West,Winter,32.5,Independent House,4,Three Phase,3,4.5,1,5,5,21,Poor,0.814,kVAh,1.69,14.1,197.64,271.79,938.82,345,39.3,368.96,5.1,84.29,1737.07
Punjab,North,Spring,29.7,Row House,4,Single Phase,2,3.2,0,4,9,1,Good,0.773,kWh,11.34,0.0,217.32,240.11,0.0,220,37.4,0.0,7.7,16.94,236.94
Maharashtra,West,Summer,23.9,Row House,7,Three Phase,3,5.0,0,3,13,27,Poor,0.818,kVAh,24.32,7.1,400.79,584.8,4753.06,390,16.2,770.0,6.4,378.44,6291.5
Uttar Pradesh,North,Summer,38.1,Villa,3,Three Phase,3,2.7,1,0,7,4,Good,0.96,kWh,16.62,24.4,306.57,329.71,1412.79,315,20.9,295.27,13.6,275.14,2298.2
Maharashtra,West,Winter,28.3,Apartment,6,Single Phase,3,3.4,0,6,3,27,Poor,0.882,kVAh,3.4,0.0,321.64,429.32,3101.73,390,18.1,561.41,10.5,425.58,4478.73
Karnataka,South,Monsoon,29.6,Row House,2,Single Phase,3,1.6,0,6,13,8,Average,0.789,kVAh,29.27,0.0,141.07,217.44,1279.8,285,27.5,351.94,7.7,147.59,2064.33
Uttar Pradesh,North,Winter,6.6,Row House,2,Three Phase,3,4.3,0,6,5,20,Poor,0.946,kVAh,8.19,20.5,69.99,88.65,296.98,315,16.4,48.7,8.7,57.48,718.16
West Bengal,East,Summer,32.8,Independent House,6,Three Phase,7,3.1,1,4,10,9,Average,0.917,kWh,20.01,0.9,402.23,443.05,2098.09,630,22.0,461.58,7.2,229.66,3419.33
Maharashtra,West,Monsoon,38.2,Villa,4,Three Phase,15,3.0,0,1,3,26,Poor,0.953,kWh,4.49,18.6,220.4,249.22,1436.69,1950,25.8,370.67,14.1,529.79,4287.14
Uttar Pradesh,North,Summer,46.4,Villa,7,Single Phase,3,2.3,0,1,2,15,Average,0.975,kWh,1.23,0.0,412.84,451.54,2131.59,315,19.7,419.92,6.0,171.99,3038.5
West Bengal,East,Monsoon,23.3,Apartment,6,Single Phase,1,4.8,1,0,4,14,Average,0.895,kVAh,8.56,0.0,240.78,287.77,1090.33,90,18.1,197.35,10.0,137.77,1515.44
Telangana,South,Summer,36.6,Villa,2,Single Phase,2,1.6,0,6,5,9,Average,0.826,kWh,4.24,0.0,125.13,138.12,95.3,200,37.3,35.55,6.2,20.51,351.36
Uttar Pradesh,North,Spring,31.8,Villa,2,Three Phase,7,3.9,1,4,9,28,Poor,0.767,kWh,7.35,15.9,73.52,82.95,277.88,735,24.1,66.97,6.4,69.11,1148.96
Uttar Pradesh,North,Spring,34.6,Apartment,1,Three Phase,5,2.8,0,2,6,9,Average,0.76,kVAh,3.01,14.6,34.99,50.89,170.48,525,39.9,68.02,8.2,62.61,826.11
West Bengal,East,Spring,25.9,Row House,5,Single Phase,3,3.7,1,3,3,2,Good,0.896,kWh,4.33,0.0,326.01,342.8,1447.47,270,20.1,290.94,10.8,216.91,2225.32
Telangana,South,Winter,23.9,Villa,5,Three Phase,10,1.7,1,3,8,1,Good,0.959,kWh,4.13,10.8,391.0,412.93,1046.65,1000,17.4,182.12,14.9,332.09,2560.85
Kerala,South,Summer,35.8,Apartment,4,Single Phase,3,3.7,1,0,9,7,Good,0.826,kWh,23.86,0.0,175.8,183.52,752.12,285,15.5,116.58,11.9,137.29,1290.99
Punjab,North,Winter,6.3,Apartment,1,Single Phase,1,1.9,0,1,8,2,Good,0.75,kWh,16.31,0.0,71.58,79.69,0.0,110,18.6,0.0,14.2,15.62,125.62
Karnataka,South,Winter,24.8,Apartment,4,Three Phase,15,4.4,0,1,12,23,Poor,0.724,kWh,28.44,1.5,113.79,136.24,728.18,1425,21.1,153.65,6.5,149.94,2456.77
Delhi,North,Spring,27.6,Apartment,8,Three Phase,2,2.5,0,6,4,6,Good,0.812,kVAh,9.76,18.0,236.84,325.69,565.61,250,23.8,134.61,7.6,72.22,1022.44
Uttar Pradesh,North,Monsoon,28.9,Independent House,8,Three Phase,10,4.4,0,4,5,19,Average,0.851,kWh,5.44,11.1,245.84,274.86,1114.31,1050,17.5,195.0,6.0,141.56,2500.88
Tamil Nadu,South,Winter,23.4,Villa,5,Single Phase,5,2.2,1,1,3,6,Good,0.829,kWh,7.94,0.0,161.36,167.44,101.16,500,23.2,23.47,11.7,73.08,697.71
Punjab,North,Summer,42.8,Apartment,6,Single Phase,5,4.1,0,2,11,24,Poor,0.925,kWh,26.75,0.0,512.58,586.45,1605.15,550,26.8,430.18,10.7,276.63,2861.96
Maharashtra,West,Summer,26.3,Villa,4,Single Phase,5,2.6,1,3,10,14,Average,0.81,kVAh,13.48,0.0,202.43,273.56,1618.02,650,35.5,574.4,9.6,272.87,3115.29
West Bengal,East,Summer,34.1,Villa,6,Three Phase,15,4.2,1,1,6,27,Poor,0.983,kWh,11.54,13.0,617.26,676.34,3746.16,1350,26.9,1007.72,11.8,720.26,6824.14
Gujarat,West,Winter,29.3,Independent House,4,Single Phase,2,3.9,0,4,12,6,Good,0.82,kVAh,16.45,0.0,196.7,260.51,886.37,230,18.4,163.09,9.3,118.99,1398.45
Telangana,South,Monsoon,31.1,Villa,7,Single Phase,5,4.8,0,2,11,27,Poor,0.759,kVAh,20.75,0.0,534.95,836.93,3166.65,500,19.2,608.0,13.1,559.98,4834.63
Madhya Pradesh,Central,Monsoon,32.5,Apartment,8,Three Phase,15,4.5,0,5,11,21,Poor,0.924,kVAh,24.99,5.5,414.35,550.89,2941.1,1650,15.3,449.99,6.9,347.83,5388.92
Gujarat,West,Winter,30.5,Villa,5,Single Phase,2,1.8,0,6,14,9,Average,0.895,kWh,30.24,0.0,229.74,263.3,899.35,230,35.3,317.47,11.8,170.72,1617.54
Delhi,North,Winter,5.1,Apartment,6,Single Phase,3,4.3,1,6,14,24,Poor,0.753,kVAh,25.82,0.0,185.71,280.65,362.92,375,31.5,114.32,6.9,58.8,911.05
Rajasthan,North,Spring,34.5,Row House,6,Single Phase,2,1.9,1,1,14,27,Poor,0.985,kWh,21.89,0.0,239.12,268.72,1177.96,240,30.6,360.46,5.8,103.15,1881.56
West Bengal,East,Monsoon,36.5,Villa,8,Single Phase,1,4.7,1,5,12,6,Good,0.97,kWh,25.42,0.0,430.85,479.91,2337.32,90,34.8,813.39,5.5,178.24,3418.94
Rajasthan,North,Winter,15.2,Villa,6,Three Phase,10,1.8,1,5,11,8,Average,0.808,kWh,23.76,13.7,291.97,322.06,1509.93,1200,26.7,403.15,6.7,208.58,3321.66
Tamil Nadu,South,Monsoon,33.9,Independent House,6,Single Phase,1,4.1,1,1,6,12,Average,0.863,kWh,15.07,0.0,307.89,332.97,615.4,100,24.6,151.39,11.9,103.15,969.93
Madhya Pradesh,Central,Summer,47.1,Row House,6,Three Phase,5,1.5,1,5,12,15,Average,0.937,kWh,13.89,17.4,309.79,347.87,1664.51,550,20.2,336.23,12.2,311.19,2861.93
Madhya Pradesh,Central,Monsoon,24.9,Villa,7,Single Phase,3,2.6,0,3,11,21,Poor,0.915,kWh,11.95,0.0,414.8,491.14,2538.45,330,22.5,571.15,5.5,189.18,3628.78
Maharashtra,West,Spring,27.0,Row House,2,Single Phase,2,3.9,1,3,5,16,Average,0.856,kWh,2.86,0.0,71.02,75.25,244.56,260,34.3,83.88,12.5,73.56,662.0
Gujarat,West,Winter,24.8,Apartment,6,Single Phase,3,2.5,1,0,9,23,Poor,0.894,kVAh,9.21,0.0,262.71,334.21,1229.08,345,37.0,454.76,10.3,208.97,2237.8
Rajasthan,North,Winter,17.2,Row House,6,Single Phase,2,3.2,1,4,4,2,Good,0.769,kWh,9.55,0.0,294.64,311.26,1431.63,240,27.7,396.56,12.9,266.8,2335.0
Kerala,South,Spring,27.8,Row House,3,Single Phase,3,2.1,1,2,3,7,Good,0.88,kWh,6.0,0.0,112.87,116.07,384.51,285,37.7,144.96,8.0,65.16,879.63
Uttar Pradesh,North,Monsoon,22.4,Row House,8,Single Phase,5,2.7,0,5,11,25,Poor,0.889,kWh,18.08,0.0,263.79,317.18,1338.86,525,20.3,271.79,7.3,155.9,2291.55
Rajasthan,North,Spring,31.8,Row House,3,Single Phase,3,2.4,1,5,12,30,Poor,0.865,kWh,23.39,0.0,184.24,221.76,919.68,360,26.0,239.12,7.8,118.47,1637.26
Punjab,North,Spring,27.8,Row House,2,Single Phase,1,4.0,0,2,13,3,Good,0.969,kVAh,10.63,0.0,88.17,97.35,0.0,110,27.2,0.0,13.4,14.74,124.74
Telangana,South,Summer,37.3,Villa,5,Single Phase,5,2.8,1,5,10,7,Good,0.72,kVAh,12.24,0.0,666.23,1002.86,3996.3,500,25.4,1015.06,9.4,518.07,6029.43
Tamil Nadu,South,Monsoon,33.1,Row House,1,Single Phase,2,3.6,1,0,11,23,Poor,0.815,kWh,27.82,0.0,55.8,61.9,0.0,200,32.5,0.0,5.8,11.6,211.6
Maharashtra,West,Summer,24.7,Apartment,5,Single Phase,1,4.4,1,3,11,6,Good,0.787,kVAh,15.07,0.0,379.31,512.5,3944.75,130,18.6,733.72,5.9,283.7,5092.17
Telangana,South,Spring,34.9,Independent House,6,Three Phase,10,1.2,0,2,6,20,Poor,0.984,kVAh,15.72,17.6,210.4,255.39,452.73,1000,37.7,170.68,7.4,120.13,1743.54
Rajasthan,North,Monsoon,32.4,Independent House,1,Single Phase,5,3.3,1,3,1,30,Poor,0.804,kWh,0.74,0.0,44.6,50.85,177.97,600,19.0,33.82,6.3,51.14,862.93
Delhi,North,Summer,42.5,Villa,8,Single Phase,3,1.5,0,1,7,13,Average,0.881,kWh,7.84,0.0,367.59,398.79,894.56,375,28.4,254.05,14.9,227.02,1750.63
Karnataka,South,Summer,34.6,Villa,8,Single Phase,3,1.9,0,4,11,16,Average,0.832,kWh,29.17,0.0,738.37,875.76,6217.2,285,21.3,1324.26,14.2,1111.36,8937.82
Maharashtra,West,Spring,26.5,Independent House,6,Three Phase,10,2.5,1,1,6,5,Good,0.779,kVAh,12.03,24.2,197.92,268.57,1580.85,1300,22.5,355.69,12.9,417.51,3654.05
Delhi,North,Summer,44.3,Apartment,1,Three Phase,10,3.8,1,1,4,25,Poor,0.831,kWh,8.85,9.5,118.18,131.5,0.0,1250,18.2,0.0,6.4,80.0,1330.0
Karnataka,South,Summer,35.5,Apartment,2,Single Phase,1,1.2,0,0,11,1,Good,0.874,kWh,24.75,0.0,217.39,244.39,1481.92,95,16.2,240.07,12.5,227.12,2044.12
Tamil Nadu,South,Spring,29.5,Row House,4,Single Phase,5,4.3,1,1,6,10,Average,0.749,kVAh,11.9,0.0,176.59,249.08,321.78,500,38.4,123.56,12.1,114.39,1059.73
Tamil Nadu,South,Winter,22.1,Row House,7,Single Phase,3,2.3,1,2,13,30,Poor,0.73,kWh,16.61,0.0,482.1,557.57,1464.82,300,16.6,243.16,11.4,228.91,2236.89
Rajasthan,North,Winter,9.2,Row House,5,Three Phase,2,4.2,0,2,12,8,Average,0.721,kVAh,16.43,20.8,201.29,324.25,1525.81,240,16.4,250.23,8.0,161.28,2177.33
Delhi,North,Monsoon,31.3,Independent House,7,Three Phase,3,3.3,0,6,3,3,Good,0.899,kWh,6.76,9.9,231.5,253.78,242.01,375,22.4,54.21,8.4,56.38,727.6
Tamil Nadu,South,Monsoon,30.5,Villa,2,Single Phase,2,4.4,0,4,2,29,Poor,0.962,kWh,3.77,0.0,109.66,124.17,36.26,200,20.5,7.43,5.3,12.92,256.6
Telangana,South,Winter,21.7,Independent House,8,Three Phase,1,1.7,0,1,6,9,Average,0.913,kWh,12.36,16.2,245.28,276.93,531.56,100,25.1,133.42,10.5,80.32,845.31
West Bengal,East,Winter,24.8,Independent House,6,Three Phase,15,4.8,0,2,15,22,Poor,0.823,kWh,8.6,18.0,291.04,346.61,1472.2,1350,20.2,297.38,14.9,464.82,3584.4
Tamil Nadu,South,Monsoon,25.8,Villa,7,Single Phase,2,4.8,1,0,1,17,Average,0.915,kVAh,0.77,0.0,316.56,353.92,688.72,200,35.6,245.18,13.7,155.34,1289.25
Uttar Pradesh,North,Winter,12.2,Row House,1,Three Phase,10,4.1,0,1,14,6,Good,0.818,kVAh,11.42,15.1,48.0,62.55,209.54,1050,15.4,32.27,13.0,167.94,1459.75
Maharashtra,West,Monsoon,31.5,Villa,5,Three Phase,2,2.6,1,2,7,28,Poor,0.766,kVAh,14.57,17.3,371.44,579.28,4691.35,260,19.6,919.5,10.3,604.7,6475.55
Telangana,South,Monsoon,28.7,Independent House,4,Three Phase,3,2.9,0,6,8,10,Average,0.884,kVAh,12.21,11.1,226.72,297.81,607.98,300,35.4,215.23,6.9,77.5,1200.71
Rajasthan,North,Spring,29.1,Villa,1,Single Phase,2,2.3,0,2,6,14,Average,0.764,kWh,3.48,0.0,29.23,32.03,112.11,240,36.9,41.37,11.4,44.86,438.33
Maharashtra,West,Winter,29.1,Apartment,8,Single Phase,1,3.5,0,1,13,13,Average,0.85,kWh,16.42,0.0,337.52,373.59,2547.22,130,23.3,593.5,7.4,242.03,3512.76
Madhya Pradesh,Central,Winter,15.6,Row House,7,Single Phase,2,1.3,0,2,7,7,Good,0.742,kVAh,18.06,0.0,359.97,520.97,2736.14,220,21.4,585.53,12.5,442.71,3984.39
Karnataka,South,Summer,36.8,Independent House,2,Three Phase,15,3.4,1,0,15,28,Poor,0.876,kVAh,11.56,17.2,120.88,159.56,882.1,1425,38.3,337.84,14.6,386.16,3031.1
Tamil Nadu,South,Summer,40.4,Apartment,4,Single Phase,3,2.8,1,6,6,11,Average,0.76,kVAh,2.96,0.0,396.6,568.27,1514.04,300,37.3,564.74,7.2,171.27,2550.05
West Bengal,East,Summer,38.0,Independent House,5,Three Phase,10,1.2,1,4,6,21,Poor,0.909,kWh,3.83,1.0,521.43,591.72,3132.67,900,17.8,557.62,10.8,495.75,5086.04
Tamil Nadu,South,Monsoon,30.3,Independent House,3,Three Phase,3,3.5,0,1,14,0,Good,0.829,kWh,30.09,24.2,186.94,218.98,216.43,300,30.2,65.36,11.8,68.65,650.44
Maharashtra,West,Winter,35.2,Apartment,2,Single Phase,5,1.3,0,1,13,27,Poor,0.954,kWh,16.05,0.0,91.95,105.85,368.58,650,17.7,65.24,8.4,91.04,1174.86
Kerala,South,Spring,30.8,Villa,5,Single Phase,2,4.0,0,3,15,6,Good,0.768,kWh,18.73,0.0,208.1,231.16,1037.96,190,39.1,405.84,10.9,178.08,1811.89
Kerala,South,Monsoon,33.4,Villa,6,Three Phase,2,4.4,1,4,6,8,Average,0.947,kVAh,14.42,1.1,173.4,197.27,834.62,190,34.4,287.11,12.8,167.9,1479.63
Delhi,North,Summer,44.3,Villa,1,Single Phase,5,2.3,1,1,12,3,Good,0.782,kVAh,13.3,0.0,128.73,170.37,0.0,625,35.3,0.0,7.6,47.5,672.5
West Bengal,East,Summer,21.2,Apartment,4,Single Phase,1,3.7,0,5,7,16,Average,0.792,kVAh,18.64,0.0,185.29,270.63,979.09,90,35.6,348.56,13.3,188.55,1606.19
Maharashtra,West,Summer,30.6,Row House,3,Single Phase,2,2.3,1,0,13,26,Poor,0.869,kWh,20.8,0.0,214.51,249.75,1440.64,260,18.1,260.76,6.8,133.37,2094.77
Kerala,South,Spring,28.3,Villa,5,Three Phase,3,2.5,0,0,4,10,Average,0.801,kVAh,2.78,3.1,174.13,236.59,1070.54,285,22.9,245.15,5.6,89.64,1690.33
Gujarat,West,Monsoon,30.3,Independent House,6,Three Phase,5,2.2,0,2,8,13,Average,0.842,kWh,11.49,6.2,372.9,421.08,1633.02,575,25.6,418.05,6.7,175.95,2802.02
Tamil Nadu,South,Winter,27.1,Independent House,7,Single Phase,3,3.9,1,4,1,25,Poor,0.802,kWh,2.46,0.0,335.89,385.22,798.27,300,24.1,192.38,13.5,174.24,1464.89
Karnataka,South,Winter,22.1,Row House,5,Single Phase,2,2.2,1,2,9,26,Poor,0.813,kVAh,23.88,0.0,287.31,405.46,2689.95,190,27.6,742.43,7.3,264.43,3886.81
Rajasthan,North,Spring,32.0,Independent House,7,Single Phase,1,4.7,0,2,10,7,Good,0.846,kWh,20.76,0.0,221.01,241.7,1029.35,120,22.0,226.46,8.0,110.06,1485.87
Rajasthan,North,Monsoon,28.7,Apartment,3,Single Phase,5,3.1,1,5,12,12,Average,0.729,kWh,21.46,0.0,87.44,97.72,342.02,600,18.0,61.56,13.9,139.5,1143.08
Gujarat,West,Monsoon,27.2,Independent House,5,Single Phase,3,3.7,0,1,10,0,Good,0.795,kVAh,20.33,0.0,253.2,340.81,1259.77,345,28.7,361.55,8.3,163.2,2129.52
Telangana,South,Winter,23.7,Apartment,3,Single Phase,1,1.8,0,3,15,3,Good,0.856,kWh,33.77,0.0,168.36,196.85,242.12,100,19.5,47.21,10.0,38.93,428.27
Rajasthan,North,Monsoon,32.9,Independent House,2,Single Phase,3,3.9,1,3,5,18,Average,0.819,kVAh,7.87,0.0,151.22,194.75,771.12,360,18.6,143.43,10.3,131.28,1405.83
Karnataka,South,Spring,28.3,Row House,4,Single Phase,2,1.1,0,2,1,29,Poor,0.758,kVAh,1.4,0.0,213.65,313.76,2002.2,190,28.8,576.63,6.4,177.21,2946.04
Kerala,South,Summer,33.3,Row House,5,Single Phase,2,3.4,0,1,10,8,Average,0.98,kWh,5.05,0.0,527.47,566.98,3052.88,190,35.4,1080.72,8.0,345.89,4669.49
Punjab,North,Spring,33.2,Independent House,3,Single Phase,1,2.7,1,0,15,9,Average,0.838,kWh,13.02,0.0,155.2,165.85,0.0,110,15.7,0.0,9.0,9.9,119.9
Maharashtra,West,Summer,24.3,Villa,2,Single Phase,1,2.8,1,0,10,8,Average,0.906,kVAh,23.96,0.0,112.28,139.06,616.0,130,22.2,136.75,10.6,93.57,976.32
Maharashtra,West,Spring,27.7,Villa,4,Single Phase,5,3.1,1,3,7,20,Poor,0.97,kVAh,13.77,0.0,279.51,326.23,2075.99,650,23.0,477.48,8.7,278.7,3482.17
Uttar Pradesh,North,Spring,31.5,Independent House,4,Single Phase,1,2.3,0,2,12,9,Average,0.927,kVAh,27.58,0.0,127.17,162.8,565.22,105,17.5,98.91,13.7,105.37,874.5
Punjab,North,Winter,5.2,Apartment,5,Single Phase,2,1.8,1,2,12,7,Good,0.725,kVAh,6.39,0.0,146.15,210.61,0.0,220,33.3,0.0,12.7,27.94,247.94
West Bengal,East,Winter,34.2,Villa,1,Three Phase,15,4.5,1,4,10,3,Good,0.957,kWh,23.7,10.9,38.2,41.26,0.0,1350,25.5,0.0,6.4,86.4,1436.4
West Bengal,East,Spring,29.6,Independent House,2,Single Phase,2,2.4,0,1,8,10,Average,0.733,kVAh,5.41,0.0,77.44,113.39,191.95,180,18.4,35.32,8.3,33.8,441.07
Tamil Nadu,South,Summer,38.0,Apartment,6,Single Phase,3,1.9,1,3,4,5,Good,0.863,kWh,7.63,0.0,385.26,399.52,848.32,300,16.0,135.73,10.6,136.11,1420.16
Uttar Pradesh,North,Winter,10.9,Row House,6,Single Phase,2,4.0,1,3,3,0,Good,0.879,kWh,7.92,0.0,261.95,275.58,1117.84,210,30.4,339.82,10.7,178.44,1846.11
Maharashtra,West,Spring,36.6,Independent House,2,Single Phase,3,3.1,1,4,15,15,Average,0.867,kWh,27.13,0.0,134.42,152.41,715.45,390,38.7,276.88,8.7,120.26,1502.6
Punjab,North,Summer,38.3,Apartment,4,Single Phase,5,2.6,1,3,12,3,Good,0.883,kVAh,19.6,0.0,267.13,326.74,133.7,550,16.3,21.79,12.8,90.3,795.8
Madhya Pradesh,Central,Monsoon,28.7,Row House,2,Single Phase,5,4.5,0,1,9,6,Good,0.771,kWh,4.5,0.0,148.43,159.91,651.04,550,31.8,207.03,7.1,99.97,1508.04
Punjab,North,Summer,47.9,Row House,3,Three Phase,7,4.4,1,2,9,0,Good,0.862,kVAh,19.89,21.8,309.94,395.85,479.25,770,23.1,110.71,12.9,175.43,1535.39
Kerala,South,Summer,34.1,Independent House,8,Three Phase,15,2.5,0,1,2,13,Average,0.938,kWh,2.12,16.4,627.9,687.31,3774.86,1425,37.3,1408.02,11.5,759.91,7367.79
Madhya Pradesh,Central,Summer,39.7,Apartment,1,Single Phase,1,3.4,0,4,13,26,Poor,0.988,kVAh,16.34,0.0,93.96,106.95,427.8,110,21.9,93.69,6.7,42.31,673.8
Rajasthan,North,Monsoon,22.6,Apartment,3,Three Phase,15,4.6,0,6,8,25,Poor,0.871,kVAh,12.34,15.2,132.0,171.69,644.29,1800,23.3,150.12,14.8,383.97,2978.39
Tamil Nadu,South,Spring,33.5,Villa,1,Single Phase,5,4.8,1,5,11,6,Good,0.983,kWh,9.49,0.0,36.04,38.33,0.0,500,18.1,0.0,14.6,73.0,573.0
Telangana,South,Monsoon,27.7,Villa,4,Single Phase,2,2.0,0,6,9,26,Poor,0.777,kVAh,3.34,0.0,244.63,356.9,824.25,200,32.4,267.06,8.5,109.76,1401.07
Kerala,South,Winter,21.3,Independent House,5,Single Phase,3,3.5,1,6,10,10,Average,0.897,kWh,24.46,0.0,197.06,214.89,940.34,285,33.5,315.01,6.0,92.42,1632.78
Karnataka,South,Spring,33.0,Independent House,1,Three Phase,7,4.2,1,2,1,26,Poor,0.897,kVAh,0.97,2.8,51.63,62.69,281.93,665,18.6,52.44,6.0,59.96,1059.33
Uttar Pradesh,North,Winter,15.1,Independent House,4,Single Phase,2,4.8,1,0,2,6,Good,0.918,kWh,5.21,0.0,161.72,167.75,589.48,210,19.9,117.31,8.0,73.34,990.12
Gujarat,West,Monsoon,26.9,Villa,8,Single Phase,2,2.2,0,2,3,14,Average,0.968,kWh,2.66,0.0,266.56,294.2,1043.03,230,35.8,373.4,9.7,159.7,1806.14
Maharashtra,West,Winter,21.0,Villa,8,Single Phase,5,4.3,0,2,1,20,Poor,0.849,kWh,0.43,0.0,294.51,325.31,2066.83,650,28.6,591.11,13.6,449.88,3757.83
Delhi,North,Summer,40.5,Apartment,4,Single Phase,3,2.8,1,5,15,13,Average,0.808,kVAh,36.86,0.0,218.43,317.2,527.4,375,23.8,125.52,13.0,133.63,1161.55
Uttar Pradesh,North,Spring,31.1,Row House,8,Single Phase,5,1.7,1,1,15,18,Average,0.776,kWh,7.78,0.0,433.53,457.92,2169.23,525,37.7,817.8,10.1,354.71,3866.74
Punjab,North,Monsoon,30.6,Villa,2,Single Phase,3,3.8,1,0,2,0,Good,0.763,kWh,4.34,0.0,147.19,151.17,0.0,330,32.7,0.0,5.3,17.49,347.49
Telangana,South,Summer,39.2,Row House,4,Three Phase,7,3.3,0,1,6,3,Good,0.892,kWh,2.42,16.5,398.52,426.33,1113.65,700,20.5,228.3,11.3,230.74,2272.69
Maharashtra,West,Spring,27.9,Row House,3,Three Phase,7,1.4,0,2,15,15,Average,0.866,kWh,24.71,11.5,221.7,256.45,1490.55,910,34.1,508.28,12.9,375.24,3284.07
West Bengal,East,Spring,36.3,Villa,2,Single Phase,3,4.6,0,6,9,2,Good,0.786,kWh,15.04,0.0,104.86,117.98,214.9,270,18.8,40.4,9.6,50.43,575.73
Tamil Nadu,South,Winter,18.5,Apartment,4,Single Phase,3,2.0,0,4,4,13,Average,0.89,kWh,8.06,0.0,136.89,151.28,76.92,300,29.3,22.54,13.1,52.33,451.79
Telangana,South,Winter,20.7,Villa,2,Single Phase,3,2.3,1,4,4,30,Poor,0.83,kWh,9.57,0.0,136.63,154.55,136.38,300,18.8,25.64,9.4,43.43,505.44
Rajasthan,North,Monsoon,23.4,Independent House,4,Three Phase,15,3.2,0,5,3,4,Good,0.985,kVAh,4.33,18.0,178.46,196.13,778.71,1800,27.2,211.81,12.6,351.61,3142.13
Madhya Pradesh,Central,Monsoon,33.3,Independent House,1,Single Phase,1,2.4,0,5,13,19,Average,0.762,kWh,27.93,0.0,86.46,102.78,411.12,110,28.0,115.11,11.3,71.89,708.13
West Bengal,East,Winter,32.4,Apartment,7,Single Phase,1,3.8,1,6,10,18,Average,0.948,kVAh,25.32,0.0,280.11,327.32,1347.01,90,19.0,255.93,6.1,103.27,1796.21
Karnataka,South,Winter,26.2,Villa,4,Single Phase,2,1.3,0,4,9,12,Average,0.78,kVAh,12.43,0.0,165.23,231.03,1381.72,190,26.1,360.63,5.1,98.55,2030.91
Uttar Pradesh,North,Monsoon,34.7,Apartment,7,Three Phase,7,3.7,0,2,13,1,Good,0.924,kWh,23.0,4.6,408.2,449.79,2121.26,735,27.0,572.74,8.1,277.75,3706.75
Madhya Pradesh,Central,Summer,47.0,Villa,1,Three Phase,2,4.0,1,2,8,9,Average,0.765,kVAh,3.19,1.4,96.14,133.93,535.72,220,23.4,125.36,13.7,120.71,1001.79
Uttar Pradesh,North,Spring,30.5,Independent House,6,Single Phase,3,2.4,0,4,6,29,Poor,0.773,kWh,6.77,0.0,210.39,237.7,932.23,315,19.1,178.06,6.7,95.49,1520.78
Delhi,North,Winter,11.8,Independent House,2,Single Phase,5,4.6,0,6,15,0,Good,0.969,kWh,14.37,0.0,112.6,122.46,0.0,625,29.8,0.0,5.5,34.38,659.38
Uttar Pradesh,North,Spring,26.3,Apartment,6,Single Phase,5,4.3,1,4,13,7,Good,0.943,kVAh,4.44,0.0,388.72,433.92,2027.63,525,38.3,776.58,6.1,203.08,3532.29
Maharashtra,West,Summer,31.2,Row House,2,Single Phase,3,1.9,1,1,1,6,Good,0.814,kWh,1.62,0.0,143.81,147.1,675.89,390,25.1,169.65,10.9,134.67,1370.22
Gujarat,West,Summer,31.5,Villa,4,Single Phase,3,2.9,1,2,5,28,Poor,0.965,kWh,1.98,0.0,371.99,412.85,1594.75,345,32.4,516.7,10.0,245.65,2702.1
West Bengal,East,Spring,35.6,Independent House,8,Single Phase,5,3.9,0,1,10,29,Poor,0.905,kWh,3.56,0.0,409.16,461.96,2220.82,450,37.5,832.81,12.7,444.96,3948.59
Rajasthan,North,Winter,7.5,Apartment,1,Three Phase,7,2.5,0,2,13,13,Average,0.972,kVAh,25.09,1.7,26.24,30.25,105.88,840,23.0,24.35,10.5,101.87,1072.1
Telangana,South,Summer,36.0,Villa,7,Single Phase,5,4.0,0,6,5,13,Average,0.907,kVAh,8.1,0.0,342.08,422.77,1095.85,500,29.9,327.66,14.9,286.6,2210.11
Delhi,North,Spring,23.9,Villa,1,Single Phase,3,3.8,0,5,8,5,Good,0.847,kVAh,7.08,0.0,65.08,83.45,0.0,375,25.3,0.0,10.3,38.62,413.62
Karnataka,South,Spring,25.4,Independent House,1,Single Phase,5,2.8,0,6,9,16,Average,0.887,kVAh,18.29,0.0,34.11,44.54,181.2,475,32.0,57.98,10.6,75.7,789.88
Madhya Pradesh,Central,Summer,39.4,Apartment,3,Single Phase,2,5.0,1,5,11,7,Good,0.94,kWh,4.55,0.0,235.22,247.85,1103.93,220,15.0,165.59,8.9,132.57,1622.08
Gujarat,West,Summer,38.2,Villa,8,Single Phase,2,4.0,0,5,3,30,Poor,0.728,kWh,4.26,0.0,495.79,562.8,2345.4,230,19.0,445.63,5.6,169.18,3190.2
Maharashtra,West,Summer,21.2,Apartment,1,Single Phase,1,1.5,0,0,3,3,Good,0.864,kWh,7.87,0.0,77.16,81.5,264.88,130,36.2,95.88,13.5,66.25,557.01
Punjab,North,Winter,12.3,Row House,3,Three Phase,10,1.0,0,1,13,29,Poor,0.968,kVAh,28.09,5.1,220.66,278.48,0.0,1100,38.2,0.0,5.6,61.6,1161.6
West Bengal,East,Summer,34.6,Independent House,3,Single Phase,5,3.9,0,0,8,24,Poor,0.914,kWh,7.6,0.0,188.16,217.22,711.1,450,37.3,265.24,7.9,112.68,1539.02
Uttar Pradesh,North,Summer,45.3,Row House,2,Single Phase,2,2.7,0,0,9,0,Good,0.965,kVAh,9.18,0.0,109.93,120.94,405.15,210,30.5,123.57,6.4,47.28,786.0
Delhi,North,Winter,7.7,Apartment,2,Three Phase,2,2.0,0,2,4,25,Poor,0.833,kVAh,4.17,9.3,157.57,219.21,86.45,250,15.9,13.74,12.8,44.82,395.01
Tamil Nadu,South,Summer,41.2,Villa,5,Single Phase,2,3.3,1,6,2,18,Average,0.962,kWh,1.55,0.0,599.41,644.72,1865.71,200,23.1,430.98,10.6,264.65,2761.34
Delhi,North,Monsoon,27.4,Villa,6,Three Phase,1,4.3,1,4,4,27,Poor,0.757,kWh,9.43,6.1,279.48,328.54,578.43,125,36.8,212.86,6.0,54.98,971.27
Punjab,North,Winter,12.1,Apartment,7,Three Phase,3,4.0,1,3,7,19,Average,0.939,kWh,12.15,19.0,283.27,310.33,51.65,330,26.7,13.79,11.6,45.87,441.31
Madhya Pradesh,Central,Monsoon,24.3,Apartment,3,Three Phase,7,3.7,0,0,9,8,Average,0.967,kWh,7.01,19.2,107.43,118.73,474.92,770,24.3,115.41,6.1,82.98,1443.31
Madhya Pradesh,Central,Spring,29.4,Villa,7,Single Phase,3,3.2,1,4,4,19,Average,0.794,kVAh,6.51,0.0,286.25,387.27,1904.85,330,39.4,750.51,13.5,403.02,3388.38
Karnataka,South,Summer,34.5,Row House,4,Three Phase,3,2.2,0,3,6,19,Average,0.855,kWh,7.21,4.5,525.32,584.55,4033.12,285,36.8,1484.19,10.4,603.44,6405.76
Madhya Pradesh,Central,Spring,22.4,Villa,3,Single Phase,5,4.4,1,1,11,4,Good,0.791,kWh,15.03,0.0,89.53,94.97,379.88,550,29.5,112.06,8.7,90.65,1132.59
Madhya Pradesh,Central,Summer,45.4,Apartment,2,Single Phase,3,4.5,0,1,10,22,Poor,0.98,kWh,5.92,0.0,200.64,224.11,981.67,330,26.8,263.09,9.1,143.3,1718.06
Madhya Pradesh,Central,Summer,41.6,Apartment,6,Single Phase,1,4.1,1,1,2,4,Good,0.783,kWh,2.69,0.0,708.07,723.0,4120.05,110,33.0,1359.62,10.5,586.91,6176.58
Madhya Pradesh,Central,Monsoon,22.3,Row House,1,Single Phase,5,4.0,1,4,5,2,Good,0.908,kVAh,2.57,0.0,35.53,40.68,162.72,550,28.8,46.86,9.7,73.68,833.26
Uttar Pradesh,North,Winter,13.8,Villa,1,Single Phase,3,3.2,1,4,5,29,Poor,0.789,kVAh,8.52,0.0,55.6,79.26,265.52,315,22.8,60.54,11.0,70.52,711.58
Madhya Pradesh,Central,Summer,45.2,Row House,2,Single Phase,2,2.6,1,0,3,19,Average,0.838,kWh,6.49,0.0,124.81,131.25,525.0,220,16.3,85.58,9.9,82.23,912.8
Karnataka,South,Spring,28.3,Independent House,4,Single Phase,5,3.4,0,2,11,3,Good,0.973,kVAh,26.92,0.0,221.29,255.6,1566.0,475,24.3,380.54,9.9,239.73,2661.27
Uttar Pradesh,North,Monsoon,34.7,Independent House,7,Three Phase,7,2.7,0,0,10,7,Good,0.745,kWh,21.31,12.0,462.27,497.38,2402.04,735,31.0,744.63,10.5,407.58,4289.25
Uttar Pradesh,North,Winter,11.8,Row House,2,Three Phase,3,4.8,0,0,6,20,Poor,0.811,kWh,9.66,7.4,130.65,153.21,518.23,315,37.1,192.26,10.8,110.75,1136.25
Maharashtra,West,Monsoon,28.2,Villa,8,Single Phase,5,3.7,1,0,3,8,Average,0.772,kWh,5.29,0.0,566.86,587.19,4779.78,650,32.1,1534.31,8.1,564.09,7528.19
Karnataka,South,Monsoon,26.4,Independent House,1,Single Phase,3,4.7,1,0,15,26,Poor,0.823,kWh,37.12,0.0,52.27,59.36,263.45,285,18.3,48.21,11.8,70.41,667.06
Rajasthan,North,Winter,14.3,Row House,8,Three Phase,2,3.6,1,5,3,10,Average,0.735,kWh,2.08,13.3,303.4,325.24,1532.99,240,26.6,407.78,5.6,122.12,2302.89
Gujarat,West,Summer,29.3,Apartment,5,Single Phase,2,3.8,1,1,13,12,Average,0.849,kWh,9.82,0.0,470.61,506.9,2037.95,230,34.5,703.09,9.6,285.22,3256.26
Uttar Pradesh,North,Spring,22.5,Independent House,3,Single Phase,2,2.5,1,3,3,4,Good,0.845,kWh,6.34,0.0,145.31,152.74,515.93,210,25.5,131.56,13.6,116.62,974.11
Kerala,South,Monsoon,31.6,Apartment,7,Single Phase,5,1.9,1,3,9,2,Good,0.947,kWh,20.48,0.0,340.86,378.9,1924.4,475,29.3,563.85,8.7,257.8,3221.05
West Bengal,East,Summer,29.9,Villa,4,Single Phase,3,3.8,1,3,8,22,Poor,0.935,kWh,15.79,0.0,279.6,309.43,1230.9,270,30.3,372.96,7.7,144.29,2018.15
West Bengal,East,Monsoon,28.4,Apartment,2,Single Phase,3,1.6,1,0,15,6,Good,0.745,kVAh,10.8,0.0,147.45,208.34,666.7,270,24.4,162.67,13.5,148.42,1247.79
Karnataka,South,Winter,24.8,Apartment,5,Single Phase,2,1.7,0,1,13,8,Average,0.921,kVAh,31.27,0.0,311.79,405.33,2688.97,190,35.2,946.52,6.4,244.83,4070.33
Karnataka,South,Winter,24.3,Row House,3,Single Phase,5,4.9,1,5,7,13,Average,0.921,kVAh,11.92,0.0,76.73,90.96,438.83,475,21.0,92.15,8.5,85.51,1091.49
Punjab,North,Winter,15.1,Independent House,1,Three Phase,5,1.6,1,0,7,25,Poor,0.901,kVAh,7.4,13.4,70.88,90.29,0.0,550,39.6,0.0,7.5,41.25,591.25
Maharashtra,West,Winter,21.9,Independent House,3,Single Phase,3,2.3,0,1,7,25,Poor,0.726,kWh,10.17,0.0,192.62,221.28,1228.54,390,15.7,192.88,13.3,240.92,2052.33
West Bengal,East,Monsoon,26.4,Villa,6,Single Phase,5,2.5,1,1,10,17,Average,0.843,kWh,24.0,0.0,191.46,209.65,673.25,450,15.1,101.66,11.1,135.97,1360.88
Madhya Pradesh,Central,Summer,39.6,Independent House,3,Single Phase,3,1.4,1,5,3,30,Poor,0.779,kWh,7.02,0.0,301.12,339.93,1616.07,330,39.6,639.96,6.3,162.92,2748.96
West Bengal,East,Winter,34.3,Apartment,4,Single Phase,5,2.5,0,6,6,11,Average,0.968,kVAh,2.17,0.0,247.31,284.92,1071.83,450,23.8,255.1,13.4,238.11,2015.03
Madhya Pradesh,Central,Spring,28.5,Independent House,7,Single Phase,5,3.4,1,2,13,5,Good,0.775,kWh,32.83,0.0,260.91,297.73,1360.81,550,24.7,336.12,11.8,265.14,2512.07
Delhi,North,Monsoon,25.6,Apartment,6,Single Phase,1,2.7,0,3,2,10,Average,0.86,kWh,3.54,0.0,423.68,462.14,1303.91,125,33.6,438.11,12.6,235.24,2102.27
Gujarat,West,Summer,34.8,Apartment,7,Single Phase,1,2.2,1,6,14,28,Poor,0.921,kWh,24.13,0.0,662.87,825.38,3789.59,115,28.9,1095.19,12.3,614.97,5614.75
Kerala,South,Spring,27.7,Independent House,1,Single Phase,5,2.7,0,5,3,4,Good,0.925,kWh,6.38,0.0,59.13,64.17,170.97,475,24.2,41.37,13.5,92.79,780.14
Tamil Nadu,South,Winter,24.8,Independent House,7,Single Phase,2,3.4,1,1,4,20,Poor,0.962,kVAh,1.98,0.0,256.6,296.19,486.66,200,25.7,125.07,11.3,91.73,903.46
Rajasthan,North,Summer,41.1,Villa,7,Three Phase,7,1.7,1,3,8,7,Good,0.865,kWh,16.5,0.4,759.46,799.83,5198.64,840,25.5,1325.65,12.6,927.9,8292.19
Uttar Pradesh,North,Winter,9.3,Apartment,7,Single Phase,3,3.3,1,4,3,27,Poor,0.811,kWh,2.94,0.0,430.7,495.98,2393.78,315,29.3,701.38,10.5,358.07,3768.23
Uttar Pradesh,North,Winter,5.5,Row House,2,Single Phase,2,1.9,1,2,11,25,Poor,0.971,kVAh,11.92,0.0,137.09,159.95,551.25,210,17.4,95.92,13.5,115.72,972.89
Rajasthan,North,Spring,26.7,Independent House,4,Single Phase,1,4.8,0,6,1,9,Average,0.815,kVAh,1.6,0.0,251.19,337.56,1622.31,120,24.8,402.33,13.5,289.53,2434.17
West Bengal,East,Summer,23.9,Row House,7,Single Phase,2,3.1,1,0,14,26,Poor,0.818,kVAh,36.18,0.0,699.45,985.31,5986.2,180,16.0,957.79,12.3,876.25,8000.24
Telangana,South,Spring,25.2,Apartment,5,Single Phase,2,2.9,0,2,15,14,Average,0.743,kWh,5.89,0.0,316.97,342.65,772.1,200,27.8,214.64,11.9,141.22,1327.96
Madhya Pradesh,Central,Spring,28.7,Independent House,5,Single Phase,1,2.0,1,6,13,6,Good,0.914,kWh,13.44,0.0,276.1,301.78,1383.36,110,27.2,376.27,14.5,271.1,2140.73
Punjab,North,Summer,43.3,Independent House,6,Single Phase,3,2.3,0,3,8,11,Average,0.761,kWh,16.96,0.0,550.61,601.09,1707.63,330,36.0,614.75,8.6,228.1,2880.48
Gujarat,West,Monsoon,27.3,Row House,1,Single Phase,5,4.4,1,0,12,27,Poor,0.909,kWh,4.84,0.0,35.13,39.72,77.45,575,30.5,23.62,11.1,75.04,751.12
Maharashtra,West,Summer,28.6,Row House,5,Single Phase,2,1.7,1,1,6,12,Average,0.898,kWh,13.04,0.0,653.72,695.78,5993.82,260,29.0,1738.21,9.2,735.27,8727.29
Punjab,North,Summer,46.3,Independent House,4,Single Phase,5,3.1,1,0,13,14,Average,0.909,kVAh,25.18,0.0,402.94,503.47,1024.29,550,22.6,231.49,12.2,220.31,2026.08
Uttar Pradesh,North,Winter,13.7,Independent House,7,Single Phase,1,1.8,1,0,15,24,Poor,0.877,kVAh,25.47,0.0,387.35,530.59,2616.34,105,38.7,1012.52,10.0,373.39,4107.24
Rajasthan,North,Winter,17.0,Apartment,5,Three Phase,1,2.9,0,4,9,16,Average,0.903,kVAh,3.09,23.5,227.19,284.87,1266.79,120,20.0,253.36,8.6,141.05,1781.19
Delhi,North,Monsoon,35.0,Apartment,4,Single Phase,1,1.5,1,6,5,28,Poor,0.938,kVAh,8.15,0.0,302.63,359.16,716.22,125,36.1,258.56,12.8,140.77,1240.55
Tamil Nadu,South,Spring,32.7,Row House,8,Three Phase,5,2.0,0,0,10,21,Poor,0.827,kWh,5.69,3.1,270.91,304.08,514.28,500,22.8,117.26,8.8,99.58,1231.11
Telangana,South,Spring,34.3,Independent House,5,Single Phase,5,1.3,0,3,12,25,Poor,0.83,kVAh,8.17,0.0,195.55,277.87,535.0,500,33.6,179.76,7.7,93.54,1308.3
Punjab,North,Spring,32.7,Apartment,2,Single Phase,3,1.0,0,1,13,26,Poor,0.731,kWh,9.34,0.0,117.98,129.4,0.0,330,27.7,0.0,9.8,32.34,362.34
Gujarat,West,Winter,29.6,Row House,7,Single Phase,5,4.7,0,4,3,2,Good,0.857,kWh,7.16,0.0,255.42,273.17,945.24,575,37.3,352.57,8.4,157.32,2030.13
Maharashtra,West,Summer,38.9,Villa,5,Single Phase,5,2.9,0,1,5,14,Average,0.759,kWh,11.65,0.0,709.11,771.12,6836.12,650,31.0,2119.2,13.0,1248.69,10854.01
Tamil Nadu,South,Winter,26.3,Independent House,4,Single Phase,5,2.4,0,1,3,7,Good,0.851,kWh,4.25,0.0,154.7,163.53,95.3,500,26.3,25.06,7.6,47.15,667.5
West Bengal,East,Winter,36.5,Apartment,6,Single Phase,3,2.5,1,3,3,4,Good,0.937,kWh,3.36,0.0,341.85,356.15,1534.11,270,22.0,337.5,9.1,194.89,2336.51
Tamil Nadu,South,Monsoon,33.8,Apartment,8,Three Phase,15,2.7,0,6,10,17,Average,0.866,kVAh,19.48,15.3,394.32,523.9,1309.94,1500,31.2,408.7,6.8,218.87,3437.51
West Bengal,East,Monsoon,38.2,Row House,1,Single Phase,3,2.4,0,4,1,27,Poor,0.805,kWh,2.28,0.0,44.82,49.82,0.0,270,15.4,0.0,14.8,39.96,309.96
Tamil Nadu,South,Monsoon,28.0,Independent House,8,Three Phase,7,3.5,0,4,12,14,Average,0.784,kWh,29.73,15.3,409.69,500.5,1202.3,700,26.9,323.42,13.9,309.37,2535.09
Telangana,South,Monsoon,30.8,Independent House,5,Single Phase,5,3.6,0,3,3,17,Average,0.803,kWh,2.27,0.0,397.14,428.09,1122.45,500,34.1,382.76,5.4,108.28,2113.49
Delhi,North,Monsoon,34.8,Independent House,6,Single Phase,2,2.1,0,2,7,5,Good,0.854,kWh,16.26,0.0,365.15,396.64,884.88,250,30.7,271.66,14.4,202.54,1609.08
Kerala,South,Winter,18.3,Apartment,8,Single Phase,2,1.3,1,4,13,24,Poor,0.892,kWh,14.69,0.0,307.75,361.01,1817.06,190,19.0,345.24,8.0,188.18,2540.49
Maharashtra,West,Spring,35.4,Apartment,3,Three Phase,10,2.2,0,1,12,9,Average,0.891,kVAh,8.66,17.3,98.27,121.57,485.7,1300,32.2,156.39,8.0,155.37,2097.46
Gujarat,West,Monsoon,29.5,Row House,4,Single Phase,2,2.3,1,1,5,16,Average,0.75,kWh,5.71,0.0,240.1,252.57,849.45,230,21.1,179.23,9.7,122.09,1380.78
Rajasthan,North,Spring,32.3,Row House,7,Three Phase,10,2.9,1,3,6,12,Average,0.721,kWh,12.13,6.3,397.66,430.08,2293.08,1200,16.8,385.24,9.5,368.44,4246.76
Telangana,South,Spring,28.3,Independent House,8,Three Phase,3,3.0,1,2,1,26,Poor,0.739,kWh,1.83,22.3,371.06,408.55,1024.75,300,17.0,174.21,5.0,74.95,1573.91
West Bengal,East,Monsoon,37.2,Row House,2,Single Phase,2,4.6,1,5,3,3,Good,0.862,kWh,5.82,0.0,141.89,150.39,376.95,180,26.8,101.02,13.2,86.85,744.82
Madhya Pradesh,Central,Summer,40.6,Villa,4,Three Phase,2,3.4,0,0,13,29,Poor,0.92,kVAh,10.65,20.2,416.46,501.77,2604.62,220,25.3,658.97,12.1,421.51,3905.11
Telangana,South,Summer,34.9,Independent House,3,Single Phase,5,1.1,1,5,2,3,Good,0.792,kWh,2.65,0.0,257.98,267.06,495.44,500,28.0,138.72,5.1,57.84,1192.0
Delhi,North,Monsoon,26.3,Apartment,5,Three Phase,15,2.7,0,4,9,12,Average,0.823,kWh,7.6,14.1,336.75,382.06,819.27,1875,21.4,175.32,10.8,309.92,3179.51
Maharashtra,West,Summer,31.7,Independent House,4,Single Phase,5,1.5,0,6,15,27,Poor,0.86,kVAh,17.96,0.0,265.18,362.67,2438.57,650,39.5,963.23,13.1,530.79,4582.59
Maharashtra,West,Spring,33.9,Apartment,4,Single Phase,5,1.1,0,5,13,24,Poor,0.73,kVAh,14.21,0.0,174.3,290.96,1747.65,650,37.9,662.36,8.1,247.86,3307.87
Delhi,North,Summer,44.0,Row House,2,Single Phase,3,4.5,1,2,5,16,Average,0.799,kWh,6.87,0.0,204.64,217.23,77.53,375,20.7,16.05,11.7,54.82,523.41
Maharashtra,West,Monsoon,34.7,Villa,8,Single Phase,3,4.8,1,1,5,6,Good,0.724,kWh,2.91,0.0,379.42,389.83,2708.81,390,25.4,688.04,11.3,427.91,4214.76
Madhya Pradesh,Central,Summer,40.4,Independent House,7,Single Phase,1,3.3,1,5,9,7,Good,0.978,kWh,6.22,0.0,887.49,956.16,5717.2,110,26.9,1537.93,11.8,869.08,8234.21
Rajasthan,North,Summer,44.5,Villa,2,Single Phase,1,4.4,1,2,7,21,Poor,0.738,kWh,4.67,0.0,90.57,100.42,351.47,120,23.3,81.89,13.3,73.6,626.96
Madhya Pradesh,Central,Winter,13.7,Row House,6,Single Phase,3,1.5,0,4,14,3,Good,0.918,kVAh,8.73,0.0,356.51,428.81,2158.24,330,25.5,550.35,9.2,279.55,3318.14
Kerala,South,Spring,26.2,Independent House,8,Single Phase,2,2.1,0,0,5,21,Poor,0.986,kVAh,4.99,0.0,487.25,547.95,2938.7,190,20.5,602.43,6.0,223.87,3955.0
Maharashtra,West,Winter,20.7,Independent House,1,Single Phase,3,2.9,1,2,4,26,Poor,0.885,kVAh,5.24,0.0,33.42,41.61,135.23,390,18.5,25.02,6.1,33.57,583.82
Kerala,South,Summer,33.1,Row House,3,Single Phase,2,4.0,0,3,14,10,Average,0.869,kWh,16.24,0.0,261.73,295.12,1421.72,190,32.0,454.95,11.2,231.47,2298.14
Gujarat,West,Winter,36.2,Row House,6,Single Phase,1,3.5,1,3,8,0,Good,0.98,kVAh,11.3,0.0,230.34,249.04,833.95,115,40.0,333.58,9.6,123.12,1405.65
Uttar Pradesh,North,Monsoon,32.1,Villa,1,Single Phase,5,3.0,0,3,8,26,Poor,0.913,kVAh,15.15,0.0,41.48,51.82,173.6,525,36.5,63.36,8.8,67.05,829.01
Tamil Nadu,South,Summer,41.6,Apartment,3,Single Phase,2,1.8,1,3,6,25,Poor,0.92,kVAh,7.88,0.0,322.88,383.78,793.23,200,27.4,217.35,5.2,62.95,1273.52
West Bengal,East,Spring,31.5,Row House,5,Single Phase,1,1.4,0,5,11,27,Poor,0.804,kWh,24.95,0.0,212.97,255.95,904.75,90,39.1,353.76,5.5,74.17,1422.68
West Bengal,East,Spring,20.8,Independent House,2,Single Phase,2,1.3,0,0,6,12,Average,0.778,kWh,4.4,0.0,85.77,92.51,87.55,180,29.9,26.18,8.6,25.26,318.99
Maharashtra,West,Winter,35.7,Apartment,4,Three Phase,15,1.9,1,0,8,30,Poor,0.952,kWh,16.07,6.2,251.11,289.88,1739.61,1950,20.1,349.66,10.7,432.2,4471.47
Maharashtra,West,Winter,35.7,Villa,1,Single Phase,2,1.7,0,0,5,25,Poor,0.982,kWh,8.06,0.0,79.48,90.01,292.53,260,22.2,64.94,7.1,43.84,661.32
Gujarat,West,Spring,31.4,Row House,1,Single Phase,1,3.8,0,4,6,15,Average,0.807,kWh,9.4,0.0,42.89,48.12,93.83,115,27.8,26.09,13.9,32.65,267.57
Tamil Nadu,South,Summer,35.8,Apartment,3,Three Phase,5,4.3,1,3,8,7,Good,0.726,kWh,16.95,15.9,333.29,359.95,709.82,500,26.0,184.55,12.8,178.48,1572.86
Telangana,South,Summer,40.1,Apartment,6,Single Phase,3,3.0,0,3,14,25,Poor,0.912,kVAh,26.69,0.0,640.17,841.46,3189.3,300,21.2,676.13,5.8,241.6,4407.03
