,Revenue,Expenses,Profit,Assets,Liabilities,Equity,Predicted_Equity
count,48.0,48.0,48.0,48.0,48.0,48.0,48.0
mean,27970.52540395354,12615.581078624606,15354.944325328936,293620.7021179637,142168.69030742114,151452.01181054255,81342.38359427034
std,11684.317642560598,4552.29525882751,12722.1875860061,119731.38501451364,57834.78672426573,138729.4317754825,56935.44935264
min,10823.379771832098,5082.831756854036,-5344.487668722722,102780.85221247628,53317.56578557123,-85406.69540801691,-9813.170596191005
25%,17320.38496767402,8797.860413209477,4980.638525621922,197667.48529382475,96970.42035875683,29704.258420607235,34029.04988138688
50%,27441.95024763434,13170.547718761463,15654.004262332368,270929.76139696117,149213.17835064244,176099.7604314527,71176.8686838477
75%,36717.99879574103,16572.709285079356,23987.385368144587,421845.6385861406,184698.5502029959,248337.2291298779,127135.38466803469
max,48796.39408647977,19803.30404900776,40255.75542351374,488712.8330883842,247130.0908221201,384047.6151521926,185564.37320410696
