User_ID,User_Text,Sentiment_Label,Recommended_Song_ID,Song_Name,Artist,Genre,Tempo (BPM),Mood,Energy,Danceability
U1,Way ball purpose public experience recently realize too.,Sad,S1,Someone Like You,Adele,Pop,67.0,Melancholic,Low,Low
U2,Save officer two myself a.,Happy,S2,Happy,Pharrell Williams,Pop,160.0,Joyful,High,High
U3,Decade ahead everyone environment themselves action health.,Relaxed,S3,Clair de Lune,Debussy,Classical,60.0,Soothing,Low,Low
U4,Best change letter citizen try ask quality process.,Happy,S4,Happy,Pharrell Williams,Pop,160.0,Joyful,High,High
U5,Worker player chance kind actually.,Happy,S5,Happy,Pharrell Williams,Pop,160.0,Joyful,High,High
U6,Produce prove hot personal ago.,Motivated,S6,Eye of the Tiger,Survivor,Rock,109.0,Energetic,High,Medium
U7,Culture soldier night never song dream.,Sad,S7,Someone Like You,Adele,Pop,67.0,Melancholic,Low,Low
U8,Expect order very.,Sad,S8,Someone Like You,Adele,Pop,67.0,Melancholic,Low,Low
U9,Clearly though film address stock Mr specific.,Motivated,S9,Eye of the Tiger,Survivor,Rock,109.0,Energetic,High,Medium
U10,Market school sense expert blue mention nor risk.,Sad,S10,Fix You,Coldplay,Rock,75.0,Emotional,Low,Medium
U11,Until drive realize.,Motivated,S11,Stronger,Kanye West,Hip-Hop,130.0,Powerful,High,High
U12,Staff life identify.,Happy,S12,Uptown Funk,Bruno Mars,Funk,115.0,Energetic,High,High
U13,Present strong people add believe message sign.,Happy,S13,Uptown Funk,Bruno Mars,Funk,115.0,Energetic,High,High
U14,Left quality wish may lose forward right.,Sad,S14,Fix You,Coldplay,Rock,75.0,Emotional,Low,Medium
U15,Customer share score Republican marriage guy.,Relaxed,S15,Weightless,Marconi Union,Ambient,50.0,Calm,Low,Low
U16,Even hotel notice of condition.,Happy,S16,Happy,Pharrell Williams,Pop,160.0,Joyful,High,High
U17,Receive these like television.,Relaxed,S17,Weightless,Marconi Union,Ambient,50.0,Calm,Low,Low
U18,Policy school address or.,Sad,S18,Someone Like You,Adele,Pop,67.0,Melancholic,Low,Low
U19,Particular draw easy most across drive machine.,Relaxed,S19,Clair de Lune,Debussy,Classical,60.0,Soothing,Low,Low
U20,Owner blood them.,Happy,S20,Uptown Funk,Bruno Mars,Funk,115.0,Energetic,High,High
U21,Safe education culture seven budget.,Happy,S21,Happy,Pharrell Williams,Pop,160.0,Joyful,High,High
U22,Water budget debate do bring gas magazine.,Relaxed,S22,Clair de Lune,Debussy,Classical,60.0,Soothing,Low,Low
U23,When east business place strong him.,Motivated,S23,Stronger,Kanye West,Hip-Hop,130.0,Powerful,High,High
U24,Edge spring stand story life.,Sad,S24,Someone Like You,Adele,Pop,67.0,Melancholic,Low,Low
U25,Article control world admit.,Relaxed,S25,Weightless,Marconi Union,Ambient,50.0,Calm,Low,Low
U26,With score personal.,Motivated,S26,Stronger,Kanye West,Hip-Hop,130.0,Powerful,High,High
U27,Natural for growth performance.,Sad,S27,Fix You,Coldplay,Rock,75.0,Emotional,Low,Medium
U28,Wear food painting and.,Motivated,S28,Eye of the Tiger,Survivor,Rock,109.0,Energetic,High,Medium
U29,South traditional certainly upon team.,Motivated,S29,Eye of the Tiger,Survivor,Rock,109.0,Energetic,High,Medium
U30,Down see owner impact artist still.,Motivated,S30,Stronger,Kanye West,Hip-Hop,130.0,Powerful,High,High
U31,Enough fight lay arm.,Relaxed,S31,Clair de Lune,Debussy,Classical,60.0,Soothing,Low,Low
U32,Condition language standard happy daughter cost west between.,Motivated,S32,Eye of the Tiger,Survivor,Rock,109.0,Energetic,High,Medium
U33,As get together toward level yes member away.,Relaxed,S33,Clair de Lune,Debussy,Classical,60.0,Soothing,Low,Low
U34,Put development threat house news direction our.,Motivated,S34,Eye of the Tiger,Survivor,Rock,109.0,Energetic,High,Medium
U35,Its peace yet.,Happy,S35,Happy,Pharrell Williams,Pop,160.0,Joyful,High,High
U36,Once rather soldier family just.,Relaxed,S36,Clair de Lune,Debussy,Classical,60.0,Soothing,Low,Low
U37,Enough police tree reflect peace.,Sad,S37,Fix You,Coldplay,Rock,75.0,Emotional,Low,Medium
U38,Him somebody statement project.,Relaxed,S38,Clair de Lune,Debussy,Classical,60.0,Soothing,Low,Low
U39,Impact court its author.,Motivated,S39,Eye of the Tiger,Survivor,Rock,109.0,Energetic,High,Medium
U40,Use coach hand western.,Relaxed,S40,Weightless,Marconi Union,Ambient,50.0,Calm,Low,Low
U41,Tonight government smile surface base party fire.,Sad,S41,Fix You,Coldplay,Rock,75.0,Emotional,Low,Medium
U42,Mother choose light particular ability ahead yourself.,Happy,S42,Uptown Funk,Bruno Mars,Funk,115.0,Energetic,High,High
U43,Total manager who leg hotel if language Mrs.,Sad,S43,Someone Like You,Adele,Pop,67.0,Melancholic,Low,Low
U44,Process already author she management require there help.,Sad,S44,Someone Like You,Adele,Pop,67.0,Melancholic,Low,Low
U45,Drive wait receive population.,Happy,S45,Uptown Funk,Bruno Mars,Funk,115.0,Energetic,High,High
U46,Truth art control attack development.,Happy,S46,Uptown Funk,Bruno Mars,Funk,115.0,Energetic,High,High
U47,Strategy sell drive already.,Relaxed,S47,Clair de Lune,Debussy,Classical,60.0,Soothing,Low,Low
U48,Key traditional manager woman very Congress.,Relaxed,S48,Clair de Lune,Debussy,Classical,60.0,Soothing,Low,Low
U49,House prepare tree ahead may special not teach.,Relaxed,S49,Weightless,Marconi Union,Ambient,50.0,Calm,Low,Low
U50,Down position help any contain easy girl.,Sad,S50,Fix You,Coldplay,Rock,75.0,Emotional,Low,Medium
U51,Wish point color produce product lead.,Relaxed,S51,Clair de Lune,Debussy,Classical,60.0,Soothing,Low,Low
U52,Throughout read simple traditional whole better physical.,Motivated,S52,Eye of the Tiger,Survivor,Rock,109.0,Energetic,High,Medium
U53,Rise interesting cultural fire think probably.,Happy,S53,Uptown Funk,Bruno Mars,Funk,115.0,Energetic,High,High
U54,Write they key on history already such movie.,Sad,S54,Fix You,Coldplay,Rock,75.0,Emotional,Low,Medium
U55,Treatment item four economy trade start.,Motivated,S55,Stronger,Kanye West,Hip-Hop,130.0,Powerful,High,High
U56,Cover class deep system guy forward point bill.,Sad,S56,Someone Like You,Adele,Pop,67.0,Melancholic,Low,Low
U57,Behind anyone production check side find care require.,Sad,S57,Fix You,Coldplay,Rock,75.0,Emotional,Low,Medium
U58,Force yet others certainly prove.,Happy,S58,Happy,Pharrell Williams,Pop,160.0,Joyful,High,High
U59,Inside would feeling year oil.,Sad,S59,Someone Like You,Adele,Pop,67.0,Melancholic,Low,Low
U60,Benefit million hold us management information.,Sad,S60,Fix You,Coldplay,Rock,75.0,Emotional,Low,Medium
U61,Expect through year first five.,Motivated,S61,Stronger,Kanye West,Hip-Hop,130.0,Powerful,High,High
U62,Sense teach understand agreement.,Sad,S62,Someone Like You,Adele,Pop,67.0,Melancholic,Low,Low
U63,Million stock each talk.,Relaxed,S63,Clair de Lune,Debussy,Classical,60.0,Soothing,Low,Low
U64,Pay stage middle along trial international condition.,Motivated,S64,Eye of the Tiger,Survivor,Rock,109.0,Energetic,High,Medium
U65,Us note value much.,Motivated,S65,Eye of the Tiger,Survivor,Rock,109.0,Energetic,High,Medium
U66,Stock yard move ok.,Sad,S66,Fix You,Coldplay,Rock,75.0,Emotional,Low,Medium
U67,View perhaps sense put admit choose.,Relaxed,S67,Clair de Lune,Debussy,Classical,60.0,Soothing,Low,Low
U68,Sister address during true hospital.,Happy,S68,Happy,Pharrell Williams,Pop,160.0,Joyful,High,High
U69,Condition glass real check keep Congress.,Relaxed,S69,Weightless,Marconi Union,Ambient,50.0,Calm,Low,Low
U70,Lot behavior up save far health.,Motivated,S70,Stronger,Kanye West,Hip-Hop,130.0,Powerful,High,High
U71,Tax four buy on yeah culture model.,Happy,S71,Uptown Funk,Bruno Mars,Funk,115.0,Energetic,High,High
U72,Speak laugh shoulder maybe good.,Relaxed,S72,Weightless,Marconi Union,Ambient,50.0,Calm,Low,Low
U73,Decision past institution radio.,Relaxed,S73,Weightless,Marconi Union,Ambient,50.0,Calm,Low,Low
U74,Catch yard study moment whether science low.,Motivated,S74,Eye of the Tiger,Survivor,Rock,109.0,Energetic,High,Medium
U75,Beat heavy read clear.,Happy,S75,Uptown Funk,Bruno Mars,Funk,115.0,Energetic,High,High
U76,Phone leg month.,Sad,S76,Fix You,Coldplay,Rock,75.0,Emotional,Low,Medium
U77,Drive memory campaign ask car man baby.,Happy,S77,Happy,Pharrell Williams,Pop,160.0,Joyful,High,High
U78,Might such eight source response.,Motivated,S78,Eye of the Tiger,Survivor,Rock,109.0,Energetic,High,Medium
U79,Professional occur clear wrong hotel after actually see.,Sad,S79,Fix You,Coldplay,Rock,75.0,Emotional,Low,Medium
U80,Effort local family receive.,Happy,S80,Uptown Funk,Bruno Mars,Funk,115.0,Energetic,High,High
U81,Step budget education scene yourself answer.,Sad,S81,Fix You,Coldplay,Rock,75.0,Emotional,Low,Medium
U82,Her next they decade over.,Sad,S82,Fix You,Coldplay,Rock,75.0,Emotional,Low,Medium
U83,Knowledge base price dream among.,Motivated,S83,Eye of the Tiger,Survivor,Rock,109.0,Energetic,High,Medium
U84,Know and interview land on figure ability.,Motivated,S84,Eye of the Tiger,Survivor,Rock,109.0,Energetic,High,Medium
U85,Here life away president make win space.,Sad,S85,Fix You,Coldplay,Rock,75.0,Emotional,Low,Medium
U86,Bar business lawyer grow city keep effort.,Motivated,S86,Stronger,Kanye West,Hip-Hop,130.0,Powerful,High,High
U87,Game party hit behind.,Motivated,S87,Eye of the Tiger,Survivor,Rock,109.0,Energetic,High,Medium
U88,Recent whole deal for hotel.,Happy,S88,Happy,Pharrell Williams,Pop,160.0,Joyful,High,High
U89,Try woman condition prove.,Motivated,S89,Stronger,Kanye West,Hip-Hop,130.0,Powerful,High,High
U90,That meet record.,Happy,S90,Uptown Funk,Bruno Mars,Funk,115.0,Energetic,High,High
U91,All big song camera line between.,Happy,S91,Happy,Pharrell Williams,Pop,160.0,Joyful,High,High
U92,Particularly team present yet grow by finish.,Happy,S92,Happy,Pharrell Williams,Pop,160.0,Joyful,High,High
U93,Skin onto happen.,Motivated,S93,Eye of the Tiger,Survivor,Rock,109.0,Energetic,High,Medium
U94,Election parent new member hot prepare open.,Sad,S94,Someone Like You,Adele,Pop,67.0,Melancholic,Low,Low
U95,Ask return specific enough enjoy could national.,Relaxed,S95,Clair de Lune,Debussy,Classical,60.0,Soothing,Low,Low
U96,Out seven but account world campaign.,Sad,S96,Someone Like You,Adele,Pop,67.0,Melancholic,Low,Low
U97,Knowledge she hair coach need life.,Sad,S97,Fix You,Coldplay,Rock,75.0,Emotional,Low,Medium
U98,Baby personal north.,Relaxed,S98,Clair de Lune,Debussy,Classical,60.0,Soothing,Low,Low
U99,Energy cultural view data through.,Happy,S99,Uptown Funk,Bruno Mars,Funk,115.0,Energetic,High,High
U100,Discuss could road his husband free building.,Happy,S100,Happy,Pharrell Williams,Pop,160.0,Joyful,High,High
U101,Pick likely administration first must student really.,Happy,S101,Happy,Pharrell Williams,Pop,160.0,Joyful,High,High
U102,Nature PM natural anyone discuss red.,Sad,S102,Someone Like You,Adele,Pop,67.0,Melancholic,Low,Low
U103,Wind subject represent inside nature partner dark.,Relaxed,S103,Weightless,Marconi Union,Ambient,50.0,Calm,Low,Low
U104,Issue both century there.,Sad,S104,Someone Like You,Adele,Pop,67.0,Melancholic,Low,Low
U105,Art lead will and.,Happy,S105,Happy,Pharrell Williams,Pop,160.0,Joyful,High,High
U106,Week keep upon beautiful foot seem.,Motivated,S106,Stronger,Kanye West,Hip-Hop,130.0,Powerful,High,High
U107,Tend south gun.,Motivated,S107,Eye of the Tiger,Survivor,Rock,109.0,Energetic,High,Medium
U108,Forget physical dark theory value job movie task.,Sad,S108,Fix You,Coldplay,Rock,75.0,Emotional,Low,Medium
U109,Along note day mouth night sell theory.,Relaxed,S109,Weightless,Marconi Union,Ambient,50.0,Calm,Low,Low
U110,Forward writer person.,Happy,S110,Happy,Pharrell Williams,Pop,160.0,Joyful,High,High
U111,A heavy million level.,Motivated,S111,Stronger,Kanye West,Hip-Hop,130.0,Powerful,High,High
U112,Financial majority edge military.,Happy,S112,Uptown Funk,Bruno Mars,Funk,115.0,Energetic,High,High
U113,Among person yourself official image professor wait.,Sad,S113,Fix You,Coldplay,Rock,75.0,Emotional,Low,Medium
U114,This total writer loss wife company any sometimes.,Happy,S114,Happy,Pharrell Williams,Pop,160.0,Joyful,High,High
U115,Art somebody eat care.,Happy,S115,Uptown Funk,Bruno Mars,Funk,115.0,Energetic,High,High
U116,Forward ground home various move husband.,Sad,S116,Someone Like You,Adele,Pop,67.0,Melancholic,Low,Low
U117,Strong trade join scientist campaign.,Happy,S117,Happy,Pharrell Williams,Pop,160.0,Joyful,High,High
U118,Society suffer card protect quality organization.,Sad,S118,Fix You,Coldplay,Rock,75.0,Emotional,Low,Medium
U119,Subject bed receive business they think doctor.,Relaxed,S119,Clair de Lune,Debussy,Classical,60.0,Soothing,Low,Low
U120,Cause accept data.,Sad,S120,Fix You,Coldplay,Rock,75.0,Emotional,Low,Medium
U121,View best certain miss cup.,Sad,S121,Fix You,Coldplay,Rock,75.0,Emotional,Low,Medium
U122,Set bill every detail.,Sad,S122,Fix You,Coldplay,Rock,75.0,Emotional,Low,Medium
U123,Check character protect act sister.,Motivated,S123,Stronger,Kanye West,Hip-Hop,130.0,Powerful,High,High
U124,Respond story career leg back result.,Relaxed,S124,Weightless,Marconi Union,Ambient,50.0,Calm,Low,Low
U125,Like go think others allow television present among.,Relaxed,S125,Clair de Lune,Debussy,Classical,60.0,Soothing,Low,Low
U126,Attorney later meet.,Relaxed,S126,Weightless,Marconi Union,Ambient,50.0,Calm,Low,Low
U127,Power green use election.,Motivated,S127,Stronger,Kanye West,Hip-Hop,130.0,Powerful,High,High
U128,Story artist several important.,Motivated,S128,Eye of the Tiger,Survivor,Rock,109.0,Energetic,High,Medium
U129,Mind very case under range machine.,Relaxed,S129,Clair de Lune,Debussy,Classical,60.0,Soothing,Low,Low
U130,First according interesting.,Relaxed,S130,Weightless,Marconi Union,Ambient,50.0,Calm,Low,Low
U131,According go direction wish.,Motivated,S131,Stronger,Kanye West,Hip-Hop,130.0,Powerful,High,High
U132,Yes bar team size.,Happy,S132,Happy,Pharrell Williams,Pop,160.0,Joyful,High,High
U133,Space cup over exactly.,Happy,S133,Happy,Pharrell Williams,Pop,160.0,Joyful,High,High
U134,Expert let growth hope heart service move.,Sad,S134,Someone Like You,Adele,Pop,67.0,Melancholic,Low,Low
U135,Religious continue attack billion.,Motivated,S135,Eye of the Tiger,Survivor,Rock,109.0,Energetic,High,Medium
U136,Stay admit design someone return data eye.,Motivated,S136,Stronger,Kanye West,Hip-Hop,130.0,Powerful,High,High
U137,Here write world hear officer serious.,Happy,S137,Happy,Pharrell Williams,Pop,160.0,Joyful,High,High
U138,Behavior look politics trip.,Happy,S138,Happy,Pharrell Williams,Pop,160.0,Joyful,High,High
U139,Far me goal area more bad.,Sad,S139,Fix You,Coldplay,Rock,75.0,Emotional,Low,Medium
U140,Old yeah speak interview clearly.,Happy,S140,Happy,Pharrell Williams,Pop,160.0,Joyful,High,High
U141,Own use listen.,Happy,S141,Happy,Pharrell Williams,Pop,160.0,Joyful,High,High
U142,For really employee.,Happy,S142,Uptown Funk,Bruno Mars,Funk,115.0,Energetic,High,High
U143,Road will no most whether.,Sad,S143,Someone Like You,Adele,Pop,67.0,Melancholic,Low,Low
U144,Quite prepare keep environment speech run.,Sad,S144,Fix You,Coldplay,Rock,75.0,Emotional,Low,Medium
U145,Cut south serious sure dream detail within.,Motivated,S145,Eye of the Tiger,Survivor,Rock,109.0,Energetic,High,Medium
U146,Worry movie your risk reach.,Motivated,S146,Stronger,Kanye West,Hip-Hop,130.0,Powerful,High,High
U147,Yet believe control.,Relaxed,S147,Weightless,Marconi Union,Ambient,50.0,Calm,Low,Low
U148,Out short reduce ahead.,Motivated,S148,Stronger,Kanye West,Hip-Hop,130.0,Powerful,High,High
U149,Federal natural rule senior knowledge myself.,Sad,S149,Fix You,Coldplay,Rock,75.0,Emotional,Low,Medium
U150,Of wait opportunity yeah send.,Motivated,S150,Eye of the Tiger,Survivor,Rock,109.0,Energetic,High,Medium
U151,Them arrive population later land apply.,Relaxed,S151,Weightless,Marconi Union,Ambient,50.0,Calm,Low,Low
U152,Yes garden local spring.,Relaxed,S152,Weightless,Marconi Union,Ambient,50.0,Calm,Low,Low
U153,Republican poor same lead cause.,Happy,S153,Happy,Pharrell Williams,Pop,160.0,Joyful,High,High
U154,Thank those eight physical attack stage old.,Happy,S154,Uptown Funk,Bruno Mars,Funk,115.0,Energetic,High,High
U155,Individual financial interesting ball.,Motivated,S155,Stronger,Kanye West,Hip-Hop,130.0,Powerful,High,High
U156,Sure trade throughout employee member.,Sad,S156,Someone Like You,Adele,Pop,67.0,Melancholic,Low,Low
U157,Chair rise new state term rate.,Relaxed,S157,Clair de Lune,Debussy,Classical,60.0,Soothing,Low,Low
U158,Weight feel produce.,Happy,S158,Uptown Funk,Bruno Mars,Funk,115.0,Energetic,High,High
U159,West no how.,Motivated,S159,Stronger,Kanye West,Hip-Hop,130.0,Powerful,High,High
U160,Option speech no Mr.,Happy,S160,Happy,Pharrell Williams,Pop,160.0,Joyful,High,High
U161,Democrat crime imagine appear black field southern will.,Relaxed,S161,Clair de Lune,Debussy,Classical,60.0,Soothing,Low,Low
U162,Effect sit cultural walk second discussion design behind.,Motivated,S162,Eye of the Tiger,Survivor,Rock,109.0,Energetic,High,Medium
U163,Politics career just them.,Happy,S163,Uptown Funk,Bruno Mars,Funk,115.0,Energetic,High,High
U164,Yes behind down if before.,Relaxed,S164,Weightless,Marconi Union,Ambient,50.0,Calm,Low,Low
U165,Wrong represent father civil return benefit.,Sad,S165,Someone Like You,Adele,Pop,67.0,Melancholic,Low,Low
U166,In book society its win.,Sad,S166,Fix You,Coldplay,Rock,75.0,Emotional,Low,Medium
U167,Me the purpose yes other despite network.,Motivated,S167,Stronger,Kanye West,Hip-Hop,130.0,Powerful,High,High
U168,Road always central long change drug.,Sad,S168,Someone Like You,Adele,Pop,67.0,Melancholic,Low,Low
U169,Lay arrive little matter course quite.,Happy,S169,Happy,Pharrell Williams,Pop,160.0,Joyful,High,High
U170,Attention often news leader.,Motivated,S170,Eye of the Tiger,Survivor,Rock,109.0,Energetic,High,Medium
U171,Series summer Congress mouth onto.,Motivated,S171,Stronger,Kanye West,Hip-Hop,130.0,Powerful,High,High
U172,Today large letter such.,Happy,S172,Uptown Funk,Bruno Mars,Funk,115.0,Energetic,High,High
U173,Want sing site evening political health.,Motivated,S173,Eye of the Tiger,Survivor,Rock,109.0,Energetic,High,Medium
U174,Child seek collection structure everything.,Happy,S174,Happy,Pharrell Williams,Pop,160.0,Joyful,High,High
U175,Skill mean know beat design attention likely.,Happy,S175,Uptown Funk,Bruno Mars,Funk,115.0,Energetic,High,High
U176,Possible church father medical future nor.,Relaxed,S176,Weightless,Marconi Union,Ambient,50.0,Calm,Low,Low
U177,Great manager current star.,Motivated,S177,Eye of the Tiger,Survivor,Rock,109.0,Energetic,High,Medium
U178,Happen build forward wait real.,Sad,S178,Fix You,Coldplay,Rock,75.0,Emotional,Low,Medium
U179,Consider value leave sister think.,Happy,S179,Uptown Funk,Bruno Mars,Funk,115.0,Energetic,High,High
U180,Kitchen left hot small woman evidence its over.,Motivated,S180,Eye of the Tiger,Survivor,Rock,109.0,Energetic,High,Medium
U181,Media suggest write off itself ability.,Motivated,S181,Eye of the Tiger,Survivor,Rock,109.0,Energetic,High,Medium
U182,Understand teacher ask most trial high miss what.,Sad,S182,Someone Like You,Adele,Pop,67.0,Melancholic,Low,Low
U183,Make avoid myself room.,Happy,S183,Uptown Funk,Bruno Mars,Funk,115.0,Energetic,High,High
U184,Close hard oil consumer discuss someone.,Relaxed,S184,Clair de Lune,Debussy,Classical,60.0,Soothing,Low,Low
U185,Number fall future others.,Relaxed,S185,Weightless,Marconi Union,Ambient,50.0,Calm,Low,Low
U186,Cultural others reality test.,Relaxed,S186,Clair de Lune,Debussy,Classical,60.0,Soothing,Low,Low
U187,Enter scene help total rest peace.,Happy,S187,Uptown Funk,Bruno Mars,Funk,115.0,Energetic,High,High
U188,Whatever would can admit technology college.,Happy,S188,Uptown Funk,Bruno Mars,Funk,115.0,Energetic,High,High
U189,None country crime get couple claim body however.,Happy,S189,Happy,Pharrell Williams,Pop,160.0,Joyful,High,High
U190,Medical fall senior half above.,Relaxed,S190,Clair de Lune,Debussy,Classical,60.0,Soothing,Low,Low
U191,Public want sport successful trade debate watch interview.,Sad,S191,Fix You,Coldplay,Rock,75.0,Emotional,Low,Medium
U192,Machine source artist.,Happy,S192,Happy,Pharrell Williams,Pop,160.0,Joyful,High,High
U193,Game police your accept drug company before.,Motivated,S193,Stronger,Kanye West,Hip-Hop,130.0,Powerful,High,High
U194,Time early movie.,Motivated,S194,Stronger,Kanye West,Hip-Hop,130.0,Powerful,High,High
U195,Cell join girl seek no center movie.,Sad,S195,Fix You,Coldplay,Rock,75.0,Emotional,Low,Medium
U196,Need tax these health defense billion remember.,Sad,S196,Fix You,Coldplay,Rock,75.0,Emotional,Low,Medium
U197,Several allow their fight.,Happy,S197,Happy,Pharrell Williams,Pop,160.0,Joyful,High,High
U198,Dog water town dog own add accept.,Happy,S198,Uptown Funk,Bruno Mars,Funk,115.0,Energetic,High,High
U199,Kid newspaper he risk everything idea born.,Sad,S199,Someone Like You,Adele,Pop,67.0,Melancholic,Low,Low
U200,Their yard seem civil worker term case.,Sad,S200,Someone Like You,Adele,Pop,67.0,Melancholic,Low,Low
U201,Something condition government military policy rather.,Sad,S201,Fix You,Coldplay,Rock,75.0,Emotional,Low,Medium
U202,Situation card recognize onto improve cultural.,Happy,S202,Happy,Pharrell Williams,Pop,160.0,Joyful,High,High
U203,Doctor guy condition he.,Happy,S203,Uptown Funk,Bruno Mars,Funk,115.0,Energetic,High,High
U204,Should response mother themselves born yeah.,Motivated,S204,Stronger,Kanye West,Hip-Hop,130.0,Powerful,High,High
U205,Wait history sort them low price minute.,Happy,S205,Uptown Funk,Bruno Mars,Funk,115.0,Energetic,High,High
U206,Person meet down something.,Sad,S206,Someone Like You,Adele,Pop,67.0,Melancholic,Low,Low
U207,Investment challenge often year phone scientist away name.,Sad,S207,Someone Like You,Adele,Pop,67.0,Melancholic,Low,Low
U208,Trade across husband other adult yeah three.,Sad,S208,Fix You,Coldplay,Rock,75.0,Emotional,Low,Medium
U209,Organization product father over wrong international.,Motivated,S209,Eye of the Tiger,Survivor,Rock,109.0,Energetic,High,Medium
U210,Question difference small.,Motivated,S210,Eye of the Tiger,Survivor,Rock,109.0,Energetic,High,Medium
U211,Street commercial style certainly travel professor oil many.,Happy,S211,Uptown Funk,Bruno Mars,Funk,115.0,Energetic,High,High
U212,Not mouth early heavy.,Relaxed,S212,Clair de Lune,Debussy,Classical,60.0,Soothing,Low,Low
U213,Common street head though tax.,Relaxed,S213,Clair de Lune,Debussy,Classical,60.0,Soothing,Low,Low
U214,Create contain age participant least store.,Sad,S214,Someone Like You,Adele,Pop,67.0,Melancholic,Low,Low
U215,Ahead reflect vote though name health question.,Sad,S215,Someone Like You,Adele,Pop,67.0,Melancholic,Low,Low
U216,Middle effort exactly seat analysis mission bring.,Motivated,S216,Eye of the Tiger,Survivor,Rock,109.0,Energetic,High,Medium
U217,Concern course around recognize such let.,Happy,S217,Happy,Pharrell Williams,Pop,160.0,Joyful,High,High
U218,Child myself begin enjoy know husband.,Motivated,S218,Stronger,Kanye West,Hip-Hop,130.0,Powerful,High,High
U219,To attack foreign.,Motivated,S219,Eye of the Tiger,Survivor,Rock,109.0,Energetic,High,Medium
U220,Up skill executive ahead could magazine.,Happy,S220,Happy,Pharrell Williams,Pop,160.0,Joyful,High,High
U221,Fly usually pass into.,Relaxed,S221,Clair de Lune,Debussy,Classical,60.0,Soothing,Low,Low
U222,Fight sound theory movement tree fund spend.,Motivated,S222,Stronger,Kanye West,Hip-Hop,130.0,Powerful,High,High
U223,Smile change recent beautiful war couple.,Happy,S223,Uptown Funk,Bruno Mars,Funk,115.0,Energetic,High,High
U224,Occur challenge he ground.,Relaxed,S224,Clair de Lune,Debussy,Classical,60.0,Soothing,Low,Low
U225,Include standard tough too remain per wear Mr.,Motivated,S225,Stronger,Kanye West,Hip-Hop,130.0,Powerful,High,High
U226,Source relate article design trip.,Motivated,S226,Eye of the Tiger,Survivor,Rock,109.0,Energetic,High,Medium
U227,Us maybe air week with wait.,Relaxed,S227,Clair de Lune,Debussy,Classical,60.0,Soothing,Low,Low
U228,Their know range cold theory name see.,Motivated,S228,Eye of the Tiger,Survivor,Rock,109.0,Energetic,High,Medium
U229,Else employee avoid to own believe check.,Happy,S229,Uptown Funk,Bruno Mars,Funk,115.0,Energetic,High,High
U230,Require under personal reveal after I expect.,Happy,S230,Uptown Funk,Bruno Mars,Funk,115.0,Energetic,High,High
U231,Bad think drive billion close run network issue.,Happy,S231,Happy,Pharrell Williams,Pop,160.0,Joyful,High,High
U232,Community finish add likely section region save.,Motivated,S232,Stronger,Kanye West,Hip-Hop,130.0,Powerful,High,High
U233,From ask let movie kid TV.,Relaxed,S233,Clair de Lune,Debussy,Classical,60.0,Soothing,Low,Low
U234,Card thing my pay.,Sad,S234,Fix You,Coldplay,Rock,75.0,Emotional,Low,Medium
U235,Appear majority worker administration.,Happy,S235,Happy,Pharrell Williams,Pop,160.0,Joyful,High,High
U236,Turn appear you husband.,Happy,S236,Uptown Funk,Bruno Mars,Funk,115.0,Energetic,High,High
U237,Size out thing might.,Happy,S237,Uptown Funk,Bruno Mars,Funk,115.0,Energetic,High,High
U238,Same action list source back street.,Happy,S238,Happy,Pharrell Williams,Pop,160.0,Joyful,High,High
U239,Their region after sell after resource fund recognize.,Sad,S239,Fix You,Coldplay,Rock,75.0,Emotional,Low,Medium
U240,Offer middle I room rock sea morning reflect.,Motivated,S240,Eye of the Tiger,Survivor,Rock,109.0,Energetic,High,Medium
U241,Should see read population speak.,Motivated,S241,Stronger,Kanye West,Hip-Hop,130.0,Powerful,High,High
U242,Can effort seven follow show similar sing.,Sad,S242,Fix You,Coldplay,Rock,75.0,Emotional,Low,Medium
U243,Candidate account fine hit break instead whole.,Sad,S243,Someone Like You,Adele,Pop,67.0,Melancholic,Low,Low
U244,Tough or education bag her.,Relaxed,S244,Clair de Lune,Debussy,Classical,60.0,Soothing,Low,Low
U245,Even anyone turn season.,Happy,S245,Happy,Pharrell Williams,Pop,160.0,Joyful,High,High
U246,Themselves in administration.,Sad,S246,Fix You,Coldplay,Rock,75.0,Emotional,Low,Medium
U247,Tree city usually itself.,Relaxed,S247,Weightless,Marconi Union,Ambient,50.0,Calm,Low,Low
U248,Between son easy produce.,Relaxed,S248,Weightless,Marconi Union,Ambient,50.0,Calm,Low,Low
U249,Throw near trade shake example.,Motivated,S249,Eye of the Tiger,Survivor,Rock,109.0,Energetic,High,Medium
U250,Successful machine leader.,Relaxed,S250,Weightless,Marconi Union,Ambient,50.0,Calm,Low,Low
U251,Talk join clear both similar agree.,Sad,S251,Fix You,Coldplay,Rock,75.0,Emotional,Low,Medium
U252,Least require fall benefit window miss phone.,Happy,S252,Happy,Pharrell Williams,Pop,160.0,Joyful,High,High
U253,Other discuss per relate quickly feel eat section.,Relaxed,S253,Weightless,Marconi Union,Ambient,50.0,Calm,Low,Low
U254,Attack but build two summer rest.,Sad,S254,Someone Like You,Adele,Pop,67.0,Melancholic,Low,Low
U255,Identify fine cost long current anything.,Motivated,S255,Eye of the Tiger,Survivor,Rock,109.0,Energetic,High,Medium
U256,Between four agreement she.,Motivated,S256,Stronger,Kanye West,Hip-Hop,130.0,Powerful,High,High
U257,Success can decision drive.,Relaxed,S257,Weightless,Marconi Union,Ambient,50.0,Calm,Low,Low
U258,Show degree air someone force.,Motivated,S258,Eye of the Tiger,Survivor,Rock,109.0,Energetic,High,Medium
U259,Choose west behavior form.,Sad,S259,Someone Like You,Adele,Pop,67.0,Melancholic,Low,Low
U260,Always there attorney add.,Happy,S260,Happy,Pharrell Williams,Pop,160.0,Joyful,High,High
U261,Inside personal class huge live in really.,Motivated,S261,Eye of the Tiger,Survivor,Rock,109.0,Energetic,High,Medium
U262,Tonight half heart value.,Happy,S262,Uptown Funk,Bruno Mars,Funk,115.0,Energetic,High,High
U263,Eye capital hear wide simply good.,Happy,S263,Happy,Pharrell Williams,Pop,160.0,Joyful,High,High
U264,Network leg song former vote energy just.,Sad,S264,Someone Like You,Adele,Pop,67.0,Melancholic,Low,Low
U265,Last both than society.,Sad,S265,Fix You,Coldplay,Rock,75.0,Emotional,Low,Medium
U266,Network thousand action board occur computer.,Relaxed,S266,Clair de Lune,Debussy,Classical,60.0,Soothing,Low,Low
U267,Hope believe build carry.,Sad,S267,Someone Like You,Adele,Pop,67.0,Melancholic,Low,Low
U268,Finally appear mean discussion.,Motivated,S268,Eye of the Tiger,Survivor,Rock,109.0,Energetic,High,Medium
U269,Data perform whether be dream.,Sad,S269,Fix You,Coldplay,Rock,75.0,Emotional,Low,Medium
U270,Professor each environment third.,Motivated,S270,Eye of the Tiger,Survivor,Rock,109.0,Energetic,High,Medium
U271,Wear kind here establish fight own police.,Sad,S271,Someone Like You,Adele,Pop,67.0,Melancholic,Low,Low
U272,Billion computer key style significant.,Motivated,S272,Stronger,Kanye West,Hip-Hop,130.0,Powerful,High,High
U273,Break art compare doctor.,Motivated,S273,Stronger,Kanye West,Hip-Hop,130.0,Powerful,High,High
U274,Kid painting my bag bag.,Sad,S274,Someone Like You,Adele,Pop,67.0,Melancholic,Low,Low
U275,Treat attorney reach prevent hotel.,Happy,S275,Happy,Pharrell Williams,Pop,160.0,Joyful,High,High
U276,Officer media during.,Relaxed,S276,Clair de Lune,Debussy,Classical,60.0,Soothing,Low,Low
U277,Month administration one what church bring sense.,Happy,S277,Happy,Pharrell Williams,Pop,160.0,Joyful,High,High
U278,When could follow.,Sad,S278,Fix You,Coldplay,Rock,75.0,Emotional,Low,Medium
U279,Certain among local figure service interesting.,Sad,S279,Someone Like You,Adele,Pop,67.0,Melancholic,Low,Low
U280,Dinner pressure discuss.,Sad,S280,Fix You,Coldplay,Rock,75.0,Emotional,Low,Medium
U281,Word argue health hospital should western hospital.,Motivated,S281,Stronger,Kanye West,Hip-Hop,130.0,Powerful,High,High
U282,Whatever yes trade catch through.,Relaxed,S282,Weightless,Marconi Union,Ambient,50.0,Calm,Low,Low
U283,Ask lead someone employee want every happen anyone.,Sad,S283,Fix You,Coldplay,Rock,75.0,Emotional,Low,Medium
U284,Chance increase picture nearly.,Motivated,S284,Stronger,Kanye West,Hip-Hop,130.0,Powerful,High,High
U285,Court second agreement check.,Sad,S285,Someone Like You,Adele,Pop,67.0,Melancholic,Low,Low
U286,Enjoy development long win nation pretty.,Motivated,S286,Eye of the Tiger,Survivor,Rock,109.0,Energetic,High,Medium
U287,Upon forward student style someone body them.,Relaxed,S287,Clair de Lune,Debussy,Classical,60.0,Soothing,Low,Low
U288,Generation everybody stock final.,Sad,S288,Someone Like You,Adele,Pop,67.0,Melancholic,Low,Low
U289,Person value later lot class benefit positive hear.,Happy,S289,Happy,Pharrell Williams,Pop,160.0,Joyful,High,High
U290,My threat must southern.,Relaxed,S290,Weightless,Marconi Union,Ambient,50.0,Calm,Low,Low
U291,Because choice allow.,Motivated,S291,Stronger,Kanye West,Hip-Hop,130.0,Powerful,High,High
U292,Myself seem experience market discover sport.,Happy,S292,Uptown Funk,Bruno Mars,Funk,115.0,Energetic,High,High
U293,Real election indicate really community north point become.,Motivated,S293,Stronger,Kanye West,Hip-Hop,130.0,Powerful,High,High
U294,Dream low work suddenly.,Relaxed,S294,Clair de Lune,Debussy,Classical,60.0,Soothing,Low,Low
U295,Answer almost mouth unit.,Happy,S295,Happy,Pharrell Williams,Pop,160.0,Joyful,High,High
U296,Decision hard audience near executive manage beautiful.,Happy,S296,Uptown Funk,Bruno Mars,Funk,115.0,Energetic,High,High
U297,Rich option history.,Relaxed,S297,Clair de Lune,Debussy,Classical,60.0,Soothing,Low,Low
U298,International property entire.,Motivated,S298,Eye of the Tiger,Survivor,Rock,109.0,Energetic,High,Medium
U299,Least question measure give training.,Motivated,S299,Stronger,Kanye West,Hip-Hop,130.0,Powerful,High,High
U300,By likely writer trouble.,Happy,S300,Happy,Pharrell Williams,Pop,160.0,Joyful,High,High
U301,Fish government specific often scientist indicate across.,Sad,S301,Someone Like You,Adele,Pop,67.0,Melancholic,Low,Low
U302,Time many five.,Sad,S302,Someone Like You,Adele,Pop,67.0,Melancholic,Low,Low
U303,Give home left model.,Sad,S303,Someone Like You,Adele,Pop,67.0,Melancholic,Low,Low
U304,Throughout case across budget product decision machine.,Sad,S304,Someone Like You,Adele,Pop,67.0,Melancholic,Low,Low
U305,Billion oil important threat feeling individual vote.,Relaxed,S305,Clair de Lune,Debussy,Classical,60.0,Soothing,Low,Low
U306,Professor go design remember service everyone finish.,Motivated,S306,Eye of the Tiger,Survivor,Rock,109.0,Energetic,High,Medium
U307,Window tell analysis student wide.,Sad,S307,Someone Like You,Adele,Pop,67.0,Melancholic,Low,Low
U308,Money theory stuff appear enter.,Sad,S308,Someone Like You,Adele,Pop,67.0,Melancholic,Low,Low
U309,South long would quickly reduce.,Relaxed,S309,Weightless,Marconi Union,Ambient,50.0,Calm,Low,Low
U310,Guess party local wish avoid.,Happy,S310,Happy,Pharrell Williams,Pop,160.0,Joyful,High,High
U311,Scene right art media key.,Motivated,S311,Eye of the Tiger,Survivor,Rock,109.0,Energetic,High,Medium
U312,Discover material affect role he better street.,Sad,S312,Someone Like You,Adele,Pop,67.0,Melancholic,Low,Low
U313,Because with management family involve political.,Motivated,S313,Stronger,Kanye West,Hip-Hop,130.0,Powerful,High,High
U314,Garden myself decide rich plant huge.,Motivated,S314,Stronger,Kanye West,Hip-Hop,130.0,Powerful,High,High
U315,Tonight significant way international several stand.,Sad,S315,Someone Like You,Adele,Pop,67.0,Melancholic,Low,Low
U316,Indicate letter project cause anyone.,Relaxed,S316,Weightless,Marconi Union,Ambient,50.0,Calm,Low,Low
U317,Interview century general his company subject big fish.,Sad,S317,Someone Like You,Adele,Pop,67.0,Melancholic,Low,Low
U318,About sure organization.,Happy,S318,Happy,Pharrell Williams,Pop,160.0,Joyful,High,High
U319,Street story production how.,Sad,S319,Fix You,Coldplay,Rock,75.0,Emotional,Low,Medium
U320,Laugh several three walk away.,Motivated,S320,Stronger,Kanye West,Hip-Hop,130.0,Powerful,High,High
U321,Show agreement growth.,Motivated,S321,Stronger,Kanye West,Hip-Hop,130.0,Powerful,High,High
U322,Into sing environment store resource.,Sad,S322,Someone Like You,Adele,Pop,67.0,Melancholic,Low,Low
U323,Agreement something report finally.,Relaxed,S323,Clair de Lune,Debussy,Classical,60.0,Soothing,Low,Low
U324,Go discover coach number son because.,Motivated,S324,Eye of the Tiger,Survivor,Rock,109.0,Energetic,High,Medium
U325,Once industry why audience year.,Motivated,S325,Eye of the Tiger,Survivor,Rock,109.0,Energetic,High,Medium
U326,Nature Democrat table sing.,Motivated,S326,Stronger,Kanye West,Hip-Hop,130.0,Powerful,High,High
U327,Life dog notice several whole he star.,Relaxed,S327,Weightless,Marconi Union,Ambient,50.0,Calm,Low,Low
U328,Base father city your occur.,Relaxed,S328,Clair de Lune,Debussy,Classical,60.0,Soothing,Low,Low
U329,Either base already democratic.,Sad,S329,Someone Like You,Adele,Pop,67.0,Melancholic,Low,Low
U330,Nature value data collection ready participant.,Motivated,S330,Eye of the Tiger,Survivor,Rock,109.0,Energetic,High,Medium
U331,Office seek less speech season star three hot.,Motivated,S331,Eye of the Tiger,Survivor,Rock,109.0,Energetic,High,Medium
U332,Day happen society evidence floor development practice.,Sad,S332,Fix You,Coldplay,Rock,75.0,Emotional,Low,Medium
U333,Real activity despite.,Happy,S333,Happy,Pharrell Williams,Pop,160.0,Joyful,High,High
U334,Yeah send why win whatever name.,Happy,S334,Uptown Funk,Bruno Mars,Funk,115.0,Energetic,High,High
U335,Month camera think action.,Motivated,S335,Eye of the Tiger,Survivor,Rock,109.0,Energetic,High,Medium
U336,More outside world remain.,Sad,S336,Fix You,Coldplay,Rock,75.0,Emotional,Low,Medium
U337,Morning quickly family address nice card career.,Happy,S337,Happy,Pharrell Williams,Pop,160.0,Joyful,High,High
U338,Land long participant.,Happy,S338,Uptown Funk,Bruno Mars,Funk,115.0,Energetic,High,High
U339,Three information audience history computer market low.,Sad,S339,Someone Like You,Adele,Pop,67.0,Melancholic,Low,Low
U340,Among down office set cut.,Motivated,S340,Eye of the Tiger,Survivor,Rock,109.0,Energetic,High,Medium
U341,Agency yourself fire material seat specific.,Sad,S341,Fix You,Coldplay,Rock,75.0,Emotional,Low,Medium
U342,Such machine available church feeling but affect commercial.,Sad,S342,Fix You,Coldplay,Rock,75.0,Emotional,Low,Medium
U343,Radio concern himself green better me.,Motivated,S343,Eye of the Tiger,Survivor,Rock,109.0,Energetic,High,Medium
U344,Deep forget that trial.,Happy,S344,Happy,Pharrell Williams,Pop,160.0,Joyful,High,High
U345,Today window lay range news.,Motivated,S345,Stronger,Kanye West,Hip-Hop,130.0,Powerful,High,High
U346,Who agent top white.,Motivated,S346,Eye of the Tiger,Survivor,Rock,109.0,Energetic,High,Medium
U347,Per across agent second deal out week.,Sad,S347,Fix You,Coldplay,Rock,75.0,Emotional,Low,Medium
U348,Without across indicate rich support see.,Relaxed,S348,Clair de Lune,Debussy,Classical,60.0,Soothing,Low,Low
U349,Message third knowledge gun guess miss.,Motivated,S349,Stronger,Kanye West,Hip-Hop,130.0,Powerful,High,High
U350,Successful necessary not charge ability sometimes although contain.,Relaxed,S350,Weightless,Marconi Union,Ambient,50.0,Calm,Low,Low
U351,Program cause south wrong night population.,Motivated,S351,Stronger,Kanye West,Hip-Hop,130.0,Powerful,High,High
U352,Real large study claim decide course test.,Relaxed,S352,Weightless,Marconi Union,Ambient,50.0,Calm,Low,Low
U353,Expect analysis keep actually this himself series.,Motivated,S353,Stronger,Kanye West,Hip-Hop,130.0,Powerful,High,High
U354,Answer toward walk ahead smile without degree.,Relaxed,S354,Clair de Lune,Debussy,Classical,60.0,Soothing,Low,Low
U355,Many there at lot hard agency answer number.,Motivated,S355,Eye of the Tiger,Survivor,Rock,109.0,Energetic,High,Medium
U356,Number scientist floor data type.,Motivated,S356,Eye of the Tiger,Survivor,Rock,109.0,Energetic,High,Medium
U357,Research decide card build her.,Motivated,S357,Stronger,Kanye West,Hip-Hop,130.0,Powerful,High,High
U358,Under me take.,Happy,S358,Uptown Funk,Bruno Mars,Funk,115.0,Energetic,High,High
U359,None our project seat vote hold leave.,Sad,S359,Fix You,Coldplay,Rock,75.0,Emotional,Low,Medium
U360,Use exist enough second benefit road.,Motivated,S360,Stronger,Kanye West,Hip-Hop,130.0,Powerful,High,High
U361,Tend throughout dinner bit put personal.,Motivated,S361,Stronger,Kanye West,Hip-Hop,130.0,Powerful,High,High
U362,Technology mission modern real site single.,Relaxed,S362,Weightless,Marconi Union,Ambient,50.0,Calm,Low,Low
U363,Help million relate.,Sad,S363,Fix You,Coldplay,Rock,75.0,Emotional,Low,Medium
U364,Method yard any hear personal maybe seven must.,Happy,S364,Uptown Funk,Bruno Mars,Funk,115.0,Energetic,High,High
U365,Set enjoy movie.,Happy,S365,Happy,Pharrell Williams,Pop,160.0,Joyful,High,High
U366,Seat Republican interest whatever.,Happy,S366,Uptown Funk,Bruno Mars,Funk,115.0,Energetic,High,High
U367,Why course spend make.,Sad,S367,Fix You,Coldplay,Rock,75.0,Emotional,Low,Medium
U368,Guess science officer.,Sad,S368,Fix You,Coldplay,Rock,75.0,Emotional,Low,Medium
U369,Still their quite ball.,Relaxed,S369,Weightless,Marconi Union,Ambient,50.0,Calm,Low,Low
U370,Shake way enter white physical especially.,Sad,S370,Someone Like You,Adele,Pop,67.0,Melancholic,Low,Low
U371,Authority marriage military compare different item.,Relaxed,S371,Clair de Lune,Debussy,Classical,60.0,Soothing,Low,Low
U372,Describe husband job strategy show him range.,Relaxed,S372,Clair de Lune,Debussy,Classical,60.0,Soothing,Low,Low
U373,Light show walk its.,Motivated,S373,Eye of the Tiger,Survivor,Rock,109.0,Energetic,High,Medium
U374,How apply wall pass standard cover.,Relaxed,S374,Clair de Lune,Debussy,Classical,60.0,Soothing,Low,Low
U375,Eight provide amount attention send example.,Sad,S375,Fix You,Coldplay,Rock,75.0,Emotional,Low,Medium
U376,Box drop cup hotel itself stuff professional house.,Happy,S376,Happy,Pharrell Williams,Pop,160.0,Joyful,High,High
U377,President natural city past probably admit.,Relaxed,S377,Weightless,Marconi Union,Ambient,50.0,Calm,Low,Low
U378,Affect commercial skin soldier.,Motivated,S378,Eye of the Tiger,Survivor,Rock,109.0,Energetic,High,Medium
U379,Image power boy any but.,Sad,S379,Someone Like You,Adele,Pop,67.0,Melancholic,Low,Low
U380,Per big soldier ground manager run special.,Relaxed,S380,Weightless,Marconi Union,Ambient,50.0,Calm,Low,Low
U381,Hold follow year fill next.,Motivated,S381,Stronger,Kanye West,Hip-Hop,130.0,Powerful,High,High
U382,Store keep try.,Happy,S382,Happy,Pharrell Williams,Pop,160.0,Joyful,High,High
U383,Join agent guess minute send risk agency.,Motivated,S383,Eye of the Tiger,Survivor,Rock,109.0,Energetic,High,Medium
U384,Tonight amount after price baby.,Happy,S384,Happy,Pharrell Williams,Pop,160.0,Joyful,High,High
U385,Deep responsibility imagine.,Relaxed,S385,Clair de Lune,Debussy,Classical,60.0,Soothing,Low,Low
U386,Bit final pretty themselves sign eat.,Happy,S386,Happy,Pharrell Williams,Pop,160.0,Joyful,High,High
U387,State near nice its north old.,Relaxed,S387,Clair de Lune,Debussy,Classical,60.0,Soothing,Low,Low
U388,Interesting law market final.,Relaxed,S388,Clair de Lune,Debussy,Classical,60.0,Soothing,Low,Low
U389,Information back stand north.,Sad,S389,Someone Like You,Adele,Pop,67.0,Melancholic,Low,Low
U390,Arrive ever quickly finally care.,Relaxed,S390,Clair de Lune,Debussy,Classical,60.0,Soothing,Low,Low
U391,Government note visit likely high investment attorney.,Relaxed,S391,Weightless,Marconi Union,Ambient,50.0,Calm,Low,Low
U392,Describe imagine all the.,Relaxed,S392,Clair de Lune,Debussy,Classical,60.0,Soothing,Low,Low
U393,Daughter speak east.,Relaxed,S393,Weightless,Marconi Union,Ambient,50.0,Calm,Low,Low
U394,Room check response.,Relaxed,S394,Weightless,Marconi Union,Ambient,50.0,Calm,Low,Low
U395,Every become control perhaps.,Relaxed,S395,Clair de Lune,Debussy,Classical,60.0,Soothing,Low,Low
U396,Nature simply good we physical let either.,Motivated,S396,Eye of the Tiger,Survivor,Rock,109.0,Energetic,High,Medium
U397,Great seek information down.,Happy,S397,Happy,Pharrell Williams,Pop,160.0,Joyful,High,High
U398,Wear sometimes safe husband stay every poor.,Sad,S398,Fix You,Coldplay,Rock,75.0,Emotional,Low,Medium
U399,Gas measure season important.,Relaxed,S399,Weightless,Marconi Union,Ambient,50.0,Calm,Low,Low
U400,Clear ability recognize bit sign find although set.,Relaxed,S400,Weightless,Marconi Union,Ambient,50.0,Calm,Low,Low
U401,Since window according health set.,Happy,S401,Happy,Pharrell Williams,Pop,160.0,Joyful,High,High
U402,Authority deep I reason report.,Relaxed,S402,Weightless,Marconi Union,Ambient,50.0,Calm,Low,Low
U403,Writer deal get.,Relaxed,S403,Weightless,Marconi Union,Ambient,50.0,Calm,Low,Low
U404,Month gas throughout will study.,Sad,S404,Fix You,Coldplay,Rock,75.0,Emotional,Low,Medium
U405,Per professional notice onto respond tough she.,Sad,S405,Someone Like You,Adele,Pop,67.0,Melancholic,Low,Low
U406,According another interest whose campaign own.,Happy,S406,Happy,Pharrell Williams,Pop,160.0,Joyful,High,High
U407,Community ahead travel hospital learn here.,Relaxed,S407,Clair de Lune,Debussy,Classical,60.0,Soothing,Low,Low
U408,Born discuss whether sure very often.,Sad,S408,Someone Like You,Adele,Pop,67.0,Melancholic,Low,Low
U409,Base hair about.,Happy,S409,Uptown Funk,Bruno Mars,Funk,115.0,Energetic,High,High
U410,Still describe fine eye friend consumer cultural argue.,Motivated,S410,Stronger,Kanye West,Hip-Hop,130.0,Powerful,High,High
U411,Defense history seat.,Motivated,S411,Stronger,Kanye West,Hip-Hop,130.0,Powerful,High,High
U412,Standard record national bank close situation area will.,Motivated,S412,Stronger,Kanye West,Hip-Hop,130.0,Powerful,High,High
U413,Clearly government rate trade drop Republican keep west.,Happy,S413,Uptown Funk,Bruno Mars,Funk,115.0,Energetic,High,High
U414,Audience describe hair want who build class she.,Sad,S414,Fix You,Coldplay,Rock,75.0,Emotional,Low,Medium
U415,Market affect good positive heavy.,Happy,S415,Happy,Pharrell Williams,Pop,160.0,Joyful,High,High
U416,Drop miss again performance age.,Relaxed,S416,Weightless,Marconi Union,Ambient,50.0,Calm,Low,Low
U417,Play method budget such.,Relaxed,S417,Weightless,Marconi Union,Ambient,50.0,Calm,Low,Low
U418,Significant attorney join politics read range.,Relaxed,S418,Weightless,Marconi Union,Ambient,50.0,Calm,Low,Low
U419,Manager always different.,Happy,S419,Uptown Funk,Bruno Mars,Funk,115.0,Energetic,High,High
U420,Guess drug party fish people explain.,Relaxed,S420,Weightless,Marconi Union,Ambient,50.0,Calm,Low,Low
U421,Attack cup develop book.,Motivated,S421,Stronger,Kanye West,Hip-Hop,130.0,Powerful,High,High
U422,Could machine catch.,Happy,S422,Uptown Funk,Bruno Mars,Funk,115.0,Energetic,High,High
U423,Recently high wrong success central sit letter herself.,Motivated,S423,Stronger,Kanye West,Hip-Hop,130.0,Powerful,High,High
U424,Share father various pressure score spring foot.,Motivated,S424,Stronger,Kanye West,Hip-Hop,130.0,Powerful,High,High
U425,Seven who relate.,Happy,S425,Uptown Funk,Bruno Mars,Funk,115.0,Energetic,High,High
U426,Performance yet option camera rise.,Sad,S426,Someone Like You,Adele,Pop,67.0,Melancholic,Low,Low
U427,Play fill walk chair pick feeling beautiful.,Sad,S427,Fix You,Coldplay,Rock,75.0,Emotional,Low,Medium
U428,His always article table class recently above.,Sad,S428,Someone Like You,Adele,Pop,67.0,Melancholic,Low,Low
U429,Million recognize protect address miss.,Relaxed,S429,Clair de Lune,Debussy,Classical,60.0,Soothing,Low,Low
U430,May project agent order response party machine traditional.,Relaxed,S430,Weightless,Marconi Union,Ambient,50.0,Calm,Low,Low
U431,Table hour perform back.,Sad,S431,Fix You,Coldplay,Rock,75.0,Emotional,Low,Medium
U432,Include fund benefit still.,Sad,S432,Someone Like You,Adele,Pop,67.0,Melancholic,Low,Low
U433,Lawyer same generation join reduce our imagine expect.,Happy,S433,Happy,Pharrell Williams,Pop,160.0,Joyful,High,High
U434,Garden third second official instead research top.,Sad,S434,Fix You,Coldplay,Rock,75.0,Emotional,Low,Medium
U435,Yes room person design should.,Relaxed,S435,Weightless,Marconi Union,Ambient,50.0,Calm,Low,Low
U436,Address southern or central remember human.,Happy,S436,Happy,Pharrell Williams,Pop,160.0,Joyful,High,High
U437,Career positive degree third subject scene political.,Sad,S437,Fix You,Coldplay,Rock,75.0,Emotional,Low,Medium
U438,Force spend also doctor weight last our.,Relaxed,S438,Clair de Lune,Debussy,Classical,60.0,Soothing,Low,Low
U439,Term when share oil score and position.,Happy,S439,Uptown Funk,Bruno Mars,Funk,115.0,Energetic,High,High
U440,Present along water sport could home support.,Happy,S440,Happy,Pharrell Williams,Pop,160.0,Joyful,High,High
U441,Both expert fight interest guy.,Happy,S441,Happy,Pharrell Williams,Pop,160.0,Joyful,High,High
U442,Second relate little really.,Happy,S442,Happy,Pharrell Williams,Pop,160.0,Joyful,High,High
U443,Ten soldier human police add sound.,Motivated,S443,Eye of the Tiger,Survivor,Rock,109.0,Energetic,High,Medium
U444,Consumer can hear example meet pay wind.,Sad,S444,Fix You,Coldplay,Rock,75.0,Emotional,Low,Medium
U445,Young agreement drive time cause us.,Happy,S445,Happy,Pharrell Williams,Pop,160.0,Joyful,High,High
U446,Serve scene subject both similar.,Sad,S446,Someone Like You,Adele,Pop,67.0,Melancholic,Low,Low
U447,Relationship decide live sea hold cell new.,Sad,S447,Fix You,Coldplay,Rock,75.0,Emotional,Low,Medium
U448,Friend win large statement white.,Relaxed,S448,Clair de Lune,Debussy,Classical,60.0,Soothing,Low,Low
U449,Few finally theory American.,Motivated,S449,Eye of the Tiger,Survivor,Rock,109.0,Energetic,High,Medium
U450,Source effort story.,Happy,S450,Happy,Pharrell Williams,Pop,160.0,Joyful,High,High
U451,Right such finally pay.,Sad,S451,Fix You,Coldplay,Rock,75.0,Emotional,Low,Medium
U452,My really per.,Relaxed,S452,Clair de Lune,Debussy,Classical,60.0,Soothing,Low,Low
U453,Keep television three analysis goal fight.,Sad,S453,Fix You,Coldplay,Rock,75.0,Emotional,Low,Medium
U454,Next pass you Mrs plan back.,Happy,S454,Happy,Pharrell Williams,Pop,160.0,Joyful,High,High
U455,Less then girl before five.,Relaxed,S455,Weightless,Marconi Union,Ambient,50.0,Calm,Low,Low
U456,Lay actually enough writer year.,Motivated,S456,Eye of the Tiger,Survivor,Rock,109.0,Energetic,High,Medium
U457,Seven contain argue often state reflect.,Relaxed,S457,Clair de Lune,Debussy,Classical,60.0,Soothing,Low,Low
U458,Account sure move big work.,Relaxed,S458,Clair de Lune,Debussy,Classical,60.0,Soothing,Low,Low
U459,Certainly situation economic nor by several address.,Relaxed,S459,Clair de Lune,Debussy,Classical,60.0,Soothing,Low,Low
U460,Consider model idea foot occur view.,Sad,S460,Fix You,Coldplay,Rock,75.0,Emotional,Low,Medium
U461,Father pull public.,Happy,S461,Happy,Pharrell Williams,Pop,160.0,Joyful,High,High
U462,Letter entire pull most.,Sad,S462,Someone Like You,Adele,Pop,67.0,Melancholic,Low,Low
U463,Believe especially or happy however of special whole.,Sad,S463,Someone Like You,Adele,Pop,67.0,Melancholic,Low,Low
U464,Live whom various both entire.,Happy,S464,Uptown Funk,Bruno Mars,Funk,115.0,Energetic,High,High
U465,Cold hear whom value skill.,Relaxed,S465,Clair de Lune,Debussy,Classical,60.0,Soothing,Low,Low
U466,Memory join save huge different ever.,Motivated,S466,Eye of the Tiger,Survivor,Rock,109.0,Energetic,High,Medium
U467,Operation pass evening care forget story choice.,Motivated,S467,Stronger,Kanye West,Hip-Hop,130.0,Powerful,High,High
U468,All suddenly dog toward factor card hotel able.,Sad,S468,Fix You,Coldplay,Rock,75.0,Emotional,Low,Medium
U469,Travel north mission girl recognize soldier.,Happy,S469,Uptown Funk,Bruno Mars,Funk,115.0,Energetic,High,High
U470,Phone character until hot perhaps consider time.,Motivated,S470,Stronger,Kanye West,Hip-Hop,130.0,Powerful,High,High
U471,Now light pretty suggest.,Happy,S471,Happy,Pharrell Williams,Pop,160.0,Joyful,High,High
U472,Few car occur recognize scene marriage down.,Happy,S472,Happy,Pharrell Williams,Pop,160.0,Joyful,High,High
U473,Middle worker care keep less interesting notice grow.,Motivated,S473,Eye of the Tiger,Survivor,Rock,109.0,Energetic,High,Medium
U474,Example station anything season from.,Motivated,S474,Eye of the Tiger,Survivor,Rock,109.0,Energetic,High,Medium
U475,Real clearly member foot.,Motivated,S475,Stronger,Kanye West,Hip-Hop,130.0,Powerful,High,High
U476,Dog list agent partner window animal foot.,Motivated,S476,Stronger,Kanye West,Hip-Hop,130.0,Powerful,High,High
U477,Along theory professor.,Relaxed,S477,Clair de Lune,Debussy,Classical,60.0,Soothing,Low,Low
U478,Discuss bank response population author better test tree.,Sad,S478,Fix You,Coldplay,Rock,75.0,Emotional,Low,Medium
U479,Per thousand thought.,Happy,S479,Happy,Pharrell Williams,Pop,160.0,Joyful,High,High
U480,Similar from small Mrs daughter.,Happy,S480,Uptown Funk,Bruno Mars,Funk,115.0,Energetic,High,High
U481,Note next daughter especially defense into.,Relaxed,S481,Weightless,Marconi Union,Ambient,50.0,Calm,Low,Low
U482,None likely best.,Happy,S482,Uptown Funk,Bruno Mars,Funk,115.0,Energetic,High,High
U483,Brother form reality western name institution tax short.,Motivated,S483,Eye of the Tiger,Survivor,Rock,109.0,Energetic,High,Medium
U484,Across south hair TV trade.,Sad,S484,Someone Like You,Adele,Pop,67.0,Melancholic,Low,Low
U485,Call business and up while.,Motivated,S485,Stronger,Kanye West,Hip-Hop,130.0,Powerful,High,High
U486,Career free number themselves play boy direction.,Happy,S486,Uptown Funk,Bruno Mars,Funk,115.0,Energetic,High,High
U487,Hear laugh increase one.,Sad,S487,Fix You,Coldplay,Rock,75.0,Emotional,Low,Medium
U488,May different like provide purpose.,Sad,S488,Fix You,Coldplay,Rock,75.0,Emotional,Low,Medium
U489,Loss treat eat test.,Sad,S489,Someone Like You,Adele,Pop,67.0,Melancholic,Low,Low
U490,Meeting case so century American hair policy strategy.,Sad,S490,Someone Like You,Adele,Pop,67.0,Melancholic,Low,Low
U491,Director around current rule guy.,Relaxed,S491,Clair de Lune,Debussy,Classical,60.0,Soothing,Low,Low
U492,Road test author paper threat.,Happy,S492,Happy,Pharrell Williams,Pop,160.0,Joyful,High,High
U493,Send major item forward particular seven.,Happy,S493,Happy,Pharrell Williams,Pop,160.0,Joyful,High,High
U494,Treatment say book kid blue network red.,Relaxed,S494,Weightless,Marconi Union,Ambient,50.0,Calm,Low,Low
U495,Organization someone these have.,Sad,S495,Someone Like You,Adele,Pop,67.0,Melancholic,Low,Low
U496,Control each actually such.,Motivated,S496,Eye of the Tiger,Survivor,Rock,109.0,Energetic,High,Medium
U497,News throughout worker compare unit charge modern else.,Relaxed,S497,Clair de Lune,Debussy,Classical,60.0,Soothing,Low,Low
U498,Skill per after prove establish.,Happy,S498,Uptown Funk,Bruno Mars,Funk,115.0,Energetic,High,High
U499,Ten bank out board site family.,Happy,S499,Happy,Pharrell Williams,Pop,160.0,Joyful,High,High
U500,All lot buy top why pay.,Happy,S500,Uptown Funk,Bruno Mars,Funk,115.0,Energetic,High,High
U501,Last relate service.,Motivated,S501,Eye of the Tiger,Survivor,Rock,109.0,Energetic,High,Medium
U502,Writer green miss explain specific here dog.,Sad,S502,Someone Like You,Adele,Pop,67.0,Melancholic,Low,Low
U503,Big middle theory practice form.,Sad,S503,Someone Like You,Adele,Pop,67.0,Melancholic,Low,Low
U504,Organization director born candidate.,Relaxed,S504,Clair de Lune,Debussy,Classical,60.0,Soothing,Low,Low
U505,Tell probably company perhaps event movement.,Happy,S505,Happy,Pharrell Williams,Pop,160.0,Joyful,High,High
U506,Month voice economy talk bit describe despite.,Happy,S506,Uptown Funk,Bruno Mars,Funk,115.0,Energetic,High,High
U507,Entire skin establish be.,Happy,S507,Uptown Funk,Bruno Mars,Funk,115.0,Energetic,High,High
U508,Identify data only wait.,Happy,S508,Uptown Funk,Bruno Mars,Funk,115.0,Energetic,High,High
U509,Production learn across yes house.,Relaxed,S509,Weightless,Marconi Union,Ambient,50.0,Calm,Low,Low
U510,Body garden few budget exactly present fight.,Happy,S510,Happy,Pharrell Williams,Pop,160.0,Joyful,High,High
U511,Party size yeah thought arm.,Motivated,S511,Eye of the Tiger,Survivor,Rock,109.0,Energetic,High,Medium
U512,Meet her the fly show community exist.,Relaxed,S512,Weightless,Marconi Union,Ambient,50.0,Calm,Low,Low
U513,Skin million sense buy reveal bad generation.,Happy,S513,Happy,Pharrell Williams,Pop,160.0,Joyful,High,High
U514,Style its hotel walk chair worry difference personal.,Sad,S514,Someone Like You,Adele,Pop,67.0,Melancholic,Low,Low
U515,National move material after.,Relaxed,S515,Weightless,Marconi Union,Ambient,50.0,Calm,Low,Low
U516,Type why and class compare.,Sad,S516,Someone Like You,Adele,Pop,67.0,Melancholic,Low,Low
U517,Strong education woman artist side.,Sad,S517,Fix You,Coldplay,Rock,75.0,Emotional,Low,Medium
U518,Friend onto Mr find source little sign charge.,Happy,S518,Uptown Funk,Bruno Mars,Funk,115.0,Energetic,High,High
U519,Painting election community TV site pull clearly far.,Relaxed,S519,Clair de Lune,Debussy,Classical,60.0,Soothing,Low,Low
U520,Decade station until size family cell.,Relaxed,S520,Clair de Lune,Debussy,Classical,60.0,Soothing,Low,Low
U521,Itself year his effect with.,Sad,S521,Someone Like You,Adele,Pop,67.0,Melancholic,Low,Low
U522,Moment attorney say.,Relaxed,S522,Clair de Lune,Debussy,Classical,60.0,Soothing,Low,Low
U523,Nice speech news good store fund.,Happy,S523,Happy,Pharrell Williams,Pop,160.0,Joyful,High,High
U524,Government there dinner discover environment five.,Sad,S524,Someone Like You,Adele,Pop,67.0,Melancholic,Low,Low
U525,Hold interview level many.,Happy,S525,Happy,Pharrell Williams,Pop,160.0,Joyful,High,High
U526,Century marriage bad national his house condition serve.,Relaxed,S526,Weightless,Marconi Union,Ambient,50.0,Calm,Low,Low
U527,Us fact cost gun writer north your provide.,Sad,S527,Someone Like You,Adele,Pop,67.0,Melancholic,Low,Low
U528,Stage those decade sort top against far.,Motivated,S528,Stronger,Kanye West,Hip-Hop,130.0,Powerful,High,High
U529,Reflect break time consumer politics choose out house.,Happy,S529,Uptown Funk,Bruno Mars,Funk,115.0,Energetic,High,High
U530,Window well newspaper company analysis fly.,Relaxed,S530,Weightless,Marconi Union,Ambient,50.0,Calm,Low,Low
U531,Each finish leg place ability.,Motivated,S531,Stronger,Kanye West,Hip-Hop,130.0,Powerful,High,High
U532,Dinner draw until past blood.,Happy,S532,Happy,Pharrell Williams,Pop,160.0,Joyful,High,High
U533,Seven police simply outside simply real left suggest.,Relaxed,S533,Weightless,Marconi Union,Ambient,50.0,Calm,Low,Low
U534,Plant maintain natural win.,Relaxed,S534,Clair de Lune,Debussy,Classical,60.0,Soothing,Low,Low
U535,Consumer but agency majority lay decision whatever.,Happy,S535,Happy,Pharrell Williams,Pop,160.0,Joyful,High,High
U536,Raise who nearly commercial.,Sad,S536,Someone Like You,Adele,Pop,67.0,Melancholic,Low,Low
U537,Course raise director move right.,Sad,S537,Someone Like You,Adele,Pop,67.0,Melancholic,Low,Low
U538,Build institution young that.,Happy,S538,Uptown Funk,Bruno Mars,Funk,115.0,Energetic,High,High
U539,Will low anyone myself conference investment.,Relaxed,S539,Clair de Lune,Debussy,Classical,60.0,Soothing,Low,Low
U540,Film prove black turn dinner.,Relaxed,S540,Clair de Lune,Debussy,Classical,60.0,Soothing,Low,Low
U541,Certainly by pretty raise person eight.,Relaxed,S541,Weightless,Marconi Union,Ambient,50.0,Calm,Low,Low
U542,Exactly politics seat.,Sad,S542,Someone Like You,Adele,Pop,67.0,Melancholic,Low,Low
U543,Analysis himself American condition read.,Relaxed,S543,Clair de Lune,Debussy,Classical,60.0,Soothing,Low,Low
U544,At article air want few.,Relaxed,S544,Clair de Lune,Debussy,Classical,60.0,Soothing,Low,Low
U545,Senior argue soldier run organization by wear.,Motivated,S545,Eye of the Tiger,Survivor,Rock,109.0,Energetic,High,Medium
U546,Time organization fly sing opportunity time none.,Sad,S546,Fix You,Coldplay,Rock,75.0,Emotional,Low,Medium
U547,Thus small detail development.,Sad,S547,Someone Like You,Adele,Pop,67.0,Melancholic,Low,Low
U548,Go develop may article interview detail involve.,Sad,S548,Fix You,Coldplay,Rock,75.0,Emotional,Low,Medium
U549,Defense film different live natural.,Happy,S549,Happy,Pharrell Williams,Pop,160.0,Joyful,High,High
U550,Garden beat happy.,Sad,S550,Fix You,Coldplay,Rock,75.0,Emotional,Low,Medium
U551,Step size pretty should author thing.,Happy,S551,Happy,Pharrell Williams,Pop,160.0,Joyful,High,High
U552,Improve outside find above young film give.,Sad,S552,Fix You,Coldplay,Rock,75.0,Emotional,Low,Medium
U553,Young career instead hour.,Sad,S553,Someone Like You,Adele,Pop,67.0,Melancholic,Low,Low
U554,Expect use town magazine.,Relaxed,S554,Weightless,Marconi Union,Ambient,50.0,Calm,Low,Low
U555,Or medical analysis on.,Sad,S555,Fix You,Coldplay,Rock,75.0,Emotional,Low,Medium
U556,Design herself ground.,Relaxed,S556,Clair de Lune,Debussy,Classical,60.0,Soothing,Low,Low
U557,Drop need system down trial measure.,Relaxed,S557,Clair de Lune,Debussy,Classical,60.0,Soothing,Low,Low
U558,Season article source get tough law.,Motivated,S558,Stronger,Kanye West,Hip-Hop,130.0,Powerful,High,High
U559,Thought wear own town store paper.,Happy,S559,Happy,Pharrell Williams,Pop,160.0,Joyful,High,High
U560,Civil thus structure international central.,Happy,S560,Uptown Funk,Bruno Mars,Funk,115.0,Energetic,High,High
U561,Surface marriage style vote.,Happy,S561,Uptown Funk,Bruno Mars,Funk,115.0,Energetic,High,High
U562,Benefit central high.,Happy,S562,Uptown Funk,Bruno Mars,Funk,115.0,Energetic,High,High
U563,Anyone TV for more left.,Happy,S563,Uptown Funk,Bruno Mars,Funk,115.0,Energetic,High,High
U564,Really law paper decide reality.,Motivated,S564,Stronger,Kanye West,Hip-Hop,130.0,Powerful,High,High
U565,Something record end.,Relaxed,S565,Clair de Lune,Debussy,Classical,60.0,Soothing,Low,Low
U566,Federal station magazine defense.,Relaxed,S566,Weightless,Marconi Union,Ambient,50.0,Calm,Low,Low
U567,Every unit big feeling place.,Happy,S567,Happy,Pharrell Williams,Pop,160.0,Joyful,High,High
U568,Manage phone option generation garden record activity.,Happy,S568,Uptown Funk,Bruno Mars,Funk,115.0,Energetic,High,High
U569,Less career important recent strong one.,Relaxed,S569,Weightless,Marconi Union,Ambient,50.0,Calm,Low,Low
U570,Cover some by scientist.,Sad,S570,Fix You,Coldplay,Rock,75.0,Emotional,Low,Medium
U571,Rule chance southern.,Motivated,S571,Eye of the Tiger,Survivor,Rock,109.0,Energetic,High,Medium
U572,High ready answer research interesting purpose well.,Motivated,S572,Eye of the Tiger,Survivor,Rock,109.0,Energetic,High,Medium
U573,Other hit we majority across notice.,Happy,S573,Uptown Funk,Bruno Mars,Funk,115.0,Energetic,High,High
U574,Opportunity speak difference raise.,Happy,S574,Happy,Pharrell Williams,Pop,160.0,Joyful,High,High
U575,Direction painting right nearly night between lead school.,Motivated,S575,Stronger,Kanye West,Hip-Hop,130.0,Powerful,High,High
U576,Set indicate no research thus.,Sad,S576,Someone Like You,Adele,Pop,67.0,Melancholic,Low,Low
U577,Role and although out resource information entire summer.,Motivated,S577,Stronger,Kanye West,Hip-Hop,130.0,Powerful,High,High
U578,Kitchen everyone sit thought.,Happy,S578,Happy,Pharrell Williams,Pop,160.0,Joyful,High,High
U579,Kitchen lawyer yeah base spend.,Motivated,S579,Eye of the Tiger,Survivor,Rock,109.0,Energetic,High,Medium
U580,Blue growth perform.,Sad,S580,Someone Like You,Adele,Pop,67.0,Melancholic,Low,Low
U581,Hour cell analysis guess worry laugh professional.,Relaxed,S581,Weightless,Marconi Union,Ambient,50.0,Calm,Low,Low
U582,Another name memory whom.,Happy,S582,Happy,Pharrell Williams,Pop,160.0,Joyful,High,High
U583,And success pass agreement ten.,Relaxed,S583,Weightless,Marconi Union,Ambient,50.0,Calm,Low,Low
U584,Never state seven left.,Relaxed,S584,Weightless,Marconi Union,Ambient,50.0,Calm,Low,Low
U585,Treatment street necessary she century ask.,Relaxed,S585,Clair de Lune,Debussy,Classical,60.0,Soothing,Low,Low
U586,Total right child middle.,Relaxed,S586,Clair de Lune,Debussy,Classical,60.0,Soothing,Low,Low
U587,Chance program degree particularly truth soldier.,Happy,S587,Happy,Pharrell Williams,Pop,160.0,Joyful,High,High
U588,Each great trip identify care.,Motivated,S588,Stronger,Kanye West,Hip-Hop,130.0,Powerful,High,High
U589,Key want commercial plan let here.,Happy,S589,Uptown Funk,Bruno Mars,Funk,115.0,Energetic,High,High
U590,Particular figure majority.,Motivated,S590,Stronger,Kanye West,Hip-Hop,130.0,Powerful,High,High
U591,Realize keep decision forward.,Motivated,S591,Stronger,Kanye West,Hip-Hop,130.0,Powerful,High,High
U592,Night everybody still minute thought yard including.,Motivated,S592,Eye of the Tiger,Survivor,Rock,109.0,Energetic,High,Medium
U593,Trade would maybe though fear.,Motivated,S593,Eye of the Tiger,Survivor,Rock,109.0,Energetic,High,Medium
U594,Somebody major close life later.,Relaxed,S594,Clair de Lune,Debussy,Classical,60.0,Soothing,Low,Low
U595,Make degree study least along whatever environmental general.,Motivated,S595,Stronger,Kanye West,Hip-Hop,130.0,Powerful,High,High
U596,Sing generation remain market age like.,Sad,S596,Fix You,Coldplay,Rock,75.0,Emotional,Low,Medium
U597,Practice media culture home.,Relaxed,S597,Clair de Lune,Debussy,Classical,60.0,Soothing,Low,Low
U598,Return crime score finish.,Sad,S598,Fix You,Coldplay,Rock,75.0,Emotional,Low,Medium
U599,Third economic in market list ever.,Motivated,S599,Eye of the Tiger,Survivor,Rock,109.0,Energetic,High,Medium
U600,Near street audience get behavior later future carry.,Sad,S600,Someone Like You,Adele,Pop,67.0,Melancholic,Low,Low
U601,Charge process particularly establish happen outside wrong chair.,Sad,S601,Fix You,Coldplay,Rock,75.0,Emotional,Low,Medium
U602,Method theory though PM.,Motivated,S602,Eye of the Tiger,Survivor,Rock,109.0,Energetic,High,Medium
U603,Other worry get.,Motivated,S603,Stronger,Kanye West,Hip-Hop,130.0,Powerful,High,High
U604,Dinner couple artist bag health.,Motivated,S604,Stronger,Kanye West,Hip-Hop,130.0,Powerful,High,High
U605,Face situation those anyone art product.,Sad,S605,Someone Like You,Adele,Pop,67.0,Melancholic,Low,Low
U606,Trip public often.,Motivated,S606,Stronger,Kanye West,Hip-Hop,130.0,Powerful,High,High
U607,Say very modern message upon place your control.,Sad,S607,Someone Like You,Adele,Pop,67.0,Melancholic,Low,Low
U608,Effort away type inside worker painting.,Happy,S608,Uptown Funk,Bruno Mars,Funk,115.0,Energetic,High,High
U609,Value take over executive medical this.,Happy,S609,Happy,Pharrell Williams,Pop,160.0,Joyful,High,High
U610,Economy call season next natural hair.,Happy,S610,Uptown Funk,Bruno Mars,Funk,115.0,Energetic,High,High
U611,Age special charge each she.,Relaxed,S611,Clair de Lune,Debussy,Classical,60.0,Soothing,Low,Low
U612,Decision ready respond laugh worker goal act possible.,Relaxed,S612,Weightless,Marconi Union,Ambient,50.0,Calm,Low,Low
U613,Similar run later sign executive.,Relaxed,S613,Weightless,Marconi Union,Ambient,50.0,Calm,Low,Low
U614,Call bill director.,Sad,S614,Someone Like You,Adele,Pop,67.0,Melancholic,Low,Low
U615,Month operation require idea box hope until.,Motivated,S615,Stronger,Kanye West,Hip-Hop,130.0,Powerful,High,High
U616,Financial course discuss cup security.,Sad,S616,Someone Like You,Adele,Pop,67.0,Melancholic,Low,Low
U617,Various term resource sit thank seek approach.,Relaxed,S617,Clair de Lune,Debussy,Classical,60.0,Soothing,Low,Low
U618,Purpose heavy trial term.,Sad,S618,Someone Like You,Adele,Pop,67.0,Melancholic,Low,Low
U619,Give send box democratic office wind close.,Happy,S619,Uptown Funk,Bruno Mars,Funk,115.0,Energetic,High,High
U620,Throw range support together light hear.,Happy,S620,Happy,Pharrell Williams,Pop,160.0,Joyful,High,High
U621,Edge people interest mention.,Happy,S621,Uptown Funk,Bruno Mars,Funk,115.0,Energetic,High,High
U622,Require get federal great protect way environment loss.,Relaxed,S622,Clair de Lune,Debussy,Classical,60.0,Soothing,Low,Low
U623,Material no series nor shake against four water.,Motivated,S623,Eye of the Tiger,Survivor,Rock,109.0,Energetic,High,Medium
U624,Nor operation wind tend family citizen.,Relaxed,S624,Weightless,Marconi Union,Ambient,50.0,Calm,Low,Low
U625,Claim cause food star case.,Sad,S625,Fix You,Coldplay,Rock,75.0,Emotional,Low,Medium
U626,Professional point information politics miss wall.,Motivated,S626,Eye of the Tiger,Survivor,Rock,109.0,Energetic,High,Medium
U627,Clear reality focus life system site like.,Relaxed,S627,Clair de Lune,Debussy,Classical,60.0,Soothing,Low,Low
U628,Throw painting significant hour art others drive.,Happy,S628,Happy,Pharrell Williams,Pop,160.0,Joyful,High,High
U629,Assume myself on seven.,Happy,S629,Happy,Pharrell Williams,Pop,160.0,Joyful,High,High
U630,Degree sister develop.,Happy,S630,Uptown Funk,Bruno Mars,Funk,115.0,Energetic,High,High
U631,Check process lead suddenly.,Sad,S631,Someone Like You,Adele,Pop,67.0,Melancholic,Low,Low
U632,Weight send art dark measure.,Motivated,S632,Stronger,Kanye West,Hip-Hop,130.0,Powerful,High,High
U633,Watch military service hundred fear.,Motivated,S633,Eye of the Tiger,Survivor,Rock,109.0,Energetic,High,Medium
U634,Choose treatment billion goal everything away condition.,Sad,S634,Someone Like You,Adele,Pop,67.0,Melancholic,Low,Low
U635,Color drug collection.,Happy,S635,Uptown Funk,Bruno Mars,Funk,115.0,Energetic,High,High
U636,Stay figure phone federal box office while.,Relaxed,S636,Clair de Lune,Debussy,Classical,60.0,Soothing,Low,Low
U637,Move attention party structure.,Motivated,S637,Stronger,Kanye West,Hip-Hop,130.0,Powerful,High,High
U638,Traditional administration could job.,Happy,S638,Uptown Funk,Bruno Mars,Funk,115.0,Energetic,High,High
U639,Approach citizen TV cover store civil.,Motivated,S639,Eye of the Tiger,Survivor,Rock,109.0,Energetic,High,Medium
U640,Energy imagine surface often article begin subject.,Sad,S640,Someone Like You,Adele,Pop,67.0,Melancholic,Low,Low
U641,Hour standard radio note tax many tell.,Happy,S641,Uptown Funk,Bruno Mars,Funk,115.0,Energetic,High,High
U642,Exactly to suddenly inside.,Happy,S642,Uptown Funk,Bruno Mars,Funk,115.0,Energetic,High,High
U643,Safe girl score paper.,Relaxed,S643,Clair de Lune,Debussy,Classical,60.0,Soothing,Low,Low
U644,Explain work recognize work.,Motivated,S644,Eye of the Tiger,Survivor,Rock,109.0,Energetic,High,Medium
U645,Bank heavy range land teach happen guy century.,Sad,S645,Someone Like You,Adele,Pop,67.0,Melancholic,Low,Low
U646,Friend environment real conference church.,Happy,S646,Uptown Funk,Bruno Mars,Funk,115.0,Energetic,High,High
U647,Interesting worker marriage far.,Happy,S647,Happy,Pharrell Williams,Pop,160.0,Joyful,High,High
U648,Financial team information travel case.,Happy,S648,Happy,Pharrell Williams,Pop,160.0,Joyful,High,High
U649,Alone detail own his.,Happy,S649,Uptown Funk,Bruno Mars,Funk,115.0,Energetic,High,High
U650,Popular blue movie easy arrive read visit.,Motivated,S650,Eye of the Tiger,Survivor,Rock,109.0,Energetic,High,Medium
U651,Treatment machine parent safe tax market approach pull.,Motivated,S651,Stronger,Kanye West,Hip-Hop,130.0,Powerful,High,High
U652,Safe process at I apply single.,Sad,S652,Fix You,Coldplay,Rock,75.0,Emotional,Low,Medium
U653,Think real real well last.,Sad,S653,Fix You,Coldplay,Rock,75.0,Emotional,Low,Medium
U654,Various member president nature I.,Sad,S654,Fix You,Coldplay,Rock,75.0,Emotional,Low,Medium
U655,Second ago least father.,Relaxed,S655,Weightless,Marconi Union,Ambient,50.0,Calm,Low,Low
U656,Identify garden public or financial room may power.,Motivated,S656,Stronger,Kanye West,Hip-Hop,130.0,Powerful,High,High
U657,Century toward anyone talk behind authority couple.,Happy,S657,Happy,Pharrell Williams,Pop,160.0,Joyful,High,High
U658,Matter outside bit idea practice.,Relaxed,S658,Clair de Lune,Debussy,Classical,60.0,Soothing,Low,Low
U659,Institution rich stop.,Motivated,S659,Eye of the Tiger,Survivor,Rock,109.0,Energetic,High,Medium
U660,Right rate paper opportunity person election.,Sad,S660,Someone Like You,Adele,Pop,67.0,Melancholic,Low,Low
U661,Growth century as of glass professor.,Sad,S661,Fix You,Coldplay,Rock,75.0,Emotional,Low,Medium
U662,Memory former we maintain.,Relaxed,S662,Weightless,Marconi Union,Ambient,50.0,Calm,Low,Low
U663,Trouble physical surface wrong present pass.,Motivated,S663,Eye of the Tiger,Survivor,Rock,109.0,Energetic,High,Medium
U664,Avoid call interest artist.,Motivated,S664,Eye of the Tiger,Survivor,Rock,109.0,Energetic,High,Medium
U665,Sea cut especially why sea student similar.,Relaxed,S665,Clair de Lune,Debussy,Classical,60.0,Soothing,Low,Low
U666,Thought four interview gun land education.,Sad,S666,Fix You,Coldplay,Rock,75.0,Emotional,Low,Medium
U667,Mrs detail development anyone commercial.,Sad,S667,Fix You,Coldplay,Rock,75.0,Emotional,Low,Medium
U668,Management several build picture agree author entire sport.,Relaxed,S668,Clair de Lune,Debussy,Classical,60.0,Soothing,Low,Low
U669,Here difficult power card movie behavior Congress.,Motivated,S669,Eye of the Tiger,Survivor,Rock,109.0,Energetic,High,Medium
U670,Adult environment dinner read body law.,Relaxed,S670,Weightless,Marconi Union,Ambient,50.0,Calm,Low,Low
U671,Stop bank people within speak.,Motivated,S671,Eye of the Tiger,Survivor,Rock,109.0,Energetic,High,Medium
U672,Step group partner but.,Sad,S672,Fix You,Coldplay,Rock,75.0,Emotional,Low,Medium
U673,Those rock just present.,Relaxed,S673,Weightless,Marconi Union,Ambient,50.0,Calm,Low,Low
U674,Card new air though.,Motivated,S674,Stronger,Kanye West,Hip-Hop,130.0,Powerful,High,High
U675,Sound reality professor stock human station.,Happy,S675,Happy,Pharrell Williams,Pop,160.0,Joyful,High,High
U676,Person open policy set mission movie.,Happy,S676,Happy,Pharrell Williams,Pop,160.0,Joyful,High,High
U677,Upon popular people country list foreign.,Happy,S677,Happy,Pharrell Williams,Pop,160.0,Joyful,High,High
U678,Body pattern generation create address page.,Relaxed,S678,Weightless,Marconi Union,Ambient,50.0,Calm,Low,Low
U679,Politics significant truth stock identify.,Happy,S679,Uptown Funk,Bruno Mars,Funk,115.0,Energetic,High,High
U680,Break but guy some suffer.,Relaxed,S680,Clair de Lune,Debussy,Classical,60.0,Soothing,Low,Low
U681,Stock son institution whatever.,Happy,S681,Happy,Pharrell Williams,Pop,160.0,Joyful,High,High
U682,Street air manager production life building.,Motivated,S682,Stronger,Kanye West,Hip-Hop,130.0,Powerful,High,High
U683,Tell wall strategy federal here lay.,Happy,S683,Uptown Funk,Bruno Mars,Funk,115.0,Energetic,High,High
U684,Stay manage evening data send evidence walk car.,Happy,S684,Uptown Funk,Bruno Mars,Funk,115.0,Energetic,High,High
U685,Personal series seat bring.,Happy,S685,Uptown Funk,Bruno Mars,Funk,115.0,Energetic,High,High
U686,Drive his cut.,Motivated,S686,Eye of the Tiger,Survivor,Rock,109.0,Energetic,High,Medium
U687,Plan against hot spend mind financial ten too.,Happy,S687,Happy,Pharrell Williams,Pop,160.0,Joyful,High,High
U688,Serve ground fight finally.,Sad,S688,Someone Like You,Adele,Pop,67.0,Melancholic,Low,Low
U689,Establish note summer beautiful daughter his go.,Relaxed,S689,Weightless,Marconi Union,Ambient,50.0,Calm,Low,Low
U690,Line drug leave health it agent.,Happy,S690,Happy,Pharrell Williams,Pop,160.0,Joyful,High,High
U691,Movie bar war specific chair.,Relaxed,S691,Clair de Lune,Debussy,Classical,60.0,Soothing,Low,Low
U692,Available week remain apply now admit act.,Motivated,S692,Eye of the Tiger,Survivor,Rock,109.0,Energetic,High,Medium
U693,Indeed generation carry action argue rather population.,Relaxed,S693,Clair de Lune,Debussy,Classical,60.0,Soothing,Low,Low
U694,Wide either young strong.,Motivated,S694,Eye of the Tiger,Survivor,Rock,109.0,Energetic,High,Medium
U695,Phone argue attention character truth field heavy.,Relaxed,S695,Weightless,Marconi Union,Ambient,50.0,Calm,Low,Low
U696,Face central tough common response charge.,Sad,S696,Fix You,Coldplay,Rock,75.0,Emotional,Low,Medium
U697,Better fall music situation sister.,Motivated,S697,Stronger,Kanye West,Hip-Hop,130.0,Powerful,High,High
U698,During ahead bill trouble goal computer.,Happy,S698,Happy,Pharrell Williams,Pop,160.0,Joyful,High,High
U699,Between arrive trade rest.,Motivated,S699,Stronger,Kanye West,Hip-Hop,130.0,Powerful,High,High
U700,Staff bad wall special.,Motivated,S700,Eye of the Tiger,Survivor,Rock,109.0,Energetic,High,Medium
U701,Character away major stay put.,Motivated,S701,Stronger,Kanye West,Hip-Hop,130.0,Powerful,High,High
U702,Color develop about newspaper current.,Happy,S702,Uptown Funk,Bruno Mars,Funk,115.0,Energetic,High,High
U703,Cold former deep accept.,Happy,S703,Uptown Funk,Bruno Mars,Funk,115.0,Energetic,High,High
U704,Coach western similar season fine.,Relaxed,S704,Clair de Lune,Debussy,Classical,60.0,Soothing,Low,Low
U705,Nor education college.,Motivated,S705,Stronger,Kanye West,Hip-Hop,130.0,Powerful,High,High
U706,Six clearly real moment meet throw.,Motivated,S706,Stronger,Kanye West,Hip-Hop,130.0,Powerful,High,High
U707,Trial exist prepare minute break.,Sad,S707,Someone Like You,Adele,Pop,67.0,Melancholic,Low,Low
U708,Space candidate activity plan sport wonder share.,Sad,S708,Fix You,Coldplay,Rock,75.0,Emotional,Low,Medium
U709,Woman produce lose matter but garden student.,Happy,S709,Happy,Pharrell Williams,Pop,160.0,Joyful,High,High
U710,News top image through past onto community.,Relaxed,S710,Weightless,Marconi Union,Ambient,50.0,Calm,Low,Low
U711,Result recently establish form once certainly day.,Happy,S711,Happy,Pharrell Williams,Pop,160.0,Joyful,High,High
U712,Federal painting election follow agent someone several check.,Relaxed,S712,Clair de Lune,Debussy,Classical,60.0,Soothing,Low,Low
U713,Method perhaps keep seven sport body hour task.,Happy,S713,Uptown Funk,Bruno Mars,Funk,115.0,Energetic,High,High
U714,Great short part team discuss maybe.,Relaxed,S714,Weightless,Marconi Union,Ambient,50.0,Calm,Low,Low
U715,Purpose camera he strategy guess later career.,Sad,S715,Someone Like You,Adele,Pop,67.0,Melancholic,Low,Low
U716,Assume center local theory tough effect goal stage.,Motivated,S716,Stronger,Kanye West,Hip-Hop,130.0,Powerful,High,High
U717,Federal finish suggest opportunity field friend fall not.,Sad,S717,Fix You,Coldplay,Rock,75.0,Emotional,Low,Medium
U718,Serious religious worry left purpose.,Motivated,S718,Eye of the Tiger,Survivor,Rock,109.0,Energetic,High,Medium
U719,Total heart environment this chance painting fine.,Motivated,S719,Stronger,Kanye West,Hip-Hop,130.0,Powerful,High,High
U720,Direction natural race successful call six.,Relaxed,S720,Clair de Lune,Debussy,Classical,60.0,Soothing,Low,Low
U721,Prepare while exist drug dinner.,Motivated,S721,Eye of the Tiger,Survivor,Rock,109.0,Energetic,High,Medium
U722,Successful tough career trial sea.,Motivated,S722,Stronger,Kanye West,Hip-Hop,130.0,Powerful,High,High
U723,Why film name production manage off.,Sad,S723,Someone Like You,Adele,Pop,67.0,Melancholic,Low,Low
U724,Maybe family rather son hit.,Relaxed,S724,Clair de Lune,Debussy,Classical,60.0,Soothing,Low,Low
U725,Team heart arm together drop wear.,Motivated,S725,Eye of the Tiger,Survivor,Rock,109.0,Energetic,High,Medium
U726,This begin treatment.,Happy,S726,Uptown Funk,Bruno Mars,Funk,115.0,Energetic,High,High
U727,Degree me character official.,Happy,S727,Uptown Funk,Bruno Mars,Funk,115.0,Energetic,High,High
U728,Operation trouble heavy prepare.,Motivated,S728,Eye of the Tiger,Survivor,Rock,109.0,Energetic,High,Medium
U729,Best whose least foot keep.,Relaxed,S729,Clair de Lune,Debussy,Classical,60.0,Soothing,Low,Low
U730,Natural author dark not.,Relaxed,S730,Clair de Lune,Debussy,Classical,60.0,Soothing,Low,Low
U731,Home enough debate draw church sell.,Happy,S731,Uptown Funk,Bruno Mars,Funk,115.0,Energetic,High,High
U732,Song cover campaign our situation popular.,Happy,S732,Happy,Pharrell Williams,Pop,160.0,Joyful,High,High
U733,Soon debate with raise class especially.,Motivated,S733,Eye of the Tiger,Survivor,Rock,109.0,Energetic,High,Medium
U734,End light surface family father.,Relaxed,S734,Clair de Lune,Debussy,Classical,60.0,Soothing,Low,Low
U735,Room writer step trial per.,Happy,S735,Happy,Pharrell Williams,Pop,160.0,Joyful,High,High
U736,Shoulder truth arrive mind.,Motivated,S736,Stronger,Kanye West,Hip-Hop,130.0,Powerful,High,High
U737,Along picture impact need necessary.,Happy,S737,Uptown Funk,Bruno Mars,Funk,115.0,Energetic,High,High
U738,Center American over until.,Motivated,S738,Stronger,Kanye West,Hip-Hop,130.0,Powerful,High,High
U739,Gas understand gas really.,Happy,S739,Happy,Pharrell Williams,Pop,160.0,Joyful,High,High
U740,Unit near which class car hit any move.,Relaxed,S740,Clair de Lune,Debussy,Classical,60.0,Soothing,Low,Low
U741,At game laugh finish.,Sad,S741,Fix You,Coldplay,Rock,75.0,Emotional,Low,Medium
U742,Choose leg then per just theory seven break.,Motivated,S742,Stronger,Kanye West,Hip-Hop,130.0,Powerful,High,High
U743,Whether stand upon.,Motivated,S743,Eye of the Tiger,Survivor,Rock,109.0,Energetic,High,Medium
U744,Without fear official region.,Motivated,S744,Stronger,Kanye West,Hip-Hop,130.0,Powerful,High,High
U745,Little toward radio amount sense.,Motivated,S745,Stronger,Kanye West,Hip-Hop,130.0,Powerful,High,High
U746,Middle hour executive garden fire.,Sad,S746,Someone Like You,Adele,Pop,67.0,Melancholic,Low,Low
U747,Gas manager run president entire trip agency.,Relaxed,S747,Weightless,Marconi Union,Ambient,50.0,Calm,Low,Low
U748,Play student care sound back learn.,Sad,S748,Someone Like You,Adele,Pop,67.0,Melancholic,Low,Low
U749,Cold nation hit free meeting statement.,Motivated,S749,Eye of the Tiger,Survivor,Rock,109.0,Energetic,High,Medium
U750,Focus law toward push me.,Sad,S750,Someone Like You,Adele,Pop,67.0,Melancholic,Low,Low
U751,Investment save sea budget player anything.,Sad,S751,Fix You,Coldplay,Rock,75.0,Emotional,Low,Medium
U752,Sea help amount concern hair magazine.,Motivated,S752,Stronger,Kanye West,Hip-Hop,130.0,Powerful,High,High
U753,Than stay old perhaps discussion indeed get.,Sad,S753,Fix You,Coldplay,Rock,75.0,Emotional,Low,Medium
U754,Successful into despite until purpose decide forward.,Sad,S754,Someone Like You,Adele,Pop,67.0,Melancholic,Low,Low
U755,Simple whatever level someone.,Motivated,S755,Eye of the Tiger,Survivor,Rock,109.0,Energetic,High,Medium
U756,Themselves culture environmental billion site central security.,Motivated,S756,Stronger,Kanye West,Hip-Hop,130.0,Powerful,High,High
U757,Material amount guess newspaper make official question simple.,Relaxed,S757,Weightless,Marconi Union,Ambient,50.0,Calm,Low,Low
U758,Bed enter market firm baby child.,Motivated,S758,Eye of the Tiger,Survivor,Rock,109.0,Energetic,High,Medium
U759,By into soon left food tell.,Relaxed,S759,Clair de Lune,Debussy,Classical,60.0,Soothing,Low,Low
U760,Computer provide computer phone threat include foot.,Relaxed,S760,Weightless,Marconi Union,Ambient,50.0,Calm,Low,Low
U761,Mission leave next film develop real art.,Sad,S761,Fix You,Coldplay,Rock,75.0,Emotional,Low,Medium
U762,Why capital nearly yard raise western between yes.,Happy,S762,Happy,Pharrell Williams,Pop,160.0,Joyful,High,High
U763,Unit save before smile compare.,Relaxed,S763,Clair de Lune,Debussy,Classical,60.0,Soothing,Low,Low
U764,Meeting food Democrat whether middle fear eye.,Sad,S764,Someone Like You,Adele,Pop,67.0,Melancholic,Low,Low
U765,Animal everything drive full gas.,Sad,S765,Someone Like You,Adele,Pop,67.0,Melancholic,Low,Low
U766,Party analysis subject off dinner mission wish sing.,Happy,S766,Uptown Funk,Bruno Mars,Funk,115.0,Energetic,High,High
U767,Toward require front reason economic such economy current.,Happy,S767,Happy,Pharrell Williams,Pop,160.0,Joyful,High,High
U768,Than popular yard than against understand black.,Happy,S768,Happy,Pharrell Williams,Pop,160.0,Joyful,High,High
U769,Name before foreign send as.,Relaxed,S769,Weightless,Marconi Union,Ambient,50.0,Calm,Low,Low
U770,Morning movie join air politics something.,Motivated,S770,Stronger,Kanye West,Hip-Hop,130.0,Powerful,High,High
U771,Exactly form strategy.,Sad,S771,Fix You,Coldplay,Rock,75.0,Emotional,Low,Medium
U772,Best begin raise chair player adult increase.,Motivated,S772,Stronger,Kanye West,Hip-Hop,130.0,Powerful,High,High
U773,First condition yet party around tonight administration.,Motivated,S773,Stronger,Kanye West,Hip-Hop,130.0,Powerful,High,High
U774,Fire wide pretty give safe long own.,Motivated,S774,Stronger,Kanye West,Hip-Hop,130.0,Powerful,High,High
U775,Career can yes professor.,Motivated,S775,Eye of the Tiger,Survivor,Rock,109.0,Energetic,High,Medium
U776,Pm officer whose.,Relaxed,S776,Clair de Lune,Debussy,Classical,60.0,Soothing,Low,Low
U777,Wish serious size bag.,Relaxed,S777,Clair de Lune,Debussy,Classical,60.0,Soothing,Low,Low
U778,Form find plant work last production animal summer.,Happy,S778,Uptown Funk,Bruno Mars,Funk,115.0,Energetic,High,High
U779,Ready garden article laugh pay.,Sad,S779,Someone Like You,Adele,Pop,67.0,Melancholic,Low,Low
U780,Ability force natural particular study.,Happy,S780,Happy,Pharrell Williams,Pop,160.0,Joyful,High,High
U781,Glass build modern long sit future.,Happy,S781,Uptown Funk,Bruno Mars,Funk,115.0,Energetic,High,High
U782,Tough police item building see.,Motivated,S782,Stronger,Kanye West,Hip-Hop,130.0,Powerful,High,High
U783,Contain certainly include compare single attention participant.,Sad,S783,Fix You,Coldplay,Rock,75.0,Emotional,Low,Medium
U784,Just program summer occur thing want street capital.,Sad,S784,Someone Like You,Adele,Pop,67.0,Melancholic,Low,Low
U785,Same remain choice able could suffer own.,Motivated,S785,Eye of the Tiger,Survivor,Rock,109.0,Energetic,High,Medium
U786,Fast board charge then and really.,Relaxed,S786,Weightless,Marconi Union,Ambient,50.0,Calm,Low,Low
U787,Wrong treatment mention not performance financial.,Motivated,S787,Eye of the Tiger,Survivor,Rock,109.0,Energetic,High,Medium
U788,Finish than protect good.,Motivated,S788,Stronger,Kanye West,Hip-Hop,130.0,Powerful,High,High
U789,Ask bad activity around tree hair.,Motivated,S789,Stronger,Kanye West,Hip-Hop,130.0,Powerful,High,High
U790,Company number customer wife check trade center.,Sad,S790,Fix You,Coldplay,Rock,75.0,Emotional,Low,Medium
U791,Light rather bit edge second almost value save.,Motivated,S791,Stronger,Kanye West,Hip-Hop,130.0,Powerful,High,High
U792,Interview school design his six.,Sad,S792,Fix You,Coldplay,Rock,75.0,Emotional,Low,Medium
U793,Pay draw material will nation believe painting.,Relaxed,S793,Weightless,Marconi Union,Ambient,50.0,Calm,Low,Low
U794,Summer key simply expert whose cultural still.,Sad,S794,Fix You,Coldplay,Rock,75.0,Emotional,Low,Medium
U795,Challenge service apply dark officer collection.,Sad,S795,Fix You,Coldplay,Rock,75.0,Emotional,Low,Medium
U796,Knowledge surface since dark book plant.,Motivated,S796,Eye of the Tiger,Survivor,Rock,109.0,Energetic,High,Medium
U797,Huge discuss compare concern old continue.,Sad,S797,Fix You,Coldplay,Rock,75.0,Emotional,Low,Medium
U798,Huge cultural cut sort health.,Motivated,S798,Stronger,Kanye West,Hip-Hop,130.0,Powerful,High,High
U799,Daughter I effect price glass list push southern.,Motivated,S799,Stronger,Kanye West,Hip-Hop,130.0,Powerful,High,High
U800,Goal song side would almost.,Motivated,S800,Stronger,Kanye West,Hip-Hop,130.0,Powerful,High,High
U801,Rich report theory simple drive person.,Relaxed,S801,Weightless,Marconi Union,Ambient,50.0,Calm,Low,Low
U802,Continue room house itself.,Motivated,S802,Stronger,Kanye West,Hip-Hop,130.0,Powerful,High,High
U803,Describe require none around.,Motivated,S803,Stronger,Kanye West,Hip-Hop,130.0,Powerful,High,High
U804,Present eight risk stand page security consider.,Motivated,S804,Eye of the Tiger,Survivor,Rock,109.0,Energetic,High,Medium
U805,Responsibility part peace home rule family sing.,Relaxed,S805,Clair de Lune,Debussy,Classical,60.0,Soothing,Low,Low
U806,Focus option true whatever.,Relaxed,S806,Weightless,Marconi Union,Ambient,50.0,Calm,Low,Low
U807,Recent soon push president concern loss.,Motivated,S807,Stronger,Kanye West,Hip-Hop,130.0,Powerful,High,High
U808,Wonder hold system yet.,Motivated,S808,Eye of the Tiger,Survivor,Rock,109.0,Energetic,High,Medium
U809,Much do marriage.,Motivated,S809,Stronger,Kanye West,Hip-Hop,130.0,Powerful,High,High
U810,Far right present lot show.,Motivated,S810,Stronger,Kanye West,Hip-Hop,130.0,Powerful,High,High
U811,Current expert represent across.,Sad,S811,Fix You,Coldplay,Rock,75.0,Emotional,Low,Medium
U812,House southern budget sister.,Sad,S812,Fix You,Coldplay,Rock,75.0,Emotional,Low,Medium
U813,Save office story stand job.,Relaxed,S813,Clair de Lune,Debussy,Classical,60.0,Soothing,Low,Low
U814,Exist always long defense detail.,Relaxed,S814,Clair de Lune,Debussy,Classical,60.0,Soothing,Low,Low
U815,Find carry military respond safe.,Happy,S815,Uptown Funk,Bruno Mars,Funk,115.0,Energetic,High,High
U816,Within cover animal glass industry number art.,Motivated,S816,Eye of the Tiger,Survivor,Rock,109.0,Energetic,High,Medium
U817,Color employee get teacher security last any.,Happy,S817,Happy,Pharrell Williams,Pop,160.0,Joyful,High,High
U818,Although group easy company activity.,Happy,S818,Uptown Funk,Bruno Mars,Funk,115.0,Energetic,High,High
U819,Prove since scene without institution.,Sad,S819,Someone Like You,Adele,Pop,67.0,Melancholic,Low,Low
U820,Girl carry indicate section.,Sad,S820,Someone Like You,Adele,Pop,67.0,Melancholic,Low,Low
U821,Message away item down sit job role different.,Sad,S821,Someone Like You,Adele,Pop,67.0,Melancholic,Low,Low
U822,Account myself system carry daughter.,Sad,S822,Fix You,Coldplay,Rock,75.0,Emotional,Low,Medium
U823,Finally protect account.,Happy,S823,Happy,Pharrell Williams,Pop,160.0,Joyful,High,High
U824,Defense member final different him letter smile.,Happy,S824,Uptown Funk,Bruno Mars,Funk,115.0,Energetic,High,High
U825,Guy we cultural.,Relaxed,S825,Clair de Lune,Debussy,Classical,60.0,Soothing,Low,Low
U826,Gas million add probably.,Happy,S826,Happy,Pharrell Williams,Pop,160.0,Joyful,High,High
U827,Address manage involve tonight technology worry herself compare.,Relaxed,S827,Clair de Lune,Debussy,Classical,60.0,Soothing,Low,Low
U828,Gas blood heavy drop parent off.,Relaxed,S828,Clair de Lune,Debussy,Classical,60.0,Soothing,Low,Low
U829,Plant beat behavior sister.,Relaxed,S829,Clair de Lune,Debussy,Classical,60.0,Soothing,Low,Low
U830,Tend full away pull late speech.,Happy,S830,Uptown Funk,Bruno Mars,Funk,115.0,Energetic,High,High
U831,Movement team customer small.,Sad,S831,Someone Like You,Adele,Pop,67.0,Melancholic,Low,Low
U832,Figure financial generation them say trouble.,Relaxed,S832,Weightless,Marconi Union,Ambient,50.0,Calm,Low,Low
U833,Garden investment easy economy.,Relaxed,S833,Clair de Lune,Debussy,Classical,60.0,Soothing,Low,Low
U834,When idea seven with couple election.,Relaxed,S834,Weightless,Marconi Union,Ambient,50.0,Calm,Low,Low
U835,Seem assume activity moment reveal first whether.,Sad,S835,Fix You,Coldplay,Rock,75.0,Emotional,Low,Medium
U836,Action necessary because.,Motivated,S836,Stronger,Kanye West,Hip-Hop,130.0,Powerful,High,High
U837,Force heavy day toward time.,Relaxed,S837,Weightless,Marconi Union,Ambient,50.0,Calm,Low,Low
U838,Book her such morning similar pay get.,Relaxed,S838,Clair de Lune,Debussy,Classical,60.0,Soothing,Low,Low
U839,They page go son design church health.,Relaxed,S839,Clair de Lune,Debussy,Classical,60.0,Soothing,Low,Low
U840,Example yeah there activity discussion.,Relaxed,S840,Clair de Lune,Debussy,Classical,60.0,Soothing,Low,Low
U841,Skin because cultural population travel.,Relaxed,S841,Clair de Lune,Debussy,Classical,60.0,Soothing,Low,Low
U842,Report back before American site.,Happy,S842,Uptown Funk,Bruno Mars,Funk,115.0,Energetic,High,High
U843,International various space still enter act.,Relaxed,S843,Clair de Lune,Debussy,Classical,60.0,Soothing,Low,Low
U844,Toward area number success.,Happy,S844,Happy,Pharrell Williams,Pop,160.0,Joyful,High,High
U845,Else speech where final support friend boy.,Relaxed,S845,Clair de Lune,Debussy,Classical,60.0,Soothing,Low,Low
U846,Expert compare cover likely maybe project.,Happy,S846,Uptown Funk,Bruno Mars,Funk,115.0,Energetic,High,High
U847,Either word bar fast.,Happy,S847,Happy,Pharrell Williams,Pop,160.0,Joyful,High,High
U848,Help maintain create suddenly sit.,Motivated,S848,Stronger,Kanye West,Hip-Hop,130.0,Powerful,High,High
U849,President best network possible.,Happy,S849,Happy,Pharrell Williams,Pop,160.0,Joyful,High,High
U850,Reach consider responsibility popular.,Motivated,S850,Eye of the Tiger,Survivor,Rock,109.0,Energetic,High,Medium
U851,Listen central window peace realize conference blood.,Motivated,S851,Stronger,Kanye West,Hip-Hop,130.0,Powerful,High,High
U852,Mouth probably everybody present perform public.,Motivated,S852,Stronger,Kanye West,Hip-Hop,130.0,Powerful,High,High
U853,Environment movie range modern.,Relaxed,S853,Clair de Lune,Debussy,Classical,60.0,Soothing,Low,Low
U854,Price spend when.,Relaxed,S854,Weightless,Marconi Union,Ambient,50.0,Calm,Low,Low
U855,He mouth process walk.,Happy,S855,Uptown Funk,Bruno Mars,Funk,115.0,Energetic,High,High
U856,Near remember outside cost every.,Relaxed,S856,Weightless,Marconi Union,Ambient,50.0,Calm,Low,Low
U857,Decide finish science pass where.,Happy,S857,Happy,Pharrell Williams,Pop,160.0,Joyful,High,High
U858,Space political senior success play magazine.,Happy,S858,Happy,Pharrell Williams,Pop,160.0,Joyful,High,High
U859,Establish agency follow nice available.,Sad,S859,Fix You,Coldplay,Rock,75.0,Emotional,Low,Medium
U860,Million throughout environment leader necessary.,Motivated,S860,Stronger,Kanye West,Hip-Hop,130.0,Powerful,High,High
U861,Decide work material.,Happy,S861,Happy,Pharrell Williams,Pop,160.0,Joyful,High,High
U862,Example approach claim ahead.,Sad,S862,Fix You,Coldplay,Rock,75.0,Emotional,Low,Medium
U863,With rock west live no and stay.,Motivated,S863,Stronger,Kanye West,Hip-Hop,130.0,Powerful,High,High
U864,Budget avoid site.,Sad,S864,Fix You,Coldplay,Rock,75.0,Emotional,Low,Medium
U865,Image pretty what relationship official effect.,Motivated,S865,Eye of the Tiger,Survivor,Rock,109.0,Energetic,High,Medium
U866,Read recent security somebody personal site.,Happy,S866,Uptown Funk,Bruno Mars,Funk,115.0,Energetic,High,High
U867,For population key including million difficult.,Motivated,S867,Stronger,Kanye West,Hip-Hop,130.0,Powerful,High,High
U868,Push within cause less top.,Motivated,S868,Stronger,Kanye West,Hip-Hop,130.0,Powerful,High,High
U869,Risk think certain staff half memory then.,Sad,S869,Someone Like You,Adele,Pop,67.0,Melancholic,Low,Low
U870,Rise coach debate center actually low adult result.,Relaxed,S870,Weightless,Marconi Union,Ambient,50.0,Calm,Low,Low
U871,Who power office.,Happy,S871,Happy,Pharrell Williams,Pop,160.0,Joyful,High,High
U872,Happy go toward simply.,Motivated,S872,Eye of the Tiger,Survivor,Rock,109.0,Energetic,High,Medium
U873,We same mind southern interest participant step.,Happy,S873,Happy,Pharrell Williams,Pop,160.0,Joyful,High,High
U874,Shoulder result cultural sister cause system positive small.,Motivated,S874,Stronger,Kanye West,Hip-Hop,130.0,Powerful,High,High
U875,This poor could carry them manage beautiful.,Happy,S875,Uptown Funk,Bruno Mars,Funk,115.0,Energetic,High,High
U876,Figure by once.,Sad,S876,Fix You,Coldplay,Rock,75.0,Emotional,Low,Medium
U877,Issue local family among ask practice.,Sad,S877,Fix You,Coldplay,Rock,75.0,Emotional,Low,Medium
U878,Least break we maybe something.,Happy,S878,Uptown Funk,Bruno Mars,Funk,115.0,Energetic,High,High
U879,Open within ahead seek.,Happy,S879,Uptown Funk,Bruno Mars,Funk,115.0,Energetic,High,High
U880,In a size firm popular become line.,Sad,S880,Fix You,Coldplay,Rock,75.0,Emotional,Low,Medium
U881,Foot available eight window develop.,Motivated,S881,Eye of the Tiger,Survivor,Rock,109.0,Energetic,High,Medium
U882,Spend prove degree important Republican.,Happy,S882,Happy,Pharrell Williams,Pop,160.0,Joyful,High,High
U883,Medical low already sea report Republican age party.,Sad,S883,Someone Like You,Adele,Pop,67.0,Melancholic,Low,Low
U884,Front happen visit government.,Relaxed,S884,Weightless,Marconi Union,Ambient,50.0,Calm,Low,Low
U885,Buy another everyone large husband whole majority.,Relaxed,S885,Clair de Lune,Debussy,Classical,60.0,Soothing,Low,Low
U886,Candidate Democrat sound American read scene as.,Sad,S886,Fix You,Coldplay,Rock,75.0,Emotional,Low,Medium
U887,Amount trial age now peace method whatever.,Sad,S887,Fix You,Coldplay,Rock,75.0,Emotional,Low,Medium
U888,Enough rich alone team real whether prevent.,Motivated,S888,Stronger,Kanye West,Hip-Hop,130.0,Powerful,High,High
U889,Street late see responsibility watch decision mind.,Relaxed,S889,Weightless,Marconi Union,Ambient,50.0,Calm,Low,Low
U890,Large condition dream play back.,Happy,S890,Uptown Funk,Bruno Mars,Funk,115.0,Energetic,High,High
U891,Drive single heart need science.,Motivated,S891,Stronger,Kanye West,Hip-Hop,130.0,Powerful,High,High
U892,Participant better consumer movie.,Motivated,S892,Stronger,Kanye West,Hip-Hop,130.0,Powerful,High,High
U893,Security us because job.,Happy,S893,Happy,Pharrell Williams,Pop,160.0,Joyful,High,High
U894,Themselves choice sometimes field benefit force one.,Happy,S894,Uptown Funk,Bruno Mars,Funk,115.0,Energetic,High,High
U895,Add dream least ready past specific.,Motivated,S895,Eye of the Tiger,Survivor,Rock,109.0,Energetic,High,Medium
U896,Fall two five Congress return.,Motivated,S896,Eye of the Tiger,Survivor,Rock,109.0,Energetic,High,Medium
U897,Senior environment role risk memory ball.,Sad,S897,Someone Like You,Adele,Pop,67.0,Melancholic,Low,Low
U898,Hot vote various my tree.,Motivated,S898,Stronger,Kanye West,Hip-Hop,130.0,Powerful,High,High
U899,American hospital lose during sense also rich.,Motivated,S899,Eye of the Tiger,Survivor,Rock,109.0,Energetic,High,Medium
U900,Skill night gun process.,Motivated,S900,Eye of the Tiger,Survivor,Rock,109.0,Energetic,High,Medium
U901,Resource perform modern range.,Happy,S901,Happy,Pharrell Williams,Pop,160.0,Joyful,High,High
U902,Pattern college education hit.,Relaxed,S902,Weightless,Marconi Union,Ambient,50.0,Calm,Low,Low
U903,Something early every growth quite foreign.,Sad,S903,Someone Like You,Adele,Pop,67.0,Melancholic,Low,Low
U904,Prove whether company project sure marriage door.,Relaxed,S904,Weightless,Marconi Union,Ambient,50.0,Calm,Low,Low
U905,Type air sign.,Motivated,S905,Eye of the Tiger,Survivor,Rock,109.0,Energetic,High,Medium
U906,Describe add moment make condition inside.,Motivated,S906,Stronger,Kanye West,Hip-Hop,130.0,Powerful,High,High
U907,Minute away sister improve wide staff apply.,Relaxed,S907,Clair de Lune,Debussy,Classical,60.0,Soothing,Low,Low
U908,Term board test wife.,Relaxed,S908,Weightless,Marconi Union,Ambient,50.0,Calm,Low,Low
U909,Street start knowledge fund say pay.,Relaxed,S909,Clair de Lune,Debussy,Classical,60.0,Soothing,Low,Low
U910,Much accept herself step.,Relaxed,S910,Weightless,Marconi Union,Ambient,50.0,Calm,Low,Low
U911,Maybe southern hand rather film.,Motivated,S911,Eye of the Tiger,Survivor,Rock,109.0,Energetic,High,Medium
U912,Small but car save will.,Sad,S912,Someone Like You,Adele,Pop,67.0,Melancholic,Low,Low
U913,Evidence card although likely.,Happy,S913,Uptown Funk,Bruno Mars,Funk,115.0,Energetic,High,High
U914,Onto set significant few.,Motivated,S914,Stronger,Kanye West,Hip-Hop,130.0,Powerful,High,High
U915,Through world reach Mr current any sound.,Motivated,S915,Stronger,Kanye West,Hip-Hop,130.0,Powerful,High,High
U916,Box pull project a peace discuss.,Happy,S916,Happy,Pharrell Williams,Pop,160.0,Joyful,High,High
U917,Hand television quickly suddenly reason color movement.,Sad,S917,Fix You,Coldplay,Rock,75.0,Emotional,Low,Medium
U918,Someone cut future.,Motivated,S918,Eye of the Tiger,Survivor,Rock,109.0,Energetic,High,Medium
U919,Bag outside sense.,Sad,S919,Fix You,Coldplay,Rock,75.0,Emotional,Low,Medium
U920,Country bar type seem mean.,Sad,S920,Someone Like You,Adele,Pop,67.0,Melancholic,Low,Low
U921,Mind news region small.,Motivated,S921,Eye of the Tiger,Survivor,Rock,109.0,Energetic,High,Medium
U922,Music environment around lose fine anyone.,Sad,S922,Someone Like You,Adele,Pop,67.0,Melancholic,Low,Low
U923,Third six any thought not say during.,Sad,S923,Fix You,Coldplay,Rock,75.0,Emotional,Low,Medium
U924,Baby music list yes leader must.,Sad,S924,Fix You,Coldplay,Rock,75.0,Emotional,Low,Medium
U925,Hope ten conference hold.,Motivated,S925,Eye of the Tiger,Survivor,Rock,109.0,Energetic,High,Medium
U926,Add according personal forget pay career amount.,Sad,S926,Someone Like You,Adele,Pop,67.0,Melancholic,Low,Low
U927,Sense product offer crime break put.,Happy,S927,Happy,Pharrell Williams,Pop,160.0,Joyful,High,High
U928,Receive fund agreement anything.,Relaxed,S928,Weightless,Marconi Union,Ambient,50.0,Calm,Low,Low
U929,Special manage prove participant.,Happy,S929,Happy,Pharrell Williams,Pop,160.0,Joyful,High,High
U930,Support so land behind size.,Motivated,S930,Eye of the Tiger,Survivor,Rock,109.0,Energetic,High,Medium
U931,Old manage shake provide.,Happy,S931,Happy,Pharrell Williams,Pop,160.0,Joyful,High,High
U932,Treat maybe threat man eat your.,Happy,S932,Happy,Pharrell Williams,Pop,160.0,Joyful,High,High
U933,People myself least chair program pressure.,Relaxed,S933,Clair de Lune,Debussy,Classical,60.0,Soothing,Low,Low
U934,Sell send shake perhaps adult.,Happy,S934,Uptown Funk,Bruno Mars,Funk,115.0,Energetic,High,High
U935,Dog past series exactly set.,Sad,S935,Fix You,Coldplay,Rock,75.0,Emotional,Low,Medium
U936,Cut another summer second.,Motivated,S936,Stronger,Kanye West,Hip-Hop,130.0,Powerful,High,High
U937,Bit firm investment with though prevent rock door.,Relaxed,S937,Clair de Lune,Debussy,Classical,60.0,Soothing,Low,Low
U938,Education country even page.,Relaxed,S938,Clair de Lune,Debussy,Classical,60.0,Soothing,Low,Low
U939,Soldier bed machine no.,Happy,S939,Happy,Pharrell Williams,Pop,160.0,Joyful,High,High
U940,Court service baby society American.,Happy,S940,Happy,Pharrell Williams,Pop,160.0,Joyful,High,High
U941,Start position play.,Relaxed,S941,Clair de Lune,Debussy,Classical,60.0,Soothing,Low,Low
U942,No go trial value institution account perhaps.,Motivated,S942,Stronger,Kanye West,Hip-Hop,130.0,Powerful,High,High
U943,Claim myself strong most seem again away.,Sad,S943,Someone Like You,Adele,Pop,67.0,Melancholic,Low,Low
U944,Foot west whether play lead require receive.,Sad,S944,Someone Like You,Adele,Pop,67.0,Melancholic,Low,Low
U945,Executive choose rather white.,Happy,S945,Uptown Funk,Bruno Mars,Funk,115.0,Energetic,High,High
U946,Action determine water finally since.,Relaxed,S946,Clair de Lune,Debussy,Classical,60.0,Soothing,Low,Low
U947,Education hour thus walk student lay affect along.,Relaxed,S947,Clair de Lune,Debussy,Classical,60.0,Soothing,Low,Low
U948,Development cell wait population five.,Motivated,S948,Eye of the Tiger,Survivor,Rock,109.0,Energetic,High,Medium
U949,Believe board couple for product budget.,Motivated,S949,Eye of the Tiger,Survivor,Rock,109.0,Energetic,High,Medium
U950,Force enter economic month television student.,Motivated,S950,Eye of the Tiger,Survivor,Rock,109.0,Energetic,High,Medium
U951,Already possible subject perhaps growth school.,Sad,S951,Fix You,Coldplay,Rock,75.0,Emotional,Low,Medium
U952,Realize bring foot unit many low herself office.,Sad,S952,Someone Like You,Adele,Pop,67.0,Melancholic,Low,Low
U953,Be enjoy early receive.,Relaxed,S953,Weightless,Marconi Union,Ambient,50.0,Calm,Low,Low
U954,Lot hard staff between computer police million.,Motivated,S954,Eye of the Tiger,Survivor,Rock,109.0,Energetic,High,Medium
U955,Yard born form strong ability federal.,Happy,S955,Happy,Pharrell Williams,Pop,160.0,Joyful,High,High
U956,List feeling thus her senior list treat song.,Relaxed,S956,Clair de Lune,Debussy,Classical,60.0,Soothing,Low,Low
U957,Believe young name able.,Happy,S957,Happy,Pharrell Williams,Pop,160.0,Joyful,High,High
U958,Find democratic last senior house thank.,Relaxed,S958,Clair de Lune,Debussy,Classical,60.0,Soothing,Low,Low
U959,Beautiful question service pay get subject base.,Happy,S959,Happy,Pharrell Williams,Pop,160.0,Joyful,High,High
U960,Protect onto man speak.,Sad,S960,Fix You,Coldplay,Rock,75.0,Emotional,Low,Medium
U961,Speak sister window green less activity.,Motivated,S961,Eye of the Tiger,Survivor,Rock,109.0,Energetic,High,Medium
U962,Bar it bad.,Relaxed,S962,Weightless,Marconi Union,Ambient,50.0,Calm,Low,Low
U963,Action member civil film research.,Happy,S963,Happy,Pharrell Williams,Pop,160.0,Joyful,High,High
U964,Bit stuff trip.,Happy,S964,Uptown Funk,Bruno Mars,Funk,115.0,Energetic,High,High
U965,Growth tend thank soldier exist serious.,Happy,S965,Happy,Pharrell Williams,Pop,160.0,Joyful,High,High
U966,Past record represent decade quality remember.,Relaxed,S966,Weightless,Marconi Union,Ambient,50.0,Calm,Low,Low
U967,Spring himself while cultural owner become.,Happy,S967,Uptown Funk,Bruno Mars,Funk,115.0,Energetic,High,High
U968,Home money example yourself onto fact.,Sad,S968,Fix You,Coldplay,Rock,75.0,Emotional,Low,Medium
U969,Commercial difference do.,Motivated,S969,Eye of the Tiger,Survivor,Rock,109.0,Energetic,High,Medium
U970,Industry room fine method dark.,Happy,S970,Happy,Pharrell Williams,Pop,160.0,Joyful,High,High
U971,Race heavy country best church article.,Sad,S971,Fix You,Coldplay,Rock,75.0,Emotional,Low,Medium
U972,Right left create mind focus concern stay.,Relaxed,S972,Clair de Lune,Debussy,Classical,60.0,Soothing,Low,Low
U973,Then far follow worry.,Sad,S973,Someone Like You,Adele,Pop,67.0,Melancholic,Low,Low
U974,Vote front boy scientist project mention.,Motivated,S974,Stronger,Kanye West,Hip-Hop,130.0,Powerful,High,High
U975,List hundred back get rate.,Happy,S975,Uptown Funk,Bruno Mars,Funk,115.0,Energetic,High,High
U976,Quite reflect add nature minute quickly cultural consider.,Relaxed,S976,Clair de Lune,Debussy,Classical,60.0,Soothing,Low,Low
U977,According present during trade.,Relaxed,S977,Weightless,Marconi Union,Ambient,50.0,Calm,Low,Low
U978,Record probably card floor argue voice.,Motivated,S978,Stronger,Kanye West,Hip-Hop,130.0,Powerful,High,High
U979,Picture charge someone popular medical individual.,Relaxed,S979,Clair de Lune,Debussy,Classical,60.0,Soothing,Low,Low
U980,Author suddenly teach.,Motivated,S980,Eye of the Tiger,Survivor,Rock,109.0,Energetic,High,Medium
U981,Popular remain evidence sell member save.,Relaxed,S981,Clair de Lune,Debussy,Classical,60.0,Soothing,Low,Low
U982,Hard choose less notice enough.,Motivated,S982,Eye of the Tiger,Survivor,Rock,109.0,Energetic,High,Medium
U983,Tonight chance Mr probably something.,Relaxed,S983,Weightless,Marconi Union,Ambient,50.0,Calm,Low,Low
U984,Medical yet TV ready too not.,Relaxed,S984,Weightless,Marconi Union,Ambient,50.0,Calm,Low,Low
U985,Hot laugh hand on statement.,Happy,S985,Uptown Funk,Bruno Mars,Funk,115.0,Energetic,High,High
U986,Bag of participant week page.,Happy,S986,Uptown Funk,Bruno Mars,Funk,115.0,Energetic,High,High
U987,Senior yes citizen issue professional part.,Relaxed,S987,Clair de Lune,Debussy,Classical,60.0,Soothing,Low,Low
U988,Either seat catch great.,Relaxed,S988,Clair de Lune,Debussy,Classical,60.0,Soothing,Low,Low
U989,Probably leave today during.,Happy,S989,Happy,Pharrell Williams,Pop,160.0,Joyful,High,High
U990,Him audience agree believe Mrs focus.,Sad,S990,Someone Like You,Adele,Pop,67.0,Melancholic,Low,Low
U991,Close action here forward economic action.,Sad,S991,Someone Like You,Adele,Pop,67.0,Melancholic,Low,Low
U992,Pick move forward member dark total agent.,Sad,S992,Fix You,Coldplay,Rock,75.0,Emotional,Low,Medium
U993,Response rate drug sense present.,Motivated,S993,Eye of the Tiger,Survivor,Rock,109.0,Energetic,High,Medium
U994,But seek instead before report individual cost raise.,Sad,S994,Someone Like You,Adele,Pop,67.0,Melancholic,Low,Low
U995,Buy hold energy.,Happy,S995,Happy,Pharrell Williams,Pop,160.0,Joyful,High,High
U996,Where carry sit argue through street.,Relaxed,S996,Clair de Lune,Debussy,Classical,60.0,Soothing,Low,Low
U997,Agreement state up hope free manage outside.,Happy,S997,Happy,Pharrell Williams,Pop,160.0,Joyful,High,High
U998,Particular else challenge ball.,Relaxed,S998,Clair de Lune,Debussy,Classical,60.0,Soothing,Low,Low
U999,Much level someone.,Relaxed,S999,Weightless,Marconi Union,Ambient,50.0,Calm,Low,Low
U1000,Appear the two score.,Relaxed,S1000,Weightless,Marconi Union,Ambient,50.0,Calm,Low,Low
,,,,Happy,Pharrell Williams,Pop,,Happy,,
,,,,Walking On Sunshine,Katrina & The Waves,Pop,,Happy,,
,,,,Can't Stop the Feeling!,Justin Timberlake,Pop,,Happy,,
,,,,Uptown Funk,Mark Ronson ft. Bruno Mars,Funk,,Happy,,
,,,,Good Vibrations,The Beach Boys,Rock,,Happy,,
,,,,Don't Stop Me Now,Queen,Rock,,Happy,,
,,,,I Gotta Feeling,Black Eyed Peas,Dance,,Happy,,
,,,,Dancing Queen,ABBA,Disco,,Happy,,
,,,,Valerie,Mark Ronson ft. Amy Winehouse,Soul,,Happy,,
,,,,You Make My Dreams (Come True),Daryl Hall & John Oates,Pop,,Happy,,
,,,,Shake It Off,Taylor Swift,Pop,,Happy,,
,,,,Watermelon Sugar,Harry Styles,Pop,,Happy,,
,,,,Mr. Blue Sky,Electric Light Orchestra,Rock,,Happy,,
,,,,Shut Up and Dance,WALK THE MOON,Alternative,,Happy,,
,,,,Three Little Birds,Bob Marley & The Wailers,Reggae,,Happy,,
,,,,Someone Like You,Adele,Pop,,Sad,,
,,,,Fix You,Coldplay,Alternative,,Sad,,
,,,,Yesterday,The Beatles,Rock,,Sad,,
,,,,Hurt,Johnny Cash,Country,,Sad,,
,,,,Tears In Heaven,Eric Clapton,Rock,,Sad,,
,,,,The Sound of Silence,Simon & Garfunkel,Folk,,Sad,,
,,,,Hallelujah,Jeff Buckley,Alternative,,Sad,,
,,,,Let Her Go,Passenger,Folk,,Sad,,
,,,,Creep,Radiohead,Alternative,,Sad,,
,,,,Nothing Compares 2 U,Sinéad O'Connor,Pop,,Sad,,
,,,,All By Myself,Celine Dion,Pop,,Sad,,
,,,,Everybody Hurts,R.E.M.,Alternative,,Sad,,
,,,,Skinny Love,Bon Iver,Indie Folk,,Sad,,
,,,,Fast Car,Tracy Chapman,Folk,,Sad,,
,,,,Stay With Me,Sam Smith,Soul,,Sad,,
,,,,Weightless,Marconi Union,Ambient,,Relaxed,,
,,,,Come Away With Me,Norah Jones,Jazz,,Relaxed,,
,,,,Better Together,Jack Johnson,Acoustic,,Relaxed,,
,,,,Sunflower,Post Malone & Swae Lee,Hip Hop,,Relaxed,,
,,,,Put Your Records On,Corinne Bailey Rae,R&B,,Relaxed,,
,,,,Banana Pancakes,Jack Johnson,Acoustic,,Relaxed,,
,,,,Dreams,Fleetwood Mac,Rock,,Relaxed,,
,,,,Bubbly,Colbie Caillat,Pop,,Relaxed,,
,,,,Just the Way You Are,Bruno Mars,Pop,,Relaxed,,
,,,,The Girl from Ipanema,Stan Getz & João Gilberto,Bossa Nova,,Relaxed,,
,,,,Here Comes The Sun,The Beatles,Rock,,Relaxed,,
,,,,Sunset Lover,Petit Biscuit,Electronic,,Relaxed,,
,,,,Gravity,John Mayer,Blues,,Relaxed,,
,,,,Teardrop,Massive Attack,Trip Hop,,Relaxed,,
,,,,Perfect,Ed Sheeran,Pop,,Relaxed,,
,,,,Eye of the Tiger,Survivor,Rock,,Motivated,,
,,,,Lose Yourself,Eminem,Hip Hop,,Motivated,,
,,,,Stronger,Kanye West,Hip Hop,,Motivated,,
,,,,We Are the Champions,Queen,Rock,,Motivated,,
,,,,Don't Stop Believin',Journey,Rock,,Motivated,,
,,,,Remember the Name,Fort Minor,Hip Hop,,Motivated,,
,,,,Titanium,David Guetta ft. Sia,Dance,,Motivated,,
,,,,Till I Collapse,Eminem ft. Nate Dogg,Hip Hop,,Motivated,,
,,,,Survivor,Destiny's Child,R&B,,Motivated,,
,,,,Believer,Imagine Dragons,Alternative,,Motivated,,
,,,,Run the World (Girls),Beyoncé,Pop,,Motivated,,
,,,,The Power,Snap!,Dance,,Motivated,,
,,,,"Harder, Better, Faster, Stronger",Daft Punk,Electronic,,Motivated,,
,,,,Can't Hold Us,Macklemore & Ryan Lewis,Hip Hop,,Motivated,,
,,,,Roar,Katy Perry,Pop,,Motivated,,
