posting_date,internship_title,employment_type,work_mode,industry,location,company_name,company_size,company_age,linkedin_presence,website_available,domain_age_months,verification_status,stipend,unrealistic_salary_flag,payment_required,registration_fee,job_description_length,grammatical_errors,vague_description_score,urgency_score,keyword_spam_score,fake_certificate_offer,recruiter_experience_years,recruiter_email_type,suspicious_email_domain,recruiter_response_time_hours,social_media_presence,emotional_manipulation_score,phishing_language_score,trust_signal_score,fraud_score,is_fake_posting
2019-02-22,Cloud Engineer,Contract,Hybrid,Marketing,Berlin,Flores-Reed,Startup,19.0,1,1,207,0,37317.0,0,0,0,2623,3,25,76,59,0,12.1,Corporate,0,6.7,1,12,5,48.5,5.6,0
2022-11-14,Backend Developer,Part-Time,Remote,Healthcare,Dubai,Callahan LLC,Small,4.0,1,1,44,1,35563.0,0,0,0,2454,2,4,21,44,0,3.3,Free,1,4.6,1,65,0,78.6,19.9,0
2019-10-11,Marketing Intern,Part-Time,Hybrid,Software,Sydney,Lopez-Fowler,Small,37.0,1,1,454,1,29663.0,0,0,0,1549,3,28,20,19,1,7.5,Corporate,0,15.2,0,5,27,57.9,33.1,0
2022-05-03,Cloud Engineer,Internship,Onsite,FinTech,Bangalore,Russell LLC,Small,21.0,1,1,265,1,58580.0,0,1,1150,1420,3,0,40,53,0,1.4,Corporate,0,17.0,1,42,34,73.5,40.0,0
2019-05-20,Cybersecurity Analyst,Contract,Onsite,Software,Sydney,"Pierce, Parsons and Livingston",Medium,39.0,1,1,484,1,33594.0,0,0,0,1596,3,40,50,25,0,0.0,Corporate,0,22.7,1,20,32,48.0,20.7,0
2023-01-06,Backend Developer,Part-Time,Hybrid,Cybersecurity,Sydney,Wade-Lee,Small,38.0,1,1,456,1,28466.0,0,0,0,2416,2,56,37,32,0,6.5,Free,1,27.3,0,0,35,50.5,45.4,0
2020-06-03,Cloud Engineer,Full-Time,Remote,Gaming,Berlin,Smith-Fowler,Startup,17.0,1,1,192,1,24334.0,0,0,0,1382,3,50,15,51,0,5.1,Corporate,0,13.1,1,55,17,72.5,22.9,0
2018-01-20,Frontend Developer,Part-Time,Hybrid,E-Commerce,Toronto,Williams-Nguyen,Enterprise,20.0,1,1,253,1,33795.0,0,0,0,2784,1,40,60,22,0,6.8,Corporate,0,28.2,1,0,0,74.7,17.2,0
2023-05-30,Cloud Engineer,Full-Time,Remote,FinTech,Bangalore,Baker Group,Enterprise,24.0,1,0,292,1,20450.0,0,0,0,1288,4,30,0,55,0,0.5,Corporate,0,15.3,0,55,31,51.3,35.7,0
2023-12-27,Cloud Engineer,Part-Time,Hybrid,E-Commerce,London,Jordan-Melendez,Medium,18.0,1,1,208,1,19412.0,0,0,0,1567,5,37,25,38,0,7.5,Corporate,0,35.7,0,4,44,48.9,15.8,0
2018-08-10,Data Science Intern,Full-Time,Remote,FinTech,Sydney,Miller-Long,Small,13.0,1,1,184,0,31469.0,0,1,4221,2257,0,22,18,52,0,4.6,Corporate,0,4.9,1,55,15,64.8,34.6,0
2021-02-07,Cybersecurity Analyst,Full-Time,Remote,EdTech,Dubai,Petty LLC,Startup,6.0,0,1,48,1,34431.0,0,0,0,2190,3,46,45,27,0,5.4,Corporate,0,9.7,1,33,50,19.2,60.1,1
2026-01-02,Backend Developer,Full-Time,Remote,AI,London,"Hogan, Austin and Price",Startup,12.0,1,1,143,0,26890.0,0,0,0,2266,4,49,31,38,1,11.0,Corporate,0,11.9,0,6,47,21.6,58.9,1
2020-07-31,Backend Developer,Part-Time,Remote,Cybersecurity,Singapore,Bruce-Berg,Medium,36.0,1,1,430,1,39375.0,0,0,0,2279,2,60,42,56,0,7.8,Free,1,18.0,1,57,24,63.7,57.6,1
2019-11-22,UI/UX Designer,Full-Time,Remote,Cybersecurity,Dubai,"Morse, Page and Ferguson",Small,8.0,0,1,116,1,32444.0,0,0,0,960,3,10,45,19,0,3.9,Corporate,0,1.0,1,25,0,68.3,29.9,0
2018-01-20,AI Research Intern,Part-Time,Remote,AI,Dubai,Graham Group,Medium,18.0,1,1,214,0,42261.0,0,0,0,1826,2,29,29,53,0,2.1,Corporate,0,17.7,1,17,0,81.3,0.0,0
2018-04-04,AI Research Intern,Internship,Remote,Marketing,San Francisco,Diaz-Lee,Startup,7.0,1,1,56,1,26471.0,0,0,0,2505,1,0,44,38,0,5.3,Free,1,2.6,1,16,35,77.4,31.1,0
2024-05-10,Backend Developer,Full-Time,Onsite,Healthcare,San Francisco,Brown-Hunter,Startup,33.0,1,1,421,0,5146.0,0,0,0,2934,3,51,74,35,0,3.5,Corporate,0,19.1,1,16,21,27.2,47.6,0
2025-07-15,Frontend Developer,Part-Time,Remote,Gaming,Singapore,Ramirez Inc,Small,19.0,1,1,231,1,28307.0,0,0,0,2311,8,19,21,0,0,3.5,Free,1,21.6,1,38,5,53.5,36.5,0
2025-08-07,Cybersecurity Analyst,Full-Time,Remote,EdTech,Sydney,Williams LLC,Medium,19.0,0,1,208,1,35720.0,0,0,0,2278,2,53,30,28,0,1.5,Corporate,0,26.7,1,11,18,45.5,42.6,0
2019-09-05,UI/UX Designer,Part-Time,Onsite,FinTech,Sydney,Ellis Inc,Startup,23.0,1,1,278,1,32669.0,0,0,0,1497,3,90,26,20,0,8.2,Corporate,0,45.0,1,18,25,32.3,44.4,0
2019-09-23,AI Research Intern,Internship,Remote,FinTech,Sydney,Mason PLC,Startup,28.0,1,1,341,0,32425.0,0,0,0,2197,4,37,48,34,1,8.1,Corporate,0,8.6,0,31,53,27.4,81.0,1
2022-05-08,Marketing Intern,Internship,Hybrid,Marketing,San Francisco,"Garcia, Nelson and Mcdowell",Medium,25.0,0,1,300,1,70814.0,0,1,4244,1097,3,38,73,9,0,3.6,Corporate,0,13.0,0,33,34,33.7,88.4,1
2021-11-26,UI/UX Designer,Contract,Remote,Software,Singapore,Johnson LLC,Medium,20.0,1,1,247,0,50799.0,0,0,0,1717,2,29,29,23,0,7.9,Corporate,0,18.7,0,27,15,63.0,20.5,0
2019-05-02,Marketing Intern,Contract,Remote,Gaming,Berlin,Newton LLC,Medium,38.0,1,1,446,1,14890.0,0,0,0,2708,4,14,82,27,0,3.5,Corporate,0,21.0,1,22,0,83.5,8.6,0
2026-07-06,UI/UX Designer,Part-Time,Remote,Healthcare,Sydney,Graham-Castaneda,Small,7.0,0,0,97,1,61825.0,0,0,0,1580,0,53,66,0,0,5.0,Free,1,18.9,1,0,8,56.9,52.2,1
2019-03-09,ML Engineer,Internship,Remote,AI,San Francisco,"Horton, Boyd and Gutierrez",Enterprise,27.0,1,1,345,1,47704.0,0,0,0,2230,1,12,37,42,0,5.0,Corporate,0,37.4,0,46,0,94.3,11.5,0
2018-07-18,AI Research Intern,Contract,Onsite,FinTech,Toronto,Smith-Grant,Startup,17.0,1,1,199,1,25619.0,0,0,0,2506,5,16,43,21,0,6.8,Corporate,0,22.8,0,4,24,64.0,17.8,0
2024-07-12,Marketing Intern,Internship,Remote,AI,San Francisco,"Carlson, Wade and Jordan",Small,20.0,1,1,242,1,48707.0,0,0,0,1503,3,54,42,48,0,3.4,Corporate,0,21.0,1,29,1,62.5,16.1,0
2021-09-11,AI Research Intern,Part-Time,Hybrid,E-Commerce,Bangalore,"Garza, Walters and Bell",Startup,13.0,1,1,154,0,15801.0,0,0,0,1004,2,35,24,0,0,4.2,Corporate,0,19.2,0,36,16,46.3,8.0,0
2018-10-04,Backend Developer,Part-Time,Onsite,E-Commerce,Toronto,"Hale, Wheeler and Lowe",Medium,5.0,1,1,53,1,24415.0,0,0,0,2009,0,34,97,8,0,2.3,Corporate,0,13.6,0,5,31,53.9,24.3,0
2021-12-10,AI Research Intern,Contract,Hybrid,AI,Bangalore,"Brandt, Lowery and Khan",Small,6.0,1,0,67,1,66947.0,0,0,0,1704,3,46,16,23,0,6.9,Corporate,0,5.7,1,27,22,51.7,47.0,0
2021-01-15,Marketing Intern,Internship,Remote,Gaming,Sydney,Griffin-Gonzalez,Enterprise,22.0,1,0,265,0,21164.0,0,0,0,1206,3,34,15,46,1,11.5,Corporate,0,1.0,0,41,28,56.0,61.8,1
2019-12-08,UI/UX Designer,Full-Time,Onsite,E-Commerce,San Francisco,"Davidson, Woods and Bell",Startup,12.0,1,1,118,0,46379.0,0,0,0,860,9,66,16,71,0,4.3,Corporate,0,23.5,1,15,18,37.2,53.2,1
2018-05-22,Cybersecurity Analyst,Full-Time,Onsite,Cybersecurity,New York,Contreras Group,Medium,21.0,1,1,239,0,37908.0,0,0,0,1642,3,33,18,0,0,4.5,Free,1,33.9,0,19,4,55.0,29.6,0
2026-08-08,AI Research Intern,Part-Time,Remote,FinTech,London,Jordan-Leonard,Medium,15.0,1,1,167,1,30896.0,0,0,0,2119,0,30,43,2,0,6.3,Corporate,0,15.5,1,21,23,58.7,16.1,0
2019-09-12,Cybersecurity Analyst,Internship,Hybrid,EdTech,New York,Griffith and Sons,Small,20.0,1,1,247,0,31361.0,0,0,0,1436,4,27,0,46,0,4.9,Corporate,0,10.8,1,0,0,38.9,6.5,0
2019-07-14,Frontend Developer,Full-Time,Hybrid,Healthcare,New York,Cantrell-Stewart,Medium,34.0,0,1,397,1,35459.0,0,1,3085,1973,6,33,65,33,0,0.6,Corporate,0,38.8,1,65,23,35.9,71.2,1
2020-08-16,ML Engineer,Contract,Remote,Software,New York,"Quinn, Gray and King",Small,20.0,1,1,241,1,63833.0,0,0,0,1788,3,36,28,10,1,2.8,Corporate,0,27.4,1,34,19,65.8,45.6,0
2023-11-09,UI/UX Designer,Part-Time,Remote,Gaming,London,Torres Inc,Small,36.0,1,1,451,0,53534.0,0,0,0,1626,3,52,21,6,0,7.1,Free,1,4.8,1,0,30,30.9,58.5,1
2024-06-21,Cloud Engineer,Full-Time,Remote,Marketing,London,Acevedo-Yang,Startup,14.0,1,1,166,1,45336.0,0,0,0,2031,4,39,70,2,0,5.6,Free,1,12.6,1,17,0,89.6,15.2,0
2026-10-13,Data Science Intern,Contract,Remote,EdTech,Singapore,Hernandez Inc,Medium,38.0,1,0,442,1,34199.0,0,0,0,100,2,56,26,33,0,3.7,Corporate,0,19.4,0,4,14,60.9,46.6,0
2023-03-01,Marketing Intern,Internship,Hybrid,FinTech,Dubai,"Smith, Mullins and Olson",Startup,19.0,1,1,217,1,7661.0,0,0,0,1356,3,28,32,21,0,5.1,Corporate,0,37.9,0,47,17,68.3,4.1,0
2024-08-01,Data Science Intern,Part-Time,Remote,E-Commerce,Bangalore,"York, Miller and Davis",Startup,29.0,1,1,348,1,51619.0,0,0,0,2098,5,28,32,32,0,7.9,Corporate,0,31.7,1,0,0,82.0,13.6,0
2022-09-06,Marketing Intern,Full-Time,Remote,Software,Berlin,"Morris, Miller and Whitaker",Enterprise,13.0,1,1,165,1,58810.0,0,0,0,1932,1,64,76,25,0,7.8,Free,1,11.5,0,30,7,42.4,54.7,1
2019-06-03,ML Engineer,Part-Time,Remote,AI,Sydney,Hernandez LLC,Medium,14.0,1,1,142,1,18026.0,0,0,0,1532,4,29,50,36,0,4.3,Free,1,19.4,1,17,6,65.3,26.6,0
2020-06-29,Backend Developer,Contract,Remote,AI,London,Benson-Best,Startup,15.0,1,1,161,1,52752.0,0,0,0,1989,3,47,14,28,0,2.9,Free,1,27.9,1,24,11,64.8,33.1,0
2025-10-08,AI Research Intern,Part-Time,Hybrid,Marketing,Berlin,Clark LLC,Startup,29.0,0,1,336,0,48045.0,0,0,0,1763,1,68,33,18,0,3.2,Free,1,22.9,1,38,34,37.8,45.9,0
2023-09-19,Backend Developer,Part-Time,Onsite,Software,New York,Vaughn-Kent,Enterprise,6.0,0,0,77,1,28472.0,0,0,0,1820,3,0,29,1,1,10.4,Free,1,17.7,1,57,23,49.4,69.0,1
2021-01-04,Frontend Developer,Contract,Onsite,AI,London,Greer-Lawson,Medium,24.0,1,1,307,1,57468.0,0,0,0,2234,4,44,62,15,0,0.0,Corporate,0,31.7,1,15,50,44.0,33.1,0
2018-05-26,ML Engineer,Contract,Remote,EdTech,San Francisco,Robinson-Suarez,Small,26.0,1,1,307,1,48382.0,0,0,0,2309,5,49,36,39,0,4.5,Corporate,0,7.2,1,24,43,41.3,52.7,1
2021-03-03,Frontend Developer,Full-Time,Onsite,E-Commerce,San Francisco,Soto-Howe,Enterprise,4.0,0,1,63,0,12652.0,0,1,2153,1071,3,18,63,44,0,3.5,Corporate,0,21.5,1,39,60,40.0,97.7,1
2022-09-27,ML Engineer,Internship,Hybrid,Cybersecurity,Toronto,Marshall Inc,Medium,5.0,1,1,44,1,21292.0,0,0,0,1279,7,21,21,27,0,10.0,Corporate,0,35.7,0,27,25,64.8,9.9,0
2019-05-02,Cloud Engineer,Contract,Remote,FinTech,Sydney,Pratt PLC,Medium,18.0,1,1,207,0,30624.0,0,0,0,1683,2,50,29,21,0,0.0,Corporate,0,16.8,1,0,1,53.9,12.7,0
2025-10-13,UI/UX Designer,Contract,Hybrid,Cybersecurity,Berlin,Parker PLC,Startup,29.0,1,1,347,0,,0,0,0,1868,4,36,0,19,0,6.4,Free,1,10.4,1,16,22,30.8,33.0,0
2024-01-08,Marketing Intern,Contract,Hybrid,AI,Dubai,Parker-Armstrong,Startup,6.0,0,1,76,0,46956.0,0,0,0,1668,3,40,25,16,0,5.1,Corporate,0,24.5,1,2,13,32.1,27.7,0
2026-11-22,Marketing Intern,Part-Time,Onsite,Marketing,Bangalore,Jones-Chen,Medium,33.0,1,1,411,1,33550.0,0,0,0,2056,1,22,0,48,0,7.3,Free,1,2.5,1,79,31,67.9,36.2,0
2020-11-09,Marketing Intern,Contract,Onsite,E-Commerce,Bangalore,Burnett Ltd,Startup,35.0,1,1,421,1,62756.0,0,0,0,2120,4,48,67,29,0,6.6,Corporate,0,9.8,1,10,0,68.3,5.2,0
2023-12-20,UI/UX Designer,Part-Time,Hybrid,Gaming,New York,Walker-Guerrero,Medium,16.0,1,1,188,0,38361.0,0,0,0,864,6,38,29,12,0,9.2,Free,1,34.6,1,11,19,37.0,24.7,0
2024-10-17,Cloud Engineer,Full-Time,Remote,AI,New York,Becker Inc,Startup,22.0,0,1,270,1,39211.0,0,0,0,1707,7,0,100,9,0,8.0,Free,1,17.3,1,29,41,43.6,62.0,1
2023-10-06,UI/UX Designer,Part-Time,Onsite,Gaming,Berlin,"Huynh, Jones and Campbell",Medium,7.0,0,1,78,1,30551.0,0,1,2691,1243,5,53,23,28,0,8.8,Corporate,0,33.3,1,30,4,49.8,64.5,1
2024-06-13,Marketing Intern,Part-Time,Onsite,Cybersecurity,Bangalore,Miller PLC,Startup,15.0,1,1,174,1,48228.0,0,0,0,1050,4,15,64,14,0,8.5,Corporate,0,11.2,1,0,10,78.3,7.4,0
2021-03-29,Marketing Intern,Contract,Onsite,FinTech,Berlin,Gregory-Ferrell,Medium,21.0,0,1,265,1,29073.0,0,0,0,1096,2,0,29,26,0,4.8,Free,1,17.4,1,25,26,67.5,16.2,0
2021-10-31,Marketing Intern,Full-Time,Onsite,AI,Singapore,"Weaver, Arroyo and Stark",Medium,16.0,1,1,202,0,29462.0,0,0,0,1089,6,0,54,70,0,4.9,Corporate,0,32.1,0,19,0,86.7,5.7,0
2026-02-17,Cloud Engineer,Full-Time,Onsite,Gaming,Singapore,Bryan-Peterson,Small,18.0,1,1,213,1,51087.0,0,0,0,1530,2,14,49,16,0,6.4,Corporate,0,25.3,1,30,73,43.7,43.5,0
2026-01-19,AI Research Intern,Full-Time,Remote,Healthcare,London,Adams-Cordova,Enterprise,13.0,0,1,129,1,56065.0,0,0,0,2372,2,47,28,21,0,0.0,Free,1,29.4,1,26,25,42.3,53.2,1
2026-04-23,Frontend Developer,Full-Time,Remote,Healthcare,Toronto,Lee Group,Medium,25.0,1,1,314,1,32314.0,0,0,0,1858,2,4,53,17,0,5.3,Free,1,20.4,1,44,25,73.1,31.1,0
2018-09-16,UI/UX Designer,Contract,Hybrid,FinTech,New York,Hendrix-Baird,Small,35.0,1,0,414,1,27599.0,0,0,0,3137,4,45,31,32,0,1.5,Corporate,0,13.6,0,16,62,46.2,52.4,1
2019-08-05,Cloud Engineer,Part-Time,Remote,Healthcare,Berlin,"Perry, Reynolds and Anderson",Startup,25.0,1,1,327,1,46042.0,0,0,0,1997,1,38,0,46,0,3.9,Corporate,0,37.2,1,40,37,47.9,22.7,0
2022-01-02,Backend Developer,Full-Time,Onsite,Cybersecurity,San Francisco,Berger-Aguirre,Medium,9.0,1,0,120,0,44654.0,0,0,0,2936,3,32,45,42,0,2.1,Corporate,0,36.0,1,60,2,61.2,27.8,0
2020-08-19,UI/UX Designer,Part-Time,Onsite,Healthcare,Singapore,Glover-Wallace,Small,33.0,1,1,424,0,21782.0,0,1,259,1294,4,0,68,7,0,3.0,Corporate,0,22.9,1,18,46,56.0,61.8,1
2025-05-03,Marketing Intern,Full-Time,Remote,Marketing,Dubai,"Hoffman, Washington and Jones",Small,5.0,1,0,69,1,25326.0,0,0,0,2635,0,63,46,47,0,1.0,Corporate,0,28.4,1,9,24,67.5,58.3,1
2024-04-02,Frontend Developer,Full-Time,Hybrid,Marketing,Dubai,Barrett PLC,Medium,27.0,1,1,332,1,50472.0,0,0,0,957,3,51,28,30,0,5.5,Corporate,0,22.0,0,0,6,68.9,0.0,0
2020-07-10,ML Engineer,Full-Time,Onsite,E-Commerce,Berlin,Hoover Inc,Startup,1.0,1,1,29,1,30755.0,0,0,0,2835,1,0,39,48,0,6.7,Corporate,0,1.0,1,12,30,79.9,14.5,0
2025-02-19,Marketing Intern,Contract,Hybrid,Marketing,Sydney,Barrett and Sons,Startup,37.0,0,0,423,0,41091.0,0,0,0,2177,4,49,0,0,0,3.0,Corporate,0,7.5,1,11,6,54.9,49.0,0
2022-12-21,Cloud Engineer,Full-Time,Onsite,E-Commerce,Singapore,"Rivera, Smith and Hudson",Small,32.0,0,0,400,1,54401.0,0,0,0,1595,3,3,53,41,0,2.2,Free,1,20.0,1,42,11,59.3,62.1,1
2020-11-29,Frontend Developer,Contract,Onsite,Marketing,London,Lee Group,Medium,7.0,1,1,101,1,31790.0,0,0,0,2498,2,67,51,0,0,2.5,Corporate,0,19.2,1,16,19,48.9,17.8,0
2020-10-03,UI/UX Designer,Part-Time,Hybrid,Gaming,Toronto,Johnson Inc,Startup,14.0,1,0,174,1,39477.0,0,0,0,1679,2,24,60,18,0,4.5,Free,1,16.8,1,5,21,54.5,49.2,0
2018-12-02,Cloud Engineer,Part-Time,Remote,EdTech,Toronto,"Clay, Gonzalez and Adams",Small,20.0,1,0,234,0,30164.0,0,0,0,1304,4,13,36,1,0,6.4,Corporate,0,17.4,1,38,13,60.2,17.4,0
2026-05-04,Data Science Intern,Full-Time,Hybrid,EdTech,San Francisco,Atkinson PLC,Startup,24.0,1,1,305,1,31114.0,0,0,0,1568,5,0,79,16,0,10.3,Free,1,34.8,0,33,22,68.7,38.7,0
2024-04-04,AI Research Intern,Part-Time,Hybrid,FinTech,Toronto,"Holder, Perry and Harris",Small,8.0,1,1,63,1,68014.0,0,1,3534,2031,2,27,79,0,0,0.6,Free,1,19.9,0,56,18,62.5,56.0,1
2024-03-17,Marketing Intern,Part-Time,Onsite,FinTech,Singapore,Jackson Group,Small,6.0,1,1,69,0,48007.0,0,0,0,2419,4,18,24,22,0,5.7,Free,1,27.0,0,22,33,45.0,36.6,0
2025-09-19,Frontend Developer,Full-Time,Remote,Marketing,Toronto,Mosley PLC,Medium,16.0,1,1,202,1,39361.0,0,0,0,2658,3,17,92,2,0,2.1,Corporate,0,13.7,1,59,29,73.5,18.7,0
2020-01-31,Cloud Engineer,Contract,Remote,AI,Sydney,James PLC,Small,35.0,1,0,414,1,35287.0,0,0,0,877,2,44,45,34,0,7.8,Corporate,0,1.0,0,6,10,63.8,25.9,0
2022-12-18,Marketing Intern,Full-Time,Hybrid,FinTech,Dubai,"Smith, Brown and Christian",Small,33.0,1,1,402,1,36411.0,0,0,0,2592,4,32,97,7,0,4.5,Free,1,1.0,1,0,38,51.3,52.8,1
2025-02-22,Cybersecurity Analyst,Contract,Onsite,AI,San Francisco,"Mendez, Simpson and Vaughan",Medium,16.0,0,1,181,1,42252.0,0,0,0,973,3,21,11,48,0,4.1,Corporate,0,16.5,1,15,16,57.7,29.8,0
2024-10-27,Frontend Developer,Internship,Remote,AI,Dubai,Ho Inc,Startup,8.0,1,0,109,1,57440.0,0,0,0,704,3,26,65,30,0,1.4,Corporate,0,20.8,0,14,7,73.4,36.5,0
2026-01-10,UI/UX Designer,Full-Time,Hybrid,Marketing,New York,Burke-Davis,Startup,13.0,1,1,130,1,46975.0,0,0,0,1765,3,43,24,36,0,10.5,Corporate,0,7.0,1,15,20,56.1,13.9,0
2021-06-06,Marketing Intern,Full-Time,Hybrid,Gaming,Toronto,Palmer and Sons,Startup,28.0,1,1,343,1,2000.0,0,0,0,1056,3,29,23,18,0,6.2,Free,1,11.3,0,27,8,63.1,5.1,0
2024-06-21,ML Engineer,Full-Time,Hybrid,Software,London,Martinez Ltd,Enterprise,17.0,1,1,180,1,25623.0,0,0,0,2025,1,10,28,36,0,1.5,Corporate,0,25.3,0,41,33,72.7,8.0,0
2025-06-07,Cloud Engineer,Part-Time,Hybrid,Gaming,San Francisco,Lee-Hunt,Enterprise,34.0,1,1,422,1,15023.0,0,0,0,1217,4,28,64,73,0,11.2,Corporate,0,21.2,1,32,0,65.1,20.8,0
2026-10-04,Cloud Engineer,Part-Time,Onsite,Marketing,London,"Saunders, Young and Kelly",Small,26.0,1,1,321,1,,0,0,0,2795,5,30,6,38,0,3.7,Free,1,18.4,1,0,1,58.3,28.9,0
2025-07-14,AI Research Intern,Internship,Remote,Healthcare,Singapore,Hayes-Williams,Medium,11.0,0,0,167,1,12056.0,0,0,0,1458,2,34,8,6,0,9.9,Free,1,21.1,1,9,9,63.3,52.4,1
2021-02-17,Cloud Engineer,Internship,Remote,Cybersecurity,Singapore,Combs-Gibson,Enterprise,33.0,1,1,434,1,50538.0,0,0,0,1182,2,53,19,28,0,0.7,Corporate,0,5.2,1,26,3,60.1,0.0,0
2022-10-28,Backend Developer,Internship,Hybrid,Gaming,New York,Peterson-Castaneda,Medium,29.0,1,1,374,0,45627.0,0,0,0,2472,2,29,24,31,0,2.7,Corporate,0,13.7,1,41,48,63.2,26.6,0
2024-01-13,Backend Developer,Part-Time,Hybrid,Healthcare,Berlin,Perez and Sons,Medium,4.0,0,0,43,0,28980.0,0,1,244,1171,4,41,83,27,0,5.8,Corporate,0,12.3,1,35,37,20.1,100.0,1
2023-08-30,Data Science Intern,Full-Time,Hybrid,Software,San Francisco,Jones-Hill,Startup,24.0,0,0,276,1,34137.0,0,0,0,1747,3,0,0,8,0,2.1,Corporate,0,18.0,1,25,30,69.3,20.4,0
2021-04-18,ML Engineer,Part-Time,Remote,Marketing,Singapore,Williams-Shields,Small,35.0,1,1,404,1,15989.0,0,1,2075,2040,1,11,42,32,0,5.3,Free,1,22.5,1,23,21,59.5,73.2,1
2026-02-15,Marketing Intern,Part-Time,Remote,E-Commerce,Berlin,"Diaz, Jackson and Williams",Startup,1.0,1,1,33,1,29837.0,0,0,0,1939,8,34,81,24,0,0.0,Corporate,0,9.1,0,11,33,44.3,63.0,1
2020-11-30,Cloud Engineer,Part-Time,Remote,Gaming,Bangalore,Waters Inc,Small,32.0,1,1,395,1,30766.0,0,0,0,2412,6,47,64,0,0,11.2,Free,1,13.5,1,23,0,43.8,52.5,1
2025-10-11,Cybersecurity Analyst,Part-Time,Onsite,E-Commerce,Bangalore,"Shaw, Knox and Martinez",Small,7.0,1,1,69,0,30328.0,0,0,0,2017,2,38,22,33,0,1.8,Corporate,0,21.2,0,15,0,42.1,4.3,0
2020-11-19,Cybersecurity Analyst,Internship,Onsite,Gaming,San Francisco,Ramos PLC,Medium,33.0,0,1,393,1,37084.0,0,0,0,1085,6,32,5,43,1,5.4,Free,1,20.4,1,0,4,50.3,68.0,1
2018-05-07,Data Science Intern,Part-Time,Remote,E-Commerce,Sydney,Adams-Watts,Enterprise,32.0,1,1,410,1,38336.0,0,0,0,1610,4,32,18,11,1,5.8,Corporate,0,31.9,1,46,32,35.7,47.8,0
2021-01-04,ML Engineer,Full-Time,Remote,AI,Berlin,Gallegos-Ramirez,Medium,22.0,1,1,264,1,56636.0,0,0,0,998,2,30,13,0,0,0.8,Corporate,0,16.3,1,13,1,78.0,0.0,0
2024-05-06,Frontend Developer,Part-Time,Remote,AI,San Francisco,"Wilson, Johnston and Hester",Small,13.0,1,1,160,0,47231.0,0,0,0,1536,4,54,75,0,0,9.8,Corporate,0,27.4,1,36,41,27.4,54.4,1
2024-09-06,Frontend Developer,Internship,Hybrid,Cybersecurity,Dubai,Brown-Barnes,Medium,17.0,0,1,197,0,68540.0,0,1,4507,2608,4,34,43,41,0,5.6,Corporate,0,12.1,1,1,23,13.9,74.0,1
2026-03-02,ML Engineer,Full-Time,Remote,Cybersecurity,Singapore,"Byrd, Henry and Bush",Medium,32.0,1,1,384,1,37635.0,0,0,0,1402,2,40,44,31,0,3.7,Corporate,0,3.7,1,37,28,53.0,41.4,0
2018-04-30,Data Science Intern,Part-Time,Remote,Software,Sydney,"Miller, Flynn and Jones",Startup,20.0,0,1,251,1,42863.0,0,0,0,1138,4,5,42,15,0,4.9,Corporate,0,20.0,1,35,38,49.5,37.9,0
2025-02-17,Frontend Developer,Internship,Remote,AI,Bangalore,"Shah, Haley and Eaton",Startup,31.0,0,0,385,0,55776.0,0,0,0,2067,4,29,74,28,0,0.9,Corporate,0,32.3,0,4,31,32.0,66.1,1
2021-08-19,Cybersecurity Analyst,Part-Time,Remote,FinTech,San Francisco,Underwood-Schneider,Startup,12.0,1,0,154,0,47072.0,0,0,0,1785,2,55,63,33,1,2.2,Free,1,1.0,1,10,15,44.5,81.3,1
2024-10-24,Cloud Engineer,Full-Time,Onsite,Cybersecurity,Toronto,Thompson-Bell,Startup,37.0,1,1,440,1,36165.0,0,0,0,1447,4,22,59,33,0,6.1,Corporate,0,1.0,1,0,22,56.6,21.6,0
2019-02-21,Backend Developer,Full-Time,Hybrid,AI,Bangalore,Rogers-Murray,Small,32.0,1,1,371,1,54144.0,0,0,0,2073,4,23,34,18,0,6.9,Corporate,0,22.7,0,46,44,36.5,29.2,0
2023-10-22,Cloud Engineer,Full-Time,Hybrid,Cybersecurity,Sydney,Smith and Sons,Small,26.0,0,0,323,1,43283.0,0,0,0,847,2,48,72,19,0,2.7,Free,1,1.0,1,33,2,40.3,71.1,1
2018-10-28,UI/UX Designer,Full-Time,Remote,E-Commerce,Toronto,Hunt Inc,Startup,26.0,1,1,293,1,55704.0,0,0,0,1979,5,16,62,0,0,10.4,Corporate,0,24.5,1,46,32,45.9,20.4,0
2018-09-25,Cloud Engineer,Contract,Onsite,FinTech,Bangalore,Thornton-Copeland,Enterprise,,0,1,369,1,32771.0,0,0,0,3206,3,35,62,0,0,6.5,Corporate,0,5.9,0,20,49,21.6,67.7,1
2020-01-20,Data Science Intern,Contract,Onsite,Healthcare,London,"Mason, Martin and Whitney",Startup,13.0,1,1,166,1,37244.0,0,1,246,1130,1,52,0,24,0,2.7,Corporate,0,1.0,1,48,40,58.1,42.9,0
2018-07-25,Cloud Engineer,Full-Time,Onsite,Cybersecurity,San Francisco,"Marquez, Price and Roberts",Small,3.0,1,1,24,1,72156.0,0,0,0,2368,4,17,30,0,0,8.2,Corporate,0,1.8,1,42,25,56.1,19.0,0
2019-03-12,Frontend Developer,Internship,Onsite,Marketing,Dubai,"Terry, Miles and Carroll",Enterprise,10.0,0,0,142,1,29654.0,0,0,0,2133,5,65,73,43,0,3.9,Corporate,0,7.5,0,34,19,39.6,66.9,1
2022-12-15,Frontend Developer,Internship,Remote,Software,Singapore,Sandoval-Garcia,Small,27.0,1,1,344,1,36005.0,0,0,0,3139,4,58,99,17,0,3.4,Free,1,28.1,1,76,27,40.5,68.3,1
2024-12-15,Marketing Intern,Part-Time,Remote,EdTech,Sydney,Douglas-Cook,Small,11.0,1,1,142,1,42641.0,0,0,0,1630,4,7,75,56,0,1.6,Corporate,0,14.3,1,65,12,84.0,27.2,0
2024-01-28,Backend Developer,Internship,Remote,Gaming,Singapore,King LLC,Medium,10.0,1,1,129,1,42275.0,0,1,3143,1546,4,30,6,21,0,2.4,Corporate,0,21.9,1,11,38,55.6,50.2,1
2022-03-06,Frontend Developer,Full-Time,Hybrid,Healthcare,London,Powell-Jensen,Startup,21.0,1,1,262,1,47216.0,0,0,0,2462,2,34,52,19,0,6.8,Corporate,0,29.5,1,26,35,58.5,10.5,0
2018-11-25,Cybersecurity Analyst,Full-Time,Remote,Healthcare,Bangalore,"Phillips, Murphy and Watts",Small,20.0,1,1,238,1,23820.0,0,0,0,972,3,57,36,0,1,3.5,Corporate,0,28.4,1,4,20,59.1,48.2,0
2023-10-21,Data Science Intern,Full-Time,Hybrid,E-Commerce,Sydney,Jordan Ltd,Startup,38.0,1,1,427,1,38327.0,0,0,0,2246,1,50,27,0,0,6.5,Corporate,0,1.0,1,13,0,81.3,0.0,0
2026-10-08,Cybersecurity Analyst,Full-Time,Onsite,Gaming,San Francisco,"Williams, Flynn and Gonzales",Enterprise,20.0,1,1,223,1,26071.0,0,0,0,1379,3,0,30,42,0,5.9,Corporate,0,18.1,1,35,41,68.2,18.4,0
2021-11-21,ML Engineer,Full-Time,Hybrid,AI,Sydney,Jackson-Walter,Startup,3.0,1,1,38,0,39477.0,0,0,0,2561,4,0,76,10,0,5.6,Corporate,0,12.5,0,63,26,62.3,29.8,0
2022-04-27,AI Research Intern,Contract,Remote,EdTech,Sydney,"Peters, Henry and Hernandez",Startup,20.0,0,1,224,1,22218.0,0,0,0,1988,2,1,45,34,0,2.2,Corporate,0,19.2,1,10,25,66.8,27.2,0
2025-01-26,ML Engineer,Contract,Remote,FinTech,Sydney,"Schaefer, Sims and Lane",Small,1.0,1,1,1,1,38318.0,0,0,0,3023,3,38,33,27,1,5.4,Corporate,0,15.2,1,6,7,71.5,41.9,0
2018-09-14,Backend Developer,Contract,Remote,Healthcare,Berlin,Williams-Nelson,Medium,39.0,1,1,459,0,31147.0,0,1,2648,1172,2,40,0,55,0,0.0,Corporate,0,19.0,1,0,8,53.9,47.0,0
2023-11-17,UI/UX Designer,Part-Time,Remote,E-Commerce,San Francisco,Marquez-Donovan,Medium,7.0,1,0,69,0,50397.0,0,0,0,1489,4,47,29,39,1,3.5,Corporate,0,13.9,0,13,15,,68.5,1
2024-12-24,Cloud Engineer,Internship,Remote,Marketing,Singapore,Moody Inc,Small,22.0,1,1,265,1,77910.0,0,0,0,1679,4,55,28,33,0,6.6,Corporate,0,22.8,1,45,27,,31.3,0
2023-01-21,AI Research Intern,Full-Time,Hybrid,Gaming,London,"Simpson, Marquez and Davis",Small,31.0,1,1,374,0,24351.0,0,0,0,2397,3,81,0,44,0,5.7,Free,1,37.1,0,1,13,32.8,52.6,1
2025-01-29,Backend Developer,Contract,Remote,Software,Berlin,Sheppard PLC,Medium,22.0,1,1,239,1,33908.0,0,0,0,2031,2,38,48,16,1,3.8,Corporate,0,8.2,1,26,19,56.5,32.0,0
2018-07-08,Marketing Intern,Contract,Remote,Marketing,Sydney,Smith-Adams,Medium,9.0,0,1,119,1,30807.0,0,0,0,1842,0,13,43,24,0,4.5,Corporate,0,1.0,1,45,57,58.7,52.5,1
2025-05-06,Cybersecurity Analyst,Internship,Remote,Software,New York,Riley Group,Startup,20.0,1,1,223,1,27010.0,0,1,2593,1883,3,65,42,22,0,9.5,Corporate,0,12.6,1,62,51,24.2,83.9,1
2019-08-18,ML Engineer,Full-Time,Hybrid,Software,San Francisco,"Mcdowell, Montes and Peterson",Medium,28.0,1,1,331,1,24315.0,0,0,0,1201,3,27,53,73,0,0.5,Corporate,0,21.8,0,24,34,47.1,39.2,0
2025-06-09,ML Engineer,Contract,Hybrid,Marketing,Toronto,Cooley LLC,Small,15.0,0,0,157,1,35273.0,0,0,0,1902,5,84,34,9,0,5.6,Corporate,0,3.0,0,0,34,22.8,67.4,1
2025-05-23,UI/UX Designer,Contract,Remote,FinTech,Toronto,Montes PLC,Startup,21.0,1,1,263,1,25801.0,0,0,0,2585,2,18,30,27,0,0.0,Corporate,0,29.4,0,17,23,65.1,7.3,0
2023-08-19,AI Research Intern,Internship,Hybrid,Marketing,Bangalore,Martinez-Lutz,Enterprise,17.0,1,1,209,0,43661.0,0,0,0,1410,2,53,41,40,0,2.9,Corporate,0,23.5,0,35,0,53.4,18.0,0
2021-04-07,UI/UX Designer,Part-Time,Hybrid,Healthcare,New York,"Mills, Meyer and Osborne",Medium,25.0,1,1,296,1,36534.0,0,0,0,2142,3,32,58,57,1,1.1,Corporate,0,15.9,1,38,21,59.7,49.7,0
2024-12-30,Frontend Developer,Internship,Remote,Healthcare,Bangalore,"Oliver, Taylor and Donaldson",Small,28.0,1,1,330,1,54083.0,0,1,1746,1902,4,59,38,42,0,1.7,Free,1,25.8,1,24,5,42.9,85.8,1
2021-09-17,Data Science Intern,Part-Time,Hybrid,AI,Toronto,Powell-Johnson,Startup,7.0,1,1,86,0,35114.0,0,0,0,1731,1,52,43,39,0,1.2,Corporate,0,7.0,0,41,50,28.0,46.5,0
2020-10-31,Cybersecurity Analyst,Full-Time,Hybrid,Gaming,San Francisco,"Jones, Morrison and Gordon",Small,11.0,1,1,147,0,25799.0,0,0,0,1626,3,25,3,1,0,7.4,Corporate,0,27.6,0,24,17,63.1,3.3,0
2018-05-30,ML Engineer,Internship,Hybrid,Marketing,San Francisco,Thompson-Clark,Medium,37.0,0,1,438,1,53845.0,0,1,2765,2170,0,1,0,34,0,7.9,Corporate,0,9.5,1,19,11,77.1,32.3,0
2020-02-08,AI Research Intern,Contract,Remote,Cybersecurity,Toronto,Martinez-Gamble,Medium,27.0,0,1,335,0,4134.0,0,0,0,974,0,34,55,53,0,12.4,Free,1,29.2,1,40,0,72.1,29.9,0
2020-06-27,Cybersecurity Analyst,Full-Time,Remote,FinTech,Dubai,Roberts and Sons,Enterprise,36.0,1,1,446,1,38674.0,0,0,0,1265,1,23,58,25,1,3.0,Corporate,0,14.8,1,0,25,70.3,40.6,0
2019-09-15,ML Engineer,Contract,Onsite,EdTech,Bangalore,"Ortiz, Hodges and Watson",Small,35.0,1,0,428,0,67957.0,0,0,0,1779,1,36,43,19,0,7.1,Corporate,0,14.7,1,31,30,54.7,39.8,0
2020-07-22,Marketing Intern,Contract,Remote,Marketing,Dubai,"Case, Dean and Miller",Small,37.0,1,1,439,1,24470.0,0,0,0,1218,4,41,5,39,0,4.1,Corporate,0,21.0,1,44,2,76.3,10.3,0
2023-02-09,Data Science Intern,Internship,Hybrid,EdTech,Singapore,Flores-Thomas,Startup,19.0,1,1,241,0,57550.0,0,0,0,2924,2,51,16,33,0,9.1,Corporate,0,14.4,0,21,32,38.4,14.0,0
2022-09-16,Backend Developer,Part-Time,Hybrid,E-Commerce,Singapore,Herrera and Sons,Medium,23.0,1,1,272,1,54902.0,0,0,0,968,3,38,64,62,0,7.4,Free,1,25.7,0,33,15,52.6,49.3,0
2022-12-15,Backend Developer,Full-Time,Onsite,Healthcare,Singapore,"Collins, Romero and Powell",Startup,33.0,1,1,393,1,37882.0,0,0,0,1917,5,10,54,17,0,3.1,Free,1,22.6,0,24,4,70.2,24.9,0
2023-08-05,AI Research Intern,Part-Time,Remote,Gaming,Toronto,Fritz Inc,Startup,14.0,0,1,187,1,40329.0,0,0,0,1348,2,25,0,17,0,0.9,Free,1,24.5,1,50,10,67.8,17.3,0
2024-01-02,Cybersecurity Analyst,Full-Time,Onsite,EdTech,San Francisco,Fleming PLC,Startup,34.0,1,1,433,0,24816.0,0,0,0,1595,2,18,29,16,0,4.0,Corporate,0,12.8,1,22,21,55.7,15.3,0
2025-07-03,Cloud Engineer,Part-Time,Remote,EdTech,San Francisco,"Frederick, Black and Willis",Enterprise,19.0,1,1,201,0,28442.0,0,0,0,1496,7,18,9,48,1,3.8,Corporate,0,15.0,1,38,43,47.4,52.3,1
2021-02-18,Backend Developer,Part-Time,Hybrid,Healthcare,San Francisco,Nichols-Mullen,Startup,6.0,1,1,78,1,47231.0,0,0,0,1400,2,34,40,32,0,8.2,Corporate,0,1.0,1,0,38,65.8,22.1,0
2018-07-31,Frontend Developer,Contract,Remote,Healthcare,Singapore,"Brown, Guerrero and Anderson",Startup,11.0,1,1,127,1,21985.0,0,0,0,895,4,20,24,0,1,1.4,Corporate,0,5.1,1,59,9,85.9,15.0,0
2025-05-22,Marketing Intern,Part-Time,Remote,Software,Sydney,Strickland LLC,Startup,34.0,0,1,404,1,30561.0,0,0,0,1234,3,15,55,10,0,11.5,Corporate,0,1.0,0,20,2,71.6,16.1,0
2021-01-11,Cloud Engineer,Full-Time,Remote,EdTech,San Francisco,Wilkerson LLC,Startup,34.0,1,1,426,1,,0,0,0,1592,4,45,20,16,0,5.5,Corporate,0,31.3,0,47,14,49.8,21.5,0
2020-04-29,Data Science Intern,Contract,Remote,E-Commerce,Sydney,Schwartz-Scott,Startup,37.0,0,1,454,1,26595.0,0,0,0,1955,2,34,69,6,1,4.2,Corporate,0,9.6,1,66,40,50.7,64.3,1
2023-04-29,ML Engineer,Part-Time,Hybrid,E-Commerce,Singapore,"Hill, Mcgee and Mayo",Startup,19.0,1,1,235,1,57732.0,0,0,0,933,5,30,61,29,0,8.3,Corporate,0,7.2,1,46,4,74.6,25.7,0
2021-03-20,UI/UX Designer,Contract,Onsite,Software,Singapore,Guerrero-Kidd,Startup,26.0,1,1,329,1,5693.0,0,0,0,1285,5,11,78,11,0,8.6,Corporate,0,34.2,1,46,9,75.2,7.1,0
2018-11-23,Cybersecurity Analyst,Part-Time,Remote,FinTech,New York,Olsen-Kelly,Startup,2.0,1,1,38,1,21710.0,0,0,0,1682,4,56,24,40,0,5.9,Free,1,24.1,0,45,44,43.3,63.6,1
2026-05-13,Data Science Intern,Contract,Remote,FinTech,Dubai,"Norton, Tapia and Cunningham",Small,19.0,0,1,218,0,55014.0,0,0,0,2056,3,54,58,31,0,3.7,Corporate,0,22.9,0,9,0,48.7,32.4,0
2022-01-13,Backend Developer,Contract,Onsite,E-Commerce,Bangalore,Bradley-Collier,Medium,33.0,1,1,349,1,23474.0,0,0,0,2729,2,10,25,0,0,8.8,Corporate,0,12.3,1,23,26,63.6,0.0,0
2021-03-18,Frontend Developer,Internship,Remote,E-Commerce,San Francisco,"Gutierrez, Reynolds and Williams",Medium,30.0,1,0,346,1,4586.0,0,0,0,2220,2,55,51,18,1,4.8,Corporate,0,15.7,1,0,1,81.5,42.4,0
2021-04-03,ML Engineer,Part-Time,Onsite,AI,New York,Bridges Ltd,Medium,,1,1,348,1,37420.0,0,0,0,1790,6,39,29,8,0,1.8,Corporate,0,16.7,1,14,2,71.6,27.4,0
2020-05-19,Cloud Engineer,Internship,Hybrid,EdTech,New York,"Scott, Smith and Olson",Startup,34.0,1,1,389,1,52035.0,0,0,0,1863,5,59,31,40,0,12.4,Free,1,7.1,0,25,26,39.9,49.1,0
2021-05-05,Cloud Engineer,Contract,Remote,Healthcare,Dubai,Sullivan and Sons,Small,25.0,1,1,304,1,31855.0,0,1,4199,2174,3,8,44,0,0,10.4,Corporate,0,12.4,1,30,11,94.0,25.7,0
2022-01-24,Backend Developer,Internship,Remote,Cybersecurity,Bangalore,White-Allen,Startup,16.0,1,1,167,1,32270.0,0,0,0,1191,1,25,39,0,0,3.0,Corporate,0,5.8,1,49,0,74.9,19.6,0
2020-07-05,Marketing Intern,Contract,Hybrid,Cybersecurity,Toronto,"Pham, Lang and Rodriguez",Enterprise,39.0,1,1,472,1,25020.0,0,0,0,2075,1,38,0,44,0,5.3,Corporate,0,24.6,1,0,43,53.1,14.5,0
2021-07-28,Cybersecurity Analyst,Contract,Hybrid,EdTech,Singapore,Stone Group,Small,27.0,0,1,304,0,41531.0,0,0,0,2665,9,6,77,5,0,4.0,Corporate,0,9.8,1,40,35,28.3,55.4,1
2019-05-07,Cybersecurity Analyst,Full-Time,Remote,EdTech,Toronto,Richmond and Sons,Startup,29.0,1,1,360,1,28206.0,0,0,0,2326,5,31,60,27,0,0.0,Corporate,0,4.4,1,22,17,63.2,28.5,0
2022-11-14,Frontend Developer,Full-Time,Hybrid,Gaming,Dubai,Franklin Inc,Enterprise,13.0,1,1,185,1,38162.0,0,1,800,939,4,45,0,31,0,3.6,Corporate,0,1.6,1,0,2,64.6,35.8,0
2019-02-20,Backend Developer,Part-Time,Hybrid,Healthcare,Singapore,Brown Group,Startup,1.0,1,1,6,1,42076.0,0,0,0,1432,2,46,61,13,0,6.9,Corporate,0,34.7,1,0,3,70.4,23.7,0
2018-03-21,Frontend Developer,Internship,Onsite,E-Commerce,Singapore,Choi Ltd,Small,21.0,1,0,280,1,42845.0,0,0,0,2560,2,10,36,19,0,4.2,Corporate,0,21.6,1,21,15,76.8,13.9,0
2024-11-29,UI/UX Designer,Contract,Remote,Gaming,London,"Townsend, Burton and Chang",Small,33.0,1,1,404,1,46446.0,0,0,0,1519,3,11,28,68,0,3.1,Corporate,0,20.3,1,12,0,92.2,2.5,0
2025-05-14,UI/UX Designer,Full-Time,Remote,Cybersecurity,New York,"Weber, Rodriguez and Savage",Medium,25.0,1,1,323,0,41198.0,0,0,0,1896,6,37,12,14,0,6.1,Corporate,0,12.9,1,31,18,40.2,24.9,0
2025-11-27,ML Engineer,Part-Time,Hybrid,Software,Bangalore,Chambers Group,Small,37.0,1,1,443,0,60589.0,0,0,0,1303,1,0,11,15,0,3.4,Corporate,0,20.0,1,20,23,73.6,0.0,0
2018-11-29,UI/UX Designer,Internship,Remote,Marketing,Sydney,Gonzalez-Perez,Medium,17.0,1,1,194,1,15599.0,0,0,0,1907,2,15,30,20,0,3.3,Corporate,0,24.6,1,30,34,53.0,5.2,0
2024-06-02,UI/UX Designer,Part-Time,Remote,Cybersecurity,Berlin,"Murray, Brown and Greer",Startup,18.0,1,1,230,0,42259.0,0,0,0,2259,1,31,18,5,0,5.6,Free,1,18.1,1,0,0,64.7,16.2,0
2025-07-05,Backend Developer,Full-Time,Hybrid,AI,San Francisco,"Caldwell, Phelps and Johnson",Startup,9.0,1,1,109,1,43559.0,0,0,0,1525,1,0,100,18,0,4.9,Free,1,25.5,0,18,13,79.4,27.0,0
2023-10-30,Data Science Intern,Internship,Remote,Software,New York,Figueroa and Sons,Enterprise,9.0,1,1,122,1,33590.0,0,0,0,2150,1,34,23,0,0,10.7,Corporate,0,29.7,1,34,35,67.5,5.2,0
2024-04-21,Backend Developer,Full-Time,Onsite,Healthcare,Singapore,Copeland Group,Small,32.0,1,1,367,1,26832.0,0,0,0,2581,2,41,14,0,0,7.4,Corporate,0,19.0,1,15,19,69.1,0.7,0
2023-02-14,Cloud Engineer,Full-Time,Remote,Healthcare,London,"Lawson, Evans and Hobbs",Medium,28.0,1,1,338,1,39146.0,0,0,0,921,4,0,33,21,0,8.5,Corporate,0,18.6,1,5,39,65.5,18.3,0
2023-02-03,Backend Developer,Part-Time,Remote,E-Commerce,London,"Reynolds, Kelley and Bradley",Medium,15.0,1,1,182,1,44550.0,0,0,0,2147,4,37,15,15,0,7.0,Corporate,0,1.0,1,0,0,67.8,18.7,0
2025-12-07,ML Engineer,Contract,Remote,Gaming,Toronto,Mayo-Morrison,Startup,6.0,1,1,88,1,15491.0,0,0,0,1298,1,27,20,56,0,9.2,Corporate,0,13.3,1,44,4,79.5,2.9,0
2022-11-12,UI/UX Designer,Part-Time,Remote,Healthcare,London,James PLC,Startup,14.0,0,1,171,0,10102.0,0,0,0,1898,1,26,53,9,0,7.1,Corporate,0,19.7,0,0,27,46.2,36.6,0
2021-02-10,Cloud Engineer,Full-Time,Remote,Marketing,Dubai,Anderson-Hodges,Small,26.0,1,1,326,0,22064.0,0,0,0,1510,3,21,21,0,0,12.2,Corporate,0,6.9,1,1,17,64.0,1.9,0
2023-08-24,Marketing Intern,Contract,Onsite,E-Commerce,Bangalore,Terry Group,Startup,16.0,1,1,204,1,,0,0,0,2759,3,25,24,34,0,4.9,Free,1,21.0,1,11,16,77.9,26.4,0
2020-10-19,ML Engineer,Full-Time,Remote,EdTech,Toronto,"Brown, Garcia and Young",Medium,37.0,0,1,447,1,40952.0,0,0,0,1975,3,19,52,32,0,10.5,Corporate,0,18.2,1,0,18,67.6,22.4,0
2024-12-10,Frontend Developer,Internship,Hybrid,Software,New York,Reed-Martinez,Medium,8.0,1,1,84,1,55567.0,0,1,4312,1687,3,55,3,5,0,5.1,Free,1,11.9,0,20,28,40.8,67.6,1
2021-09-30,Frontend Developer,Full-Time,Remote,AI,Singapore,Gordon-Thompson,Medium,36.0,1,0,439,1,37989.0,0,0,0,2203,1,69,66,12,0,5.4,Free,1,31.3,1,8,5,58.2,51.4,1
2021-01-04,Cybersecurity Analyst,Contract,Remote,Gaming,Sydney,"Estrada, Powell and Kramer",Small,18.0,1,1,195,0,9827.0,0,0,0,2626,0,30,57,44,1,5.7,Corporate,0,34.3,1,27,20,54.8,50.5,1
2021-03-15,UI/UX Designer,Contract,Hybrid,FinTech,Toronto,"Vargas, Walsh and Sullivan",Small,29.0,1,1,353,1,41876.0,0,0,0,3551,3,16,93,43,1,5.4,Free,1,1.6,1,29,9,65.1,41.0,0
2019-01-26,ML Engineer,Contract,Remote,Software,Bangalore,Ruiz-Terry,Small,2.0,1,1,29,1,22554.0,0,1,2919,2068,1,35,61,10,0,6.5,Corporate,0,31.1,1,20,1,71.4,61.3,1
2026-05-20,Marketing Intern,Full-Time,Onsite,Marketing,Berlin,Peters-Torres,Startup,22.0,1,0,257,1,51647.0,0,0,0,939,5,22,55,33,0,0.0,Free,1,28.8,1,13,14,75.6,50.9,1
2022-01-30,Cloud Engineer,Part-Time,Hybrid,E-Commerce,Toronto,"Yu, Brady and Ingram",Small,4.0,1,0,52,1,24683.0,0,0,0,2252,2,41,9,21,0,4.8,Corporate,0,6.9,0,35,23,72.1,28.7,0
2019-09-22,ML Engineer,Contract,Hybrid,Marketing,Sydney,Stout-Malone,Small,28.0,1,1,320,0,46761.0,0,0,0,2083,4,11,53,30,0,5.7,Corporate,0,11.1,1,41,0,66.1,2.7,0
2021-06-19,Cybersecurity Analyst,Internship,Remote,Healthcare,London,Ramirez and Sons,Startup,12.0,1,1,121,1,47555.0,0,0,0,2599,4,33,6,54,0,4.4,Free,1,21.5,1,0,18,55.2,31.8,0
2024-09-20,Marketing Intern,Part-Time,Remote,Gaming,San Francisco,Myers-Maxwell,Medium,8.0,1,1,87,1,25144.0,0,0,0,1361,5,0,26,24,0,0.0,Free,1,22.3,0,43,0,87.3,14.2,0
2024-08-20,Marketing Intern,Part-Time,Remote,Cybersecurity,London,Rogers-Reese,Medium,10.0,1,1,134,0,43939.0,0,0,0,1523,4,70,37,14,0,6.8,Corporate,0,26.3,0,18,18,32.1,32.4,0
2021-09-23,UI/UX Designer,Part-Time,Remote,Marketing,Toronto,West-Black,Startup,34.0,1,0,411,0,32692.0,0,0,0,734,3,48,88,35,0,4.5,Corporate,0,1.0,1,23,42,21.3,79.9,1
2022-02-09,AI Research Intern,Internship,Hybrid,AI,Singapore,Carter-Wilson,Startup,22.0,1,1,274,1,24674.0,0,0,0,2177,3,24,8,43,0,5.5,Corporate,0,17.4,0,49,52,46.2,33.3,0
2023-01-14,ML Engineer,Contract,Remote,FinTech,Toronto,"Cunningham, Dougherty and Hall",Enterprise,26.0,1,1,310,1,43859.0,0,0,0,2339,3,25,22,47,0,1.2,Corporate,0,3.4,1,54,9,57.9,10.4,0
2018-11-26,Frontend Developer,Part-Time,Onsite,Software,Berlin,Johnston-Solis,Medium,4.0,1,1,41,0,44723.0,0,0,0,3043,2,15,4,44,0,4.1,Corporate,0,20.2,1,25,66,40.6,31.3,0
2020-12-28,Cybersecurity Analyst,Part-Time,Remote,Software,Bangalore,"Fox, Ortiz and Brock",Medium,10.0,1,0,111,1,35932.0,0,0,0,2760,3,9,72,34,0,3.4,Corporate,0,16.5,1,6,21,66.6,23.6,0
2023-09-21,Marketing Intern,Contract,Onsite,Cybersecurity,Berlin,"Wise, Johnson and Walker",Startup,14.0,1,1,177,0,34449.0,0,0,0,843,2,36,0,35,0,2.4,Corporate,0,27.4,1,36,38,42.9,28.4,0
2026-01-07,AI Research Intern,Internship,Hybrid,Cybersecurity,Toronto,Herrera and Sons,Medium,23.0,1,1,287,0,34889.0,0,0,0,1206,3,18,37,13,0,7.1,Corporate,0,15.1,1,29,0,85.2,0.0,0
2026-05-16,AI Research Intern,Internship,Remote,Healthcare,Toronto,Melton Ltd,Startup,37.0,1,1,423,1,11144.0,0,0,0,2863,4,9,14,2,0,3.9,Free,1,26.1,1,51,16,75.8,10.6,0
2023-11-12,Backend Developer,Contract,Remote,Software,Bangalore,Miller-Valentine,Enterprise,18.0,1,0,204,1,25990.0,0,0,0,2167,3,24,71,24,0,8.8,Corporate,0,9.6,1,29,28,66.7,37.3,0
2022-07-23,Frontend Developer,Internship,Hybrid,E-Commerce,New York,Davis Inc,Startup,18.0,0,1,240,1,,0,0,0,1431,3,35,35,39,0,1.1,Corporate,0,14.9,0,44,28,38.0,37.6,0
2026-04-18,Data Science Intern,Full-Time,Remote,AI,Berlin,"Newman, Cummings and Peterson",Small,15.0,1,1,165,1,15498.0,0,0,0,1404,1,21,59,4,0,6.6,Corporate,0,8.0,1,6,32,63.1,26.3,0
2020-01-06,AI Research Intern,Part-Time,Onsite,FinTech,Singapore,Parker and Sons,Enterprise,8.0,1,1,133,1,38456.0,0,0,0,2000,4,24,82,20,0,7.6,Corporate,0,19.3,1,50,6,80.8,21.9,0
2020-06-26,UI/UX Designer,Contract,Remote,Gaming,London,Hall-Day,Small,39.0,1,1,473,1,28629.0,0,0,0,1706,2,48,41,52,0,2.0,Corporate,0,18.1,0,8,14,45.5,43.4,0
2025-11-18,Backend Developer,Internship,Hybrid,Gaming,Berlin,Mcknight-Mooney,Small,7.0,1,1,113,1,38931.0,0,0,0,2133,4,24,79,18,0,4.0,Corporate,0,1.0,0,28,25,57.9,7.1,0
2021-09-24,Cloud Engineer,Part-Time,Remote,Gaming,Berlin,"Deleon, Robles and Brown",Startup,8.0,1,1,107,0,38607.0,0,0,0,1252,4,47,39,15,0,5.7,Corporate,0,22.8,0,3,58,27.4,48.7,0
2021-07-18,ML Engineer,Contract,Remote,Marketing,Bangalore,"Liu, Pennington and Shannon",Enterprise,12.0,1,1,141,1,8920.0,0,0,0,1680,0,52,20,32,0,3.3,Corporate,0,17.6,1,44,33,69.2,31.7,0
2021-05-26,Data Science Intern,Internship,Remote,Healthcare,Bangalore,Doyle-Harrison,Small,4.0,1,0,34,1,21407.0,0,0,0,1767,2,26,49,36,0,6.0,Corporate,0,7.1,1,0,1,82.5,21.7,0
2021-03-25,Backend Developer,Contract,Remote,AI,New York,Martinez-Reeves,Startup,13.0,1,1,136,1,39094.0,0,0,0,1855,4,10,24,14,0,10.6,Corporate,0,26.1,1,26,1,86.3,0.0,0
2019-09-22,Frontend Developer,Part-Time,Onsite,Software,New York,Jones Group,Startup,13.0,1,1,176,1,33340.0,0,0,0,446,3,12,85,20,0,5.2,Corporate,0,14.7,1,17,44,69.7,25.0,0
2024-03-24,UI/UX Designer,Internship,Remote,Gaming,London,Thomas-Evans,Small,18.0,0,1,226,0,5917.0,0,0,0,1943,7,21,54,12,0,9.5,Free,1,13.4,1,19,34,30.4,70.4,1
2025-01-30,AI Research Intern,Full-Time,Remote,FinTech,New York,Williams and Sons,Small,25.0,1,1,305,1,41580.0,0,0,0,1812,2,10,47,51,0,4.7,Corporate,0,18.0,1,20,29,82.4,20.0,0
2020-10-18,Frontend Developer,Full-Time,Remote,Cybersecurity,Berlin,"Brown, Roberts and Simpson",Startup,12.0,0,1,144,1,51404.0,0,0,0,2375,2,45,42,28,0,6.2,Corporate,0,15.8,1,0,52,41.6,61.6,1
2018-04-07,Data Science Intern,Full-Time,Onsite,EdTech,Bangalore,"Johnson, Wells and Jackson",Medium,30.0,1,1,342,1,40355.0,0,0,0,2134,3,22,24,26,0,0.8,Free,1,37.1,1,39,23,59.5,8.3,0
2021-12-22,Frontend Developer,Part-Time,Remote,E-Commerce,New York,Ward Group,Enterprise,7.0,1,1,69,1,31436.0,0,0,0,1685,3,26,77,31,1,1.0,Corporate,0,18.1,1,17,2,93.3,46.8,0
2023-01-01,Data Science Intern,Internship,Remote,E-Commerce,San Francisco,"Whitney, Mclaughlin and Acevedo",Small,33.0,1,1,397,1,38066.0,0,0,0,2189,4,48,47,7,0,4.2,Corporate,0,20.7,1,26,21,39.5,24.1,0
2023-12-10,Frontend Developer,Contract,Onsite,Cybersecurity,San Francisco,Wright LLC,Enterprise,15.0,1,1,163,1,36647.0,0,0,0,1799,4,8,22,50,0,6.4,Free,1,23.1,1,0,0,65.7,12.4,0
2022-02-23,Cybersecurity Analyst,Internship,Hybrid,Cybersecurity,Dubai,Howard-Johns,Medium,12.0,1,1,135,1,12033.0,0,0,0,2588,5,49,66,0,0,1.9,Corporate,0,25.9,1,50,8,54.8,27.8,0
2022-11-23,Backend Developer,Full-Time,Hybrid,Healthcare,Berlin,Berg PLC,Medium,18.0,1,0,211,0,15392.0,0,0,0,1447,3,0,70,46,0,1.0,Corporate,0,23.2,0,4,10,64.9,29.3,0
2020-12-13,AI Research Intern,Part-Time,Remote,Marketing,New York,Barron PLC,Enterprise,25.0,1,1,290,0,33616.0,0,0,0,2576,2,15,35,15,0,9.4,Corporate,0,10.8,1,34,22,64.1,16.3,0
2025-06-15,UI/UX Designer,Internship,Onsite,EdTech,London,Greer-White,Small,4.0,1,1,45,1,66322.0,0,0,0,1991,3,33,22,18,0,0.4,Free,1,10.5,1,53,0,60.7,46.8,0
2024-01-05,Marketing Intern,Internship,Onsite,Marketing,London,"Alvarado, Owens and Anthony",Small,13.0,0,1,185,1,29125.0,0,0,0,467,3,28,53,7,0,7.8,Corporate,0,14.1,1,5,0,56.9,21.4,0
2021-10-18,Backend Developer,Contract,Hybrid,AI,London,Campbell-Ramsey,Small,16.0,1,0,211,1,31306.0,0,0,0,1489,3,22,62,25,0,6.3,Corporate,0,22.2,1,12,37,,31.3,0
2025-03-24,Backend Developer,Part-Time,Hybrid,AI,London,"Nelson, Rivas and Lyons",Startup,5.0,0,1,66,1,52138.0,0,1,3003,2268,2,17,33,55,0,5.9,Corporate,0,28.4,1,51,54,39.9,76.8,1
2025-01-02,Frontend Developer,Internship,Onsite,Software,Singapore,"Cook, Roberts and Nguyen",Small,14.0,1,1,182,1,12487.0,0,0,0,2002,2,13,58,23,0,6.6,Free,1,14.1,1,54,30,55.1,37.2,0
2018-05-03,UI/UX Designer,Full-Time,Hybrid,Cybersecurity,Bangalore,Thompson Inc,Startup,26.0,1,1,310,1,,0,0,0,2363,4,53,33,13,0,0.0,Free,1,13.9,1,0,37,37.9,46.9,0
2018-03-07,Backend Developer,Full-Time,Remote,FinTech,Singapore,Henderson Inc,Small,5.0,1,1,89,1,33227.0,0,0,0,1109,2,59,11,32,0,4.3,Corporate,0,22.2,1,42,34,62.8,27.7,0
2021-10-05,Backend Developer,Internship,Onsite,AI,London,Medina and Sons,Startup,32.0,0,1,371,0,40517.0,0,0,0,2485,2,50,50,36,0,1.5,Free,1,23.3,0,24,18,37.6,78.2,1
2020-04-16,Cybersecurity Analyst,Internship,Hybrid,Marketing,Bangalore,Bentley PLC,Small,16.0,1,0,219,0,50410.0,0,0,0,1472,1,33,52,21,0,11.7,Corporate,0,2.5,1,2,42,30.9,47.7,0
2020-11-03,AI Research Intern,Full-Time,Remote,Marketing,Sydney,"Barker, Gamble and Roberts",Enterprise,14.0,0,1,163,1,52853.0,0,0,0,1584,5,6,62,0,1,0.0,Corporate,0,10.5,1,0,39,45.3,77.0,1
2024-01-03,Marketing Intern,Part-Time,Hybrid,Gaming,Bangalore,Cooper PLC,Medium,5.0,1,1,55,1,22224.0,0,0,0,2310,2,56,16,51,0,6.6,Corporate,0,29.0,1,53,13,66.4,16.7,0
2023-08-05,Cybersecurity Analyst,Full-Time,Remote,AI,Singapore,"Potts, Edwards and Castro",Small,36.0,1,1,427,0,14839.0,0,0,0,1521,6,13,44,21,0,7.7,Free,1,32.0,1,45,12,79.8,28.5,0
2021-05-17,Frontend Developer,Part-Time,Hybrid,AI,Sydney,Pineda-Sweeney,Medium,32.0,1,0,385,0,33217.0,0,0,0,1417,3,32,47,66,0,8.4,Corporate,0,35.3,0,13,30,54.9,48.7,0
2023-03-15,Data Science Intern,Internship,Remote,Marketing,San Francisco,"Andrews, Washington and Garcia",Small,11.0,1,1,111,1,2000.0,0,0,0,2408,5,30,50,43,0,5.0,Corporate,0,15.0,1,29,27,54.0,29.1,0
2021-11-20,UI/UX Designer,Internship,Onsite,E-Commerce,Berlin,Lewis LLC,Enterprise,26.0,1,1,341,1,32467.0,0,0,0,2129,3,41,64,60,0,7.9,Corporate,0,17.4,1,29,22,40.1,29.1,0
2024-01-11,UI/UX Designer,Full-Time,Hybrid,Healthcare,Singapore,Olsen PLC,Startup,14.0,0,0,170,1,36559.0,0,0,0,1158,2,45,57,22,0,4.3,Corporate,0,15.6,1,13,43,39.2,59.8,1
2019-01-12,Cybersecurity Analyst,Internship,Hybrid,Software,Sydney,Cooper LLC,Startup,23.0,1,1,289,0,12596.0,0,0,0,1644,4,33,11,17,0,3.3,Corporate,0,26.8,0,2,19,,19.9,0
2023-09-12,Marketing Intern,Full-Time,Hybrid,AI,Berlin,Butler-Nielsen,Small,38.0,1,1,453,1,36069.0,0,0,0,2323,4,28,24,34,0,5.4,Free,1,22.9,1,0,35,49.7,31.2,0
2024-12-12,AI Research Intern,Contract,Onsite,FinTech,Singapore,"Smith, Fleming and Maldonado",Startup,12.0,1,1,128,1,34724.0,0,1,1543,1810,4,52,45,23,0,5.9,Corporate,0,26.9,1,10,2,73.3,47.1,0
2025-01-24,AI Research Intern,Contract,Hybrid,Marketing,Bangalore,"Smith, Wolfe and Martinez",Enterprise,33.0,1,1,408,1,47696.0,0,0,0,2194,1,35,39,10,0,3.9,Free,1,9.6,1,15,23,68.3,18.2,0
2024-11-01,Cybersecurity Analyst,Contract,Remote,Gaming,Toronto,Shelton-Mcneil,Startup,33.0,1,1,414,1,22307.0,0,0,0,1732,14,11,46,35,0,6.4,Free,1,20.9,1,3,19,49.0,63.3,1
2023-04-18,Cloud Engineer,Part-Time,Hybrid,EdTech,Bangalore,Weaver Group,Startup,31.0,0,1,364,1,33907.0,0,0,0,1917,1,1,61,4,0,11.1,Free,1,9.3,1,56,39,60.9,36.6,0
2022-10-08,Marketing Intern,Full-Time,Remote,AI,London,"Tate, Robinson and Huang",Medium,36.0,1,1,425,1,21439.0,0,0,0,1719,0,38,77,4,0,0.0,Corporate,0,21.1,1,26,20,54.0,24.4,0
2021-08-21,Frontend Developer,Contract,Onsite,Cybersecurity,New York,Luna-Russell,Medium,39.0,1,1,480,0,47702.0,0,0,0,2246,1,0,40,10,0,3.4,Corporate,0,17.5,1,34,54,32.6,17.0,0
2024-08-23,Marketing Intern,Internship,Hybrid,Marketing,Singapore,"Patrick, Webster and Jones",Small,28.0,1,1,354,0,32167.0,0,0,0,2865,6,21,37,42,0,7.0,Corporate,0,3.5,1,15,20,52.5,28.0,0
2019-03-13,ML Engineer,Full-Time,Remote,Software,Berlin,Mueller-Johnson,Medium,21.0,1,1,245,1,36986.0,0,0,0,1634,2,27,0,48,0,1.6,Corporate,0,32.5,0,10,5,65.9,18.1,0
2022-02-22,ML Engineer,Contract,Onsite,Software,Bangalore,"Miranda, Williams and Ingram",Medium,5.0,1,1,68,1,65662.0,0,0,0,1555,4,2,63,30,0,9.7,Free,1,25.0,0,22,12,71.8,23.9,0
2023-09-13,Cloud Engineer,Internship,Hybrid,Marketing,San Francisco,Jackson Ltd,Startup,10.0,0,1,145,0,28277.0,0,1,1388,2185,2,24,57,25,0,5.1,Free,1,17.3,1,45,19,50.9,71.2,1
2025-12-13,UI/UX Designer,Part-Time,Remote,EdTech,San Francisco,Flores Ltd,Medium,11.0,1,1,127,1,20837.0,0,0,0,907,5,34,31,0,0,4.5,Corporate,0,8.4,0,22,15,46.2,6.0,0
2021-10-16,ML Engineer,Internship,Onsite,Software,Toronto,Green-Sanders,Enterprise,22.0,1,1,268,1,13365.0,0,0,0,2265,3,6,44,32,0,7.6,Free,1,19.3,0,30,30,73.0,34.9,0
2024-06-15,Data Science Intern,Part-Time,Remote,Cybersecurity,Singapore,Baldwin PLC,Startup,22.0,1,1,243,0,21067.0,0,0,0,1925,1,7,36,40,0,3.2,Corporate,0,14.1,1,18,0,65.4,13.4,0
2022-06-27,Cybersecurity Analyst,Contract,Remote,FinTech,Berlin,Watson LLC,Startup,32.0,1,1,415,1,60848.0,0,0,0,1965,3,5,46,16,0,8.4,Corporate,0,34.1,0,17,0,95.5,0.0,0
2019-11-03,Backend Developer,Part-Time,Onsite,Marketing,Berlin,"Johnson, Griffin and Bolton",Startup,2.0,1,1,37,1,5998.0,0,0,0,648,3,17,54,48,0,9.0,Free,1,6.1,1,2,25,59.1,45.9,0
2019-07-18,Cybersecurity Analyst,Contract,Remote,E-Commerce,Dubai,Sloan-Lewis,Startup,34.0,1,1,423,1,42394.0,0,0,0,1946,2,41,39,55,0,8.2,Corporate,0,6.3,1,0,0,69.2,13.6,0
2019-02-05,Marketing Intern,Full-Time,Remote,E-Commerce,London,Hess PLC,Enterprise,21.0,1,1,254,1,35568.0,0,0,0,886,2,38,37,8,0,5.6,Free,1,11.3,1,49,16,90.2,30.0,0
2026-05-23,ML Engineer,Contract,Remote,AI,Bangalore,James-Clay,Enterprise,26.0,1,1,313,1,41270.0,0,0,0,1135,3,0,58,36,0,8.5,Corporate,0,11.5,0,47,41,76.0,5.5,0
2020-07-20,Data Science Intern,Part-Time,Onsite,Healthcare,Dubai,"Hunt, Davis and Cummings",Startup,32.0,1,1,389,0,30252.0,0,0,0,1155,5,27,59,6,0,5.9,Corporate,0,18.7,1,28,17,49.0,7.4,0
2023-09-22,Frontend Developer,Contract,Onsite,Gaming,Dubai,Lee LLC,Startup,21.0,1,1,242,1,31139.0,0,0,0,2079,4,48,74,0,0,3.3,Corporate,0,34.0,1,1,42,28.3,44.6,0
2019-10-29,Marketing Intern,Full-Time,Hybrid,FinTech,Sydney,Harrison-Rivera,Startup,11.0,1,1,119,1,33183.0,0,0,0,1748,3,12,29,14,0,0.0,Corporate,0,16.3,1,7,25,45.3,18.2,0
2019-11-20,ML Engineer,Full-Time,Onsite,FinTech,San Francisco,Elliott-Zhang,Startup,36.0,1,1,401,1,8485.0,0,0,0,2058,4,26,15,44,0,10.4,Corporate,0,16.7,1,22,42,32.1,45.3,0
2018-03-01,Data Science Intern,Internship,Remote,AI,Dubai,Hart-Hubbard,Startup,4.0,1,1,66,1,63061.0,0,0,0,1539,3,48,15,1,0,2.4,Corporate,0,18.8,1,23,17,,9.0,0
2018-03-01,Frontend Developer,Full-Time,Onsite,Marketing,Berlin,"Serrano, Jimenez and Haas",Enterprise,2.0,1,0,17,1,45181.0,0,0,0,2628,5,25,56,0,1,8.1,Corporate,0,16.4,1,27,51,34.9,76.6,1
2023-09-03,ML Engineer,Part-Time,Onsite,Software,Singapore,"Rogers, Alvarez and King",Enterprise,16.0,0,1,215,1,19150.0,0,0,0,2476,3,43,72,29,0,10.3,Corporate,0,29.5,1,7,20,59.9,42.4,0
2019-10-24,Data Science Intern,Full-Time,Remote,Software,London,Davis and Sons,Small,15.0,1,1,163,0,51592.0,0,0,0,2095,4,41,36,14,0,4.3,Corporate,0,10.4,0,23,10,39.7,22.2,0
2022-02-09,Backend Developer,Internship,Hybrid,FinTech,Sydney,Armstrong Group,Small,18.0,1,1,194,1,12093.0,0,0,0,1953,4,34,37,49,0,4.9,Corporate,0,15.4,1,13,10,80.6,7.9,0
2023-11-07,ML Engineer,Contract,Onsite,AI,London,"Ross, Snow and Wiggins",Medium,37.0,1,1,464,1,30952.0,0,0,0,1264,5,41,38,7,0,6.6,Corporate,0,27.7,1,28,50,26.6,47.4,0
2020-05-10,AI Research Intern,Internship,Remote,Marketing,Berlin,Clark Ltd,Small,15.0,1,1,181,1,37599.0,0,1,2151,1589,6,0,60,23,0,2.8,Corporate,0,22.1,1,2,16,62.9,25.7,0
2018-12-22,Frontend Developer,Part-Time,Hybrid,Marketing,Sydney,"Martinez, Anderson and Proctor",Startup,35.0,1,1,434,1,23612.0,0,0,0,1018,4,50,90,13,0,0.0,Free,1,29.2,1,0,0,49.4,40.7,0
2020-04-27,Cybersecurity Analyst,Internship,Remote,Healthcare,San Francisco,"Davis, Holloway and Hughes",Enterprise,12.0,1,1,134,1,43816.0,0,1,3076,1742,5,47,19,38,0,0.0,Corporate,0,15.4,0,48,0,61.8,56.1,1
2026-12-18,Data Science Intern,Full-Time,Remote,Gaming,San Francisco,Goodwin-Taylor,Small,5.0,0,1,45,0,34936.0,0,0,0,1630,2,36,64,39,0,6.4,Corporate,0,10.2,1,23,1,50.9,28.3,0
2025-09-06,Marketing Intern,Part-Time,Remote,AI,London,Webb-Pugh,Enterprise,1.0,0,1,4,1,17794.0,0,0,0,789,6,42,26,4,0,8.1,Corporate,0,2.4,1,10,12,50.3,47.3,0
2023-01-23,Data Science Intern,Full-Time,Remote,Cybersecurity,Toronto,"Floyd, Green and Hardin",Startup,39.0,1,1,474,0,16689.0,0,1,296,2011,5,40,37,14,0,5.0,Corporate,0,9.0,1,52,30,37.0,65.3,1
2018-01-01,Data Science Intern,Contract,Remote,Gaming,San Francisco,Brown-Gates,Small,,1,1,388,1,32813.0,0,0,0,1285,6,5,51,41,0,10.4,Corporate,0,18.2,0,22,0,88.5,5.1,0
2024-09-06,Cybersecurity Analyst,Contract,Remote,E-Commerce,New York,"Irwin, Mann and Cain",Startup,14.0,1,1,169,1,22214.0,0,0,0,1293,5,36,29,47,0,4.9,Free,1,31.3,1,50,45,53.9,47.0,0
2025-08-25,Backend Developer,Part-Time,Remote,Gaming,Toronto,Moreno-Osborne,Small,37.0,1,1,452,1,9187.0,0,0,0,2534,4,28,100,1,0,5.9,Corporate,0,16.6,1,61,31,66.3,33.5,0
2022-01-12,AI Research Intern,Full-Time,Remote,Software,San Francisco,Mcdonald-Bartlett,Medium,22.0,1,0,259,0,18382.0,0,0,0,1831,2,23,47,12,0,2.2,Corporate,0,30.3,0,10,34,57.3,38.5,0
2024-02-20,AI Research Intern,Contract,Hybrid,E-Commerce,Singapore,Watson Group,Medium,10.0,1,1,130,1,36223.0,0,0,0,712,5,33,58,30,0,0.2,Free,1,2.8,1,62,26,54.1,34.8,0
2026-05-28,UI/UX Designer,Internship,Hybrid,FinTech,Sydney,Bennett-Vasquez,Startup,12.0,1,1,145,0,31142.0,0,0,0,1191,6,31,76,31,0,5.8,Corporate,0,22.2,0,47,0,42.4,28.4,0
2024-12-04,Cybersecurity Analyst,Contract,Hybrid,Marketing,New York,Cooley and Sons,Startup,18.0,1,1,206,1,51127.0,0,0,0,953,4,35,57,0,0,3.3,Corporate,0,8.7,1,18,29,64.3,20.6,0
2020-04-14,Marketing Intern,Part-Time,Hybrid,Gaming,Toronto,Santos-Williams,Startup,15.0,1,1,154,1,31461.0,0,0,0,2091,5,29,10,8,0,6.0,Corporate,0,24.1,1,8,42,47.6,26.4,0
2021-10-14,Data Science Intern,Internship,Onsite,FinTech,Dubai,Owens-Macdonald,Medium,6.0,1,1,73,0,28931.0,0,0,0,1315,4,36,14,18,0,6.6,Free,1,1.0,1,92,0,42.9,29.0,0
2024-08-31,UI/UX Designer,Full-Time,Onsite,E-Commerce,San Francisco,Byrd Group,Medium,25.0,1,1,304,1,33321.0,0,0,0,2418,6,57,44,48,0,3.3,Corporate,0,25.1,1,15,29,14.2,57.4,1
2018-01-21,Data Science Intern,Contract,Remote,AI,Singapore,Bradford-Foster,Startup,5.0,1,1,50,0,14186.0,0,0,0,828,2,34,72,0,0,6.7,Corporate,0,10.8,1,28,13,49.6,24.2,0
2021-09-04,Data Science Intern,Part-Time,Remote,Gaming,Toronto,Jones LLC,Medium,1.0,1,1,12,1,59340.0,0,0,0,1609,2,0,40,30,0,5.0,Free,1,18.1,1,22,4,80.0,13.0,0
2021-05-28,Marketing Intern,Internship,Remote,Marketing,San Francisco,Mitchell and Sons,Startup,27.0,1,0,335,1,36342.0,0,0,0,2157,0,32,76,16,0,4.7,Corporate,0,11.8,1,0,0,71.3,19.9,0
2019-02-13,ML Engineer,Contract,Hybrid,EdTech,Sydney,"Clayton, Robinson and White",Small,37.0,1,0,429,1,32136.0,0,0,0,2599,2,32,46,9,0,9.0,Free,1,29.8,0,72,49,36.6,59.3,1
2020-05-21,Data Science Intern,Part-Time,Remote,Marketing,London,"Mcgee, Gomez and Williams",Enterprise,38.0,1,1,464,1,42536.0,0,0,0,1371,5,44,25,71,0,3.2,Corporate,0,21.4,1,19,38,36.8,53.9,1
2026-03-21,Cloud Engineer,Part-Time,Remote,EdTech,New York,Goodwin-Flores,Enterprise,36.0,1,1,441,0,39934.0,0,0,0,292,5,16,29,15,0,9.8,Corporate,0,15.5,1,1,27,34.6,37.8,0
2024-06-02,Cloud Engineer,Contract,Remote,AI,San Francisco,Gardner-Graves,Medium,11.0,1,1,132,1,5191.0,0,0,0,2877,3,25,53,21,0,2.5,Corporate,0,23.0,1,5,17,60.2,38.4,0
2022-05-04,AI Research Intern,Contract,Onsite,Cybersecurity,Singapore,Reilly-Patterson,Small,18.0,1,0,192,1,19517.0,0,0,0,2362,4,34,29,23,0,5.1,Free,1,8.5,1,25,9,53.4,50.9,1
2025-01-30,AI Research Intern,Part-Time,Remote,EdTech,Dubai,"Smith, Diaz and Chavez",Enterprise,,0,1,214,1,56188.0,0,0,0,1217,4,39,86,21,0,2.7,Corporate,0,26.1,1,1,50,35.0,67.2,1
2024-11-17,AI Research Intern,Contract,Hybrid,E-Commerce,New York,Travis PLC,Small,16.0,1,0,220,0,39768.0,0,0,0,1844,2,28,46,1,0,4.1,Corporate,0,6.8,0,17,0,68.2,3.1,0
2024-01-23,Cloud Engineer,Internship,Hybrid,Cybersecurity,London,Bennett LLC,Startup,5.0,1,1,63,0,38894.0,0,0,0,1744,4,51,24,18,1,7.6,Free,1,10.2,1,48,9,54.9,50.5,1
2018-04-23,Frontend Developer,Contract,Onsite,Cybersecurity,Toronto,Garcia LLC,Medium,5.0,1,1,50,0,27107.0,0,0,0,1075,4,0,52,40,0,7.9,Corporate,0,33.5,1,16,50,61.5,22.5,0
2019-04-04,Data Science Intern,Part-Time,Remote,E-Commerce,London,Walters Inc,Medium,21.0,1,1,241,1,31899.0,0,1,2868,1836,6,42,0,4,0,4.3,Corporate,0,17.8,1,12,0,46.7,54.9,1
2026-03-09,AI Research Intern,Internship,Remote,EdTech,Sydney,"Garrett, Miller and Barrett",Small,33.0,0,1,426,0,43290.0,0,0,0,2091,5,6,25,34,0,5.9,Corporate,0,16.3,1,44,62,31.2,52.6,1
2019-11-26,AI Research Intern,Part-Time,Onsite,EdTech,San Francisco,Simpson and Sons,Medium,33.0,0,1,408,1,36054.0,0,0,0,821,0,16,78,42,0,3.1,Corporate,0,32.3,1,45,25,51.3,22.2,0
2024-09-03,Marketing Intern,Internship,Remote,Cybersecurity,Berlin,Hoover LLC,Small,26.0,1,1,305,1,7880.0,0,0,0,874,3,67,26,20,0,3.4,Free,1,1.1,1,8,10,51.8,46.7,0
2024-12-18,Data Science Intern,Contract,Onsite,EdTech,San Francisco,"Stout, Larson and Hoffman",Enterprise,13.0,1,0,156,1,48734.0,0,0,0,1513,2,33,46,20,0,4.6,Free,1,1.9,1,19,4,60.5,37.0,0
2024-04-15,Data Science Intern,Full-Time,Hybrid,Gaming,New York,Thomas LLC,Startup,8.0,1,0,118,1,20530.0,0,0,0,2736,3,34,4,37,0,3.4,Corporate,0,37.5,1,38,0,72.1,9.5,0
2019-06-08,Cloud Engineer,Full-Time,Remote,Marketing,Berlin,"Roth, Torres and Simpson",Startup,9.0,0,1,116,0,32865.0,0,0,0,1526,6,56,40,29,0,7.5,Corporate,0,15.6,1,52,18,30.1,61.8,1
2024-08-17,Data Science Intern,Internship,Onsite,Software,Berlin,"Jenkins, Snyder and Wilcox",Enterprise,32.0,1,1,346,1,39927.0,0,0,0,1693,4,30,68,44,0,2.8,Corporate,0,26.9,1,1,28,60.8,25.7,0
2023-08-10,ML Engineer,Internship,Remote,Software,Bangalore,"Castillo, Velez and Dyer",Startup,36.0,1,0,418,0,56932.0,0,0,0,2344,2,38,42,80,0,4.8,Corporate,0,2.9,1,0,44,28.3,67.7,1
2021-03-18,Cybersecurity Analyst,Contract,Remote,E-Commerce,San Francisco,Moyer-Beck,Medium,15.0,1,1,194,1,63772.0,0,0,0,2060,4,27,59,29,0,0.9,Corporate,0,3.6,0,0,19,72.8,15.2,0
2021-04-18,UI/UX Designer,Part-Time,Remote,Healthcare,Berlin,Whitaker-Mitchell,Medium,28.0,1,1,338,1,41981.0,0,0,0,1586,4,17,97,40,0,3.5,Corporate,0,22.6,0,11,20,68.8,27.0,0
2026-07-14,Frontend Developer,Full-Time,Remote,Cybersecurity,Singapore,"Massey, Ellis and Bryant",Startup,33.0,1,1,403,1,37097.0,0,0,0,2720,2,10,16,82,0,9.3,Corporate,0,27.2,0,46,21,62.4,27.3,0
2021-02-25,Marketing Intern,Internship,Remote,Cybersecurity,New York,Russell-Davis,Medium,18.0,1,1,227,0,29351.0,0,0,0,3536,2,26,58,0,0,7.3,Corporate,0,45.8,1,1,33,60.7,24.6,0
2021-01-08,Cybersecurity Analyst,Internship,Hybrid,E-Commerce,San Francisco,Mooney Ltd,Enterprise,10.0,1,1,103,1,48169.0,0,0,0,1526,5,55,26,20,0,1.1,Corporate,0,26.3,1,27,34,50.2,26.9,0
2024-05-09,Data Science Intern,Contract,Remote,Gaming,Dubai,Cole Group,Enterprise,3.0,1,1,39,0,20114.0,0,0,0,2582,4,39,65,15,0,7.1,Corporate,0,19.0,1,46,26,51.4,31.5,0
2025-03-14,Marketing Intern,Internship,Remote,Healthcare,Berlin,Martinez Group,Small,1.0,1,1,33,1,40111.0,0,1,3922,950,3,3,33,32,0,7.5,Corporate,0,14.3,1,2,9,89.7,30.1,0
2020-03-09,AI Research Intern,Part-Time,Remote,Marketing,Bangalore,Beltran Group,Startup,26.0,1,0,295,0,20842.0,0,0,0,2051,3,49,25,26,1,4.9,Corporate,0,1.3,1,18,59,5.0,99.9,1
2022-10-23,Marketing Intern,Contract,Onsite,AI,Singapore,Walton-Martin,Enterprise,16.0,1,1,193,1,34846.0,0,0,0,1839,5,44,7,34,0,6.4,Corporate,0,17.0,1,36,27,49.6,27.8,0
2022-04-01,ML Engineer,Contract,Hybrid,Software,Sydney,Jones LLC,Medium,26.0,1,0,309,0,31078.0,0,0,0,1862,3,24,56,23,0,7.6,Corporate,0,31.5,1,40,0,57.6,20.1,0
2022-08-21,Data Science Intern,Contract,Remote,Software,Toronto,Santos-Hall,Startup,23.0,1,1,260,1,50088.0,0,0,0,2267,4,3,17,0,0,9.8,Corporate,0,18.3,1,45,38,54.2,29.4,0
2023-03-27,Cybersecurity Analyst,Part-Time,Remote,Marketing,New York,"Banks, Mcgee and Bowers",Medium,21.0,1,1,253,1,32703.0,0,0,0,1600,1,28,60,7,0,8.8,Corporate,0,22.8,1,32,35,42.0,26.3,0
2026-04-21,UI/UX Designer,Contract,Hybrid,Software,London,"Cook, Williams and Watts",Small,11.0,1,1,131,1,23758.0,0,0,0,1945,4,30,41,0,0,0.0,Corporate,0,10.2,1,39,26,60.6,16.2,0
2023-10-15,UI/UX Designer,Internship,Remote,Healthcare,Sydney,Thompson Ltd,Medium,23.0,1,1,277,1,36213.0,0,0,0,1704,2,29,35,58,0,6.8,Corporate,0,11.6,1,35,22,62.4,21.5,0
2021-08-08,Frontend Developer,Part-Time,Remote,Healthcare,New York,"Williams, Harvey and Williams",Enterprise,37.0,1,1,436,1,21357.0,0,0,0,1824,1,22,62,22,0,5.3,Corporate,0,17.3,1,26,0,70.7,7.3,0
2022-07-08,UI/UX Designer,Internship,Remote,Cybersecurity,Sydney,Ross LLC,Enterprise,28.0,0,1,335,1,47999.0,0,0,0,1343,7,39,47,31,0,6.7,Corporate,0,1.0,0,26,32,31.7,62.9,1
2024-01-04,AI Research Intern,Internship,Remote,Software,Berlin,Cruz-Maxwell,Medium,15.0,1,1,168,1,35029.0,0,1,4753,2895,3,40,36,49,0,6.6,Free,1,32.2,1,39,10,65.0,68.7,1
2018-10-10,ML Engineer,Contract,Remote,Software,Berlin,Potter PLC,Small,,1,1,153,1,63582.0,0,0,0,2105,7,41,24,5,0,4.3,Free,1,16.9,1,59,12,51.3,42.8,0
2025-01-20,UI/UX Designer,Contract,Remote,Healthcare,San Francisco,"Tran, Boyd and Simpson",Medium,8.0,1,0,62,1,42877.0,0,0,0,1367,1,20,55,19,0,3.2,Corporate,0,14.9,1,10,30,52.7,26.9,0
2025-08-10,Backend Developer,Contract,Remote,E-Commerce,Singapore,Flores-Marks,Startup,26.0,1,1,299,0,49934.0,0,0,0,1384,2,28,16,62,0,3.3,Free,1,16.2,0,16,19,50.5,47.7,0
2021-12-14,Data Science Intern,Part-Time,Remote,Healthcare,San Francisco,Davis-Price,Startup,11.0,1,1,124,1,49104.0,0,0,0,2407,5,36,77,26,0,8.7,Corporate,0,16.4,1,36,0,77.4,15.8,0
2025-09-30,UI/UX Designer,Contract,Remote,Cybersecurity,Sydney,Hernandez PLC,Medium,7.0,1,0,66,1,16911.0,0,0,0,1120,4,84,50,19,0,1.7,Free,1,32.7,0,56,0,71.8,49.9,0
2019-11-14,Cybersecurity Analyst,Contract,Onsite,Healthcare,Berlin,Snyder LLC,Startup,39.0,0,1,450,1,41048.0,0,0,0,1362,0,28,70,63,0,7.2,Corporate,0,14.9,1,37,25,61.0,49.2,0
2022-08-11,Backend Developer,Full-Time,Remote,Healthcare,Bangalore,Garrison-Smith,Enterprise,2.0,1,1,46,1,41280.0,0,0,0,1955,2,35,35,10,0,6.7,Corporate,0,4.0,1,30,13,60.1,16.5,0
2018-06-28,ML Engineer,Contract,Hybrid,E-Commerce,Bangalore,"Allen, Bird and Gonzalez",Medium,17.0,1,0,178,0,32916.0,0,0,0,2015,3,24,74,33,0,0.4,Corporate,0,23.6,0,25,22,58.1,35.2,0
2026-09-03,ML Engineer,Part-Time,Hybrid,AI,London,"Serrano, Morgan and Ryan",Startup,3.0,1,1,54,1,2000.0,0,1,3392,940,3,24,96,51,0,2.0,Corporate,0,18.2,1,35,41,42.8,70.1,1
2024-12-28,AI Research Intern,Internship,Remote,EdTech,Sydney,Kim Ltd,Startup,39.0,1,1,493,1,33718.0,0,0,0,1194,4,25,67,8,0,2.8,Free,1,19.1,1,44,0,58.6,34.7,0
2023-02-22,Frontend Developer,Internship,Remote,Cybersecurity,Singapore,Jensen-Perkins,Medium,6.0,0,1,58,1,25552.0,0,0,0,1314,6,3,41,39,0,0.1,Corporate,0,11.8,0,32,38,62.2,37.7,0
2026-09-21,Cybersecurity Analyst,Internship,Hybrid,AI,Berlin,"Davis, Weaver and Brock",Small,21.0,1,1,273,0,21186.0,0,0,0,1011,8,28,41,21,0,2.0,Free,1,13.0,1,31,44,16.4,55.5,1
2021-04-29,Backend Developer,Part-Time,Hybrid,AI,San Francisco,"Davis, Brown and Weaver",Small,35.0,1,1,417,0,46769.0,0,0,0,831,1,65,54,26,0,5.0,Corporate,0,28.1,1,24,44,19.6,39.6,0
2021-04-15,Marketing Intern,Part-Time,Remote,E-Commerce,Berlin,Edwards Group,Enterprise,23.0,1,1,284,0,42393.0,0,0,0,1809,3,24,29,2,0,5.8,Free,1,12.4,1,73,38,48.2,34.6,0
2019-06-02,Marketing Intern,Full-Time,Remote,Marketing,London,"Wright, Matthews and Wilson",Medium,10.0,1,1,119,1,21734.0,0,0,0,1586,2,15,49,0,0,2.5,Corporate,0,10.3,0,42,0,79.0,0.0,0
2021-08-09,AI Research Intern,Full-Time,Hybrid,Gaming,New York,"Bean, Gay and Smith",Startup,20.0,1,1,248,1,13188.0,0,0,0,1946,0,20,24,44,0,4.0,Free,1,13.3,1,64,41,57.8,45.4,0
2023-08-10,Cloud Engineer,Internship,Hybrid,Marketing,Berlin,Mitchell-Neal,Small,6.0,1,0,80,0,59716.0,0,0,0,1830,3,0,72,0,0,2.8,Corporate,0,15.8,0,40,26,63.8,28.1,0
2019-11-24,Cybersecurity Analyst,Part-Time,Hybrid,AI,London,Carrillo LLC,Small,5.0,1,1,34,0,24361.0,0,0,0,2416,2,31,73,19,0,7.5,Corporate,0,32.8,1,10,22,47.2,25.3,0
2021-06-28,UI/UX Designer,Full-Time,Remote,Cybersecurity,New York,Nguyen-Valentine,Small,20.0,0,1,225,1,,0,0,0,2839,3,38,43,77,0,5.5,Corporate,0,24.4,0,0,23,55.9,49.3,0
2019-10-06,Frontend Developer,Contract,Hybrid,Cybersecurity,Sydney,Mendoza-Cantu,Startup,29.0,1,1,348,1,26227.0,0,0,0,2332,3,41,64,29,0,1.0,Corporate,0,16.2,1,46,23,70.1,33.7,0
2026-07-02,ML Engineer,Internship,Remote,Marketing,Sydney,"Baker, Rice and Reilly",Enterprise,29.0,1,1,364,0,17812.0,0,0,0,434,4,62,0,4,0,10.3,Corporate,0,38.4,0,28,19,39.2,19.9,0
2018-04-20,AI Research Intern,Internship,Onsite,E-Commerce,San Francisco,Douglas and Sons,Small,19.0,1,1,241,1,38085.0,0,0,0,1860,2,43,63,26,0,10.9,Corporate,0,1.3,1,62,25,62.6,26.6,0
2020-03-02,Cloud Engineer,Full-Time,Remote,Healthcare,Singapore,Duffy-Gibbs,Startup,15.0,1,1,187,1,34919.0,0,0,0,1345,3,17,72,13,0,6.2,Corporate,0,18.0,1,12,21,73.6,18.9,0
2023-07-11,ML Engineer,Internship,Hybrid,EdTech,New York,Phillips Inc,Startup,37.0,1,1,456,1,27007.0,0,0,0,1067,3,3,63,45,0,5.6,Free,1,20.5,1,17,0,79.9,14.3,0
2021-08-13,Cybersecurity Analyst,Part-Time,Remote,Marketing,San Francisco,"Vaughn, Fletcher and Phillips",Enterprise,37.0,1,0,447,1,15708.0,0,0,0,1054,5,25,39,0,0,6.4,Corporate,0,19.5,1,15,27,66.0,41.1,0
2023-07-19,Backend Developer,Contract,Onsite,Cybersecurity,Bangalore,Boyer Group,Small,35.0,1,1,394,1,43055.0,0,0,0,2387,2,62,100,21,0,6.8,Free,1,19.6,1,26,13,41.6,32.3,0
2022-11-15,Frontend Developer,Internship,Onsite,Healthcare,Sydney,Brown-Castillo,Startup,17.0,1,1,196,0,41239.0,0,0,0,1688,5,52,58,0,0,4.2,Free,1,14.4,0,14,34,11.4,77.8,1
2026-03-31,AI Research Intern,Internship,Remote,FinTech,London,Wilkinson and Sons,Small,27.0,1,1,371,1,29935.0,0,0,0,1682,4,52,38,6,0,4.9,Corporate,0,14.3,0,19,24,43.8,44.0,0
2022-01-28,ML Engineer,Contract,Remote,Software,Bangalore,Patterson and Sons,Startup,21.0,0,1,252,0,35089.0,0,1,649,1798,2,29,31,23,0,7.6,Free,1,8.6,1,34,34,30.4,84.2,1
2021-02-10,Cybersecurity Analyst,Full-Time,Remote,AI,San Francisco,"Lewis, Scott and Sharp",Small,38.0,1,1,467,1,51765.0,0,0,0,1812,1,14,14,28,0,4.6,Free,1,3.9,1,0,16,77.9,12.1,0
2022-01-05,Frontend Developer,Part-Time,Remote,AI,Toronto,Best Ltd,Startup,38.0,1,1,461,0,53672.0,0,0,0,2254,2,42,60,46,0,8.2,Free,1,23.2,1,64,21,52.3,51.2,1
2020-10-15,UI/UX Designer,Internship,Onsite,Healthcare,London,Rogers-Park,Small,6.0,1,0,65,1,17440.0,0,0,0,2308,7,13,39,23,1,3.1,Corporate,0,16.4,0,31,21,56.5,55.9,1
2023-04-03,Cloud Engineer,Contract,Hybrid,Healthcare,Bangalore,Young Group,Small,11.0,1,0,136,0,3899.0,0,0,0,2102,4,32,37,62,0,0.0,Free,1,1.0,1,21,17,35.9,60.6,1
2019-08-23,UI/UX Designer,Full-Time,Onsite,FinTech,Toronto,Cooper-Reese,Enterprise,4.0,0,1,49,1,38267.0,0,0,0,1471,2,43,96,24,0,4.3,Corporate,0,13.3,1,39,17,43.6,44.5,0
2023-01-13,ML Engineer,Part-Time,Remote,AI,London,Mcguire-Pearson,Startup,1.0,0,1,22,1,29350.0,0,0,0,1548,2,12,50,32,0,8.5,Corporate,0,29.4,1,18,11,67.0,21.2,0
2024-05-14,Data Science Intern,Contract,Onsite,Marketing,Berlin,Garcia Group,Small,25.0,1,0,298,1,29490.0,0,0,0,1938,7,0,0,21,0,2.8,Corporate,0,21.2,1,42,27,68.8,7.2,0
2021-06-27,Data Science Intern,Part-Time,Hybrid,Software,Dubai,Marquez Inc,Small,29.0,1,1,339,1,32682.0,0,0,0,1426,2,7,0,29,0,9.7,Free,1,29.4,0,47,12,85.9,6.5,0
2023-11-06,ML Engineer,Full-Time,Hybrid,Software,Toronto,Bush Ltd,Medium,30.0,1,1,348,0,48760.0,0,0,0,1668,2,44,33,0,0,0.0,Corporate,0,34.1,1,24,40,36.0,44.4,0
2018-11-03,Marketing Intern,Full-Time,Hybrid,Software,Sydney,"Castillo, Holmes and Thomas",Startup,27.0,1,1,336,0,23956.0,0,0,0,359,1,20,50,10,0,0.1,Corporate,0,4.7,0,25,0,64.8,8.6,0
2022-09-08,UI/UX Designer,Full-Time,Remote,Marketing,London,"Clark, Larsen and Diaz",Startup,6.0,0,1,53,0,26403.0,0,0,0,1491,5,33,73,18,0,9.5,Free,1,23.3,1,41,43,19.2,81.5,1
2026-05-14,Cybersecurity Analyst,Contract,Remote,EdTech,Dubai,Craig-Howard,Small,7.0,1,1,91,1,27807.0,0,0,0,2307,4,20,9,45,0,4.0,Corporate,0,27.4,1,32,7,75.8,7.1,0
2024-12-24,Cybersecurity Analyst,Full-Time,Hybrid,Healthcare,Sydney,Wilson-Garcia,Enterprise,37.0,1,1,420,1,25065.0,0,0,0,1557,1,59,67,29,0,4.9,Free,1,21.4,0,22,18,51.9,35.2,0
2018-02-26,ML Engineer,Contract,Remote,Gaming,London,"Campbell, Mccullough and Brown",Small,17.0,0,1,188,1,21115.0,0,0,0,452,1,15,23,0,0,7.7,Corporate,0,8.7,1,69,0,63.6,0.0,0
2024-12-15,Cloud Engineer,Internship,Remote,Healthcare,London,Martin Ltd,Small,18.0,1,1,198,1,12515.0,0,0,0,1884,5,39,40,0,0,4.6,Free,1,14.2,1,21,16,67.9,42.8,0
2018-12-10,Cybersecurity Analyst,Internship,Hybrid,AI,Berlin,Hill and Sons,Small,8.0,1,1,77,1,39889.0,0,1,796,1272,4,42,4,34,0,10.8,Corporate,0,21.7,1,50,9,50.5,59.3,1
2026-05-06,AI Research Intern,Full-Time,Remote,Marketing,London,Colon-Boyd,Small,38.0,1,1,423,0,31077.0,0,0,0,2807,6,28,51,28,0,1.1,Corporate,0,26.2,0,17,6,51.0,21.8,0
2021-07-21,Cybersecurity Analyst,Contract,Remote,E-Commerce,New York,"Young, Villegas and Martin",Medium,34.0,1,1,425,0,46589.0,0,0,0,1702,5,50,7,12,0,3.6,Corporate,0,34.7,1,16,32,39.0,22.8,0
2018-12-04,Frontend Developer,Contract,Remote,FinTech,New York,Rose and Sons,Small,20.0,1,1,232,1,21976.0,0,0,0,1825,5,29,39,50,0,4.2,Free,1,29.0,1,8,1,56.4,38.5,0
2022-09-11,ML Engineer,Part-Time,Onsite,Cybersecurity,Bangalore,"Francis, Lee and Gates",Enterprise,5.0,1,1,109,1,51380.0,0,0,0,1195,2,20,55,41,1,0.0,Corporate,0,30.5,1,17,30,55.4,44.3,0
2023-10-10,Cloud Engineer,Internship,Remote,FinTech,Dubai,Herring Inc,Small,15.0,1,1,188,1,30936.0,0,0,0,830,3,27,6,13,0,9.3,Corporate,0,6.6,1,44,14,46.5,13.4,0
2024-03-21,UI/UX Designer,Part-Time,Onsite,Software,New York,Thomas and Sons,Small,24.0,1,1,281,1,44787.0,0,0,0,2146,0,45,0,10,0,7.3,Free,1,33.2,1,11,51,43.7,40.7,0
2018-06-25,Frontend Developer,Internship,Hybrid,AI,London,Parker-Eaton,Small,9.0,1,0,102,1,41376.0,0,0,0,2466,3,0,49,18,0,7.2,Corporate,0,16.9,1,23,13,68.2,8.2,0
2019-05-25,Data Science Intern,Internship,Onsite,AI,Sydney,George Ltd,Startup,39.0,1,1,477,0,58671.0,0,0,0,1914,2,35,0,37,0,7.2,Corporate,0,27.8,1,58,51,27.7,31.7,0
2022-04-17,Marketing Intern,Contract,Remote,EdTech,Singapore,"Johnson, Hale and Lindsey",Small,2.0,1,1,15,0,56880.0,0,0,0,2436,3,48,45,18,0,3.1,Corporate,0,20.1,0,59,24,45.2,47.4,0
2023-10-08,Data Science Intern,Part-Time,Remote,Healthcare,Singapore,"Morris, Rosario and Rose",Enterprise,38.0,1,1,451,1,44340.0,0,0,0,1963,4,42,10,63,0,3.5,Corporate,0,14.0,1,38,43,45.1,49.5,0
2022-06-07,Cloud Engineer,Internship,Onsite,Healthcare,Berlin,"Nichols, Anderson and Diaz",Startup,4.0,1,1,77,1,65273.0,0,0,0,1256,8,25,27,32,0,7.1,Corporate,0,12.4,0,20,46,49.5,35.1,0
2025-11-01,Cloud Engineer,Internship,Remote,Software,San Francisco,Smith-Baker,Enterprise,1.0,1,1,1,1,33200.0,0,0,0,1053,3,7,8,8,0,4.0,Corporate,0,7.9,0,0,39,51.7,15.9,0
2019-07-23,Marketing Intern,Part-Time,Onsite,AI,Singapore,Wilson Ltd,Small,19.0,1,1,191,1,67331.0,0,0,0,1899,4,15,63,39,0,4.5,Free,1,7.9,1,5,15,50.7,43.2,0
2022-01-09,ML Engineer,Part-Time,Remote,Marketing,Sydney,Marsh and Sons,Medium,33.0,1,1,398,1,41384.0,0,0,0,1758,4,18,63,48,0,2.1,Free,1,22.9,0,33,5,88.5,14.8,0
2020-06-08,AI Research Intern,Full-Time,Remote,AI,Toronto,Baker PLC,Startup,19.0,1,1,224,1,48022.0,0,0,0,1781,2,24,16,17,1,6.4,Free,1,34.3,1,57,40,55.1,62.9,1
2021-09-09,ML Engineer,Part-Time,Hybrid,AI,London,"Whitaker, Young and Turner",Startup,7.0,1,1,67,1,24571.0,0,0,0,1780,3,0,0,0,0,5.9,Corporate,0,28.2,0,8,41,34.6,3.4,0
2020-03-16,ML Engineer,Internship,Onsite,Gaming,Dubai,"Carter, Barnett and Miller",Small,17.0,1,1,211,0,60380.0,0,0,0,1578,3,41,22,42,0,3.7,Corporate,0,20.1,1,43,3,,13.2,0
2021-08-22,Marketing Intern,Internship,Onsite,EdTech,Berlin,Mcmahon Ltd,Small,10.0,1,1,113,0,55296.0,0,0,0,2184,4,30,30,35,0,4.4,Free,1,10.1,0,60,8,65.2,26.3,0
2019-06-27,Marketing Intern,Internship,Remote,Cybersecurity,Berlin,Williams and Sons,Small,29.0,1,1,350,1,37500.0,0,0,0,1311,2,48,67,50,0,4.3,Corporate,0,16.6,1,0,17,55.6,44.1,0
2023-07-27,Frontend Developer,Full-Time,Remote,E-Commerce,Toronto,Steele and Sons,Medium,23.0,1,1,289,1,9850.0,0,0,0,1787,2,74,25,26,0,13.5,Corporate,0,12.2,1,9,0,52.0,15.7,0
2019-06-07,Backend Developer,Part-Time,Hybrid,Healthcare,London,Stewart Group,Medium,30.0,1,1,374,1,23168.0,0,0,0,2323,2,51,51,12,1,2.8,Free,1,30.7,1,0,45,39.2,59.4,1
2020-06-03,UI/UX Designer,Part-Time,Hybrid,Gaming,San Francisco,Price-Montes,Small,21.0,1,1,251,1,37913.0,0,0,0,1957,5,0,25,50,0,2.3,Corporate,0,24.1,1,26,61,45.9,39.5,0
2022-08-02,ML Engineer,Internship,Hybrid,Marketing,London,Wallace-Morrow,Medium,24.0,1,1,293,1,60963.0,0,0,0,1534,2,23,90,22,0,6.9,Free,1,29.8,1,35,9,77.5,34.6,0
2026-04-12,ML Engineer,Internship,Remote,AI,Singapore,"Finley, Green and Carpenter",Small,23.0,1,1,292,1,36838.0,0,0,0,2341,1,43,26,43,0,6.3,Corporate,0,19.6,1,26,29,62.6,25.2,0
2023-08-02,AI Research Intern,Internship,Remote,Software,London,"Hunter, James and Butler",Startup,5.0,1,1,61,1,27919.0,0,0,0,2340,2,55,14,8,0,5.7,Corporate,0,13.3,1,48,0,58.4,5.6,0
2026-02-12,Data Science Intern,Full-Time,Remote,FinTech,Bangalore,"Park, Flores and Thomas",Small,4.0,1,0,48,0,34831.0,0,0,0,2444,3,44,61,6,0,3.4,Corporate,0,21.9,1,0,18,48.7,47.2,0
2019-10-24,UI/UX Designer,Full-Time,Remote,Cybersecurity,Sydney,Smith-Wallace,Startup,29.0,1,1,357,0,21399.0,0,0,0,1972,3,21,61,11,0,10.8,Corporate,0,7.8,1,24,27,52.4,32.2,0
2026-03-21,Cybersecurity Analyst,Full-Time,Remote,E-Commerce,Singapore,Chase LLC,Medium,18.0,1,1,212,1,10129.0,0,0,0,2779,1,29,50,48,0,3.2,Free,1,23.6,1,3,22,70.7,28.8,0
2018-05-10,Cybersecurity Analyst,Contract,Onsite,Healthcare,Dubai,"Anderson, Davis and Smith",Startup,27.0,1,0,320,1,42147.0,0,1,634,2060,1,23,85,41,0,9.1,Corporate,0,13.9,1,47,34,49.8,87.5,1
2019-11-01,Frontend Developer,Full-Time,Hybrid,E-Commerce,Singapore,Thomas LLC,Startup,39.0,0,1,465,0,24617.0,0,0,0,1582,2,59,34,52,0,3.4,Corporate,0,9.4,1,35,0,31.4,49.4,0
2023-07-11,ML Engineer,Internship,Hybrid,Marketing,Toronto,"Ramos, Bryant and Cortez",Startup,31.0,1,1,387,1,35258.0,0,0,0,2486,5,50,23,33,1,2.8,Corporate,0,1.0,0,40,14,28.9,47.0,0
2018-11-01,Cloud Engineer,Contract,Hybrid,Marketing,Singapore,Shaffer-Ortiz,Startup,29.0,0,0,347,1,17922.0,0,1,1767,1662,4,55,59,3,0,6.0,Free,1,32.1,0,12,42,23.9,100.0,1
2020-09-13,UI/UX Designer,Part-Time,Remote,E-Commerce,London,Ray-Wyatt,Medium,37.0,1,1,454,1,49923.0,0,0,0,849,2,21,41,50,0,4.8,Corporate,0,20.6,1,9,0,92.7,0.0,0
2022-04-01,Frontend Developer,Full-Time,Remote,AI,Bangalore,Rosario-Harrell,Enterprise,24.0,1,1,281,0,31943.0,0,0,0,2427,3,23,73,0,0,7.4,Corporate,0,1.0,1,27,0,57.6,8.3,0
2022-02-19,ML Engineer,Part-Time,Remote,FinTech,Singapore,Kennedy Inc,Medium,14.0,1,1,143,1,12094.0,0,0,0,1890,2,25,85,8,0,3.0,Corporate,0,16.3,1,23,22,73.1,19.6,0
2018-08-30,Marketing Intern,Internship,Remote,Marketing,San Francisco,Miller LLC,Medium,13.0,0,1,168,1,30742.0,0,0,0,1534,2,7,32,40,0,4.6,Free,1,4.3,0,31,12,81.1,34.1,0
2021-03-25,AI Research Intern,Full-Time,Remote,Software,Sydney,"Sawyer, Stephens and Schneider",Startup,9.0,0,1,106,0,49690.0,0,1,4952,1603,2,24,24,12,0,3.1,Free,1,4.7,0,43,13,51.3,70.8,1
2021-07-16,Backend Developer,Full-Time,Hybrid,AI,Singapore,Olson PLC,Enterprise,1.0,0,1,1,1,46811.0,0,0,0,1979,2,61,61,47,0,3.0,Free,1,11.1,1,23,29,28.9,89.5,1
2021-03-27,Cybersecurity Analyst,Internship,Remote,FinTech,Dubai,"Morales, Davis and Macdonald",Medium,35.0,1,1,446,1,22187.0,0,0,0,2002,0,58,29,52,0,0.4,Corporate,0,19.8,1,23,0,73.8,14.0,0
2021-09-03,Marketing Intern,Internship,Hybrid,Gaming,Singapore,"Moore, Smith and Johnson",Medium,12.0,1,0,142,1,50482.0,0,0,0,1498,4,37,29,33,0,8.5,Corporate,0,26.7,0,26,21,66.9,32.1,0
2022-09-30,Cloud Engineer,Contract,Remote,Gaming,Dubai,Baker LLC,Small,12.0,1,1,128,0,38206.0,0,0,0,2555,1,47,65,30,0,4.4,Corporate,0,27.5,1,17,0,56.7,25.0,0
2025-08-13,AI Research Intern,Contract,Hybrid,Gaming,Berlin,Vaughn-Molina,Medium,15.0,1,1,221,1,30881.0,0,0,0,2307,5,35,0,18,1,0.0,Corporate,0,29.2,1,32,35,45.8,54.5,1
2022-06-26,UI/UX Designer,Contract,Onsite,Marketing,San Francisco,"West, Howell and Crawford",Enterprise,24.0,1,0,288,1,35695.0,0,0,0,2867,2,41,16,38,1,1.0,Corporate,0,11.2,1,16,0,72.7,51.9,1
2022-12-23,Cloud Engineer,Contract,Remote,Cybersecurity,London,"King, Adams and Gordon",Small,35.0,1,1,417,1,36304.0,0,0,0,2403,2,53,36,22,0,4.6,Free,1,7.3,0,9,30,55.6,52.2,1
2024-12-22,Cloud Engineer,Part-Time,Remote,Cybersecurity,Toronto,"Singh, Tate and Quinn",Medium,18.0,1,1,215,1,28019.0,0,0,0,1219,1,7,79,18,0,10.6,Free,1,4.5,0,27,0,100.0,5.3,0
2019-07-31,UI/UX Designer,Contract,Onsite,AI,Dubai,Scott-Carr,Medium,12.0,1,1,140,0,47325.0,0,0,0,1433,4,36,28,0,0,5.7,Free,1,13.5,1,46,22,47.3,24.5,0
2023-04-14,ML Engineer,Contract,Remote,E-Commerce,San Francisco,Rush and Sons,Startup,14.0,1,0,186,0,21013.0,0,0,0,1275,2,46,46,25,0,9.9,Free,1,7.0,1,48,12,41.0,67.5,1
2018-09-14,Cybersecurity Analyst,Part-Time,Onsite,Gaming,Berlin,Rhodes-Clark,Small,19.0,1,1,212,0,47025.0,0,0,0,1138,3,47,56,17,1,3.0,Corporate,0,34.4,1,50,48,33.9,62.3,1
2022-08-16,UI/UX Designer,Contract,Onsite,Gaming,London,Harris PLC,Enterprise,23.0,1,1,260,0,21465.0,0,0,0,1222,2,4,26,2,1,0.4,Corporate,0,23.0,0,27,0,79.2,2.0,0
2024-02-23,Frontend Developer,Internship,Remote,Cybersecurity,Berlin,Nguyen-Galvan,Enterprise,36.0,1,1,419,0,38018.0,0,0,0,1688,5,36,75,0,0,0.0,Corporate,0,36.8,1,17,34,37.5,63.1,1
2021-01-09,Marketing Intern,Contract,Hybrid,Software,San Francisco,"Orozco, Santiago and Martinez",Startup,30.0,1,1,330,0,62205.0,0,0,0,2119,2,18,83,21,0,3.6,Free,1,19.3,1,15,9,95.8,22.5,0
2021-09-14,UI/UX Designer,Contract,Onsite,Cybersecurity,Bangalore,Reynolds LLC,Startup,31.0,1,1,384,0,24278.0,0,0,0,2627,0,60,33,20,0,0.0,Corporate,0,17.0,1,19,35,26.1,16.2,0
2024-02-23,Marketing Intern,Internship,Onsite,E-Commerce,Dubai,"Good, Nelson and Tanner",Small,7.0,1,1,86,1,23967.0,0,0,0,1929,4,20,34,29,0,4.7,Corporate,0,1.8,1,1,28,50.2,18.6,0
2024-10-02,Cybersecurity Analyst,Part-Time,Hybrid,Gaming,Bangalore,"Mcknight, Barnes and Davis",Small,29.0,1,1,333,1,28617.0,0,0,0,1821,0,13,58,49,0,3.2,Corporate,0,11.5,1,38,38,50.3,17.8,0
2023-04-12,Cybersecurity Analyst,Part-Time,Onsite,E-Commerce,Sydney,Anderson-Chapman,Enterprise,5.0,1,1,52,1,34712.0,0,0,0,2152,4,0,86,56,0,5.8,Free,1,6.7,0,61,20,58.4,36.2,0
2022-06-16,Cybersecurity Analyst,Part-Time,Hybrid,Cybersecurity,Toronto,"Foster, Hill and Ellis",Startup,28.0,1,1,337,0,60022.0,0,0,0,1678,3,43,12,45,0,3.2,Free,1,11.4,0,0,47,52.9,47.1,0
2018-09-22,Marketing Intern,Full-Time,Onsite,AI,London,"Mccormick, Spencer and Higgins",Startup,32.0,1,1,392,0,32178.0,0,0,0,1895,1,33,73,20,0,6.0,Corporate,0,1.0,1,30,28,43.3,30.7,0
2019-05-18,AI Research Intern,Contract,Remote,FinTech,Dubai,"Adams, Hill and Padilla",Startup,37.0,1,1,478,1,35770.0,0,0,0,1036,4,28,34,0,0,1.4,Corporate,0,11.7,1,26,25,62.4,7.6,0
2021-10-27,Backend Developer,Internship,Remote,Marketing,Toronto,Taylor and Sons,Startup,5.0,0,1,35,1,39833.0,0,0,0,2428,1,0,58,17,0,5.5,Corporate,0,29.9,1,30,23,65.4,16.4,0
2025-04-10,Cloud Engineer,Full-Time,Remote,AI,Singapore,Campbell Group,Small,35.0,1,1,407,1,36497.0,0,1,2262,1203,3,33,42,0,0,7.7,Corporate,0,42.8,1,14,44,47.9,66.0,1
2026-04-27,Data Science Intern,Contract,Hybrid,Healthcare,Sydney,"Owen, Williams and Sloan",Medium,30.0,0,1,377,1,34735.0,0,0,0,997,2,27,0,12,0,7.8,Corporate,0,1.0,1,16,53,48.5,35.5,0
2025-02-16,Cloud Engineer,Part-Time,Hybrid,Healthcare,Singapore,"Grant, Jackson and Hubbard",Small,11.0,1,1,121,0,2000.0,0,0,0,1483,0,52,22,0,0,4.7,Corporate,0,32.5,1,19,38,43.8,26.6,0
2018-12-22,Data Science Intern,Internship,Onsite,Healthcare,London,Mitchell LLC,Medium,17.0,1,1,192,1,40028.0,0,0,0,2737,1,24,23,22,0,6.3,Free,1,17.3,1,46,43,64.9,24.1,0
2022-11-04,Data Science Intern,Contract,Remote,E-Commerce,London,Rodriguez Ltd,Medium,30.0,1,1,364,1,37640.0,0,0,0,2185,5,37,38,17,0,3.2,Free,1,15.6,1,13,17,77.1,36.3,0
2024-04-16,Data Science Intern,Contract,Remote,Gaming,Toronto,"Fleming, Rodriguez and Riddle",Small,23.0,1,1,277,1,27320.0,0,0,0,1847,4,40,29,42,0,6.3,Corporate,0,16.3,1,31,30,41.4,38.6,0
2026-10-01,Backend Developer,Part-Time,Onsite,Marketing,Dubai,Irwin-Johnston,Enterprise,10.0,1,1,115,0,52308.0,0,0,0,906,5,19,44,0,0,4.8,Free,1,15.4,1,44,46,43.9,49.1,0
2018-07-26,Cloud Engineer,Contract,Onsite,AI,San Francisco,Campbell-Gentry,Small,27.0,1,0,299,0,37144.0,0,0,0,2348,3,25,18,36,0,1.7,Corporate,0,25.7,1,9,0,69.3,33.7,0
2023-11-26,Data Science Intern,Internship,Remote,EdTech,Singapore,"Fox, Larson and Ward",Medium,20.0,1,1,253,1,23686.0,0,0,0,2088,4,48,67,48,0,0.7,Corporate,0,21.2,1,0,17,49.8,40.9,0
2026-09-20,Cloud Engineer,Internship,Remote,Marketing,London,Mitchell PLC,Startup,37.0,1,1,433,1,50413.0,0,1,4253,2243,4,12,75,16,0,7.0,Corporate,0,25.4,1,27,30,58.0,54.9,1
2022-09-16,ML Engineer,Full-Time,Onsite,Gaming,Dubai,Henderson Ltd,Medium,2.0,1,1,28,1,31555.0,0,0,0,2028,2,18,12,47,0,1.3,Corporate,0,21.1,0,5,13,75.5,0.0,0
2019-10-03,AI Research Intern,Full-Time,Onsite,AI,San Francisco,Rosales-Gibson,Startup,31.0,1,1,369,1,30308.0,0,0,0,502,1,34,22,42,1,5.0,Free,1,36.5,1,12,11,66.1,35.6,0
2018-04-08,UI/UX Designer,Internship,Hybrid,AI,Dubai,"Castillo, Wagner and Rogers",Medium,21.0,0,1,288,0,21823.0,0,0,0,160,2,76,48,24,0,4.2,Free,1,3.4,0,16,0,41.0,53.8,1
2020-10-06,ML Engineer,Contract,Hybrid,E-Commerce,Berlin,Anderson-Guzman,Startup,3.0,1,1,44,1,31614.0,0,0,0,1624,5,6,29,0,0,5.0,Free,1,31.9,1,9,19,,21.0,0
2024-08-24,Cybersecurity Analyst,Contract,Remote,Gaming,Sydney,Flores-Taylor,Medium,3.0,1,1,60,1,8588.0,0,0,0,1238,4,37,68,25,0,7.4,Free,1,11.3,1,50,24,59.5,50.1,1
2026-03-12,UI/UX Designer,Full-Time,Remote,EdTech,Toronto,Frank-Stevens,Medium,35.0,1,1,431,1,41507.0,0,0,0,2084,5,34,18,4,0,0.0,Corporate,0,21.1,1,35,27,66.9,21.0,0
2025-03-27,ML Engineer,Part-Time,Onsite,Software,Bangalore,Miller LLC,Startup,5.0,1,1,64,1,27575.0,0,0,0,1336,5,54,11,5,0,6.1,Free,1,42.6,1,2,15,46.3,27.5,0
2024-03-21,ML Engineer,Full-Time,Remote,EdTech,Berlin,Zhang Inc,Small,13.0,1,1,140,1,58339.0,0,0,0,1796,1,1,19,0,0,4.0,Corporate,0,4.2,1,58,8,91.4,0.0,0
2025-03-25,AI Research Intern,Contract,Hybrid,Healthcare,Sydney,Lindsey and Sons,Startup,17.0,1,1,199,1,30086.0,0,0,0,1132,4,21,38,2,0,5.9,Corporate,0,22.0,1,22,38,57.3,37.9,0
2020-09-22,Cloud Engineer,Part-Time,Onsite,FinTech,Bangalore,Page and Sons,Small,8.0,1,1,92,0,53409.0,0,1,4847,1391,6,47,57,47,0,0.5,Corporate,0,15.5,1,32,11,22.9,78.3,1
2019-07-15,UI/UX Designer,Internship,Hybrid,AI,Dubai,Harris-Love,Small,18.0,0,1,213,1,72839.0,0,0,0,2402,4,52,25,10,0,4.5,Corporate,0,12.2,1,22,2,65.6,26.4,0
2020-09-21,Marketing Intern,Part-Time,Remote,AI,Berlin,Newman LLC,Medium,20.0,1,1,251,0,33208.0,0,0,0,2132,4,61,45,32,0,7.7,Corporate,0,4.9,1,22,43,32.8,50.8,1
2024-09-06,Cybersecurity Analyst,Full-Time,Remote,EdTech,San Francisco,"Price, Ponce and Bell",Small,28.0,1,1,318,0,19829.0,0,0,0,593,2,52,21,12,0,8.6,Corporate,0,20.5,1,37,71,27.9,59.0,1
2026-01-17,AI Research Intern,Internship,Remote,Gaming,San Francisco,Coffey Group,Small,5.0,1,1,48,1,48018.0,0,0,0,1939,4,18,11,22,0,7.9,Corporate,0,18.5,1,19,6,61.6,5.6,0
2025-12-06,ML Engineer,Contract,Remote,Software,Berlin,Barker and Sons,Medium,22.0,1,1,236,1,56544.0,0,0,0,1806,7,17,18,26,0,6.7,Corporate,0,1.4,0,39,5,82.2,16.7,0
2019-09-08,Frontend Developer,Part-Time,Hybrid,Software,London,Foster PLC,Medium,14.0,1,1,148,0,32385.0,0,0,0,1941,2,10,31,41,0,4.0,Corporate,0,18.0,1,51,25,69.3,0.0,0
2026-05-30,Data Science Intern,Internship,Hybrid,E-Commerce,New York,Bailey and Sons,Startup,8.0,0,0,88,0,20127.0,0,0,0,1437,5,0,93,51,0,2.6,Corporate,0,16.5,1,19,0,65.3,40.9,0
2021-04-21,ML Engineer,Internship,Onsite,E-Commerce,Sydney,"Perry, Lee and Atkinson",Medium,5.0,0,1,74,1,11184.0,0,1,3353,1891,2,28,59,65,0,2.3,Corporate,0,26.4,0,55,25,58.8,85.5,1
2018-09-03,Backend Developer,Part-Time,Onsite,Software,Toronto,Stewart-Porter,Medium,7.0,1,1,73,1,53740.0,0,0,0,1932,1,52,51,43,0,0.0,Corporate,0,1.0,1,12,6,69.5,9.3,0
2026-05-11,Marketing Intern,Internship,Hybrid,Healthcare,Berlin,Wilkins-Johnson,Medium,18.0,0,1,222,0,32156.0,0,0,0,1476,3,28,38,60,0,3.2,Corporate,0,27.8,1,8,5,45.0,36.8,0
2021-02-04,Cloud Engineer,Full-Time,Remote,Gaming,New York,Mcdonald-Vazquez,Medium,12.0,1,1,154,1,48248.0,0,1,1770,1586,4,38,74,0,0,9.2,Corporate,0,36.2,0,22,0,75.5,52.8,1
2018-05-02,Cybersecurity Analyst,Internship,Remote,FinTech,Dubai,Johnson LLC,Medium,24.0,1,1,283,0,21987.0,0,0,0,1832,3,67,39,37,0,7.6,Free,1,1.0,1,21,0,59.3,34.9,0
2026-09-12,AI Research Intern,Internship,Remote,Cybersecurity,London,Rodgers-Campbell,Medium,21.0,1,1,258,1,26217.0,0,0,0,1964,3,3,0,3,0,1.9,Corporate,0,23.5,0,18,0,80.1,0.0,0
2020-11-23,Backend Developer,Part-Time,Remote,Marketing,Toronto,"Brewer, Davis and Hicks",Medium,9.0,0,1,86,0,15161.0,0,0,0,2690,2,54,0,38,0,0.5,Corporate,0,33.7,1,20,18,38.3,49.8,0
2018-08-26,Cybersecurity Analyst,Full-Time,Hybrid,Gaming,Berlin,Hughes-Flynn,Small,24.0,1,1,274,1,43314.0,0,0,0,2044,2,32,22,45,0,1.1,Corporate,0,20.9,0,11,0,69.2,19.3,0
2021-07-30,Marketing Intern,Internship,Remote,Gaming,Singapore,Myers PLC,Startup,5.0,1,1,78,1,24333.0,0,0,0,1923,1,30,24,21,0,6.5,Corporate,0,10.7,0,23,3,78.8,3.2,0
2022-12-06,ML Engineer,Contract,Hybrid,E-Commerce,Sydney,Smith-Hoffman,Startup,28.0,1,1,322,0,27483.0,0,0,0,3038,2,57,39,17,0,2.7,Corporate,0,27.8,1,22,13,62.8,21.1,0
2018-01-05,AI Research Intern,Full-Time,Remote,AI,Berlin,"Johnson, Hess and Proctor",Small,18.0,1,1,202,0,58261.0,0,0,0,2168,2,39,13,16,0,4.7,Corporate,0,19.4,1,9,3,44.3,12.6,0
2024-07-04,Frontend Developer,Full-Time,Remote,AI,Sydney,Nielsen PLC,Enterprise,25.0,1,1,281,0,30115.0,0,0,0,1649,3,12,55,0,0,6.4,Free,1,10.7,1,25,33,65.5,44.3,0
2026-05-08,AI Research Intern,Full-Time,Hybrid,AI,New York,Martin Ltd,Startup,33.0,1,0,432,1,29750.0,0,0,0,3543,2,22,17,36,0,3.7,Corporate,0,15.3,1,13,52,51.6,31.5,0
2020-05-07,Cloud Engineer,Full-Time,Onsite,AI,Sydney,"Jones, Garner and Richardson",Medium,33.0,1,1,402,1,2000.0,0,0,0,2093,2,29,25,40,0,3.8,Free,1,15.7,1,10,3,62.0,21.5,0
2025-07-27,Cybersecurity Analyst,Contract,Onsite,Software,Singapore,Bauer-Wyatt,Medium,35.0,1,1,440,1,45252.0,0,0,0,1425,2,7,70,8,1,0.6,Corporate,0,24.5,1,23,11,89.1,27.9,0
2020-07-09,UI/UX Designer,Full-Time,Onsite,Cybersecurity,New York,Peterson-Martinez,Medium,34.0,1,0,370,0,33941.0,0,0,0,1646,5,35,37,19,0,7.4,Corporate,0,17.3,1,0,44,39.1,49.8,0
2026-01-08,Frontend Developer,Contract,Onsite,Software,Berlin,Holmes and Sons,Medium,39.0,0,1,487,0,40084.0,0,1,102,2347,1,22,31,18,0,7.4,Corporate,0,23.2,1,11,22,55.6,51.2,1
2025-08-27,AI Research Intern,Contract,Hybrid,AI,Dubai,"Robertson, Key and Ellis",Small,14.0,1,0,171,1,13516.0,0,0,0,2116,1,29,34,9,0,5.2,Corporate,0,15.7,1,68,18,64.0,12.3,0
2026-06-27,AI Research Intern,Internship,Remote,Marketing,Sydney,Reeves Ltd,Medium,33.0,1,1,409,1,20457.0,0,0,0,570,3,50,21,22,0,4.8,Corporate,0,14.4,1,30,29,50.8,32.0,0
2023-01-12,ML Engineer,Contract,Onsite,Healthcare,New York,Clark-Williams,Medium,29.0,1,1,346,0,32807.0,0,1,2884,2412,0,40,38,44,0,0.6,Corporate,0,4.3,1,12,25,50.3,39.2,0
2023-11-23,ML Engineer,Part-Time,Remote,EdTech,Dubai,Alvarado PLC,Medium,10.0,0,1,117,1,9066.0,0,0,0,2621,3,53,27,41,0,4.1,Corporate,0,3.2,1,41,9,69.4,31.5,0
2024-10-18,Backend Developer,Part-Time,Remote,E-Commerce,Bangalore,Holmes-Neal,Enterprise,38.0,1,1,440,1,31220.0,0,0,0,829,3,61,74,10,0,4.6,Corporate,0,4.2,0,15,7,68.8,22.4,0
2026-12-12,Cybersecurity Analyst,Contract,Onsite,Marketing,New York,Burke LLC,Startup,10.0,1,1,126,0,30496.0,0,0,0,1323,3,30,35,16,0,6.0,Corporate,0,9.8,1,32,34,26.4,10.9,0
2022-08-08,Data Science Intern,Full-Time,Onsite,Marketing,Singapore,Williams-Dodson,Startup,22.0,0,1,272,1,26364.0,0,0,0,2730,2,48,9,45,0,1.4,Corporate,0,28.8,1,18,3,64.7,15.7,0
2026-12-22,Cloud Engineer,Contract,Onsite,Software,Dubai,"Barnes, Martinez and Jensen",Medium,16.0,1,1,208,1,36210.0,0,1,3079,2777,4,12,21,16,0,4.7,Corporate,0,16.0,1,23,0,87.1,27.9,0
2025-04-18,UI/UX Designer,Full-Time,Onsite,E-Commerce,Sydney,Franklin-Williams,Medium,25.0,1,1,323,1,56931.0,0,0,0,694,1,62,0,59,0,6.7,Corporate,0,16.9,0,12,44,48.2,31.2,0
2025-04-06,Marketing Intern,Contract,Onsite,Cybersecurity,Dubai,Powell LLC,Small,27.0,1,1,336,1,23311.0,0,0,0,1844,2,45,95,29,0,8.9,Corporate,0,22.4,0,24,9,66.1,32.0,0
2021-06-15,Cybersecurity Analyst,Full-Time,Remote,E-Commerce,London,"Rivera, Edwards and Anderson",Startup,13.0,1,0,170,0,26973.0,0,0,0,2363,3,59,48,28,0,4.7,Corporate,0,17.4,1,0,28,21.8,63.9,1
2018-09-14,Backend Developer,Part-Time,Onsite,E-Commerce,London,Davis LLC,Enterprise,31.0,1,0,379,0,52557.0,0,0,0,2226,6,49,48,37,0,3.4,Free,1,26.3,1,25,43,17.5,94.0,1
2021-09-29,Cybersecurity Analyst,Full-Time,Hybrid,Cybersecurity,Singapore,Tate LLC,Small,26.0,1,1,318,0,33861.0,0,0,0,1541,3,42,45,31,0,8.3,Free,1,2.3,1,0,41,33.1,48.5,0
2025-09-27,Frontend Developer,Contract,Remote,AI,Toronto,Novak Group,Medium,15.0,1,0,180,1,21313.0,0,0,0,1852,4,51,8,0,0,0.0,Free,1,22.6,0,20,30,45.2,54.3,1
2018-04-10,Frontend Developer,Internship,Hybrid,Healthcare,Sydney,Mcdonald PLC,Enterprise,31.0,0,1,383,1,15447.0,0,0,0,1706,6,2,38,31,0,7.9,Corporate,0,8.7,1,49,0,70.1,12.9,0
2021-03-05,Marketing Intern,Full-Time,Hybrid,Gaming,Sydney,Williams Ltd,Startup,12.0,1,1,140,1,47234.0,0,0,0,1786,3,23,56,47,0,9.2,Corporate,0,23.8,1,32,32,55.6,41.9,0
2024-07-04,Backend Developer,Full-Time,Remote,Software,Berlin,Dixon Group,Enterprise,34.0,1,1,360,1,28189.0,0,0,0,827,3,14,2,35,0,7.6,Corporate,0,13.4,1,11,0,69.0,0.0,0
2018-08-01,Marketing Intern,Internship,Remote,Marketing,San Francisco,Floyd-Owens,Small,1.0,0,1,12,1,19736.0,0,0,0,2747,1,46,40,18,0,3.3,Corporate,0,14.6,1,3,18,50.7,52.8,1
2024-07-26,Data Science Intern,Part-Time,Remote,Gaming,Bangalore,"Bray, Stone and Perez",Medium,15.0,1,1,173,1,38362.0,0,0,0,2190,5,53,47,0,0,8.6,Corporate,0,10.0,0,21,60,21.5,42.3,0
2025-10-23,AI Research Intern,Contract,Remote,Cybersecurity,Berlin,Patrick-Weaver,Medium,2.0,0,1,27,1,52555.0,0,0,0,1754,4,52,52,4,0,0.0,Corporate,0,1.8,1,32,15,50.5,49.8,0
2021-08-21,Backend Developer,Part-Time,Remote,Gaming,Berlin,Clark-Navarro,Small,32.0,1,0,377,0,22924.0,0,0,0,2138,5,31,60,53,0,6.9,Corporate,0,21.9,1,8,0,64.9,57.0,1
2023-07-27,Cloud Engineer,Part-Time,Hybrid,EdTech,Dubai,"Green, Stafford and Harding",Startup,39.0,1,1,481,1,41017.0,0,0,0,1032,4,11,71,38,0,7.4,Corporate,0,22.8,0,13,30,33.7,59.3,1
2019-12-09,Data Science Intern,Full-Time,Hybrid,FinTech,Toronto,"Sims, Ewing and Young",Enterprise,10.0,1,1,120,1,42757.0,0,0,0,2216,3,15,12,55,0,5.5,Corporate,0,10.8,1,4,16,69.7,0.0,0
2018-04-21,ML Engineer,Contract,Hybrid,E-Commerce,San Francisco,"Hart, Brock and Crawford",Startup,15.0,1,1,185,1,26316.0,0,0,0,2407,1,8,48,9,0,2.7,Corporate,0,28.9,1,55,1,73.5,0.0,0
2019-07-27,ML Engineer,Contract,Onsite,AI,Bangalore,Pham LLC,Startup,33.0,1,0,411,1,62631.0,0,0,0,1666,5,13,37,26,0,3.6,Corporate,0,19.8,1,13,19,42.7,36.3,0
2024-08-24,Frontend Developer,Part-Time,Onsite,E-Commerce,Dubai,"Guzman, Downs and Mcmillan",Medium,18.0,0,1,220,1,23613.0,0,0,0,1960,4,20,14,16,0,5.9,Corporate,0,34.4,1,32,18,49.1,12.9,0
2018-07-11,Frontend Developer,Internship,Remote,E-Commerce,London,Benson Group,Startup,14.0,1,0,165,0,59033.0,0,0,0,822,3,36,44,12,0,9.5,Corporate,0,31.7,1,25,29,66.8,42.0,0
2022-12-26,Backend Developer,Part-Time,Hybrid,AI,London,Mitchell Ltd,Startup,14.0,1,1,172,1,38090.0,0,0,0,2448,5,19,62,65,0,5.7,Corporate,0,17.0,1,0,29,67.8,26.8,0
2019-05-19,UI/UX Designer,Full-Time,Remote,Software,Berlin,"Gonzales, Wright and Wilkinson",Small,39.0,1,1,469,1,58886.0,0,0,0,1995,5,0,27,10,0,6.4,Corporate,0,39.1,1,0,30,70.4,14.3,0
2022-05-30,UI/UX Designer,Full-Time,Hybrid,Gaming,San Francisco,Williams-Hughes,Startup,21.0,1,1,250,0,19274.0,0,1,1340,2392,2,15,100,26,0,0.0,Corporate,0,13.0,0,61,18,51.9,51.6,1
2025-09-24,Frontend Developer,Full-Time,Remote,E-Commerce,Singapore,Bell-Butler,Small,13.0,1,1,151,0,35748.0,0,0,0,2180,1,14,56,50,0,0.0,Corporate,0,13.5,0,9,0,78.9,0.0,0
2020-09-12,AI Research Intern,Contract,Remote,AI,Bangalore,Brennan PLC,Enterprise,36.0,1,1,430,1,46331.0,0,0,0,1290,3,52,93,4,0,4.3,Free,1,16.7,0,20,21,69.4,46.6,0
2025-02-26,Marketing Intern,Full-Time,Hybrid,Healthcare,Dubai,Bryant and Sons,Enterprise,25.0,1,1,314,1,37983.0,0,0,0,2089,2,34,59,56,0,3.9,Corporate,0,12.8,0,34,52,60.2,45.0,0
2018-10-02,Data Science Intern,Full-Time,Remote,Healthcare,Berlin,Perez LLC,Startup,26.0,1,1,310,1,22402.0,0,0,0,1969,3,31,58,18,0,6.1,Free,1,3.3,0,24,0,61.9,18.3,0
2022-09-30,Cloud Engineer,Part-Time,Hybrid,AI,Sydney,"Gibbs, Thomas and Miller",Medium,2.0,1,1,48,1,38835.0,0,0,0,1570,6,3,24,17,0,5.2,Corporate,0,14.6,1,49,25,52.6,26.5,0
2025-09-27,Backend Developer,Contract,Remote,Gaming,Dubai,Harris-Kelly,Small,6.0,1,1,75,1,20495.0,0,0,0,2557,3,23,48,24,0,10.9,Corporate,0,19.1,1,22,21,62.2,11.7,0
2018-08-21,Marketing Intern,Internship,Hybrid,Healthcare,Singapore,Lyons-Obrien,Medium,20.0,1,1,233,0,19878.0,0,0,0,1462,3,29,48,13,0,6.9,Free,1,26.5,1,58,15,57.3,25.9,0
2026-05-18,AI Research Intern,Internship,Hybrid,AI,Bangalore,Dickson-Nelson,Small,19.0,1,1,215,1,43119.0,0,0,0,2922,2,36,50,11,0,11.3,Corporate,0,38.4,1,28,0,70.8,6.0,0
2025-09-08,Data Science Intern,Internship,Remote,Gaming,Sydney,"Campbell, Sharp and White",Small,24.0,1,1,280,1,28334.0,0,0,0,2680,1,0,59,28,0,8.6,Corporate,0,17.9,1,14,38,57.1,15.5,0
2023-05-15,Cloud Engineer,Internship,Onsite,Cybersecurity,Singapore,Hill-Brown,Small,2.0,0,1,6,1,34084.0,0,0,0,1546,1,0,31,42,0,7.9,Corporate,0,30.0,1,72,15,65.6,30.5,0
2022-03-19,UI/UX Designer,Contract,Remote,Software,London,"Thompson, Sampson and Fisher",Small,20.0,1,0,252,0,32790.0,0,0,0,2070,1,8,12,14,0,4.5,Corporate,0,2.7,1,42,12,67.9,9.5,0
2023-12-19,Cloud Engineer,Internship,Onsite,E-Commerce,Singapore,"Martinez, Cline and Robinson",Small,4.0,0,1,44,1,51450.0,0,0,0,2401,4,13,45,18,0,3.1,Corporate,0,14.7,1,23,48,22.7,47.0,0
2020-10-04,AI Research Intern,Internship,Remote,AI,Dubai,"Bell, Price and Martinez",Small,15.0,1,1,179,0,20149.0,0,0,0,1525,5,35,50,36,0,1.3,Corporate,0,12.8,0,21,0,79.6,22.6,0
2023-09-30,ML Engineer,Contract,Onsite,Healthcare,London,Farrell Group,Medium,39.0,1,1,461,1,57061.0,0,1,1153,1849,2,26,20,25,0,8.1,Corporate,0,33.8,1,22,43,37.9,47.3,0
2026-05-20,Backend Developer,Full-Time,Remote,AI,Sydney,Petty PLC,Startup,18.0,0,1,211,1,40019.0,0,0,0,2109,3,30,5,32,0,0.3,Free,1,11.5,1,75,0,72.8,14.2,0
2024-05-22,Cloud Engineer,Full-Time,Onsite,Software,Singapore,Vega PLC,Enterprise,7.0,1,1,89,1,4651.0,0,0,0,1359,1,76,15,7,0,0.5,Corporate,0,10.4,1,15,5,51.5,14.9,0
2020-07-18,AI Research Intern,Contract,Hybrid,Gaming,Berlin,Salazar Inc,Small,2.0,1,0,10,1,28796.0,0,0,0,1832,1,23,0,16,0,5.4,Corporate,0,21.5,1,0,39,73.1,28.1,0
2018-09-05,Cybersecurity Analyst,Full-Time,Remote,Healthcare,New York,Carr-Cook,Medium,2.0,1,1,3,1,43790.0,0,0,0,2386,4,39,29,21,0,0.0,Corporate,0,13.3,1,47,0,53.2,29.9,0
2024-04-21,AI Research Intern,Full-Time,Remote,Gaming,Toronto,"Bryant, Petersen and Clark",Enterprise,6.0,1,0,46,1,23076.0,0,0,0,1738,5,53,0,10,0,4.2,Free,1,13.4,0,15,42,41.8,55.3,1
2024-02-25,ML Engineer,Contract,Onsite,Marketing,San Francisco,Nelson LLC,Medium,29.0,1,1,364,1,54169.0,0,0,0,1968,8,13,24,0,0,5.0,Corporate,0,19.6,1,32,0,56.4,0.0,0
2023-05-06,Data Science Intern,Part-Time,Onsite,Healthcare,Toronto,"Jones, Williams and Pierce",Startup,37.0,1,1,436,1,27023.0,0,1,2562,2116,4,40,11,12,0,1.6,Corporate,0,15.5,1,15,13,41.0,47.5,0
2021-12-21,Data Science Intern,Full-Time,Remote,AI,Dubai,"Cain, Pearson and Webb",Enterprise,35.0,1,1,416,1,32995.0,0,0,0,1836,1,0,21,12,0,7.7,Corporate,0,25.5,0,17,11,78.5,0.0,0
2018-05-22,ML Engineer,Part-Time,Onsite,FinTech,Toronto,Brooks PLC,Enterprise,2.0,1,1,1,1,55342.0,0,0,0,1861,5,42,50,17,0,12.4,Corporate,0,15.5,1,20,18,47.9,42.3,0
2018-02-08,Cloud Engineer,Contract,Onsite,Software,Sydney,"Jones, Mcmahon and Harrison",Medium,28.0,0,0,343,1,13660.0,0,0,0,1663,4,26,43,0,0,5.9,Corporate,0,19.7,1,15,41,41.2,56.7,1
2022-02-18,Cloud Engineer,Part-Time,Remote,Software,Dubai,Farmer Inc,Startup,26.0,1,1,313,0,41586.0,0,0,0,2391,3,18,32,27,0,3.7,Corporate,0,22.0,1,43,23,54.5,31.1,0
2022-08-02,Backend Developer,Full-Time,Onsite,Marketing,Berlin,Alvarez-Wright,Enterprise,3.0,1,1,25,1,26351.0,0,0,0,2209,8,48,37,0,0,8.2,Corporate,0,40.1,1,30,24,48.2,40.3,0
2022-04-28,Cloud Engineer,Full-Time,Onsite,EdTech,New York,Burton PLC,Medium,22.0,1,1,279,1,34440.0,0,0,0,829,2,47,70,7,0,0.5,Corporate,0,6.1,1,52,26,44.5,26.3,0
2026-11-29,UI/UX Designer,Full-Time,Hybrid,EdTech,London,Watkins-Spence,Small,12.0,1,1,149,1,64700.0,0,0,0,2509,4,24,31,30,0,6.8,Corporate,0,27.9,1,26,19,63.3,14.4,0
2018-08-03,Backend Developer,Part-Time,Remote,Cybersecurity,Bangalore,"White, Price and Brown",Startup,5.0,1,1,60,0,34732.0,0,0,0,1694,3,27,8,40,0,6.5,Free,1,16.0,1,0,31,46.9,43.5,0
2023-05-16,Data Science Intern,Full-Time,Remote,Cybersecurity,New York,Orozco-Huffman,Small,2.0,0,1,35,1,21433.0,0,0,0,1466,4,41,23,46,0,3.8,Free,1,22.1,1,22,2,59.9,67.8,1
2024-12-04,Marketing Intern,Part-Time,Hybrid,FinTech,Berlin,White-Stanley,Small,33.0,0,1,385,1,7561.0,0,0,0,1865,2,44,70,24,0,4.8,Free,1,17.8,1,18,13,51.0,60.7,1
2024-02-20,Marketing Intern,Part-Time,Remote,Cybersecurity,Bangalore,"Ortiz, Hernandez and Chaney",Medium,29.0,1,1,356,1,46895.0,0,1,145,1599,6,61,75,13,0,10.3,Free,1,26.0,1,33,18,41.8,76.7,1
2019-06-09,AI Research Intern,Full-Time,Remote,Software,Dubai,Trevino-Johnson,Startup,13.0,0,1,161,0,44334.0,0,1,951,2641,1,56,42,31,0,1.8,Corporate,0,11.9,1,0,22,32.9,67.0,1
2022-11-01,Frontend Developer,Full-Time,Remote,Gaming,Berlin,"Williamson, King and Dixon",Enterprise,34.0,1,1,392,1,41920.0,0,1,4613,2126,5,0,27,16,0,8.5,Corporate,0,23.3,1,33,3,59.7,49.7,0
2023-10-04,UI/UX Designer,Contract,Hybrid,Gaming,Dubai,Fuller-Lara,Startup,6.0,1,1,93,0,42014.0,0,0,0,951,2,32,29,24,0,1.8,Corporate,0,26.9,1,14,10,52.9,23.6,0
2021-12-29,AI Research Intern,Contract,Remote,Cybersecurity,New York,Boyer Ltd,Small,37.0,0,1,457,0,36621.0,0,0,0,1343,5,58,65,28,0,5.6,Free,1,15.8,1,28,35,16.1,89.5,1
2019-10-09,Frontend Developer,Internship,Onsite,Gaming,Toronto,Weaver Group,Startup,14.0,1,1,165,1,35143.0,0,0,0,906,2,13,33,33,0,5.6,Corporate,0,18.8,0,28,16,66.5,13.1,0
2020-08-20,Marketing Intern,Internship,Remote,Gaming,Sydney,Copeland-Klein,Small,3.0,1,1,25,1,61343.0,0,1,2563,2101,3,51,13,13,0,8.4,Corporate,0,31.2,0,37,0,63.0,37.6,0
2022-01-16,Frontend Developer,Internship,Remote,FinTech,San Francisco,Duncan and Sons,Startup,5.0,1,1,52,1,23310.0,0,1,1064,1776,3,56,55,31,0,3.2,Corporate,0,14.4,1,60,22,44.3,61.4,1
2020-11-22,AI Research Intern,Part-Time,Remote,EdTech,Dubai,"Barnes, Lewis and Walker",Medium,37.0,1,1,448,0,36490.0,0,0,0,1704,3,0,4,18,0,8.5,Corporate,0,24.3,1,17,36,69.6,5.6,0
2023-03-07,AI Research Intern,Full-Time,Remote,Marketing,Bangalore,Watts-Guerrero,Small,17.0,1,0,217,1,30834.0,0,0,0,2402,1,55,55,15,0,0.0,Corporate,0,19.4,1,32,56,53.5,63.0,1
2021-05-31,AI Research Intern,Contract,Remote,E-Commerce,New York,"Snyder, Parker and Hale",Small,17.0,1,1,181,1,11277.0,0,0,0,2048,6,14,54,47,0,8.3,Corporate,0,7.4,1,44,11,92.7,20.3,0
2022-07-15,Marketing Intern,Internship,Onsite,Marketing,Toronto,"Scott, Bowman and Ortega",Small,27.0,0,1,343,0,43936.0,0,1,4545,2291,2,11,41,57,0,3.3,Corporate,0,20.2,0,4,54,54.4,74.4,1
2024-01-04,Frontend Developer,Full-Time,Remote,Healthcare,Sydney,"Gallegos, Maddox and Burton",Medium,38.0,0,0,449,1,19078.0,0,0,0,2199,3,15,36,47,0,1.7,Free,1,10.6,1,3,39,40.0,79.6,1
2023-06-24,Cloud Engineer,Internship,Hybrid,Marketing,Bangalore,Golden-Jones,Startup,23.0,0,1,296,0,28437.0,0,0,0,1909,5,19,16,24,0,0.0,Free,1,36.3,1,41,0,52.7,36.4,0
2025-02-08,Cloud Engineer,Contract,Onsite,EdTech,Toronto,"Ponce, Horne and Edwards",Small,37.0,1,1,439,1,11012.0,0,0,0,1953,5,5,47,0,0,2.6,Free,1,23.5,0,0,28,33.3,44.4,0
2022-11-10,ML Engineer,Contract,Remote,Software,Dubai,"Price, Burke and Powell",Startup,24.0,1,1,286,1,43969.0,0,0,0,1018,2,54,87,59,0,5.9,Corporate,0,25.4,0,20,19,58.6,24.8,0
2018-01-29,Backend Developer,Internship,Remote,Gaming,Berlin,Kelly-Edwards,Startup,36.0,1,1,431,1,47870.0,0,0,0,2390,6,31,50,17,0,0.0,Free,1,1.0,1,0,0,77.2,21.0,0
2020-06-17,Cybersecurity Analyst,Part-Time,Hybrid,Cybersecurity,Toronto,Case Ltd,Startup,33.0,1,1,402,1,46193.0,0,0,0,2987,3,7,45,36,0,7.0,Corporate,0,20.7,1,48,7,66.7,6.6,0
2025-05-29,Data Science Intern,Part-Time,Remote,Marketing,San Francisco,Sanchez-Parks,Startup,8.0,1,0,90,1,51442.0,0,0,0,1967,1,0,50,18,0,6.0,Corporate,0,9.4,1,0,45,52.3,20.6,0
2018-11-11,ML Engineer,Part-Time,Remote,Cybersecurity,Toronto,"Calhoun, Salazar and Khan",Startup,39.0,1,0,476,1,55944.0,0,0,0,1706,2,43,75,37,0,7.7,Corporate,0,1.0,1,0,9,51.5,42.1,0
2024-11-08,Marketing Intern,Full-Time,Remote,FinTech,Berlin,Lee-Bolton,Startup,17.0,1,1,218,1,6093.0,0,0,0,1550,2,51,31,30,1,9.5,Corporate,0,23.3,1,31,28,32.2,61.8,1
2018-01-25,Cloud Engineer,Contract,Remote,Cybersecurity,Toronto,Arnold Ltd,Medium,28.0,0,1,332,1,20063.0,0,0,0,2268,2,40,48,79,0,5.1,Free,1,32.1,1,13,40,26.9,95.2,1
2020-06-16,Marketing Intern,Part-Time,Remote,FinTech,San Francisco,Marquez-Hernandez,Enterprise,27.0,1,0,327,0,19788.0,0,0,0,2380,2,36,15,4,0,2.9,Corporate,0,25.1,1,14,30,56.2,26.0,0
2026-09-29,Marketing Intern,Contract,Hybrid,EdTech,Berlin,Owens-Clark,Small,33.0,1,1,402,1,53491.0,0,0,0,1476,1,47,60,0,0,8.7,Free,1,21.1,1,30,10,71.2,25.6,0
2025-12-04,Marketing Intern,Part-Time,Remote,EdTech,Berlin,Wagner PLC,Medium,13.0,1,0,148,0,36860.0,0,0,0,2352,3,38,38,24,0,5.6,Corporate,0,34.0,1,45,19,33.4,53.6,1
2021-06-03,UI/UX Designer,Contract,Remote,Software,Singapore,Duncan-Garcia,Startup,32.0,1,1,360,1,23750.0,0,0,0,1748,3,27,32,3,0,4.3,Corporate,0,17.5,1,26,6,76.3,0.2,0
2022-06-23,Cybersecurity Analyst,Full-Time,Remote,Gaming,Dubai,Dickerson PLC,Startup,,1,1,288,1,34485.0,0,0,0,1570,2,26,46,8,0,0.0,Corporate,0,10.6,1,32,0,71.2,0.0,0
2025-06-19,Cybersecurity Analyst,Part-Time,Hybrid,EdTech,Sydney,Gomez Ltd,Small,26.0,1,1,294,1,66998.0,0,0,0,1531,6,30,73,38,0,5.3,Corporate,0,1.8,0,0,12,45.5,30.8,0
2019-03-02,UI/UX Designer,Part-Time,Remote,Cybersecurity,Sydney,"Brock, Small and Atkinson",Enterprise,3.0,0,1,47,1,39672.0,0,0,0,2929,3,17,32,23,0,0.7,Corporate,0,38.5,1,35,0,62.6,16.7,0
2018-10-17,Marketing Intern,Full-Time,Remote,E-Commerce,Toronto,Rose-Hernandez,Medium,16.0,1,1,183,0,8845.0,0,0,0,823,4,0,74,28,0,6.4,Corporate,0,9.7,1,44,12,78.1,7.0,0
2020-08-05,AI Research Intern,Full-Time,Remote,Healthcare,San Francisco,"Nicholson, Baker and Pollard",Small,11.0,1,0,134,1,45161.0,0,0,0,2766,0,48,20,20,0,5.8,Corporate,0,16.3,1,5,13,62.0,27.7,0
2025-02-11,Data Science Intern,Full-Time,Remote,E-Commerce,Dubai,Rangel-Haynes,Enterprise,38.0,1,1,449,1,46375.0,0,0,0,1493,4,16,0,11,0,1.6,Corporate,0,25.5,1,36,22,49.7,20.0,0
2019-03-02,Data Science Intern,Full-Time,Hybrid,FinTech,Toronto,"Wolfe, Lopez and King",Medium,28.0,1,1,319,1,11475.0,0,1,1163,1865,1,64,70,28,0,5.9,Corporate,0,1.0,1,30,0,51.6,50.1,1
2023-02-12,Frontend Developer,Part-Time,Onsite,Gaming,Bangalore,Martin-Raymond,Medium,17.0,1,1,196,1,46311.0,0,0,0,1757,5,16,19,31,0,3.9,Corporate,0,20.0,0,14,37,56.9,27.5,0
2021-07-09,Cybersecurity Analyst,Full-Time,Onsite,Software,Singapore,Lane LLC,Medium,6.0,0,1,51,1,39805.0,0,0,0,1866,2,3,3,60,0,3.2,Corporate,0,19.3,1,30,47,45.5,21.8,0
2019-02-10,Data Science Intern,Internship,Remote,Cybersecurity,Dubai,Brown LLC,Startup,1.0,0,1,8,1,36541.0,0,0,0,1169,1,3,69,25,0,3.4,Corporate,0,17.6,1,30,11,68.8,40.4,0
2021-09-21,UI/UX Designer,Internship,Onsite,Cybersecurity,Dubai,Miller-Thompson,Medium,27.0,1,1,334,0,35687.0,0,1,3581,1004,8,26,0,46,0,0.0,Corporate,0,29.7,1,26,45,9.8,73.3,1
2021-10-29,Marketing Intern,Internship,Hybrid,Cybersecurity,Bangalore,Figueroa-Mcknight,Medium,16.0,1,1,170,1,41298.0,0,1,3520,1664,1,41,67,24,0,7.9,Free,1,35.7,1,0,52,56.0,73.9,1
2021-02-07,AI Research Intern,Internship,Remote,Marketing,San Francisco,Skinner Group,Enterprise,38.0,1,0,456,1,53162.0,0,0,0,1959,4,64,30,16,0,6.2,Corporate,0,4.6,1,36,28,50.2,46.2,0
2022-12-05,AI Research Intern,Contract,Onsite,FinTech,Berlin,Smith and Sons,Medium,39.0,1,1,470,0,43667.0,0,0,0,1603,1,0,55,56,0,3.6,Corporate,0,17.0,0,25,18,53.3,19.4,0
2021-07-10,UI/UX Designer,Full-Time,Remote,E-Commerce,London,"Miller, Foster and Lewis",Enterprise,25.0,1,1,296,0,26354.0,0,0,0,1182,4,49,29,22,0,6.3,Corporate,0,5.4,1,0,19,23.4,26.7,0
2022-03-31,Cloud Engineer,Internship,Remote,EdTech,Berlin,Stone-Choi,Enterprise,30.0,0,0,350,0,5175.0,0,0,0,1443,3,36,41,5,0,7.5,Free,1,20.8,1,1,18,34.9,77.2,1
2025-10-27,AI Research Intern,Full-Time,Hybrid,EdTech,Singapore,Williams-Moreno,Small,21.0,0,1,249,1,10880.0,0,0,0,1879,4,44,55,19,0,4.3,Corporate,0,25.5,0,68,36,44.8,47.3,0
2020-06-28,AI Research Intern,Part-Time,Remote,FinTech,Sydney,Schwartz-Carrillo,Startup,23.0,1,0,283,1,48596.0,0,0,0,833,5,8,16,28,1,9.7,Corporate,0,25.3,1,10,40,64.8,50.2,1
2023-09-04,Backend Developer,Internship,Remote,Healthcare,New York,Gilmore-Carr,Startup,1.0,0,1,15,0,35874.0,0,0,0,2850,4,16,26,43,0,3.9,Corporate,0,24.1,0,38,12,61.6,30.7,0
2019-02-15,UI/UX Designer,Contract,Onsite,EdTech,Singapore,Richardson Ltd,Small,13.0,1,0,169,0,36147.0,0,0,0,2234,3,54,6,9,0,2.8,Corporate,0,29.6,1,45,47,27.3,46.9,0
2026-03-25,UI/UX Designer,Contract,Remote,Cybersecurity,Toronto,Wilson-Herring,Medium,11.0,0,1,124,1,34441.0,0,0,0,2089,2,29,48,35,0,2.8,Corporate,0,9.2,1,0,0,50.7,33.2,0
2018-08-13,Marketing Intern,Contract,Remote,Gaming,Singapore,Mayer-Wilson,Enterprise,2.0,1,1,38,1,7091.0,0,0,0,1673,2,28,86,6,0,0.0,Corporate,0,3.0,1,2,12,79.3,28.9,0
2020-03-17,AI Research Intern,Part-Time,Remote,AI,San Francisco,Sanchez-Mcintyre,Startup,2.0,1,1,21,0,32139.0,0,0,0,1640,3,0,75,53,0,6.1,Corporate,0,2.4,0,17,1,48.2,45.4,0
2019-06-18,UI/UX Designer,Internship,Onsite,Gaming,Toronto,Park and Sons,Startup,35.0,0,1,432,0,34773.0,0,0,0,1671,3,40,9,16,0,0.9,Free,1,11.7,1,40,37,35.5,36.4,0
2025-10-03,Marketing Intern,Internship,Remote,EdTech,Berlin,"Clark, Jennings and Bentley",Startup,38.0,0,1,474,1,28453.0,0,0,0,1955,2,10,6,39,0,8.0,Corporate,0,2.6,1,28,12,55.1,33.0,0
2024-01-06,Marketing Intern,Part-Time,Hybrid,E-Commerce,New York,"Hernandez, Cameron and Garcia",Small,33.0,1,1,368,1,24886.0,0,0,0,1728,3,9,18,0,0,5.0,Corporate,0,13.0,1,47,13,59.7,0.0,0
2025-04-13,Cloud Engineer,Part-Time,Hybrid,Healthcare,Berlin,Mckinney-Lucas,Startup,36.0,1,1,461,1,19875.0,0,0,0,1860,4,41,57,0,0,5.5,Free,1,20.6,1,57,3,77.7,28.0,0
2025-09-04,Backend Developer,Internship,Hybrid,E-Commerce,San Francisco,Carrillo and Sons,Medium,10.0,1,1,86,1,40505.0,0,0,0,2043,1,44,1,16,0,6.1,Corporate,0,16.6,1,0,26,69.5,14.8,0
2018-11-25,Marketing Intern,Contract,Remote,Healthcare,Bangalore,"Johnson, Hull and Smith",Small,30.0,1,1,378,1,21959.0,0,0,0,1416,7,45,28,4,0,10.1,Corporate,0,35.3,1,40,0,59.4,10.0,0
2020-02-25,ML Engineer,Part-Time,Onsite,Healthcare,Sydney,"Ross, Rivera and Jordan",Medium,34.0,1,1,406,1,13416.0,0,0,0,1814,4,0,36,0,0,1.9,Corporate,0,10.0,1,0,36,79.6,4.4,0
2025-03-13,Cloud Engineer,Full-Time,Remote,Gaming,New York,Davis Group,Enterprise,37.0,0,1,439,1,46934.0,0,0,0,682,0,45,8,40,0,3.6,Corporate,0,32.3,1,26,9,61.0,34.6,0
2019-11-23,Cybersecurity Analyst,Full-Time,Remote,FinTech,Berlin,Bowen LLC,Medium,,1,1,397,1,39525.0,0,0,0,1206,4,32,17,37,0,5.7,Free,1,8.4,1,9,22,67.0,41.8,0
2025-06-09,Frontend Developer,Full-Time,Remote,Cybersecurity,San Francisco,Brown Group,Medium,19.0,0,1,217,1,37015.0,0,0,0,2331,5,13,42,39,0,3.8,Free,1,22.3,0,44,10,66.4,49.1,0
2022-11-11,ML Engineer,Internship,Remote,EdTech,Dubai,"Wilson, Wells and Morgan",Medium,10.0,1,0,106,1,20844.0,0,0,0,1289,7,50,23,14,0,9.7,Corporate,0,23.3,1,62,27,53.4,37.3,0
2022-02-22,ML Engineer,Contract,Remote,Marketing,Berlin,"Webster, Mitchell and Davis",Small,31.0,1,1,374,1,61267.0,0,0,0,747,4,44,50,48,0,6.7,Corporate,0,1.0,1,59,33,51.1,37.6,0
2021-06-09,AI Research Intern,Full-Time,Hybrid,Cybersecurity,Dubai,Powell-Richardson,Enterprise,4.0,1,1,48,1,24320.0,0,0,0,1728,5,32,47,22,0,12.3,Corporate,0,30.3,1,32,0,61.9,13.9,0
2026-01-18,Data Science Intern,Contract,Remote,Gaming,Dubai,Harrington-Gonzalez,Startup,39.0,1,1,444,1,44222.0,0,0,0,2072,3,42,58,71,0,4.3,Corporate,0,27.1,1,37,53,,54.9,1
2018-07-10,Marketing Intern,Internship,Remote,Gaming,Sydney,Barajas and Sons,Medium,25.0,1,1,317,0,22226.0,0,0,0,1940,3,20,59,22,0,4.6,Corporate,0,23.9,1,42,31,36.7,24.5,0
2018-08-27,Marketing Intern,Part-Time,Hybrid,Gaming,San Francisco,Wall-Kramer,Small,10.0,1,1,129,1,40023.0,0,0,0,660,2,38,12,7,0,0.0,Corporate,0,35.3,1,16,0,60.3,0.0,0
2022-01-04,AI Research Intern,Contract,Remote,E-Commerce,Toronto,"Walsh, Barnes and Smith",Startup,36.0,1,1,425,0,27935.0,0,0,0,1165,2,56,22,27,0,9.2,Corporate,0,24.9,1,2,0,54.2,8.6,0
2018-02-10,Frontend Developer,Internship,Hybrid,EdTech,New York,Holmes LLC,Startup,2.0,1,1,28,1,51004.0,0,0,0,598,2,3,65,15,0,8.6,Corporate,0,12.5,1,24,18,73.6,9.3,0
2026-10-20,Cloud Engineer,Full-Time,Remote,Cybersecurity,San Francisco,Murphy-Rogers,Small,36.0,1,1,411,0,46180.0,0,0,0,1720,2,40,34,45,0,4.4,Free,1,18.2,1,7,7,49.4,33.1,0
2026-07-05,Data Science Intern,Contract,Remote,EdTech,Singapore,Gould-Wilkins,Startup,19.0,1,1,209,0,24089.0,0,1,3595,2958,3,15,50,26,0,6.6,Free,1,30.5,1,17,0,68.9,58.4,1
2023-06-07,Data Science Intern,Internship,Onsite,Cybersecurity,New York,Morris-Wilson,Startup,29.0,1,1,336,1,23005.0,0,0,0,892,2,39,49,3,0,3.7,Corporate,0,20.9,0,0,18,38.5,17.8,0
2020-03-29,Cybersecurity Analyst,Full-Time,Remote,E-Commerce,Singapore,Woodard Group,Startup,7.0,0,1,91,1,49422.0,0,1,3691,1640,6,50,40,0,0,2.6,Free,1,24.3,1,4,40,25.9,100.0,1
2024-12-20,Cloud Engineer,Contract,Remote,Healthcare,Toronto,"Gomez, Williams and Maldonado",Enterprise,13.0,0,1,147,0,78387.0,0,0,0,2458,3,3,0,0,0,4.8,Free,1,16.9,0,24,33,60.9,37.1,0
2020-12-20,Cloud Engineer,Full-Time,Remote,EdTech,Singapore,Gonzalez and Sons,Medium,36.0,1,1,434,1,39956.0,0,0,0,1549,1,19,41,26,0,9.4,Free,1,9.2,1,64,8,90.0,14.2,0
2018-11-30,Data Science Intern,Internship,Hybrid,Healthcare,Bangalore,Ramos-Powell,Medium,2.0,1,1,45,1,29942.0,0,0,0,2249,5,26,59,33,0,7.3,Corporate,0,2.4,1,15,2,78.0,30.7,0
2020-10-09,Frontend Developer,Contract,Onsite,AI,Berlin,Johnson-Hays,Small,10.0,1,1,126,1,37560.0,0,0,0,2540,1,26,17,18,0,3.1,Corporate,0,21.4,1,30,4,74.8,0.0,0
2025-09-23,Cloud Engineer,Contract,Remote,FinTech,San Francisco,"Lucas, Tate and Andrews",Enterprise,15.0,1,1,191,1,21525.0,0,0,0,1632,1,31,17,0,0,5.8,Corporate,0,1.0,1,0,30,64.1,3.0,0
2026-10-04,Backend Developer,Part-Time,Hybrid,EdTech,Bangalore,"Bradshaw, Mann and Morris",Startup,21.0,0,1,268,0,38286.0,0,0,0,1614,6,32,35,37,0,5.8,Corporate,0,22.2,0,50,34,13.1,50.4,1
2025-09-23,Cloud Engineer,Internship,Hybrid,EdTech,Singapore,Stewart and Sons,Medium,25.0,1,0,312,0,12127.0,0,0,0,1050,1,20,34,35,0,6.6,Free,1,24.6,1,34,29,56.8,43.2,0
2023-03-21,Marketing Intern,Full-Time,Remote,E-Commerce,Toronto,Butler PLC,Enterprise,1.0,1,1,10,1,34793.0,0,0,0,2090,1,26,40,22,0,4.5,Corporate,0,29.8,1,41,43,57.7,37.2,0
2019-10-16,Cybersecurity Analyst,Internship,Hybrid,EdTech,San Francisco,Golden-Wright,Medium,12.0,1,1,139,1,43799.0,0,0,0,1577,1,38,54,30,0,7.6,Corporate,0,1.0,1,22,25,59.6,19.8,0
2022-03-07,AI Research Intern,Internship,Remote,Software,Berlin,"Mitchell, Chaney and Rodriguez",Startup,30.0,0,1,360,1,49167.0,0,0,0,1457,2,48,46,19,0,2.0,Corporate,0,30.1,1,25,44,15.8,48.4,0
2020-02-10,Cloud Engineer,Part-Time,Onsite,Gaming,Toronto,Mercado-Hanson,Medium,24.0,1,0,299,0,27403.0,0,0,0,2393,6,18,71,5,0,6.4,Corporate,0,1.0,0,48,25,52.0,37.7,0
2019-11-05,Backend Developer,Contract,Hybrid,Healthcare,Toronto,Hoffman-Martinez,Startup,7.0,0,1,83,1,36191.0,0,0,0,1832,1,52,9,0,0,1.9,Corporate,0,13.6,1,0,0,46.7,4.5,0
2018-07-20,Backend Developer,Internship,Hybrid,AI,Bangalore,"Moss, Stewart and Diaz",Enterprise,21.0,1,1,251,1,35795.0,0,0,0,2789,4,18,36,4,0,6.4,Corporate,0,31.7,1,11,6,65.1,10.1,0
2023-07-22,Backend Developer,Part-Time,Hybrid,FinTech,New York,"Anderson, Martin and Wilson",Enterprise,9.0,1,1,87,0,20086.0,0,0,0,2077,7,47,36,29,0,13.6,Corporate,0,17.3,0,28,29,25.6,48.1,0
2024-03-08,AI Research Intern,Part-Time,Hybrid,Software,Singapore,Marshall-Calderon,Medium,13.0,1,1,157,0,34768.0,0,1,3295,2310,4,0,36,1,0,8.0,Free,1,16.1,1,30,32,60.7,37.0,0
2023-01-25,ML Engineer,Part-Time,Remote,Gaming,Berlin,Frye-Turner,Startup,18.0,0,1,224,1,54915.0,0,0,0,2774,8,60,5,13,0,2.4,Corporate,0,9.8,1,52,18,29.7,52.5,1
2022-12-26,Cybersecurity Analyst,Contract,Onsite,Gaming,Berlin,Shaw LLC,Startup,31.0,1,1,396,1,68118.0,0,0,0,2496,3,13,83,40,0,6.1,Corporate,0,18.2,1,17,24,69.5,31.1,0
2019-09-21,Backend Developer,Internship,Hybrid,FinTech,New York,Horne Ltd,Small,13.0,1,1,170,1,54036.0,0,0,0,1859,3,0,69,37,0,0.9,Corporate,0,27.1,0,17,19,74.9,12.3,0
2021-08-12,AI Research Intern,Full-Time,Hybrid,Gaming,San Francisco,"Watkins, Bonilla and Thompson",Startup,16.0,1,1,175,1,29957.0,0,0,0,2152,3,27,41,1,0,6.8,Corporate,0,23.0,1,34,20,66.9,9.1,0
2022-05-06,Frontend Developer,Internship,Hybrid,Healthcare,Dubai,"Fox, Wagner and Lane",Small,13.0,0,1,133,1,6700.0,0,0,0,2007,5,34,26,57,0,1.2,Free,1,7.3,1,4,33,38.3,68.7,1
2024-03-01,Backend Developer,Full-Time,Hybrid,Cybersecurity,London,Moon and Sons,Small,17.0,1,1,191,1,18204.0,0,0,0,1437,1,47,50,13,0,0.0,Corporate,0,24.4,1,24,29,47.7,34.2,0
2025-08-27,Marketing Intern,Part-Time,Onsite,FinTech,Sydney,Bennett and Sons,Medium,33.0,0,1,396,1,61346.0,0,0,0,1415,5,24,61,32,0,4.9,Free,1,20.8,1,50,45,32.0,68.7,1
2020-11-01,Cybersecurity Analyst,Part-Time,Onsite,Cybersecurity,Dubai,Long-Walter,Enterprise,13.0,0,0,188,1,20500.0,0,0,0,1846,3,63,28,42,0,3.4,Corporate,0,15.7,1,19,42,32.3,71.9,1
2019-09-28,AI Research Intern,Part-Time,Remote,EdTech,Bangalore,Garza-Jones,Small,2.0,1,0,37,1,61705.0,0,0,0,1131,2,8,45,28,0,4.9,Free,1,40.7,1,1,36,44.9,65.5,1
2022-10-16,AI Research Intern,Part-Time,Onsite,Marketing,London,Peterson-Oneill,Startup,17.0,0,0,205,1,34811.0,0,0,0,1456,6,36,34,33,0,9.1,Free,1,17.4,1,46,2,42.4,60.2,1
2020-02-05,UI/UX Designer,Part-Time,Onsite,Marketing,Sydney,Shah Ltd,Startup,33.0,1,1,384,1,47829.0,0,0,0,1596,2,7,43,22,0,4.8,Corporate,0,18.4,1,36,0,69.9,0.0,0
2022-01-09,AI Research Intern,Full-Time,Remote,FinTech,Toronto,Hopkins LLC,Small,5.0,1,1,50,1,54148.0,0,0,0,1950,2,32,53,40,0,0.6,Corporate,0,21.5,0,40,0,64.7,19.9,0
2022-11-12,Backend Developer,Contract,Remote,Software,Singapore,Obrien PLC,Small,9.0,1,1,109,1,35051.0,0,0,0,1626,5,34,59,28,0,8.4,Free,1,28.7,0,17,37,53.5,56.8,1
2019-10-13,Data Science Intern,Contract,Remote,Cybersecurity,Berlin,Owens Group,Startup,2.0,1,1,50,1,51524.0,0,0,0,1301,2,27,22,8,0,1.2,Corporate,0,32.0,1,15,16,67.6,16.9,0
2026-10-28,Frontend Developer,Full-Time,Remote,Gaming,San Francisco,Buckley-Johnson,Small,23.0,1,1,288,1,44764.0,0,0,0,1750,3,31,37,33,1,6.2,Free,1,12.0,0,58,60,36.3,83.5,1
2026-01-11,Backend Developer,Contract,Remote,EdTech,Toronto,Hamilton-Casey,Medium,24.0,0,1,286,0,14690.0,0,0,0,2038,2,10,42,31,0,0.0,Corporate,0,20.1,0,0,15,67.2,18.3,0
2018-04-16,Data Science Intern,Contract,Onsite,FinTech,Singapore,"Hernandez, Lopez and Golden",Startup,24.0,1,0,313,1,2000.0,0,0,0,1362,3,43,100,32,0,6.4,Corporate,0,14.5,1,40,15,46.7,62.1,1
2024-06-20,Cloud Engineer,Internship,Hybrid,Gaming,Berlin,Garrett-Levy,Medium,4.0,1,1,57,1,45486.0,0,0,0,375,3,16,17,27,0,3.7,Corporate,0,18.9,1,16,19,65.4,4.9,0
2024-07-01,Backend Developer,Part-Time,Hybrid,EdTech,San Francisco,Martinez PLC,Small,5.0,1,1,62,1,51881.0,0,1,3046,1812,4,34,26,0,0,4.7,Corporate,0,17.8,1,22,45,47.7,63.4,1
2023-12-25,Data Science Intern,Contract,Onsite,Healthcare,Sydney,"Jacobs, Brown and Ortiz",Small,14.0,0,1,156,1,15786.0,0,0,0,1378,1,60,0,41,1,9.9,Corporate,0,11.0,1,34,8,43.6,55.8,1
2025-06-02,Cloud Engineer,Part-Time,Remote,Cybersecurity,Berlin,Mclaughlin PLC,Small,16.0,1,1,166,0,27790.0,0,0,0,2079,2,15,90,1,0,7.8,Corporate,0,10.1,1,28,39,44.4,26.1,0
2026-07-12,UI/UX Designer,Internship,Remote,Software,Dubai,Everett Ltd,Medium,10.0,0,1,121,0,31486.0,0,1,938,1567,6,0,62,23,0,0.1,Corporate,0,1.0,1,56,40,30.4,70.9,1
2020-01-17,Backend Developer,Part-Time,Remote,Marketing,London,"Finley, Jones and Anderson",Medium,33.0,1,1,388,1,41148.0,0,0,0,589,5,22,36,47,0,5.5,Corporate,0,8.1,1,31,30,65.1,25.0,0
2019-08-18,Data Science Intern,Internship,Remote,Software,Bangalore,Morales Group,Medium,38.0,1,1,471,1,40682.0,0,0,0,1095,3,29,22,50,0,4.8,Corporate,0,30.7,1,22,29,70.1,17.0,0
2019-03-09,Data Science Intern,Contract,Hybrid,AI,Toronto,Dunn and Sons,Startup,14.0,0,1,171,0,35384.0,0,0,0,1478,2,50,13,64,0,6.9,Corporate,0,16.1,1,42,0,38.6,38.4,0
2026-09-27,ML Engineer,Part-Time,Remote,Marketing,New York,Vega-Mills,Small,29.0,1,1,327,1,62168.0,0,0,0,2270,4,36,45,31,0,1.3,Corporate,0,16.2,1,29,23,48.0,15.0,0
2020-07-29,UI/UX Designer,Part-Time,Hybrid,AI,New York,Thomas-Cox,Small,21.0,1,1,260,1,36984.0,0,0,0,2019,3,15,50,10,0,4.0,Corporate,0,10.6,1,3,4,57.8,11.3,0
2019-11-11,Marketing Intern,Contract,Remote,E-Commerce,Singapore,Patel-Moss,Startup,15.0,1,1,178,1,26257.0,0,0,0,1495,2,35,49,34,0,3.2,Corporate,0,27.3,0,33,0,71.0,4.1,0
2022-12-14,Data Science Intern,Part-Time,Remote,FinTech,New York,"Huffman, Carter and Evans",Small,6.0,1,1,55,1,75349.0,0,0,0,2425,1,15,60,0,1,8.3,Free,1,15.1,1,7,37,44.9,48.8,0
2025-08-07,Marketing Intern,Part-Time,Onsite,EdTech,Bangalore,"Hart, Carter and Garcia",Startup,13.0,1,1,166,0,34566.0,0,0,0,1300,4,28,94,37,1,2.3,Corporate,0,6.2,0,6,4,67.9,48.3,0
2025-01-11,Cloud Engineer,Full-Time,Hybrid,FinTech,Bangalore,Smith Group,Startup,28.0,1,1,336,0,44340.0,0,0,0,1909,1,35,44,12,0,4.5,Free,1,13.8,1,34,46,55.7,46.3,0
2020-04-11,AI Research Intern,Full-Time,Hybrid,E-Commerce,Toronto,Nielsen LLC,Small,17.0,1,1,207,0,46625.0,0,0,0,2014,3,32,55,42,0,5.9,Corporate,0,19.5,0,24,24,49.2,25.9,0
2026-06-02,Frontend Developer,Full-Time,Hybrid,Gaming,San Francisco,Wolfe Ltd,Startup,4.0,0,0,43,0,27557.0,0,0,0,1642,6,29,52,38,1,5.7,Free,1,18.7,0,0,18,31.4,100.0,1
2024-11-14,ML Engineer,Internship,Remote,Cybersecurity,London,"Gibson, Nicholson and Pittman",Small,37.0,1,1,432,1,23712.0,0,0,0,2221,2,33,57,44,0,9.1,Free,1,10.7,1,73,8,64.1,31.1,0
2019-09-17,UI/UX Designer,Contract,Hybrid,AI,San Francisco,Stewart LLC,Small,32.0,1,1,371,1,43904.0,0,0,0,2128,1,6,44,44,0,2.2,Corporate,0,10.5,1,17,0,83.2,0.0,0
2025-09-07,Backend Developer,Full-Time,Remote,Cybersecurity,Singapore,Martin-Waters,Medium,28.0,1,1,347,1,9492.0,0,0,0,2364,4,26,14,65,0,9.9,Corporate,0,1.0,1,0,16,56.1,19.3,0
2019-10-21,Cybersecurity Analyst,Contract,Remote,E-Commerce,Dubai,Fernandez-Brooks,Startup,15.0,1,1,181,0,15217.0,0,0,0,2240,4,23,20,28,0,4.0,Corporate,0,7.8,0,38,0,59.8,7.3,0
2020-02-21,Marketing Intern,Contract,Onsite,Software,San Francisco,Ward-Henderson,Startup,36.0,0,1,437,1,57613.0,0,0,0,1692,4,63,48,0,0,6.7,Corporate,0,16.0,0,34,13,30.6,44.8,0
2024-04-28,AI Research Intern,Internship,Onsite,Healthcare,Toronto,"Johnson, Erickson and Johnson",Startup,27.0,0,0,299,0,18957.0,0,0,0,2306,3,21,71,28,0,6.0,Corporate,0,24.7,1,27,9,52.7,42.1,0
2024-11-09,Marketing Intern,Contract,Onsite,Gaming,London,Klein-Smith,Small,24.0,1,1,287,0,14175.0,0,0,0,2265,4,0,33,38,0,3.3,Corporate,0,21.9,1,28,13,83.8,1.3,0
2023-05-22,Marketing Intern,Full-Time,Remote,Healthcare,Dubai,Bailey LLC,Medium,27.0,1,1,308,1,36479.0,0,0,0,2061,4,63,0,22,0,2.4,Corporate,0,10.5,1,32,26,32.5,38.3,0
2026-05-19,ML Engineer,Full-Time,Remote,AI,New York,Floyd-Mcdonald,Medium,24.0,1,1,292,0,23732.0,0,0,0,1576,5,29,46,65,0,7.9,Corporate,0,29.6,0,11,0,60.6,20.1,0
2020-12-30,Data Science Intern,Contract,Remote,E-Commerce,London,Ferguson and Sons,Small,36.0,1,1,431,0,45824.0,0,0,0,2434,2,0,56,43,0,7.8,Corporate,0,19.3,1,17,8,67.4,10.5,0
2019-09-10,Frontend Developer,Full-Time,Remote,Marketing,New York,Brown and Sons,Medium,5.0,1,1,68,0,50723.0,0,0,0,1042,1,44,82,20,0,4.7,Corporate,0,26.8,1,23,24,48.4,27.7,0
2023-12-13,Cloud Engineer,Internship,Hybrid,Healthcare,Bangalore,Walker PLC,Startup,32.0,1,1,393,0,21005.0,0,0,0,3121,5,14,57,14,1,2.8,Corporate,0,39.6,1,15,28,49.4,50.8,1
2022-07-08,ML Engineer,Internship,Remote,Cybersecurity,Dubai,Fowler-Prince,Small,5.0,1,1,75,0,31855.0,0,0,0,2360,1,50,32,8,0,7.0,Corporate,0,23.2,1,37,34,19.5,36.6,0
2018-11-04,Frontend Developer,Part-Time,Remote,Healthcare,New York,"Jefferson, Hill and Davis",Medium,,0,1,120,1,38641.0,0,0,0,2410,4,31,82,22,0,1.0,Corporate,0,24.8,1,30,61,31.7,60.3,1
2025-06-25,Data Science Intern,Internship,Remote,Healthcare,Toronto,Christian PLC,Medium,4.0,0,1,59,0,70155.0,0,0,0,2250,1,53,97,44,0,7.0,Corporate,0,2.2,0,13,23,36.0,67.1,1
2019-05-22,Marketing Intern,Full-Time,Hybrid,FinTech,Berlin,Dawson-Young,Medium,35.0,1,1,435,1,21508.0,0,0,0,1118,1,43,57,35,0,7.0,Corporate,0,34.8,1,32,16,65.2,13.2,0
2023-05-01,Cloud Engineer,Part-Time,Hybrid,E-Commerce,Singapore,Singleton PLC,Enterprise,22.0,0,1,262,1,43646.0,0,0,0,1056,5,17,54,56,0,7.9,Corporate,0,34.1,1,8,27,67.9,39.6,0
2026-03-16,Data Science Intern,Part-Time,Hybrid,EdTech,San Francisco,"Ramsey, Schultz and Elliott",Small,34.0,1,1,397,1,27132.0,0,0,0,311,1,42,62,28,0,4.8,Corporate,0,8.9,1,16,31,45.9,23.2,0
2022-05-15,Data Science Intern,Contract,Onsite,Marketing,Singapore,Anderson-Thomas,Startup,30.0,1,0,337,1,25004.0,0,0,0,1299,4,25,27,19,1,4.8,Free,1,20.8,1,48,29,47.4,69.9,1
2025-12-28,Marketing Intern,Full-Time,Onsite,Cybersecurity,Bangalore,Dalton-Hall,Small,13.0,1,1,189,0,45571.0,0,1,1564,1647,2,56,29,18,0,3.9,Corporate,0,14.1,1,69,0,43.9,36.3,0
2018-04-09,Backend Developer,Internship,Remote,E-Commerce,San Francisco,Curtis-Smith,Startup,5.0,1,1,54,1,64782.0,0,0,0,2105,2,51,46,31,0,4.9,Free,1,13.9,1,17,10,47.2,52.2,1
2026-07-28,Frontend Developer,Part-Time,Onsite,Software,New York,Cuevas Ltd,Enterprise,21.0,1,0,262,1,18788.0,0,0,0,1299,6,34,65,3,0,5.8,Corporate,0,18.1,0,9,16,51.1,44.1,0
2019-02-06,ML Engineer,Part-Time,Hybrid,EdTech,Bangalore,Hutchinson LLC,Medium,10.0,0,1,97,1,35802.0,0,0,0,1655,4,61,78,40,0,5.9,Corporate,0,29.2,1,50,31,15.7,65.0,1
2025-10-23,Cybersecurity Analyst,Contract,Remote,Gaming,New York,Hamilton-Williams,Small,25.0,1,1,299,0,37391.0,0,0,0,1257,2,61,33,0,0,6.0,Free,1,29.5,1,57,0,54.2,25.9,0
2019-03-06,Cybersecurity Analyst,Full-Time,Hybrid,EdTech,Berlin,"Mcknight, Ali and Pace",Small,21.0,1,1,275,0,46605.0,0,0,0,2499,2,24,20,60,0,3.9,Corporate,0,18.5,0,0,0,69.7,0.0,0
2024-12-04,Cloud Engineer,Full-Time,Onsite,AI,Berlin,"Baldwin, Powell and Banks",Medium,39.0,1,1,447,1,29849.0,0,0,0,2933,4,40,12,30,0,2.8,Corporate,0,1.5,1,19,3,66.5,2.3,0
2023-05-29,Cybersecurity Analyst,Contract,Hybrid,EdTech,Berlin,Young-Daniels,Enterprise,33.0,1,0,428,1,34534.0,0,1,2894,486,3,49,57,36,0,6.0,Free,1,23.6,1,5,25,49.8,92.8,1
2025-04-29,AI Research Intern,Full-Time,Onsite,Gaming,Toronto,"Boone, Lopez and Martinez",Enterprise,22.0,1,1,255,0,36514.0,0,0,0,2829,1,37,61,12,0,5.1,Corporate,0,11.6,1,49,13,80.6,9.4,0
2019-10-30,Backend Developer,Full-Time,Remote,AI,Sydney,Jones-Bradley,Startup,1.0,1,0,1,0,33600.0,0,0,0,1355,4,51,52,24,0,11.8,Corporate,0,27.3,1,48,25,49.6,63.7,1
2020-04-11,Frontend Developer,Internship,Hybrid,E-Commerce,Berlin,Perry-Frye,Startup,7.0,1,1,90,1,19224.0,0,0,0,1439,5,16,50,54,0,9.4,Free,1,25.6,1,20,48,62.3,55.7,1
2022-07-01,Cloud Engineer,Part-Time,Remote,Gaming,New York,"Green, Manning and Decker",Medium,20.0,0,1,243,0,43215.0,0,0,0,2380,3,24,76,24,0,6.8,Free,1,19.4,1,22,17,67.3,45.8,0
2021-11-21,Backend Developer,Full-Time,Remote,EdTech,New York,Ortiz Ltd,Small,36.0,1,1,429,0,31863.0,0,0,0,2769,2,13,16,6,0,8.7,Corporate,0,20.7,0,0,13,79.2,0.0,0
2022-10-22,Frontend Developer,Part-Time,Remote,E-Commerce,Toronto,Rivera and Sons,Small,7.0,1,1,97,0,37442.0,0,0,0,896,1,40,84,1,0,4.4,Corporate,0,11.6,1,0,22,50.6,43.4,0
2025-09-06,Cloud Engineer,Contract,Remote,AI,Singapore,Bishop-Ford,Medium,,0,1,308,0,59284.0,0,0,0,1137,1,5,34,15,0,8.4,Free,1,14.7,1,5,11,69.6,14.5,0
2021-06-24,Cloud Engineer,Full-Time,Remote,AI,Dubai,Patel-Walker,Startup,35.0,1,1,380,1,18460.0,0,0,0,424,3,41,1,27,0,7.3,Corporate,0,6.6,1,43,31,55.3,22.6,0
2020-08-20,Frontend Developer,Contract,Onsite,EdTech,San Francisco,"Thompson, Kelley and Clark",Startup,2.0,1,1,23,1,33778.0,0,0,0,2112,3,1,73,52,0,1.5,Corporate,0,21.5,1,0,20,83.7,16.7,0
2021-06-19,Marketing Intern,Internship,Remote,EdTech,San Francisco,Hernandez-Nelson,Small,1.0,1,0,1,1,46345.0,0,0,0,1206,8,55,54,28,0,3.1,Corporate,0,45.6,1,28,1,56.1,51.9,1
2021-04-03,Frontend Developer,Part-Time,Remote,Healthcare,Dubai,Fields-Pacheco,Startup,37.0,1,1,444,1,22156.0,0,0,0,1646,2,33,33,28,0,7.8,Corporate,0,22.8,1,35,41,59.4,24.8,0
2022-04-29,ML Engineer,Contract,Remote,Healthcare,London,Perkins-Hopkins,Startup,28.0,1,1,352,0,23536.0,0,0,0,1602,2,38,33,45,0,6.4,Corporate,0,14.9,1,0,13,58.5,27.3,0
2026-07-23,Frontend Developer,Contract,Hybrid,Marketing,Berlin,Wu-Alexander,Startup,14.0,1,0,149,0,56502.0,0,0,0,1809,2,56,49,0,0,8.8,Free,1,36.8,1,41,11,55.1,46.9,0
2023-06-14,AI Research Intern,Internship,Remote,Software,Berlin,Carrillo-Johnson,Startup,21.0,1,1,221,1,33066.0,0,0,0,2059,4,80,41,40,0,1.1,Corporate,0,11.2,0,22,36,45.7,39.5,0
2026-08-15,Marketing Intern,Part-Time,Remote,Software,New York,"Robertson, Ellis and Mcclure",Enterprise,8.0,1,1,112,0,35776.0,0,0,0,1675,2,0,28,32,0,7.1,Corporate,0,37.2,1,37,31,51.3,14.6,0
2020-08-05,Frontend Developer,Contract,Onsite,Software,Sydney,Gray Group,Startup,17.0,0,1,223,1,29712.0,0,0,0,1379,5,37,56,69,0,6.1,Corporate,0,12.8,1,7,3,57.7,44.4,0
2020-06-14,AI Research Intern,Part-Time,Onsite,FinTech,Dubai,Warren-Johnson,Enterprise,31.0,1,1,366,0,53548.0,0,0,0,1649,1,26,70,11,1,7.1,Corporate,0,24.8,0,15,38,45.6,37.0,0
2019-08-13,ML Engineer,Contract,Remote,FinTech,New York,"Anderson, Hunt and Thomas",Small,2.0,1,1,14,0,35164.0,0,0,0,1966,3,46,14,23,0,6.7,Corporate,0,29.7,1,31,6,40.1,21.6,0
2023-04-24,ML Engineer,Internship,Remote,EdTech,Bangalore,"Baker, Jones and Gonzalez",Medium,20.0,1,1,221,1,49282.0,0,1,630,1927,1,7,94,50,0,4.1,Corporate,0,25.0,1,28,24,70.6,47.0,0
2019-07-12,UI/UX Designer,Part-Time,Remote,Software,New York,"Miller, Jones and Scott",Startup,1.0,1,1,1,1,44542.0,0,0,0,1774,6,16,15,29,1,2.7,Corporate,0,22.0,1,5,37,59.4,59.6,1
2021-01-28,Cloud Engineer,Internship,Remote,Healthcare,Singapore,Taylor Inc,Medium,21.0,1,1,258,1,55944.0,0,0,0,3036,3,24,39,34,0,0.0,Corporate,0,7.7,1,16,36,69.9,26.2,0
2026-09-02,Cloud Engineer,Contract,Remote,Software,Sydney,"Cortez, Gonzalez and Snyder",Small,12.0,0,1,114,0,48872.0,0,0,0,2739,3,23,40,30,0,4.2,Corporate,0,27.0,1,36,0,60.3,23.2,0
2026-10-04,Data Science Intern,Part-Time,Hybrid,Healthcare,New York,"Hernandez, Bell and Davis",Medium,3.0,1,1,19,1,8980.0,0,0,0,1495,6,25,57,14,0,8.1,Free,1,24.3,1,12,32,41.7,32.5,0
2025-05-19,UI/UX Designer,Internship,Hybrid,Healthcare,Singapore,"Sheppard, Smith and Woodard",Small,11.0,0,1,121,0,26771.0,0,0,0,2614,3,46,4,46,0,0.0,Corporate,0,21.4,1,28,44,15.2,54.8,1
2024-02-10,Marketing Intern,Part-Time,Hybrid,Software,Toronto,Herring-Wilson,Startup,29.0,1,1,327,1,39451.0,0,0,0,2223,2,29,50,28,0,0.9,Free,1,40.4,1,23,18,47.6,33.8,0
2023-04-18,Cybersecurity Analyst,Part-Time,Onsite,Healthcare,London,Davis-Jackson,Startup,30.0,1,1,351,1,69903.0,0,0,0,1334,6,47,12,14,0,3.2,Corporate,0,30.6,1,20,31,45.7,30.5,0
2021-09-14,Marketing Intern,Contract,Remote,Cybersecurity,New York,Petersen-Anderson,Small,3.0,1,0,23,1,13544.0,0,0,0,2211,2,19,34,22,0,2.8,Corporate,0,14.1,1,46,26,77.4,38.6,0
2020-03-26,Data Science Intern,Internship,Remote,AI,New York,Stanton-Jackson,Startup,33.0,1,1,398,0,28855.0,0,0,0,2107,3,23,73,52,0,4.3,Corporate,0,30.2,1,70,37,44.0,31.8,0
2022-09-29,Data Science Intern,Full-Time,Remote,Cybersecurity,London,"Harvey, Camacho and Greene",Startup,2.0,0,1,35,1,41107.0,0,0,0,2181,0,11,19,30,0,2.5,Corporate,0,8.6,0,32,23,66.3,19.8,0
2020-04-27,Marketing Intern,Full-Time,Hybrid,Cybersecurity,London,"Fowler, Leblanc and Moore",Startup,,1,1,209,1,18129.0,0,0,0,1869,4,44,45,9,0,1.6,Corporate,0,2.6,1,32,22,51.7,20.6,0
2018-05-19,Frontend Developer,Contract,Hybrid,FinTech,Singapore,"Lester, Thomas and Brown",Startup,31.0,1,0,384,1,35667.0,0,0,0,1968,5,18,36,51,0,7.9,Corporate,0,21.1,1,34,4,79.8,23.0,0
2019-03-15,ML Engineer,Full-Time,Remote,Gaming,Singapore,"Gonzalez, Jones and King",Medium,12.0,0,1,117,1,4951.0,0,1,4543,2300,4,33,35,1,0,2.2,Corporate,0,1.0,1,56,58,17.0,89.0,1
2019-04-08,Frontend Developer,Contract,Remote,Cybersecurity,Bangalore,Davis-Crawford,Startup,2.0,1,1,20,1,26386.0,0,0,0,1315,4,57,0,55,0,6.4,Corporate,0,27.9,1,34,10,59.2,21.8,0
2025-07-18,Frontend Developer,Contract,Onsite,AI,Berlin,Kim-Walker,Medium,21.0,0,1,264,0,22468.0,0,0,0,1094,3,18,51,24,0,8.1,Corporate,0,32.3,1,27,11,43.1,36.3,0
2026-11-03,Data Science Intern,Part-Time,Hybrid,EdTech,London,Dickson-Baker,Enterprise,38.0,1,0,470,1,34872.0,0,0,0,2722,4,0,40,59,0,1.0,Corporate,0,20.6,1,8,23,57.1,36.9,0
2020-09-30,UI/UX Designer,Full-Time,Hybrid,Gaming,Berlin,"Jennings, Li and Ryan",Small,37.0,1,0,456,1,48127.0,0,0,0,2623,1,53,27,18,0,7.1,Corporate,0,20.9,0,29,26,53.7,29.0,0
2021-11-08,UI/UX Designer,Full-Time,Remote,E-Commerce,San Francisco,Fields Inc,Startup,13.0,1,1,175,1,20765.0,0,1,3721,2506,2,38,0,46,0,6.9,Corporate,0,1.0,1,53,36,43.0,49.0,0
2019-04-08,Data Science Intern,Contract,Remote,Cybersecurity,Toronto,Olson LLC,Medium,12.0,1,0,122,1,43296.0,0,0,0,1402,1,37,38,29,0,8.5,Corporate,0,7.3,1,34,65,58.4,57.2,1
2025-09-21,ML Engineer,Part-Time,Remote,Healthcare,Toronto,"Clark, West and West",Medium,3.0,1,1,41,1,47678.0,0,0,0,1506,2,6,39,33,0,10.2,Corporate,0,22.4,1,18,14,68.1,0.0,0
2022-03-22,Frontend Developer,Full-Time,Remote,Gaming,Sydney,Martin-Yang,Startup,37.0,1,1,444,0,35822.0,0,0,0,1887,5,38,49,61,0,1.3,Corporate,0,21.2,1,26,52,34.4,48.7,0
2023-02-18,Cloud Engineer,Full-Time,Remote,Marketing,Bangalore,"Moore, Gallagher and Rogers",Enterprise,37.0,1,1,441,1,52170.0,0,0,0,1118,2,8,62,0,0,2.4,Corporate,0,26.2,1,8,0,83.4,0.0,0
2020-10-21,Backend Developer,Part-Time,Onsite,Healthcare,Singapore,Kelley Group,Medium,28.0,1,1,320,1,4083.0,0,0,0,2047,3,37,38,10,0,7.5,Corporate,0,15.8,1,38,51,28.2,31.3,0
2026-01-10,ML Engineer,Internship,Remote,E-Commerce,London,"Garrett, Ferrell and Johnson",Small,24.0,0,1,301,1,24794.0,0,0,0,2181,3,52,78,0,0,6.5,Corporate,0,1.0,1,0,5,60.6,26.9,0
2023-12-05,Backend Developer,Part-Time,Remote,Marketing,Sydney,Mathews-Frazier,Enterprise,14.0,1,1,168,0,58315.0,0,0,0,2189,3,22,72,40,0,0.5,Corporate,0,5.3,1,19,11,44.8,33.6,0
2023-03-30,Cloud Engineer,Internship,Onsite,Software,Berlin,Heath-Wang,Enterprise,2.0,1,1,45,0,34941.0,0,0,0,1151,3,46,0,0,0,7.0,Corporate,0,10.2,1,18,4,52.2,2.5,0
2024-12-10,ML Engineer,Part-Time,Remote,E-Commerce,Sydney,"Long, Taylor and Duke",Small,18.0,1,1,204,0,10123.0,0,0,0,3000,3,17,73,38,0,4.2,Corporate,0,9.0,1,32,17,74.4,23.7,0
2020-01-04,Marketing Intern,Full-Time,Remote,Cybersecurity,San Francisco,Johnson-Porter,Startup,1.0,1,1,16,1,34978.0,0,0,0,1376,6,17,35,35,1,2.8,Corporate,0,19.7,0,37,50,51.7,41.6,0
2024-06-18,Cybersecurity Analyst,Contract,Remote,EdTech,Singapore,"Guerrero, Garcia and Young",Medium,18.0,1,1,191,1,44656.0,0,0,0,1711,6,59,0,34,0,4.8,Corporate,0,1.0,1,0,20,57.6,31.8,0
2020-07-08,AI Research Intern,Internship,Onsite,Gaming,London,Taylor-Horne,Startup,35.0,1,0,431,1,36198.0,0,0,0,1500,4,34,0,14,0,1.6,Corporate,0,22.9,1,7,19,69.1,18.0,0
2020-07-18,Backend Developer,Internship,Remote,Marketing,New York,Norton-Williams,Small,22.0,1,1,254,1,53799.0,0,0,0,1775,6,7,63,1,0,4.8,Corporate,0,17.1,0,0,33,44.4,33.5,0
2019-01-04,UI/UX Designer,Full-Time,Onsite,FinTech,Berlin,Flores LLC,Startup,33.0,1,1,397,1,46522.0,0,0,0,1476,1,49,50,4,0,10.0,Corporate,0,21.8,0,14,37,59.5,30.6,0
2022-10-06,ML Engineer,Full-Time,Remote,EdTech,Singapore,"Gray, Lloyd and Wilcox",Startup,14.0,1,1,156,1,38726.0,0,0,0,1937,7,43,56,29,0,4.6,Corporate,0,7.2,1,46,43,49.3,36.7,0
2026-12-01,Cybersecurity Analyst,Full-Time,Remote,Cybersecurity,Sydney,Elliott-Sanchez,Small,20.0,1,1,228,1,50594.0,0,0,0,1463,1,3,55,68,0,7.5,Corporate,0,33.6,0,15,47,66.4,36.3,0
2025-07-19,Cloud Engineer,Internship,Remote,Marketing,London,Leon-Blake,Startup,31.0,1,1,375,1,39400.0,0,0,0,2465,3,46,46,2,0,2.7,Corporate,0,23.6,1,21,0,33.3,15.8,0
2023-03-29,ML Engineer,Full-Time,Remote,EdTech,San Francisco,"Gates, Allen and Harding",Enterprise,19.0,1,1,230,1,50898.0,0,0,0,1839,3,23,75,51,0,3.6,Free,1,15.7,0,16,45,72.8,64.2,1
2024-07-05,Data Science Intern,Internship,Remote,Healthcare,London,"Ray, Martin and Smith",Small,17.0,1,1,202,1,32087.0,0,0,0,1043,0,54,83,21,1,0.8,Corporate,0,15.1,0,46,12,63.8,41.9,0
2019-12-22,UI/UX Designer,Part-Time,Onsite,Software,London,Bean-Jimenez,Startup,19.0,1,0,234,1,3788.0,0,0,0,1701,1,60,56,34,0,5.9,Free,1,14.9,1,27,1,49.7,58.9,1
2021-12-30,Backend Developer,Full-Time,Onsite,Gaming,London,Frank-Kim,Enterprise,17.0,1,1,212,0,47188.0,0,0,0,846,5,58,66,32,0,3.7,Corporate,0,14.0,1,36,58,25.2,53.2,1
2018-07-31,Backend Developer,Internship,Remote,FinTech,San Francisco,"Roberts, Smith and Phillips",Medium,15.0,1,1,193,1,37657.0,0,0,0,1498,1,57,48,38,0,7.6,Free,1,16.7,1,53,38,53.1,75.1,1
2026-07-22,AI Research Intern,Internship,Remote,Software,Dubai,Solomon LLC,Medium,12.0,0,0,145,1,21446.0,0,0,0,1167,5,30,20,30,0,3.7,Free,1,33.3,1,18,42,55.8,75.1,1
2019-06-06,AI Research Intern,Part-Time,Remote,Marketing,Dubai,Cain-Fischer,Medium,14.0,1,1,170,1,43976.0,0,0,0,1320,2,23,62,6,0,2.4,Corporate,0,12.3,1,42,12,77.9,0.0,0
2021-11-05,Data Science Intern,Full-Time,Remote,FinTech,New York,Beard-Warren,Small,12.0,0,1,116,1,53066.0,0,0,0,1627,5,10,68,16,0,4.5,Corporate,0,10.9,1,2,18,50.6,48.6,0
2021-10-05,Cybersecurity Analyst,Part-Time,Onsite,EdTech,Berlin,Lee-Tyler,Startup,38.0,1,1,455,1,62901.0,0,0,0,1745,4,21,58,13,0,10.5,Corporate,0,16.0,1,17,0,71.2,0.0,0
2019-11-30,UI/UX Designer,Internship,Remote,E-Commerce,Bangalore,"Taylor, Gibson and Franco",Medium,17.0,1,1,225,1,41907.0,0,0,0,2535,3,0,56,26,0,10.4,Corporate,0,13.0,0,25,56,55.5,26.7,0
2019-05-24,Data Science Intern,Full-Time,Hybrid,Marketing,Sydney,"Johnson, Braun and Murray",Medium,22.0,1,1,268,1,63647.0,0,0,0,997,4,25,26,21,0,9.6,Corporate,0,17.8,1,34,0,91.4,0.0,0
2025-06-18,Backend Developer,Internship,Onsite,Software,Berlin,"Hood, Villarreal and Hood",Small,24.0,1,1,249,1,59983.0,0,0,0,1560,3,53,48,43,0,3.9,Corporate,0,17.1,1,26,0,64.6,5.3,0
2026-10-28,ML Engineer,Full-Time,Hybrid,EdTech,Dubai,Hayes PLC,Startup,21.0,1,0,260,1,19350.0,0,0,0,2080,4,30,22,21,0,4.8,Corporate,0,36.2,1,68,72,35.9,57.2,1
2025-07-10,ML Engineer,Part-Time,Remote,AI,San Francisco,"Conley, Arnold and Owens",Startup,9.0,1,0,100,1,28787.0,0,0,0,1949,1,40,23,28,0,4.0,Corporate,0,32.6,1,24,22,54.7,52.4,1
2026-03-24,UI/UX Designer,Internship,Onsite,FinTech,Singapore,"Collins, Howell and Johnson",Enterprise,2.0,1,1,15,0,45930.0,0,0,0,1666,2,32,16,28,0,1.7,Corporate,0,28.6,0,55,15,48.4,23.7,0
2022-04-21,AI Research Intern,Internship,Remote,EdTech,London,"Townsend, Oliver and Andrews",Medium,12.0,1,1,149,1,27516.0,0,0,0,2301,5,32,16,24,0,2.6,Corporate,0,2.6,1,37,41,43.4,24.5,0
2024-11-07,Backend Developer,Part-Time,Remote,Software,Bangalore,Fitzgerald Ltd,Small,28.0,1,1,345,1,21523.0,0,0,0,2277,3,37,0,19,0,6.0,Corporate,0,3.4,0,26,0,67.2,15.3,0
2018-01-14,UI/UX Designer,Part-Time,Remote,Marketing,San Francisco,Bruce-Mcdaniel,Startup,38.0,1,1,439,0,28131.0,0,0,0,1177,3,11,75,0,0,7.0,Corporate,0,26.3,1,40,13,75.6,10.2,0
2018-08-09,Backend Developer,Contract,Remote,Marketing,San Francisco,Mills-Harvey,Small,39.0,1,1,462,1,56499.0,0,0,0,2664,6,30,44,12,0,3.1,Corporate,0,30.6,1,35,22,52.4,22.0,0
2019-03-07,Cloud Engineer,Part-Time,Remote,AI,Berlin,Mendez PLC,Small,24.0,1,1,288,1,23487.0,0,0,0,568,1,17,0,45,1,6.5,Corporate,0,31.4,1,28,0,84.1,3.4,0
2023-05-11,ML Engineer,Full-Time,Remote,AI,San Francisco,Pena and Sons,Small,35.0,1,1,444,1,26809.0,0,1,1639,1672,5,24,46,43,1,6.3,Corporate,0,1.0,0,0,0,68.8,73.8,1
2022-01-05,Frontend Developer,Part-Time,Hybrid,E-Commerce,Dubai,"Rodriguez, Schultz and Cooper",Small,10.0,1,1,102,1,6173.0,0,0,0,1123,3,29,36,0,0,9.6,Corporate,0,15.2,1,12,32,46.5,18.9,0
2026-05-23,ML Engineer,Contract,Remote,FinTech,Toronto,Miller-Stewart,Small,29.0,0,1,355,1,54617.0,0,0,0,2329,4,76,34,4,0,6.7,Free,1,27.1,1,11,23,34.8,57.8,1
2025-03-22,Cybersecurity Analyst,Full-Time,Hybrid,EdTech,Dubai,Williams-Jones,Small,17.0,0,1,186,1,38650.0,0,1,1757,2230,1,48,70,58,0,1.7,Corporate,0,7.0,1,10,21,29.7,81.4,1
2025-11-23,Cybersecurity Analyst,Contract,Remote,FinTech,Berlin,Strong-Montgomery,Startup,23.0,1,1,251,1,,0,0,0,1714,5,25,37,15,0,7.3,Corporate,0,16.9,1,31,6,58.7,0.0,0
2026-12-15,Frontend Developer,Internship,Hybrid,Cybersecurity,Sydney,Reed-Baldwin,Startup,19.0,0,0,238,1,34474.0,0,0,0,1840,5,12,12,17,0,0.6,Free,1,19.2,0,0,28,47.4,56.8,1
2021-09-08,Cybersecurity Analyst,Contract,Onsite,Cybersecurity,New York,"Hall, Clark and Moreno",Medium,33.0,1,1,409,1,29875.0,0,0,0,1879,2,11,17,20,0,7.0,Corporate,0,29.1,1,8,5,97.6,0.0,0
2022-04-25,Cybersecurity Analyst,Part-Time,Hybrid,Healthcare,San Francisco,Kelly Inc,Small,1.0,0,1,11,1,30731.0,0,0,0,1403,3,41,59,0,0,8.2,Corporate,0,44.6,1,30,22,34.9,57.6,1
2025-02-28,Data Science Intern,Contract,Hybrid,Gaming,New York,Green-Morgan,Medium,28.0,0,1,352,1,40125.0,0,0,0,1084,5,10,89,26,0,0.6,Corporate,0,23.6,1,0,28,46.9,44.2,0
2022-07-31,Cybersecurity Analyst,Internship,Remote,Gaming,Sydney,Carter LLC,Medium,27.0,1,1,318,1,23232.0,0,0,0,1431,1,27,8,73,0,6.0,Free,1,5.5,1,68,26,75.4,30.0,0
2022-12-08,ML Engineer,Contract,Hybrid,FinTech,Singapore,"Fowler, Coleman and Park",Small,17.0,1,1,207,1,39239.0,0,1,4700,1916,2,36,3,0,0,7.2,Corporate,0,1.0,1,0,2,83.7,25.4,0
2021-01-19,AI Research Intern,Full-Time,Hybrid,EdTech,Sydney,Kelley-Pierce,Startup,30.0,1,1,365,1,34657.0,0,0,0,1700,7,36,74,10,0,5.7,Corporate,0,37.5,0,23,10,69.4,27.3,0
2021-10-25,Marketing Intern,Internship,Remote,Gaming,Bangalore,"Johnston, Hudson and Wolf",Medium,26.0,1,1,289,0,15504.0,0,0,0,2260,1,0,17,19,0,8.7,Free,1,9.0,1,32,11,73.8,10.0,0
2020-11-19,Frontend Developer,Part-Time,Remote,E-Commerce,Toronto,Gregory and Sons,Enterprise,7.0,1,1,88,0,36499.0,0,0,0,2005,2,46,57,44,0,7.5,Corporate,0,14.8,1,28,30,46.4,33.2,0
2018-04-07,Data Science Intern,Contract,Hybrid,Healthcare,Bangalore,Mitchell and Sons,Small,39.0,1,1,431,1,28322.0,0,0,0,1501,3,59,57,48,0,7.3,Free,1,29.3,1,50,20,59.9,56.3,1
2021-08-13,Cloud Engineer,Full-Time,Remote,Cybersecurity,Singapore,Green and Sons,Medium,4.0,1,0,42,1,19234.0,0,0,0,1484,2,39,0,18,0,4.7,Free,1,29.3,1,11,2,73.1,38.7,0
2021-05-20,Cybersecurity Analyst,Contract,Hybrid,Gaming,Bangalore,"Sutton, Contreras and Taylor",Small,23.0,1,1,286,1,18346.0,0,0,0,1225,4,14,0,5,0,2.7,Free,1,24.6,1,59,22,56.5,10.0,0
2026-07-20,Frontend Developer,Full-Time,Hybrid,Cybersecurity,New York,Price PLC,Small,34.0,1,1,422,1,8012.0,0,0,0,2229,4,22,44,36,0,0.6,Corporate,0,22.8,0,0,16,65.1,19.7,0
2019-09-17,ML Engineer,Part-Time,Onsite,AI,San Francisco,"Harris, Quinn and Carter",Small,32.0,1,1,356,1,63245.0,0,0,0,1630,1,50,40,16,0,1.0,Corporate,0,27.2,1,66,35,45.4,33.6,0
2023-08-05,Marketing Intern,Full-Time,Onsite,FinTech,Berlin,Miller-Davidson,Enterprise,3.0,0,1,31,1,35392.0,0,0,0,2275,2,19,67,34,0,13.2,Corporate,0,11.9,0,25,5,71.0,25.0,0
2025-07-26,Data Science Intern,Internship,Hybrid,FinTech,Singapore,"King, Stanley and Watkins",Enterprise,29.0,1,0,358,0,33991.0,0,0,0,1008,3,30,60,38,0,3.9,Corporate,0,10.0,0,30,4,63.6,33.6,0
2018-01-06,Cloud Engineer,Internship,Remote,EdTech,Berlin,Dunlap Ltd,Enterprise,7.0,1,1,82,1,31877.0,0,0,0,2442,4,40,65,42,0,3.3,Corporate,0,23.3,1,49,0,78.8,23.6,0
2019-12-03,Backend Developer,Full-Time,Onsite,Marketing,London,"Ryan, Hubbard and Blair",Medium,18.0,1,1,206,1,22151.0,0,0,0,1890,3,21,22,19,0,5.5,Corporate,0,6.1,1,56,6,73.1,2.6,0
2020-02-02,Marketing Intern,Contract,Hybrid,Healthcare,Singapore,Stewart Inc,Enterprise,21.0,1,1,269,1,41261.0,0,0,0,1147,3,10,60,24,0,4.8,Corporate,0,12.0,1,0,25,56.0,21.3,0
2018-09-12,UI/UX Designer,Contract,Onsite,Software,Sydney,"Patterson, Ward and Lewis",Startup,17.0,1,1,214,1,47099.0,0,0,0,1712,1,56,94,30,1,6.3,Corporate,0,19.3,1,5,28,60.0,54.3,1
2019-11-21,ML Engineer,Full-Time,Remote,Software,San Francisco,Zimmerman-Smith,Small,3.0,1,1,39,0,53231.0,0,1,1129,279,7,21,69,15,0,3.3,Corporate,0,44.9,1,74,8,77.6,42.4,0
2026-07-13,Marketing Intern,Full-Time,Hybrid,Healthcare,Berlin,Lucas LLC,Small,26.0,1,1,316,1,27436.0,0,0,0,2084,1,20,77,13,0,2.8,Corporate,0,12.9,1,12,8,70.2,32.8,0
2018-04-24,ML Engineer,Internship,Hybrid,Healthcare,Singapore,Kennedy-Miller,Startup,7.0,1,1,82,1,36457.0,0,0,0,2447,3,28,65,38,0,7.5,Corporate,0,15.5,1,37,21,76.4,12.9,0
2025-07-12,Frontend Developer,Full-Time,Hybrid,FinTech,Berlin,"Jones, Ingram and Barnes",Enterprise,5.0,1,1,57,0,22177.0,0,0,0,2007,6,28,55,32,0,8.0,Free,1,13.2,0,19,40,57.1,30.3,0
2020-07-15,UI/UX Designer,Contract,Hybrid,Cybersecurity,London,Martin PLC,Enterprise,22.0,1,1,260,1,48782.0,0,0,0,3040,5,21,81,3,0,5.4,Corporate,0,4.6,1,36,24,45.8,16.3,0
2022-06-11,UI/UX Designer,Contract,Remote,E-Commerce,Singapore,Green-Schmidt,Small,24.0,1,1,302,0,24092.0,0,0,0,1099,5,21,24,33,0,7.2,Corporate,0,15.9,1,4,52,29.0,45.4,0
2021-03-23,Backend Developer,Full-Time,Remote,Software,Berlin,"Barron, Horne and Key",Medium,26.0,1,1,329,0,67664.0,0,0,0,1051,5,64,35,31,0,3.0,Corporate,0,37.1,1,0,10,26.3,33.8,0
2022-10-09,UI/UX Designer,Full-Time,Hybrid,Healthcare,San Francisco,Butler PLC,Enterprise,1.0,1,1,12,1,2000.0,0,1,2675,2123,3,0,49,29,0,6.6,Corporate,0,7.6,1,17,19,63.5,52.0,1
2022-02-18,ML Engineer,Part-Time,Hybrid,Healthcare,Toronto,"Willis, Cruz and Williams",Startup,35.0,0,1,455,1,39266.0,0,0,0,1293,6,11,76,0,0,2.4,Corporate,0,8.4,1,49,49,61.0,46.7,0
2019-05-11,ML Engineer,Contract,Remote,Gaming,Dubai,Martinez Ltd,Small,38.0,1,0,447,1,62243.0,0,0,0,2704,3,29,30,13,0,4.1,Corporate,0,6.8,1,17,45,74.7,32.3,0
2024-08-03,Cybersecurity Analyst,Contract,Remote,AI,Singapore,Gomez-Taylor,Enterprise,1.0,1,1,17,0,34884.0,0,0,0,1716,4,52,34,38,1,6.8,Corporate,0,35.2,1,9,17,49.0,63.8,1
2018-02-14,Frontend Developer,Part-Time,Remote,Cybersecurity,Singapore,"Morris, Phelps and Harper",Startup,32.0,1,1,370,1,33393.0,0,0,0,2212,1,1,56,16,0,6.2,Corporate,0,15.4,0,38,9,93.5,0.0,0
2020-07-21,Marketing Intern,Part-Time,Remote,AI,London,Gibbs-Castillo,Small,23.0,0,1,292,1,2000.0,0,0,0,1739,3,6,37,40,0,6.7,Corporate,0,10.4,0,15,17,65.6,33.4,0
2018-03-15,Cloud Engineer,Full-Time,Remote,FinTech,San Francisco,Davidson-Prince,Enterprise,26.0,1,1,323,1,37071.0,0,0,0,3253,5,66,39,0,0,4.1,Corporate,0,22.4,0,44,0,42.2,19.9,0
2023-05-10,Marketing Intern,Internship,Onsite,EdTech,San Francisco,Fritz-Smith,Startup,20.0,1,1,271,1,56700.0,0,0,0,1140,2,27,37,0,0,1.5,Corporate,0,8.4,1,21,3,77.5,0.0,0
2024-08-15,Cybersecurity Analyst,Part-Time,Remote,Software,Berlin,Long-Rodriguez,Medium,37.0,0,0,444,0,22613.0,0,0,0,1503,5,38,86,3,0,1.1,Free,1,23.3,0,21,7,48.0,65.5,1
2022-08-28,AI Research Intern,Part-Time,Remote,E-Commerce,London,Green-Mills,Startup,24.0,1,1,296,0,47320.0,0,1,326,1391,0,26,48,36,0,9.1,Corporate,0,16.8,1,0,56,33.0,59.2,1
2024-04-21,UI/UX Designer,Part-Time,Hybrid,EdTech,Singapore,"Michael, Martinez and Wright",Startup,1.0,1,0,6,1,39924.0,0,0,0,2295,5,56,54,31,0,6.5,Free,1,30.4,1,40,29,38.5,88.7,1
2022-05-18,Frontend Developer,Part-Time,Hybrid,Gaming,Dubai,Rice-Cruz,Medium,36.0,1,1,450,1,35777.0,0,0,0,735,4,38,3,35,0,5.9,Corporate,0,32.0,1,9,7,49.3,12.3,0
2021-10-02,Data Science Intern,Full-Time,Hybrid,Marketing,San Francisco,Lambert Inc,Startup,26.0,0,1,306,1,47026.0,0,0,0,1552,4,41,2,7,0,6.1,Corporate,0,16.9,1,38,44,28.2,54.3,1
2023-06-28,Cybersecurity Analyst,Contract,Hybrid,Cybersecurity,Bangalore,Hawkins-Barry,Medium,11.0,1,0,130,1,26823.0,0,0,0,1066,4,54,12,0,0,2.9,Free,1,1.0,1,0,13,60.9,49.2,0
2018-11-13,AI Research Intern,Full-Time,Hybrid,Software,San Francisco,"Mullins, Miller and Robinson",Medium,18.0,1,1,210,1,41216.0,0,0,0,1814,7,49,63,10,0,7.0,Free,1,28.2,0,15,8,64.3,30.3,0
2022-12-04,ML Engineer,Part-Time,Hybrid,E-Commerce,Berlin,"Horn, Pittman and Brown",Startup,20.0,1,1,251,1,31762.0,0,0,0,2102,2,17,57,27,0,7.4,Free,1,14.8,1,0,30,58.5,47.5,0
2018-06-09,Backend Developer,Part-Time,Hybrid,E-Commerce,Toronto,Chan PLC,Startup,14.0,1,1,166,1,17594.0,0,0,0,1633,2,30,31,40,0,8.4,Free,1,5.4,0,0,0,72.1,30.6,0
2019-01-20,Frontend Developer,Contract,Hybrid,Gaming,Berlin,Woods-Washington,Startup,25.0,1,1,300,1,27556.0,0,0,0,2375,2,26,55,17,0,7.7,Corporate,0,12.1,1,51,7,75.5,0.0,0
2020-09-08,Backend Developer,Contract,Onsite,EdTech,Berlin,Evans-Gonzales,Startup,3.0,0,1,23,0,30078.0,0,0,0,1483,3,0,59,39,0,0.0,Corporate,0,21.1,0,22,0,51.5,44.4,0
2022-08-06,Frontend Developer,Full-Time,Hybrid,FinTech,New York,"Lopez, Johnston and Patterson",Enterprise,8.0,0,1,80,0,42335.0,0,0,0,2136,2,45,32,36,0,2.6,Corporate,0,23.7,0,29,5,56.0,28.8,0
2018-05-25,ML Engineer,Internship,Onsite,AI,London,"Miranda, Hines and Johnson",Startup,27.0,0,1,318,1,2000.0,0,0,0,2571,2,0,17,34,0,7.1,Corporate,0,10.5,1,60,23,66.0,15.8,0
2024-05-25,UI/UX Designer,Part-Time,Remote,Cybersecurity,Berlin,"Brown, Morgan and White",Enterprise,8.0,1,1,102,0,20018.0,0,0,0,2007,0,9,97,39,0,7.4,Free,1,12.5,0,27,24,,43.9,0
2023-03-18,Data Science Intern,Internship,Remote,E-Commerce,London,"Murray, Mayer and Spencer",Medium,23.0,0,0,244,1,10863.0,0,0,0,1340,5,24,31,29,0,4.0,Corporate,0,20.0,1,0,0,67.0,56.8,1
2022-05-06,Backend Developer,Part-Time,Remote,Software,Dubai,"Yoder, Shah and Love",Medium,12.0,1,1,171,1,58525.0,0,1,2495,1471,6,21,35,28,0,0.0,Corporate,0,25.8,0,7,41,67.5,50.8,1
2023-03-16,Frontend Developer,Part-Time,Remote,E-Commerce,Dubai,"Avila, Keller and Hart",Small,1.0,1,1,21,0,41263.0,0,0,0,1983,3,45,12,19,1,0.0,Corporate,0,12.3,1,28,21,48.2,56.0,1
2020-07-11,Cybersecurity Analyst,Internship,Remote,Healthcare,Berlin,Lester-Leon,Medium,2.0,1,1,9,1,17449.0,0,0,0,2508,2,14,18,12,0,11.2,Corporate,0,13.7,1,36,38,60.9,34.0,0
2023-09-27,Cybersecurity Analyst,Part-Time,Remote,Healthcare,San Francisco,Bailey-Rios,Enterprise,19.0,1,1,226,1,41245.0,0,0,0,1792,5,53,24,28,0,0.9,Corporate,0,37.7,1,14,1,59.1,21.3,0
2025-12-13,Cybersecurity Analyst,Internship,Hybrid,AI,New York,"Price, White and Ware",Small,16.0,1,1,217,1,50350.0,0,0,0,1485,2,3,69,7,0,7.8,Free,1,19.1,1,36,35,76.6,27.6,0
2023-04-13,Cloud Engineer,Contract,Onsite,FinTech,Berlin,Hebert-Michael,Enterprise,16.0,1,1,220,1,4965.0,0,0,0,1660,3,13,24,18,0,7.4,Corporate,0,40.4,1,6,0,81.4,0.0,0
2026-07-26,Frontend Developer,Internship,Hybrid,Healthcare,San Francisco,Cook-Wilson,Startup,5.0,0,1,61,1,31618.0,0,0,0,3009,2,40,43,37,0,4.7,Free,1,16.7,1,70,3,54.8,39.8,0
2021-08-31,Cybersecurity Analyst,Contract,Remote,FinTech,Bangalore,Garcia Inc,Small,8.0,1,1,97,0,32602.0,0,1,4772,1311,3,48,82,22,0,4.6,Corporate,0,35.4,1,10,3,52.4,61.6,1
2022-03-02,Cloud Engineer,Part-Time,Hybrid,Gaming,Berlin,Morrison PLC,Small,23.0,1,1,260,0,38692.0,0,0,0,2039,0,0,67,30,0,3.1,Corporate,0,18.7,1,32,27,63.1,13.4,0
2018-08-09,Data Science Intern,Full-Time,Onsite,AI,London,"King, Ibarra and Jones",Startup,37.0,1,1,453,1,24537.0,0,0,0,2345,2,48,28,22,0,10.7,Free,1,36.0,1,13,33,67.4,33.3,0
2018-05-07,Marketing Intern,Contract,Remote,Cybersecurity,Berlin,"Drake, Adkins and Bates",Enterprise,15.0,1,1,194,1,37960.0,0,0,0,2181,1,8,73,85,0,6.7,Free,1,36.3,0,54,10,76.3,27.2,0
2023-09-04,Data Science Intern,Contract,Hybrid,Software,London,Vasquez PLC,Startup,4.0,1,1,49,1,43712.0,0,0,0,2504,1,71,43,20,0,7.8,Corporate,0,20.5,1,0,19,51.9,23.8,0
2022-01-21,ML Engineer,Part-Time,Hybrid,Gaming,Berlin,Wilson Group,Small,8.0,1,1,112,0,33571.0,0,0,0,1960,4,6,67,0,0,1.9,Free,1,9.1,1,24,35,39.5,40.1,0
2025-03-04,Cybersecurity Analyst,Contract,Remote,FinTech,Bangalore,"Cunningham, Graham and Peterson",Medium,27.0,1,1,318,1,48553.0,0,0,0,2037,4,38,41,51,0,7.3,Corporate,0,14.8,1,97,48,27.2,57.5,1
2018-01-05,Marketing Intern,Internship,Hybrid,EdTech,New York,"Grant, Dudley and Floyd",Startup,21.0,1,1,272,1,53246.0,0,0,0,1152,4,0,45,45,0,9.3,Corporate,0,20.6,1,15,0,92.7,4.1,0
2019-02-25,UI/UX Designer,Part-Time,Remote,AI,San Francisco,Tyler-Gillespie,Startup,10.0,1,1,115,1,42122.0,0,0,0,1290,5,13,2,18,0,4.4,Free,1,35.3,0,35,0,90.4,8.7,0
2021-06-06,AI Research Intern,Contract,Onsite,E-Commerce,New York,"Kirk, Diaz and Evans",Small,30.0,0,1,352,1,43630.0,0,0,0,1614,3,0,28,38,0,1.0,Corporate,0,28.7,1,26,24,57.5,35.9,0
2023-04-22,AI Research Intern,Internship,Remote,Healthcare,Bangalore,"Kelly, Morales and Blankenship",Small,27.0,1,1,300,1,33869.0,0,0,0,1878,4,31,10,41,0,6.1,Corporate,0,20.1,0,61,17,36.1,23.4,0
2023-09-07,Frontend Developer,Full-Time,Hybrid,Software,Dubai,"Hernandez, Rios and Jordan",Small,5.0,1,1,70,0,27934.0,0,0,0,1115,5,50,25,7,0,9.3,Free,1,18.8,1,0,43,37.7,50.2,1
2020-05-07,Cloud Engineer,Full-Time,Remote,EdTech,Bangalore,Ruiz Inc,Medium,8.0,1,1,104,1,22404.0,0,0,0,2434,8,8,38,13,0,2.0,Corporate,0,20.5,1,44,22,58.3,12.1,0
2025-02-17,Marketing Intern,Contract,Onsite,FinTech,New York,Oneal and Sons,Enterprise,17.0,1,1,192,1,21140.0,0,0,0,1077,3,56,0,33,0,5.2,Corporate,0,7.2,1,28,0,59.5,0.0,0
2023-02-21,Marketing Intern,Part-Time,Hybrid,Cybersecurity,Singapore,Smith-Hughes,Startup,38.0,0,1,445,1,48489.0,0,1,1663,2156,3,9,28,7,0,2.0,Corporate,0,25.0,1,26,0,76.9,34.6,0
2020-09-18,Cloud Engineer,Part-Time,Remote,FinTech,San Francisco,"Lee, Roberts and George",Enterprise,2.0,1,1,40,1,47674.0,0,1,2208,2104,5,36,33,23,0,4.9,Corporate,0,30.1,1,33,30,36.5,62.9,1
2020-10-10,Cybersecurity Analyst,Full-Time,Onsite,FinTech,Bangalore,Hartman-Hayes,Small,16.0,1,1,220,1,41279.0,0,0,0,2394,2,79,65,3,1,3.2,Free,1,13.3,1,0,6,41.9,76.5,1
2026-08-25,Frontend Developer,Contract,Remote,Software,New York,"Mack, Miller and Gallagher",Medium,25.0,0,1,334,1,46954.0,0,0,0,2671,3,0,94,4,0,2.9,Corporate,0,22.8,1,32,43,56.4,30.0,0
2023-03-26,Marketing Intern,Internship,Hybrid,AI,San Francisco,Spencer-Gordon,Enterprise,29.0,1,1,363,1,27064.0,0,1,2172,1338,4,12,100,8,0,4.9,Corporate,0,30.5,0,13,28,63.5,42.6,0
2018-12-15,ML Engineer,Full-Time,Remote,Gaming,Bangalore,"Rollins, Rogers and Noble",Enterprise,5.0,1,0,74,1,34893.0,0,0,0,1825,3,50,15,51,0,6.0,Corporate,0,15.5,1,27,0,60.4,21.8,0
2023-02-21,Data Science Intern,Contract,Onsite,Gaming,Berlin,Ruiz-Lee,Startup,29.0,0,1,348,0,70267.0,0,0,0,1738,3,13,42,4,0,0.9,Corporate,0,20.3,0,9,0,58.6,16.3,0
2021-06-03,Data Science Intern,Contract,Remote,Software,Toronto,"Meyers, Walters and Solis",Startup,5.0,1,0,74,0,10105.0,0,0,0,1274,2,29,33,27,0,3.2,Free,1,25.3,0,46,1,37.4,42.7,0
2026-04-05,Backend Developer,Part-Time,Remote,Gaming,New York,Macias-Anderson,Startup,36.0,0,1,426,1,58212.0,0,0,0,713,3,36,37,0,0,9.1,Corporate,0,19.3,1,60,24,,45.8,0
2018-04-09,Cybersecurity Analyst,Part-Time,Remote,Software,Toronto,"Jenkins, Horne and Elliott",Medium,12.0,1,1,119,1,28133.0,0,0,0,1858,4,38,0,38,1,3.0,Corporate,0,24.0,1,30,21,46.8,60.3,1
2024-03-16,Data Science Intern,Part-Time,Onsite,Gaming,New York,Smith-Johnson,Small,22.0,1,1,244,1,20628.0,0,1,4808,1698,4,10,30,35,0,8.8,Corporate,0,17.7,0,42,25,66.6,57.1,1
2022-07-23,Cloud Engineer,Part-Time,Remote,Marketing,Dubai,"Peterson, Guerrero and Fischer",Medium,15.0,0,1,160,0,2441.0,0,0,0,2093,1,44,12,13,0,1.7,Free,1,18.3,1,11,28,30.9,47.3,0
2022-11-26,UI/UX Designer,Internship,Remote,AI,Berlin,"Ayala, Koch and Chambers",Small,12.0,1,1,136,0,36183.0,0,1,4282,1745,3,46,40,31,0,3.1,Corporate,0,17.5,1,38,28,,65.0,1
2025-03-21,Backend Developer,Part-Time,Hybrid,AI,Singapore,Stone LLC,Small,34.0,1,1,409,0,2898.0,0,0,0,1916,4,29,25,9,0,4.6,Free,1,29.8,1,23,0,52.6,26.6,0
2022-01-10,Backend Developer,Internship,Hybrid,EdTech,Dubai,Bradford-Maxwell,Medium,12.0,1,0,112,1,11436.0,0,0,0,1709,1,40,27,52,0,4.3,Corporate,0,24.9,1,11,0,65.1,15.3,0
2025-12-16,ML Engineer,Full-Time,Onsite,Cybersecurity,Berlin,Klein-Contreras,Enterprise,9.0,1,1,98,0,35371.0,0,0,0,1380,3,47,45,34,0,5.2,Corporate,0,19.8,0,32,23,56.9,31.2,0
2019-06-11,Cybersecurity Analyst,Internship,Hybrid,Software,Singapore,Norris Group,Medium,39.0,1,0,500,1,22085.0,0,0,0,2485,3,43,6,13,0,5.6,Corporate,0,20.2,0,11,10,67.9,10.8,0
2018-05-05,Marketing Intern,Full-Time,Hybrid,Gaming,New York,Doyle-Little,Startup,14.0,0,1,157,1,56904.0,0,0,0,2513,3,29,27,0,1,3.8,Corporate,0,20.8,1,14,0,65.7,23.3,0
2024-12-04,Cybersecurity Analyst,Full-Time,Remote,Cybersecurity,Berlin,"Williams, Hale and Jacobson",Medium,24.0,1,1,298,1,77228.0,0,0,0,2860,8,16,37,41,1,2.0,Corporate,0,1.0,1,42,1,51.4,43.2,0
2024-03-10,Cybersecurity Analyst,Full-Time,Remote,EdTech,Berlin,Freeman-Carroll,Startup,13.0,1,1,176,1,18671.0,0,0,0,1437,3,40,24,43,0,0.0,Corporate,0,10.0,1,3,48,41.3,37.6,0
2024-04-13,Data Science Intern,Full-Time,Remote,Cybersecurity,Berlin,"Anderson, Lewis and Campbell",Medium,18.0,1,1,231,1,33053.0,0,0,0,1799,1,22,7,44,0,4.9,Free,1,18.3,0,50,19,83.2,16.6,0
2024-03-27,ML Engineer,Contract,Onsite,Software,Sydney,Clark-Mcdonald,Startup,8.0,1,1,100,1,58161.0,0,0,0,1553,1,24,49,0,0,13.1,Free,1,1.0,0,17,18,73.7,13.0,0
2025-12-11,UI/UX Designer,Internship,Onsite,Software,London,Webb PLC,Small,12.0,1,1,148,1,41665.0,0,1,1283,1430,6,8,75,5,0,2.3,Corporate,0,10.8,0,21,0,89.7,35.6,0
2023-09-10,Data Science Intern,Full-Time,Remote,Gaming,Singapore,Alvarez-Young,Enterprise,16.0,1,1,198,0,34328.0,0,0,0,2029,2,8,59,23,0,2.2,Corporate,0,21.8,1,15,0,73.9,10.4,0
2020-04-25,Marketing Intern,Contract,Remote,E-Commerce,Singapore,"Cooper, Hall and Vaughn",Small,10.0,1,1,114,1,48225.0,0,0,0,2510,3,46,56,21,0,8.6,Corporate,0,14.0,0,25,27,69.2,16.3,0
2026-08-04,ML Engineer,Part-Time,Onsite,Healthcare,New York,Pierce-Pugh,Medium,7.0,1,1,103,1,51107.0,0,1,3069,1505,2,39,48,20,1,8.2,Corporate,0,25.7,1,0,18,46.9,71.0,1
2020-12-20,Data Science Intern,Part-Time,Onsite,E-Commerce,San Francisco,Berry-Kim,Medium,8.0,1,0,88,1,24338.0,0,0,0,1646,5,43,32,45,0,5.8,Corporate,0,22.0,1,0,14,70.8,24.8,0
2023-06-16,UI/UX Designer,Contract,Remote,Gaming,Bangalore,Matthews-Carlson,Enterprise,13.0,1,1,145,1,44839.0,0,0,0,2233,4,11,41,35,0,0.3,Corporate,0,17.5,0,12,27,57.5,30.8,0
2024-01-25,Cybersecurity Analyst,Full-Time,Hybrid,EdTech,New York,Hernandez-Evans,Startup,39.0,1,1,485,1,37080.0,0,0,0,1281,0,28,66,19,0,1.9,Corporate,0,33.5,1,3,19,60.1,13.0,0
2023-11-11,AI Research Intern,Contract,Hybrid,Healthcare,New York,Valdez-Ward,Startup,34.0,1,1,410,0,51068.0,0,0,0,2053,5,20,31,7,0,7.4,Corporate,0,33.4,1,11,24,60.7,11.5,0
2023-04-17,ML Engineer,Contract,Remote,EdTech,New York,Sanchez and Sons,Small,4.0,1,1,50,1,2000.0,0,0,0,1611,1,52,65,32,0,0.0,Corporate,0,8.2,1,30,40,54.7,30.2,0
2020-07-01,Data Science Intern,Internship,Remote,Healthcare,San Francisco,"Howard, Fisher and Martinez",Startup,10.0,0,0,113,0,66000.0,0,0,0,1907,2,40,0,35,0,6.7,Free,1,23.7,0,49,0,53.2,42.1,0
2024-03-26,Data Science Intern,Internship,Onsite,EdTech,New York,Mitchell-King,Medium,18.0,1,0,202,1,28625.0,0,0,0,2022,3,29,39,30,0,8.2,Corporate,0,18.5,1,34,0,85.2,12.8,0
2023-11-16,Backend Developer,Part-Time,Hybrid,FinTech,New York,"Arellano, Clark and Hall",Medium,19.0,1,1,241,0,40747.0,0,0,0,1141,2,6,30,0,0,1.2,Corporate,0,20.8,1,3,17,73.0,4.6,0
2024-10-07,Backend Developer,Internship,Hybrid,Healthcare,New York,Valenzuela-Owens,Medium,30.0,1,1,389,1,27347.0,0,0,0,3218,3,65,24,0,0,2.6,Corporate,0,1.0,1,39,0,75.2,5.7,0
2020-03-27,Marketing Intern,Internship,Remote,E-Commerce,London,Mcdonald Inc,Startup,20.0,1,1,224,1,6358.0,0,0,0,2274,1,4,47,0,0,6.1,Corporate,0,12.6,0,22,0,90.9,8.9,0
2021-03-03,Marketing Intern,Full-Time,Hybrid,AI,New York,Newton-Cruz,Startup,37.0,0,1,454,0,39389.0,0,0,0,1980,1,12,28,32,0,3.3,Corporate,0,4.0,1,0,9,58.0,17.4,0
2025-09-06,Cloud Engineer,Part-Time,Hybrid,E-Commerce,Dubai,"Crawford, Wilson and Atkins",Medium,10.0,1,1,99,1,48393.0,0,0,0,3517,5,21,91,49,0,6.0,Free,1,29.9,1,33,47,47.2,65.7,1
2020-04-04,Frontend Developer,Full-Time,Remote,AI,Bangalore,Abbott LLC,Medium,37.0,1,1,440,1,35350.0,0,0,0,1213,3,1,63,12,1,3.4,Corporate,0,17.9,1,41,29,62.9,48.5,0
2019-12-12,Data Science Intern,Part-Time,Onsite,FinTech,Singapore,Cisneros Inc,Medium,21.0,1,1,254,0,31986.0,0,0,0,1663,3,21,64,32,0,6.0,Corporate,0,29.5,1,0,23,65.6,10.6,0
2026-01-09,Frontend Developer,Full-Time,Hybrid,EdTech,Singapore,Sullivan PLC,Small,10.0,1,0,132,1,43753.0,0,0,0,2007,5,0,47,33,0,5.3,Corporate,0,17.1,1,30,14,55.2,30.6,0
2022-08-08,Cybersecurity Analyst,Contract,Remote,Gaming,Dubai,"Williams, Jackson and Pope",Enterprise,39.0,1,1,461,0,30259.0,0,0,0,1339,5,28,46,7,0,11.7,Corporate,0,18.6,1,28,55,38.9,40.2,0
2026-03-25,Cloud Engineer,Part-Time,Remote,Marketing,New York,Johnson-Crawford,Small,34.0,0,1,412,0,14244.0,0,0,0,2882,0,66,53,32,0,1.0,Corporate,0,26.7,0,34,0,47.4,47.7,0
2019-09-08,ML Engineer,Contract,Remote,Gaming,Dubai,"Roberson, Berry and Reed",Startup,8.0,1,0,99,1,70635.0,0,0,0,1921,4,34,35,31,1,1.0,Free,1,30.4,0,32,28,53.3,72.9,1
2020-05-14,Marketing Intern,Part-Time,Remote,AI,Toronto,Ayala-Anderson,Startup,7.0,1,1,89,1,35891.0,0,0,0,2056,3,0,15,2,0,2.2,Free,1,18.2,0,0,19,62.8,3.4,0
2021-07-22,Cybersecurity Analyst,Contract,Remote,Cybersecurity,Dubai,Bailey Group,Enterprise,16.0,1,1,185,1,57519.0,0,0,0,1213,4,0,8,26,0,7.4,Free,1,1.0,1,6,0,82.9,7.0,0
2020-10-05,Data Science Intern,Internship,Remote,Cybersecurity,Singapore,Mitchell LLC,Startup,21.0,1,1,234,1,46025.0,0,0,0,2862,3,65,41,38,0,11.3,Corporate,0,11.8,1,17,20,33.9,50.0,1
2018-07-22,Data Science Intern,Internship,Onsite,AI,New York,"Allen, Castaneda and Shea",Medium,34.0,0,1,376,0,35640.0,0,0,0,1306,2,52,81,41,0,2.5,Free,1,28.6,0,0,28,42.2,74.5,1
2021-02-03,Data Science Intern,Internship,Remote,E-Commerce,Singapore,"Wilson, Banks and Fox",Startup,32.0,1,0,396,0,27097.0,0,0,0,1871,5,46,23,3,0,7.9,Free,1,6.7,1,0,30,32.4,52.9,1
2021-05-24,Backend Developer,Internship,Hybrid,Marketing,Berlin,"Thomas, Oneill and Hensley",Startup,21.0,0,1,274,1,46993.0,0,0,0,2532,2,55,37,0,0,1.8,Corporate,0,1.0,1,3,10,57.7,19.3,0
2021-11-12,UI/UX Designer,Part-Time,Hybrid,FinTech,Berlin,"Wallace, Thomas and Boyd",Small,21.0,1,1,253,0,11632.0,0,0,0,1082,1,29,40,30,0,0.1,Free,1,17.3,0,46,23,61.9,39.3,0
2019-06-25,ML Engineer,Part-Time,Remote,FinTech,New York,Maddox LLC,Small,29.0,1,1,360,0,15959.0,0,0,0,883,7,28,17,38,0,5.8,Corporate,0,18.2,1,28,31,35.9,39.5,0
2018-01-15,AI Research Intern,Full-Time,Remote,AI,Dubai,"Clark, Vasquez and Martin",Medium,39.0,1,1,470,1,44766.0,0,0,0,1891,2,26,51,24,0,6.0,Corporate,0,29.4,0,0,0,69.8,0.0,0
2023-02-04,Data Science Intern,Full-Time,Remote,EdTech,Singapore,Spears Group,Small,16.0,1,1,180,1,46000.0,0,0,0,1366,0,33,2,20,0,4.8,Corporate,0,33.9,1,16,11,80.6,23.5,0
2019-12-29,Data Science Intern,Full-Time,Onsite,EdTech,Bangalore,Sloan-Short,Small,28.0,0,1,342,1,13847.0,0,0,0,2283,2,4,47,6,0,3.7,Corporate,0,9.9,0,24,40,50.7,26.2,0
2019-05-06,UI/UX Designer,Internship,Hybrid,FinTech,London,Braun-Richardson,Enterprise,25.0,1,1,294,1,32952.0,0,0,0,698,3,30,67,30,0,9.4,Corporate,0,2.2,0,12,25,68.1,27.5,0
2022-08-05,AI Research Intern,Full-Time,Remote,AI,Toronto,Romero Inc,Small,11.0,1,1,100,0,21714.0,0,1,4816,3322,2,28,57,12,0,4.6,Corporate,0,16.6,1,49,24,35.0,59.3,1
2025-05-26,Backend Developer,Contract,Hybrid,AI,Toronto,Collins-Gentry,Startup,27.0,1,1,318,1,25612.0,0,0,0,1205,1,38,48,15,0,2.9,Corporate,0,15.1,0,49,13,60.6,13.7,0
2026-09-21,ML Engineer,Full-Time,Hybrid,Gaming,Dubai,Young Inc,Small,36.0,1,1,441,1,60082.0,0,0,0,1232,2,33,14,32,0,5.2,Corporate,0,41.4,0,37,14,54.3,14.3,0
2023-02-28,UI/UX Designer,Internship,Hybrid,AI,New York,Little-Delacruz,Enterprise,26.0,0,1,334,0,53190.0,0,1,4160,1817,1,16,27,20,0,8.2,Corporate,0,20.0,1,10,4,67.6,38.5,0
2025-08-27,Backend Developer,Internship,Hybrid,Cybersecurity,Berlin,Watson-Johns,Medium,34.0,1,1,413,0,57656.0,0,0,0,2048,3,8,48,0,0,6.2,Corporate,0,23.7,1,22,10,64.5,0.0,0
2019-04-29,Cybersecurity Analyst,Part-Time,Hybrid,E-Commerce,Toronto,Williams-Haynes,Medium,39.0,1,1,471,1,20410.0,0,1,3780,1387,2,19,50,0,0,7.7,Corporate,0,9.7,1,43,0,83.5,8.7,0
2023-04-13,Data Science Intern,Part-Time,Remote,Marketing,Berlin,"Rodriguez, Ramsey and Mckinney",Startup,8.0,1,1,95,1,43200.0,0,1,1897,1923,1,38,28,48,0,3.3,Free,1,22.9,1,0,28,49.1,78.9,1
2021-01-09,Cybersecurity Analyst,Full-Time,Onsite,Healthcare,San Francisco,"Roth, Johnson and Grant",Startup,21.0,1,1,275,1,20581.0,0,0,0,2324,1,0,8,28,0,4.7,Corporate,0,16.5,1,17,3,87.0,0.0,0
2020-03-31,Backend Developer,Internship,Hybrid,FinTech,Bangalore,"Martinez, Blanchard and Glover",Startup,32.0,1,1,386,0,43530.0,0,1,2357,1510,3,20,35,28,0,5.4,Corporate,0,15.2,0,37,0,64.5,24.2,0
2021-05-14,Frontend Developer,Internship,Hybrid,FinTech,Singapore,"Poole, Coleman and Williams",Enterprise,26.0,0,1,319,1,20747.0,0,0,0,2782,2,42,19,6,0,6.9,Corporate,0,28.1,1,12,32,41.4,40.3,0
2018-07-06,Backend Developer,Part-Time,Onsite,Gaming,Singapore,Curtis Group,Small,27.0,1,0,304,1,50670.0,0,0,0,2233,1,25,56,26,0,7.8,Corporate,0,20.7,1,44,28,65.4,28.7,0
2025-03-15,Backend Developer,Full-Time,Remote,Marketing,Sydney,Patterson PLC,Enterprise,38.0,1,1,452,1,31963.0,0,0,0,2562,1,3,3,44,0,5.3,Corporate,0,23.8,1,50,5,71.5,18.6,0
2022-09-19,Backend Developer,Part-Time,Onsite,Cybersecurity,Bangalore,Hayes PLC,Enterprise,8.0,1,1,69,1,35928.0,0,0,0,2263,1,26,32,36,0,3.6,Corporate,0,9.8,0,0,15,80.7,0.0,0
2025-10-26,Data Science Intern,Full-Time,Hybrid,Gaming,Dubai,Davis-Mcmillan,Startup,7.0,0,1,83,1,47948.0,0,0,0,3423,3,31,42,26,0,10.5,Free,1,15.2,1,8,34,43.6,45.2,0
2019-02-02,Backend Developer,Full-Time,Hybrid,AI,Dubai,"Page, Barnes and Morrison",Medium,24.0,1,1,277,1,10372.0,0,0,0,984,1,65,29,37,0,7.3,Free,1,2.8,1,18,22,71.3,38.5,0
2021-09-08,AI Research Intern,Part-Time,Onsite,AI,Sydney,Mason-Reed,Medium,28.0,1,1,322,0,11075.0,0,0,0,3240,1,18,45,35,0,4.9,Corporate,0,3.3,1,78,0,52.7,6.0,0
2019-02-24,Cloud Engineer,Contract,Remote,Healthcare,Bangalore,"Young, Shaffer and Calderon",Medium,9.0,1,1,111,1,23156.0,0,0,0,774,3,41,0,18,0,6.8,Corporate,0,10.1,1,34,0,79.9,2.8,0
2020-05-18,ML Engineer,Part-Time,Onsite,Marketing,Sydney,"Simpson, Morris and Torres",Medium,3.0,1,1,40,1,62746.0,0,0,0,3240,4,35,80,16,0,4.8,Corporate,0,15.1,1,9,0,66.1,2.8,0
2019-05-18,UI/UX Designer,Part-Time,Hybrid,E-Commerce,Dubai,Rhodes-Castillo,Medium,29.0,1,1,353,1,29056.0,0,0,0,1739,0,32,53,0,0,7.8,Corporate,0,31.6,1,38,51,56.4,34.0,0
2018-02-12,Frontend Developer,Part-Time,Onsite,FinTech,Dubai,"Cuevas, Pierce and Jones",Startup,22.0,1,1,266,0,26785.0,0,0,0,1571,5,27,50,5,0,6.8,Corporate,0,19.0,0,25,44,33.8,33.4,0
2018-01-16,Cybersecurity Analyst,Contract,Remote,Cybersecurity,New York,Young Group,Startup,8.0,1,0,99,0,35268.0,0,0,0,910,3,1,30,44,0,4.4,Corporate,0,18.8,0,33,0,84.6,27.1,0
2019-10-20,UI/UX Designer,Internship,Hybrid,E-Commerce,New York,"Owens, Aguilar and Smith",Medium,31.0,1,1,363,1,32375.0,0,0,0,1422,4,1,10,18,0,2.5,Free,1,9.5,1,21,1,76.1,0.0,0
2023-01-04,ML Engineer,Contract,Onsite,E-Commerce,Bangalore,Hall PLC,Startup,38.0,0,1,434,1,31930.0,0,0,0,1351,3,6,85,20,0,6.7,Corporate,0,6.1,0,34,5,66.7,11.8,0
2024-04-16,Frontend Developer,Full-Time,Hybrid,Healthcare,Berlin,"Potts, Powell and Garner",Small,24.0,0,1,273,1,24511.0,0,0,0,2291,2,49,31,0,0,3.5,Corporate,0,35.4,1,29,23,39.4,26.5,0
2020-04-01,ML Engineer,Part-Time,Remote,Marketing,Berlin,Ruiz Ltd,Enterprise,15.0,1,1,194,1,11149.0,0,0,0,2219,6,10,28,32,0,9.8,Corporate,0,15.5,1,63,19,49.1,27.1,0
2018-08-31,Frontend Developer,Internship,Remote,Software,San Francisco,Harris-Jones,Medium,38.0,1,1,444,1,61668.0,0,0,0,2398,1,2,70,0,0,0.0,Corporate,0,13.4,1,38,33,93.2,0.0,0
2025-10-07,ML Engineer,Internship,Remote,Cybersecurity,New York,Wyatt and Sons,Small,16.0,1,0,198,1,53201.0,0,0,0,1336,3,3,60,13,0,6.9,Corporate,0,2.7,1,16,42,73.6,27.8,0
2023-04-01,Cybersecurity Analyst,Part-Time,Onsite,FinTech,Berlin,Jackson-Cooley,Small,22.0,1,1,251,1,12990.0,0,0,0,1700,3,19,31,0,0,4.6,Free,1,14.1,0,35,27,57.8,26.3,0
2022-06-26,Cloud Engineer,Internship,Remote,E-Commerce,Berlin,"Rodriguez, Cole and Sims",Small,11.0,1,0,113,1,52154.0,0,0,0,2461,2,16,64,8,0,10.0,Corporate,0,38.6,1,18,17,67.8,32.0,0
2023-03-17,Frontend Developer,Internship,Remote,Software,San Francisco,Ball Group,Small,14.0,1,1,181,1,26619.0,0,0,0,2208,1,9,58,24,0,6.9,Corporate,0,27.5,0,35,0,100.0,0.0,0
2023-10-30,Data Science Intern,Contract,Remote,Marketing,Sydney,Bell-Smith,Medium,6.0,1,1,78,0,33704.0,0,0,0,2468,5,10,0,21,0,5.5,Corporate,0,34.4,1,14,2,56.0,10.7,0
2024-06-18,UI/UX Designer,Contract,Hybrid,Gaming,Singapore,Salas-Johnson,Startup,5.0,1,1,44,1,42739.0,0,0,0,1327,2,41,36,0,0,2.7,Corporate,0,12.1,0,30,24,50.9,2.8,0
2026-05-27,Backend Developer,Contract,Remote,Software,Singapore,Patel Inc,Startup,25.0,1,1,327,0,34400.0,0,0,0,1396,0,35,41,34,0,3.2,Corporate,0,30.0,1,12,19,56.3,10.4,0
2019-12-03,Frontend Developer,Internship,Remote,Healthcare,Singapore,Chen-Cox,Small,32.0,0,1,384,1,77785.0,0,0,0,3113,3,27,69,17,0,8.1,Free,1,35.4,1,67,3,76.8,44.9,0
2022-02-09,Cybersecurity Analyst,Internship,Onsite,Marketing,Toronto,Taylor-Cooper,Enterprise,2.0,1,1,5,1,39804.0,0,1,4322,1846,0,54,33,33,0,10.1,Corporate,0,33.4,1,34,42,36.4,79.8,1
2018-12-10,Cloud Engineer,Contract,Remote,AI,Berlin,"Zuniga, Edwards and Arnold",Enterprise,32.0,1,1,375,1,47070.0,0,0,0,1776,3,0,58,0,1,1.7,Corporate,0,33.0,1,61,24,61.0,11.3,0
2026-12-23,ML Engineer,Internship,Remote,AI,San Francisco,Bartlett-Wright,Medium,11.0,1,1,129,1,21232.0,0,0,0,1778,1,31,11,0,0,4.7,Corporate,0,9.9,1,17,25,54.2,0.0,0
2026-01-25,ML Engineer,Full-Time,Remote,E-Commerce,London,"Dawson, Martinez and Barrett",Medium,21.0,1,1,249,1,31851.0,0,0,0,2774,1,15,52,16,0,8.0,Corporate,0,22.3,1,21,55,,27.3,0
2026-05-30,Data Science Intern,Full-Time,Remote,E-Commerce,Dubai,Peck PLC,Small,18.0,1,0,219,0,53258.0,0,0,0,1493,1,43,38,19,0,6.6,Corporate,0,13.7,0,36,15,41.9,36.0,0
2024-09-29,Cloud Engineer,Contract,Onsite,E-Commerce,Singapore,Obrien Inc,Small,8.0,0,1,78,1,27518.0,0,0,0,1603,3,0,62,38,0,0.0,Corporate,0,14.6,0,46,27,58.5,19.3,0
2021-05-05,Backend Developer,Full-Time,Onsite,FinTech,Dubai,"Diaz, Camacho and Brown",Small,32.0,1,1,376,1,29253.0,0,0,0,1176,1,0,48,5,0,5.4,Corporate,0,9.1,1,31,13,68.5,0.0,0
2024-08-25,Backend Developer,Part-Time,Hybrid,Marketing,Toronto,"Moore, Mitchell and Fox",Startup,5.0,1,1,59,0,22257.0,0,0,0,2030,1,3,15,31,0,0.0,Corporate,0,32.3,0,0,41,69.5,21.4,0
2025-02-14,AI Research Intern,Part-Time,Hybrid,Gaming,New York,Malone LLC,Medium,35.0,1,1,428,0,42766.0,0,0,0,1510,3,14,10,15,0,7.9,Corporate,0,19.4,1,31,35,58.5,18.7,0
2019-07-09,Data Science Intern,Full-Time,Hybrid,FinTech,Dubai,Craig-Williams,Medium,26.0,1,1,306,1,11973.0,0,0,0,1537,4,22,47,33,0,9.4,Corporate,0,5.5,1,30,0,73.7,11.2,0
2019-12-15,Backend Developer,Internship,Remote,Gaming,Toronto,"Long, Phillips and Bates",Enterprise,32.0,1,1,397,1,54379.0,0,0,0,666,4,41,60,49,0,5.1,Corporate,0,23.8,1,21,0,58.3,26.1,0
2025-11-04,Frontend Developer,Part-Time,Remote,E-Commerce,Dubai,Santos-Burke,Startup,29.0,1,1,361,1,4306.0,0,0,0,1896,6,36,30,19,0,5.9,Corporate,0,21.3,1,2,29,33.9,25.7,0
2023-01-03,Data Science Intern,Contract,Remote,FinTech,Berlin,Robinson-Moss,Medium,36.0,1,1,436,0,34613.0,0,0,0,1438,7,24,15,4,0,4.8,Free,1,1.0,1,5,0,57.3,14.2,0
2020-03-15,ML Engineer,Part-Time,Remote,EdTech,San Francisco,Tyler and Sons,Startup,9.0,1,1,100,1,43982.0,0,0,0,2161,0,67,35,17,0,6.5,Corporate,0,26.3,0,31,35,66.4,30.4,0
2024-11-29,Data Science Intern,Full-Time,Remote,E-Commerce,Singapore,Mullins PLC,Enterprise,5.0,1,1,67,1,26887.0,0,0,0,626,5,39,60,41,0,1.4,Free,1,10.8,1,18,0,66.1,42.3,0
2019-12-05,Cybersecurity Analyst,Part-Time,Onsite,Gaming,New York,"Wall, Gonzales and Whitney",Small,,0,1,248,1,56921.0,0,0,0,1992,5,14,33,41,0,8.1,Corporate,0,16.1,1,3,40,38.8,30.3,0
2023-03-25,Backend Developer,Contract,Hybrid,Marketing,London,Nichols LLC,Startup,25.0,1,1,320,1,49674.0,0,1,2697,1267,4,21,31,35,0,4.8,Corporate,0,2.4,1,18,51,51.7,66.6,1
2025-07-01,Frontend Developer,Part-Time,Hybrid,E-Commerce,Berlin,Patterson-Williams,Medium,14.0,1,1,155,1,28291.0,0,0,0,2049,5,0,29,58,0,0.0,Corporate,0,28.4,1,6,49,55.9,23.7,0
2026-07-29,Backend Developer,Part-Time,Onsite,Marketing,Berlin,George-Maxwell,Startup,31.0,1,1,407,0,16857.0,0,0,0,1852,2,46,30,0,0,0.6,Corporate,0,20.4,1,34,22,36.8,34.7,0
2021-08-15,ML Engineer,Contract,Remote,Software,London,Martinez PLC,Startup,23.0,1,1,279,1,28201.0,0,0,0,2030,7,67,46,57,0,1.7,Corporate,0,24.8,1,5,16,42.7,57.1,1
2020-05-17,Cloud Engineer,Part-Time,Remote,E-Commerce,Berlin,"Schultz, Russell and Young",Small,24.0,0,1,278,1,14587.0,0,1,1258,2278,3,34,45,27,0,2.7,Corporate,0,13.4,1,33,9,52.3,72.3,1
2022-03-21,Backend Developer,Internship,Remote,Cybersecurity,Toronto,Wade-Peters,Startup,35.0,0,1,402,1,18135.0,0,0,0,2416,4,20,21,48,0,4.0,Corporate,0,11.7,1,39,16,38.7,35.3,0
2026-09-20,Marketing Intern,Full-Time,Remote,E-Commerce,Bangalore,"Garcia, Ramos and Reed",Enterprise,10.0,1,1,135,0,31900.0,0,0,0,2050,6,6,72,0,0,11.3,Corporate,0,9.2,1,43,51,44.8,47.9,0
2025-11-29,Cloud Engineer,Part-Time,Hybrid,Software,San Francisco,"Mccormick, Sullivan and Elliott",Startup,32.0,1,0,367,1,19484.0,0,0,0,2292,4,30,67,67,0,3.0,Corporate,0,13.1,1,12,0,71.5,26.4,0
2019-02-10,ML Engineer,Internship,Remote,Gaming,New York,Todd LLC,Medium,28.0,0,1,315,1,48560.0,0,0,0,2414,4,9,48,7,0,0.0,Corporate,0,3.4,1,11,12,64.1,24.1,0
2025-10-30,Cybersecurity Analyst,Contract,Remote,Cybersecurity,Sydney,Lane Inc,Small,2.0,1,1,45,1,18677.0,0,0,0,1633,4,61,59,34,0,6.0,Free,1,28.5,1,49,24,30.4,67.9,1
2025-07-13,Data Science Intern,Internship,Remote,Gaming,San Francisco,West-Oneill,Small,20.0,1,0,236,1,24459.0,0,0,0,1474,2,30,47,11,0,10.7,Free,1,20.0,0,1,45,37.3,53.4,1
2022-10-04,Data Science Intern,Part-Time,Remote,EdTech,Sydney,Macdonald LLC,Startup,29.0,1,1,342,1,26687.0,0,0,0,2723,6,44,46,38,0,4.1,Corporate,0,11.6,1,0,31,18.5,50.1,1
2021-11-17,AI Research Intern,Contract,Hybrid,Healthcare,Berlin,Mccoy-Martin,Enterprise,39.0,1,1,463,1,30204.0,0,0,0,1646,3,43,5,14,0,1.6,Corporate,0,17.3,1,37,0,81.6,1.1,0
2026-08-16,Frontend Developer,Part-Time,Remote,FinTech,Toronto,Smith-Mcneil,Small,17.0,1,1,203,0,23887.0,0,0,0,2499,2,12,0,38,0,8.4,Corporate,0,1.0,0,4,21,64.6,27.1,0
2026-06-25,Marketing Intern,Contract,Hybrid,FinTech,Bangalore,"Silva, Butler and Blair",Small,29.0,0,1,378,0,37222.0,0,0,0,1371,4,45,15,71,1,7.6,Free,1,10.7,1,19,24,,85.6,1
2022-08-17,Marketing Intern,Full-Time,Onsite,E-Commerce,Dubai,Rush-Williams,Small,,1,1,274,1,45059.0,0,1,4061,3005,5,17,0,55,0,4.1,Corporate,0,23.1,0,34,47,34.9,51.6,1
2022-02-04,ML Engineer,Full-Time,Hybrid,Marketing,Berlin,Douglas PLC,Enterprise,20.0,1,1,241,1,23150.0,0,0,0,1144,2,24,9,35,0,2.0,Corporate,0,8.6,1,10,11,69.9,0.0,0
2025-08-04,UI/UX Designer,Full-Time,Remote,Marketing,Berlin,Cross PLC,Enterprise,20.0,0,1,221,1,67269.0,0,0,0,2243,4,34,42,28,0,4.1,Corporate,0,24.2,1,7,13,56.7,30.8,0
2026-10-11,Cloud Engineer,Contract,Onsite,Gaming,Singapore,"Hernandez, Cook and Parker",Small,38.0,1,1,475,1,18967.0,0,0,0,1125,3,9,17,29,0,8.8,Corporate,0,23.4,1,17,4,58.7,0.0,0
2025-02-12,ML Engineer,Part-Time,Hybrid,AI,Bangalore,"Ramirez, Baker and Griffith",Enterprise,22.0,0,1,298,1,44031.0,0,0,0,2251,4,37,31,1,0,3.4,Corporate,0,14.2,0,73,28,56.2,20.4,0
2019-07-20,Frontend Developer,Part-Time,Onsite,Gaming,Toronto,Hunt Inc,Startup,30.0,1,1,349,1,52161.0,0,0,0,2364,7,45,21,13,0,7.1,Corporate,0,22.6,1,22,1,48.5,11.2,0
2023-06-06,Backend Developer,Contract,Remote,Cybersecurity,New York,Carter Group,Enterprise,3.0,1,1,48,1,34265.0,0,0,0,1123,3,28,11,46,0,5.2,Corporate,0,7.8,0,0,50,43.1,35.0,0
2024-08-15,Backend Developer,Full-Time,Hybrid,AI,Singapore,Shea-Watson,Small,36.0,1,1,415,1,51648.0,0,0,0,2416,2,36,73,28,0,1.1,Corporate,0,12.4,0,10,10,71.7,16.4,0
2022-02-05,UI/UX Designer,Full-Time,Remote,Cybersecurity,Berlin,Vasquez-Greene,Startup,,1,1,172,1,28797.0,0,0,0,1659,4,30,49,56,0,5.1,Corporate,0,22.7,1,29,24,52.7,32.3,0
2026-03-13,UI/UX Designer,Contract,Remote,Software,Toronto,"Walsh, Carey and Allen",Startup,18.0,1,1,184,1,28938.0,0,0,0,588,3,27,32,21,0,0.0,Corporate,0,25.5,1,20,52,49.7,38.6,0
2019-09-09,Data Science Intern,Full-Time,Remote,EdTech,Singapore,Meyers-Walsh,Startup,37.0,0,1,451,1,33263.0,0,0,0,1171,3,33,70,19,0,6.5,Corporate,0,39.9,0,30,29,62.9,32.9,0
2024-08-05,Frontend Developer,Full-Time,Hybrid,Healthcare,Berlin,Williamson-Charles,Small,36.0,1,1,421,0,39060.0,0,0,0,1884,3,6,15,25,0,3.0,Corporate,0,21.5,1,0,0,76.9,6.9,0
2026-03-23,Backend Developer,Part-Time,Hybrid,Cybersecurity,San Francisco,"Cisneros, Robinson and Miller",Medium,19.0,1,1,253,1,28672.0,0,0,0,1683,3,16,15,30,0,5.1,Corporate,0,6.3,1,16,8,51.3,7.2,0
2018-05-03,Frontend Developer,Full-Time,Remote,Cybersecurity,San Francisco,"Waller, Barajas and Ramirez",Startup,34.0,1,0,427,0,33859.0,0,0,0,2411,6,77,78,15,0,5.6,Corporate,0,1.0,1,0,22,17.3,77.3,1
2025-10-01,AI Research Intern,Part-Time,Hybrid,FinTech,Sydney,"Gonzalez, Hoffman and Evans",Medium,14.0,1,1,171,1,13430.0,0,0,0,593,0,16,83,16,0,0.0,Corporate,0,21.8,1,13,34,75.9,17.7,0
2021-10-13,UI/UX Designer,Contract,Hybrid,EdTech,Sydney,Anderson LLC,Medium,22.0,1,1,250,0,43483.0,0,0,0,1267,6,13,0,34,0,1.0,Corporate,0,22.5,1,47,55,31.1,28.3,0
2020-01-07,Backend Developer,Full-Time,Remote,Gaming,London,Miller PLC,Medium,39.0,0,1,476,1,22658.0,0,0,0,1168,6,0,78,38,0,4.6,Corporate,0,18.5,0,37,44,46.5,57.0,1
2026-10-01,Cybersecurity Analyst,Contract,Hybrid,Healthcare,Sydney,Greer Inc,Medium,2.0,1,0,12,1,50459.0,0,0,0,1968,2,7,61,30,0,2.6,Corporate,0,2.8,1,48,46,59.3,45.7,0
2020-03-13,Cloud Engineer,Full-Time,Hybrid,Healthcare,New York,Mccormick-Yates,Small,26.0,1,1,330,1,54323.0,0,1,2677,1208,2,31,16,0,0,3.5,Corporate,0,15.2,1,55,11,62.2,35.3,0
2023-09-13,Cloud Engineer,Full-Time,Hybrid,Marketing,Toronto,Lee-Holmes,Small,33.0,1,1,386,1,18772.0,0,0,0,1413,1,45,12,40,0,8.4,Corporate,0,30.4,0,12,47,55.6,19.9,0
2023-09-14,AI Research Intern,Contract,Onsite,Gaming,Toronto,"Flynn, Haynes and Smith",Small,17.0,0,1,185,0,57560.0,0,0,0,2054,2,45,0,17,0,9.9,Corporate,0,1.0,1,33,0,64.1,5.3,0
2025-12-28,Data Science Intern,Full-Time,Onsite,EdTech,Toronto,Greene and Sons,Startup,17.0,1,1,194,1,34298.0,0,1,103,2193,1,22,22,9,0,5.6,Corporate,0,32.1,1,66,22,67.9,35.7,0
2025-07-08,Cloud Engineer,Internship,Remote,Software,Singapore,Henry-Carr,Startup,22.0,1,1,274,1,34265.0,0,0,0,2143,3,35,51,38,0,2.2,Free,1,9.4,1,0,33,43.6,45.3,0
2026-04-18,Data Science Intern,Full-Time,Remote,Healthcare,London,Lopez-Young,Startup,16.0,1,0,218,1,34232.0,0,0,0,959,2,22,9,0,0,7.0,Corporate,0,5.2,1,15,0,84.1,10.8,0
2018-06-17,Frontend Developer,Contract,Remote,Gaming,Toronto,Davis Group,Small,30.0,1,1,360,0,54412.0,0,0,0,1734,0,11,63,46,0,0.5,Corporate,0,44.9,1,0,17,65.3,22.4,0
2020-09-19,Frontend Developer,Contract,Remote,Software,Bangalore,"Reyes, Watts and Burke",Small,33.0,1,1,401,0,27034.0,0,0,0,548,5,38,55,9,0,0.0,Corporate,0,14.1,0,53,2,57.4,18.1,0
2019-12-26,Backend Developer,Internship,Hybrid,FinTech,Sydney,"Hogan, Johnson and Fischer",Medium,19.0,0,0,202,1,29475.0,0,0,0,2455,4,46,34,77,0,6.8,Free,1,18.4,1,24,13,70.3,73.9,1
2024-06-02,UI/UX Designer,Part-Time,Onsite,Gaming,London,Sanchez-Brown,Small,24.0,1,1,287,1,24166.0,0,0,0,1608,3,14,86,13,0,4.0,Corporate,0,1.0,1,0,8,81.2,6.2,0
2025-08-07,ML Engineer,Full-Time,Hybrid,Gaming,San Francisco,Allen LLC,Enterprise,21.0,1,1,234,1,40216.0,0,0,0,1781,2,45,34,0,0,2.8,Corporate,0,21.7,1,54,15,67.7,4.4,0
2025-04-22,Marketing Intern,Full-Time,Remote,Software,Sydney,"Ramos, Smith and Miller",Startup,11.0,0,1,147,1,62388.0,0,0,0,1916,7,8,54,26,0,4.2,Corporate,0,23.8,1,23,7,47.1,31.2,0
2024-12-12,Cloud Engineer,Internship,Remote,Marketing,Berlin,Solomon-Fitzgerald,Startup,28.0,0,1,336,1,47728.0,0,0,0,1634,4,48,47,26,0,2.1,Free,1,14.2,1,33,9,48.2,53.8,1
2026-10-19,Data Science Intern,Contract,Remote,AI,San Francisco,"Lopez, Wright and Nguyen",Small,37.0,1,1,423,1,30852.0,0,0,0,908,2,59,11,6,0,6.4,Corporate,0,36.1,0,7,28,46.5,42.9,0
2021-05-05,Data Science Intern,Full-Time,Hybrid,AI,Berlin,Wagner-Ballard,Medium,39.0,0,1,468,1,21534.0,0,0,0,1503,5,17,41,29,0,8.6,Corporate,0,14.9,1,0,24,64.2,21.6,0
2026-04-07,Cloud Engineer,Internship,Hybrid,Marketing,Singapore,Flores Group,Small,6.0,1,1,98,1,24200.0,0,0,0,932,2,32,50,0,0,2.3,Corporate,0,6.5,1,17,5,50.3,9.5,0
2022-09-11,Cybersecurity Analyst,Contract,Remote,E-Commerce,Singapore,"Mendez, Strickland and Hunt",Small,30.0,1,1,348,1,35078.0,0,0,0,1100,1,21,0,23,0,2.0,Free,1,2.8,1,20,25,65.8,13.3,0
2021-08-26,ML Engineer,Part-Time,Hybrid,Software,Sydney,George-Lopez,Startup,10.0,1,1,130,1,31401.0,0,1,1220,1540,4,0,35,19,0,8.8,Free,1,41.4,1,0,4,97.8,32.7,0
2020-01-05,ML Engineer,Internship,Onsite,FinTech,San Francisco,"Brewer, Cook and Grimes",Startup,24.0,1,0,279,1,40160.0,0,0,0,2919,5,0,47,46,0,4.8,Corporate,0,31.6,1,19,70,42.3,72.9,1
2024-12-30,Backend Developer,Internship,Remote,Software,San Francisco,"Sanchez, Benton and Leon",Startup,37.0,0,1,461,1,36545.0,0,0,0,1613,4,46,27,9,1,7.6,Corporate,0,16.4,1,50,45,30.2,82.6,1
2021-05-18,Cloud Engineer,Full-Time,Onsite,FinTech,London,Huynh LLC,Medium,4.0,0,1,22,0,19788.0,0,0,0,2822,2,43,21,36,0,7.0,Corporate,0,31.4,1,32,19,54.4,19.3,0
2025-06-07,Cybersecurity Analyst,Full-Time,Remote,E-Commerce,Toronto,Lane-Pierce,Small,38.0,1,1,423,1,36640.0,0,0,0,2472,2,3,42,60,0,6.2,Free,1,17.3,1,28,0,100.0,10.6,0
2018-05-23,Frontend Developer,Full-Time,Remote,Healthcare,London,Bennett-Petty,Startup,,1,1,89,0,38636.0,0,0,0,2064,1,22,63,26,0,2.8,Corporate,0,23.4,1,12,27,50.6,6.5,0
2022-09-06,Cybersecurity Analyst,Full-Time,Onsite,Gaming,Dubai,Snyder-Brock,Medium,21.0,1,1,259,1,2956.0,0,0,0,1640,1,40,100,32,0,11.7,Corporate,0,14.8,0,48,23,34.0,31.9,0
2024-12-18,Frontend Developer,Internship,Remote,Marketing,Bangalore,"Gonzalez, Olson and Morgan",Medium,12.0,0,1,143,1,24933.0,0,0,0,2273,6,27,56,22,0,6.1,Corporate,0,26.8,1,18,25,53.1,27.8,0
2025-12-28,UI/UX Designer,Contract,Remote,Marketing,Berlin,Carroll-Olson,Medium,33.0,1,1,409,1,39681.0,0,0,0,1042,4,59,62,13,0,9.9,Free,1,19.7,0,1,14,37.0,68.0,1
2018-01-01,AI Research Intern,Contract,Remote,Gaming,Bangalore,Conrad LLC,Startup,20.0,1,1,230,0,25788.0,0,0,0,1351,1,23,50,52,0,2.8,Corporate,0,2.1,0,27,28,49.4,16.6,0
2024-11-20,Data Science Intern,Full-Time,Remote,Cybersecurity,Bangalore,Fields-Massey,Small,23.0,1,1,307,1,16848.0,0,0,0,2577,2,26,44,30,0,7.9,Free,1,16.5,0,42,22,54.8,30.4,0
2020-04-24,AI Research Intern,Internship,Remote,Gaming,Berlin,"Davis, Nguyen and Downs",Enterprise,22.0,1,1,262,1,19652.0,0,1,1311,2518,4,52,41,26,0,11.2,Corporate,0,26.2,0,45,20,29.0,80.4,1
2018-08-23,UI/UX Designer,Part-Time,Remote,Cybersecurity,Singapore,Simmons LLC,Enterprise,29.0,1,1,355,1,25837.0,0,0,0,1196,4,19,33,44,0,6.6,Corporate,0,14.5,1,6,0,59.7,0.5,0
2020-03-16,UI/UX Designer,Internship,Onsite,Gaming,Bangalore,Johnson Ltd,Small,32.0,1,1,394,1,32748.0,0,0,0,2228,5,22,94,18,0,6.4,Free,1,1.2,0,54,17,55.5,33.8,0
2018-10-15,Frontend Developer,Contract,Hybrid,Cybersecurity,San Francisco,Buchanan Inc,Enterprise,11.0,0,1,126,0,32087.0,0,0,0,1677,5,21,18,61,0,5.2,Corporate,0,16.3,1,57,17,52.5,24.9,0
2018-02-18,Backend Developer,Part-Time,Remote,EdTech,Berlin,"Olsen, Gonzalez and Howard",Small,39.0,0,1,466,1,53107.0,0,0,0,1995,4,29,56,8,0,6.1,Corporate,0,42.5,1,16,28,37.5,45.3,0
2018-01-15,ML Engineer,Contract,Remote,AI,Singapore,Rodriguez Ltd,Startup,8.0,0,0,95,0,61767.0,0,1,3138,1605,4,14,61,0,0,4.9,Corporate,0,14.3,1,22,7,72.0,54.7,1
2026-01-12,Cybersecurity Analyst,Contract,Remote,Healthcare,New York,Taylor-Pacheco,Small,29.0,1,1,340,1,29600.0,0,0,0,2902,3,44,41,22,0,1.2,Free,1,15.0,1,58,24,44.8,44.7,0
2018-03-07,Data Science Intern,Contract,Hybrid,Software,Berlin,"Pope, Figueroa and Holmes",Medium,16.0,1,1,207,1,47391.0,0,0,0,1061,4,50,31,30,0,3.9,Corporate,0,30.8,1,12,0,57.8,19.2,0
2024-07-03,ML Engineer,Full-Time,Remote,AI,New York,"Allen, Martinez and Deleon",Startup,34.0,1,1,399,0,22268.0,0,0,0,1483,3,37,30,6,0,6.2,Corporate,0,20.6,1,21,36,57.5,23.5,0
2021-09-25,Backend Developer,Full-Time,Remote,Marketing,Singapore,"Mcfarland, Cooper and Johnson",Enterprise,36.0,1,1,425,0,24159.0,0,0,0,1729,5,50,47,2,0,3.1,Free,1,14.2,1,9,18,44.2,42.1,0
2024-09-04,Cloud Engineer,Internship,Remote,Software,San Francisco,Thornton-Brown,Startup,19.0,1,1,222,1,55091.0,0,0,0,1588,7,56,45,27,0,1.2,Corporate,0,19.8,1,24,47,23.7,48.6,0
2023-01-08,Marketing Intern,Contract,Remote,EdTech,Bangalore,Austin Ltd,Small,22.0,1,1,258,1,27325.0,0,0,0,1471,3,25,80,35,0,3.7,Corporate,0,22.9,1,41,11,61.3,20.2,0
2024-05-07,UI/UX Designer,Internship,Remote,FinTech,San Francisco,Walker Ltd,Small,19.0,1,1,239,1,34781.0,0,0,0,933,1,57,28,17,1,6.5,Corporate,0,28.4,1,6,14,62.1,36.8,0
2025-12-13,Cloud Engineer,Part-Time,Hybrid,EdTech,Berlin,"Murphy, Hayes and Herring",Small,36.0,1,1,435,1,8449.0,0,0,0,2545,2,18,66,50,0,5.5,Corporate,0,17.1,1,22,15,76.6,17.1,0
2018-11-01,ML Engineer,Internship,Remote,E-Commerce,Sydney,Boyer Inc,Medium,7.0,1,1,70,0,32867.0,0,0,0,1606,2,22,0,30,0,6.2,Corporate,0,7.0,1,13,33,47.7,16.2,0
2020-10-31,Marketing Intern,Part-Time,Hybrid,FinTech,San Francisco,"Hernandez, Woods and Garcia",Small,36.0,0,1,402,1,15732.0,0,0,0,1164,2,0,6,6,0,1.8,Corporate,0,17.0,0,64,48,45.9,35.2,0
2023-12-01,AI Research Intern,Full-Time,Remote,E-Commerce,Sydney,Rodriguez-Rich,Small,24.0,0,1,283,0,22508.0,0,0,0,1677,5,30,30,55,0,6.5,Corporate,0,19.7,1,38,20,29.1,42.7,0
2019-11-24,Backend Developer,Part-Time,Remote,EdTech,Berlin,Meyer LLC,Startup,4.0,1,0,87,1,42622.0,0,0,0,2204,2,0,70,41,0,8.4,Corporate,0,20.5,0,9,13,85.6,23.1,0
2024-04-29,Cloud Engineer,Contract,Remote,AI,Toronto,Black-Sampson,Small,7.0,1,1,96,1,26997.0,0,0,0,3383,1,35,0,34,0,4.5,Corporate,0,25.7,0,0,41,45.1,28.4,0
2020-05-10,Cloud Engineer,Contract,Remote,Healthcare,Sydney,Bryant and Sons,Startup,10.0,1,1,113,0,42294.0,0,0,0,2723,3,27,44,46,0,4.1,Corporate,0,1.0,0,11,26,39.8,19.3,0
2019-07-14,AI Research Intern,Internship,Onsite,Cybersecurity,Sydney,Floyd PLC,Startup,22.0,1,0,248,1,35114.0,0,0,0,1967,1,0,47,8,0,4.9,Corporate,0,10.2,1,25,38,71.5,22.9,0
2019-10-12,Cloud Engineer,Part-Time,Remote,E-Commerce,New York,Williams-Mcgee,Enterprise,7.0,1,1,52,1,34382.0,0,0,0,2384,2,42,53,25,0,4.0,Free,1,14.0,1,24,34,54.5,43.0,0
2024-10-11,Frontend Developer,Contract,Hybrid,Healthcare,London,Bailey Group,Startup,22.0,1,1,283,0,50463.0,0,0,0,1338,1,25,44,7,0,2.8,Corporate,0,14.4,1,28,37,31.6,18.7,0
2021-12-31,Frontend Developer,Internship,Onsite,Gaming,Singapore,Hill Ltd,Startup,14.0,1,1,141,1,28053.0,0,0,0,2290,5,21,38,16,0,5.2,Free,1,27.6,0,54,48,28.7,31.2,0
2024-09-11,Frontend Developer,Internship,Onsite,EdTech,Toronto,Gallegos-Hunter,Small,15.0,1,1,147,1,20464.0,0,1,4396,1613,4,26,28,16,0,9.1,Corporate,0,15.7,1,12,21,67.8,40.0,0
2021-06-24,Frontend Developer,Internship,Onsite,Gaming,New York,Trujillo-Richardson,Medium,31.0,1,0,359,1,34544.0,0,0,0,397,2,30,22,43,0,6.2,Free,1,27.0,1,36,34,51.5,53.0,1
2022-02-03,Backend Developer,Internship,Onsite,E-Commerce,Singapore,"Roach, Haley and Ray",Medium,39.0,1,1,463,0,64769.0,0,0,0,1120,1,25,13,28,0,2.7,Corporate,0,34.5,1,45,33,40.6,26.3,0
2023-02-15,Backend Developer,Internship,Remote,Gaming,Singapore,Wright Group,Small,28.0,0,1,337,1,30178.0,0,0,0,1119,1,13,48,20,0,7.4,Free,1,9.1,1,8,47,42.1,68.1,1
2022-06-27,Backend Developer,Part-Time,Remote,AI,New York,"Fritz, Roberts and Moore",Startup,21.0,0,1,262,1,51648.0,0,0,0,2956,1,35,100,24,0,1.6,Corporate,0,18.5,1,17,34,61.5,50.3,1
2018-03-04,Frontend Developer,Part-Time,Remote,Cybersecurity,Singapore,Richards-Hammond,Startup,26.0,1,1,310,1,30051.0,0,0,0,1275,2,49,0,5,0,6.7,Corporate,0,19.1,1,13,0,60.2,6.9,0
2021-09-08,Cybersecurity Analyst,Part-Time,Onsite,Cybersecurity,Berlin,Morgan Group,Startup,15.0,1,1,184,1,65407.0,0,1,3216,1114,0,20,54,16,1,5.2,Free,1,25.5,1,38,0,87.9,60.0,1
2021-08-16,UI/UX Designer,Full-Time,Remote,Cybersecurity,Berlin,"Schneider, Hall and Lee",Startup,6.0,0,1,83,0,29781.0,0,0,0,1843,2,26,44,26,0,8.3,Corporate,0,5.4,1,75,23,51.8,41.4,0
2022-08-10,Data Science Intern,Internship,Remote,E-Commerce,Sydney,Lee Inc,Small,18.0,0,1,208,1,48222.0,0,0,0,2282,2,15,22,34,1,9.0,Corporate,0,27.8,1,37,0,77.6,35.8,0
2026-08-25,Cloud Engineer,Internship,Hybrid,Cybersecurity,New York,"Rodriguez, Holmes and Rivera",Small,11.0,1,1,135,1,37513.0,0,0,0,314,2,45,39,25,0,5.1,Corporate,0,15.3,1,52,21,72.1,17.1,0
2019-03-25,Cybersecurity Analyst,Contract,Remote,EdTech,Singapore,Herman-Burton,Small,30.0,1,1,356,1,25447.0,0,0,0,1231,0,4,40,0,0,6.0,Free,1,15.3,1,37,21,69.1,16.2,0
2018-03-25,Data Science Intern,Internship,Remote,Software,New York,Duncan LLC,Small,4.0,1,1,34,0,29186.0,0,0,0,876,1,61,24,0,0,10.1,Corporate,0,9.9,1,9,39,25.0,42.8,0
2026-10-01,UI/UX Designer,Part-Time,Hybrid,FinTech,Singapore,Gardner and Sons,Small,15.0,1,1,179,1,45708.0,0,0,0,968,5,63,26,6,0,6.0,Corporate,0,12.8,1,22,0,56.4,15.2,0
2024-09-10,Marketing Intern,Contract,Remote,Cybersecurity,Singapore,Griffin PLC,Medium,16.0,1,0,197,1,31656.0,0,0,0,582,3,61,75,0,0,11.0,Corporate,0,23.0,1,22,5,48.9,42.4,0
2019-12-20,Backend Developer,Full-Time,Hybrid,FinTech,Singapore,Cain and Sons,Medium,32.0,1,1,366,0,27411.0,0,1,1754,1865,2,0,60,0,0,0.0,Free,1,26.9,0,4,10,64.4,49.3,0
2025-07-20,UI/UX Designer,Full-Time,Onsite,E-Commerce,London,Mitchell-Silva,Medium,26.0,1,1,290,1,2000.0,0,0,0,1510,2,26,65,27,0,6.1,Corporate,0,14.7,1,34,13,82.6,17.2,0
2024-12-24,Data Science Intern,Full-Time,Onsite,Gaming,Berlin,Ward Inc,Enterprise,5.0,1,1,44,1,44000.0,0,0,0,1654,4,51,7,34,0,4.5,Free,1,22.6,1,66,46,46.2,67.2,1
2023-12-21,Frontend Developer,Internship,Remote,Healthcare,Singapore,"Padilla, Alvarado and Oneill",Medium,33.0,1,1,403,0,48854.0,0,0,0,2172,4,34,8,31,0,1.9,Corporate,0,20.1,1,13,18,46.0,20.2,0
2021-07-26,Cloud Engineer,Internship,Remote,Healthcare,Singapore,Kim-Richardson,Small,12.0,0,1,120,1,60906.0,0,0,0,1832,5,35,32,2,0,2.7,Corporate,0,21.2,1,47,28,26.1,55.1,1
2024-01-16,Frontend Developer,Contract,Remote,Cybersecurity,Singapore,"Hall, Hicks and Meyer",Startup,14.0,1,1,150,0,35034.0,0,0,0,2180,5,46,29,55,0,9.0,Corporate,0,26.3,1,22,29,31.4,39.6,0
2019-05-21,Cybersecurity Analyst,Full-Time,Hybrid,Gaming,Toronto,Gregory PLC,Medium,6.0,1,1,61,1,38452.0,0,0,0,1040,5,16,39,14,0,6.1,Corporate,0,27.5,1,25,0,74.5,0.0,0
2026-12-29,Data Science Intern,Part-Time,Remote,Cybersecurity,San Francisco,Clayton Group,Medium,27.0,1,1,303,1,31034.0,0,0,0,2672,3,57,26,33,1,3.0,Corporate,0,6.2,1,4,20,36.2,66.6,1
2019-08-04,Backend Developer,Part-Time,Remote,AI,Toronto,Morgan-Nguyen,Small,26.0,1,1,289,1,31620.0,0,0,0,1478,1,25,46,22,0,2.9,Free,1,42.0,0,13,22,64.0,32.4,0
2019-04-21,Frontend Developer,Part-Time,Remote,Cybersecurity,San Francisco,"Rollins, French and Frazier",Small,39.0,1,1,488,0,43542.0,0,0,0,1611,3,38,26,2,0,5.7,Free,1,23.5,1,27,5,61.3,26.6,0
2020-10-30,Cybersecurity Analyst,Full-Time,Remote,Cybersecurity,Dubai,Fletcher-Whitney,Medium,19.0,1,1,232,1,48936.0,0,0,0,1930,1,29,42,51,0,3.5,Corporate,0,25.6,1,34,26,47.6,29.6,0
2023-01-03,UI/UX Designer,Part-Time,Hybrid,FinTech,Dubai,Pearson-Austin,Medium,2.0,1,1,1,0,47490.0,0,0,0,3335,3,22,51,20,0,3.1,Free,1,27.4,0,41,1,75.3,38.7,0
2018-07-21,UI/UX Designer,Contract,Hybrid,EdTech,New York,"Walker, Shields and Lee",Startup,15.0,1,1,169,0,38400.0,0,0,0,1820,4,52,38,2,0,1.4,Free,1,31.6,1,0,44,20.5,46.2,0
2023-01-03,Marketing Intern,Contract,Remote,Marketing,Bangalore,"Galloway, Wilcox and Cook",Small,20.0,1,1,221,1,37655.0,0,1,3455,1465,2,48,25,15,0,6.2,Corporate,0,22.5,1,27,0,67.4,40.9,0
2020-09-27,Data Science Intern,Internship,Remote,Gaming,London,Murray PLC,Small,19.0,1,1,249,0,29515.0,0,0,0,360,3,54,45,39,0,7.0,Corporate,0,23.1,1,10,27,24.0,58.7,1
2024-12-11,Backend Developer,Part-Time,Hybrid,FinTech,Toronto,Shields Inc,Medium,21.0,0,1,264,1,19426.0,0,0,0,1672,2,4,52,0,0,7.4,Corporate,0,12.3,1,43,1,69.9,0.0,0
2019-03-09,Cybersecurity Analyst,Full-Time,Hybrid,FinTech,San Francisco,Bean Ltd,Medium,36.0,1,1,424,0,50942.0,0,0,0,2409,2,40,14,21,0,6.1,Corporate,0,14.5,1,21,1,78.0,0.5,0
2025-04-03,Backend Developer,Internship,Onsite,Cybersecurity,Dubai,"Myers, Perez and Malone",Startup,28.0,0,1,323,1,53341.0,0,0,0,1505,4,17,47,6,0,2.8,Corporate,0,9.0,1,15,5,70.5,2.4,0
2024-11-15,AI Research Intern,Contract,Remote,E-Commerce,Singapore,"Watson, Myers and Cruz",Enterprise,38.0,1,1,458,1,14190.0,0,0,0,2593,3,18,20,29,0,3.6,Corporate,0,19.9,1,55,0,87.4,0.0,0
2021-09-25,UI/UX Designer,Full-Time,Hybrid,Marketing,London,Martin LLC,Small,32.0,1,1,391,0,75362.0,0,0,0,2745,3,40,61,38,0,3.6,Corporate,0,29.8,1,23,28,35.6,30.2,0
2024-08-05,Data Science Intern,Internship,Remote,AI,Toronto,"Weaver, Mason and Wilson",Small,25.0,1,1,305,1,75215.0,0,0,0,2251,4,35,18,20,0,3.7,Corporate,0,17.5,1,12,9,74.6,16.0,0
2021-11-07,ML Engineer,Internship,Remote,EdTech,Sydney,"Brooks, Taylor and Ramirez",Small,16.0,1,1,197,1,32553.0,0,0,0,1454,1,27,47,24,0,7.7,Free,1,19.4,0,1,13,78.2,21.9,0
2018-06-02,Data Science Intern,Contract,Remote,E-Commerce,Toronto,Flores Ltd,Small,32.0,1,1,356,0,34966.0,0,0,0,1703,2,56,65,20,0,6.5,Corporate,0,19.6,1,0,32,36.8,36.4,0
2024-08-29,Backend Developer,Contract,Remote,Gaming,Sydney,"Jackson, Reese and Lucas",Medium,33.0,1,1,382,1,42739.0,0,0,0,1887,7,27,85,20,1,2.1,Corporate,0,21.9,1,36,5,78.3,35.6,0
2025-08-23,Cloud Engineer,Full-Time,Remote,Marketing,Dubai,Aguirre-Johns,Small,2.0,0,0,44,1,32887.0,0,0,0,1984,6,9,43,34,0,3.7,Corporate,0,53.9,1,17,0,50.8,58.2,1
2022-12-25,Backend Developer,Full-Time,Remote,AI,Toronto,Harmon PLC,Enterprise,8.0,1,1,104,1,12074.0,0,0,0,1587,4,23,24,57,0,6.1,Free,1,25.7,0,24,7,73.1,24.9,0
2026-03-09,Backend Developer,Part-Time,Hybrid,Gaming,Berlin,"Coffey, Patterson and Walsh",Medium,6.0,1,1,55,1,32203.0,0,0,0,2403,2,45,29,3,0,4.8,Corporate,0,25.3,0,60,25,44.0,14.5,0
2019-12-24,Marketing Intern,Full-Time,Remote,Software,Dubai,Johnson-Hernandez,Medium,15.0,1,1,169,1,31407.0,0,0,0,1804,2,23,26,34,0,3.5,Corporate,0,11.5,1,32,6,57.0,18.9,0
2020-07-28,Backend Developer,Full-Time,Remote,EdTech,Toronto,Moon-Keith,Small,9.0,1,1,133,1,35783.0,0,0,0,2378,3,28,13,28,0,5.5,Free,1,28.5,1,0,0,81.0,25.2,0
2023-02-24,ML Engineer,Contract,Hybrid,AI,London,"Jordan, Jenkins and Cameron",Small,28.0,1,1,332,1,57207.0,0,0,0,2475,1,9,27,6,0,3.2,Corporate,0,16.1,1,29,12,65.3,0.0,0
2024-02-12,AI Research Intern,Full-Time,Hybrid,EdTech,London,Wright LLC,Small,14.0,1,1,192,1,40291.0,0,0,0,946,2,10,51,22,0,2.3,Corporate,0,26.7,1,11,6,86.4,0.0,0
2026-10-25,ML Engineer,Full-Time,Hybrid,Marketing,New York,Hogan PLC,Medium,28.0,1,1,363,0,54365.0,0,0,0,1274,3,39,13,37,0,8.5,Corporate,0,17.2,0,39,26,34.3,27.2,0
2018-08-18,Backend Developer,Part-Time,Onsite,Healthcare,San Francisco,"Mason, Williams and Torres",Small,27.0,1,1,321,1,28333.0,0,0,0,1375,2,31,14,33,0,2.3,Corporate,0,32.1,1,60,10,62.2,15.9,0
2025-09-29,Backend Developer,Full-Time,Remote,Software,Dubai,Lynch-Bennett,Startup,3.0,1,1,50,1,41343.0,0,0,0,1621,4,0,58,8,0,7.0,Corporate,0,17.0,1,36,43,54.8,14.3,0
2018-10-01,Marketing Intern,Internship,Remote,E-Commerce,Singapore,Harris-Chapman,Small,39.0,1,1,473,1,17455.0,0,0,0,2060,5,0,45,33,0,1.0,Corporate,0,27.7,1,0,9,75.3,8.0,0
2018-05-30,Backend Developer,Part-Time,Remote,E-Commerce,New York,"Lewis, Gonzalez and Young",Small,8.0,1,1,79,0,33735.0,0,0,0,1891,3,57,46,0,0,2.7,Corporate,0,19.2,1,35,13,52.4,21.0,0
2023-07-15,Data Science Intern,Full-Time,Remote,Software,Bangalore,"Warren, Wright and Jarvis",Enterprise,19.0,1,1,224,1,28859.0,0,0,0,1576,5,11,79,0,1,3.3,Corporate,0,22.6,0,14,33,55.0,60.6,1
2021-07-24,Frontend Developer,Full-Time,Hybrid,Software,London,Bright-Williams,Medium,7.0,0,1,82,0,31022.0,0,0,0,1344,4,0,9,32,0,1.5,Corporate,0,29.6,1,23,0,85.7,2.1,0
2021-04-08,Frontend Developer,Part-Time,Remote,FinTech,Toronto,Pham-Sullivan,Small,12.0,1,1,120,1,54934.0,0,0,0,2426,0,0,24,42,0,4.5,Free,1,27.9,1,11,18,76.2,10.7,0
2023-07-15,Data Science Intern,Contract,Remote,EdTech,Bangalore,Scott LLC,Small,4.0,0,1,68,1,42225.0,0,0,0,1931,2,19,77,38,0,5.5,Corporate,0,28.3,1,14,55,36.1,49.7,0
2026-01-02,Marketing Intern,Full-Time,Onsite,E-Commerce,San Francisco,Dennis Group,Small,1.0,1,1,39,1,56243.0,0,0,0,1578,2,0,40,28,0,9.0,Free,1,21.5,0,14,0,87.8,10.4,0
2018-06-04,UI/UX Designer,Internship,Remote,Cybersecurity,Bangalore,"Terry, Bruce and Hensley",Small,22.0,1,1,269,1,51323.0,0,0,0,2573,2,38,16,16,0,4.0,Corporate,0,21.7,1,56,36,66.8,24.5,0
2024-03-12,Cloud Engineer,Part-Time,Onsite,Healthcare,New York,Campbell Inc,Startup,20.0,1,1,235,0,47740.0,0,0,0,2134,1,48,78,34,0,3.1,Corporate,0,8.8,1,27,15,43.1,27.0,0
2025-10-24,Frontend Developer,Contract,Onsite,Software,Bangalore,"Pope, Hawkins and Price",Enterprise,9.0,1,1,85,1,,0,1,1193,1972,4,51,36,13,0,2.5,Free,1,19.8,0,51,27,40.4,75.4,1
2022-11-12,AI Research Intern,Part-Time,Remote,Marketing,Dubai,Ward and Sons,Medium,34.0,0,1,415,1,32520.0,0,0,0,2072,0,49,18,20,0,6.7,Corporate,0,20.7,1,22,9,57.6,20.2,0
2024-04-24,Data Science Intern,Part-Time,Onsite,EdTech,Singapore,Gordon-Lin,Small,19.0,0,1,242,0,46027.0,0,0,0,1792,1,10,0,59,0,4.3,Free,1,3.4,1,20,8,74.4,12.0,0
2024-09-17,Frontend Developer,Contract,Remote,AI,Bangalore,"Clay, Moreno and Oliver",Startup,29.0,1,1,382,0,30586.0,0,0,0,2214,2,1,57,23,1,5.7,Corporate,0,12.0,1,0,31,56.2,28.8,0
2020-06-13,Cybersecurity Analyst,Full-Time,Onsite,E-Commerce,Sydney,Brooks LLC,Small,28.0,0,1,312,1,43790.0,0,0,0,1958,2,25,28,32,0,6.1,Corporate,0,14.7,0,9,36,59.0,16.1,0
2020-07-30,Frontend Developer,Full-Time,Onsite,Marketing,San Francisco,Taylor PLC,Startup,1.0,1,1,19,0,52192.0,0,0,0,2131,1,38,74,9,0,1.7,Free,1,31.6,1,25,33,23.6,57.8,1
2021-08-28,Cybersecurity Analyst,Full-Time,Remote,Cybersecurity,San Francisco,Lopez Inc,Startup,4.0,1,1,54,1,37213.0,0,1,1389,880,3,5,59,20,0,1.5,Corporate,0,34.7,1,15,23,72.8,42.8,0
2019-11-07,Backend Developer,Contract,Remote,EdTech,Dubai,Ferguson LLC,Enterprise,16.0,1,1,195,1,42944.0,0,0,0,1714,6,42,40,45,0,6.9,Free,1,13.8,1,55,30,54.6,42.6,0
2018-10-19,Marketing Intern,Contract,Onsite,Marketing,Toronto,Johnson and Sons,Startup,28.0,1,1,352,1,53630.0,0,0,0,1829,2,66,45,20,0,4.6,Free,1,18.4,1,16,23,58.1,36.1,0
2022-04-15,UI/UX Designer,Contract,Onsite,Software,Bangalore,Medina PLC,Startup,16.0,1,1,194,0,39314.0,0,0,0,1147,1,14,17,35,0,6.0,Free,1,29.2,1,49,69,26.1,52.9,1
2019-08-12,Cybersecurity Analyst,Part-Time,Remote,FinTech,London,Williams-Morgan,Startup,29.0,1,1,334,1,54273.0,0,1,63,2654,3,36,74,49,0,4.0,Corporate,0,15.2,1,2,35,54.2,73.4,1
2020-02-19,Backend Developer,Part-Time,Hybrid,AI,Sydney,Hansen-Price,Startup,34.0,1,1,371,1,20131.0,0,0,0,1502,4,23,46,1,1,3.4,Corporate,0,20.7,0,11,6,68.7,20.1,0
2022-01-30,Marketing Intern,Part-Time,Remote,Gaming,New York,"Fields, Sharp and Henderson",Small,25.0,0,0,301,1,48601.0,0,0,0,1474,3,56,41,37,0,6.5,Free,1,7.5,1,18,28,45.7,86.2,1
2020-06-03,Frontend Developer,Internship,Hybrid,EdTech,New York,Lewis-Pittman,Startup,37.0,1,1,451,1,37126.0,0,0,0,2332,3,43,25,64,0,4.0,Free,1,24.8,1,8,15,76.7,32.6,0
2018-12-06,Cloud Engineer,Internship,Hybrid,Marketing,Bangalore,"Frank, Bryant and Thomas",Startup,1.0,0,1,27,0,11560.0,0,0,0,1901,1,43,41,57,0,6.5,Corporate,0,12.7,1,15,7,56.2,56.0,1
2026-12-05,Marketing Intern,Contract,Remote,Cybersecurity,San Francisco,Weiss LLC,Medium,21.0,1,0,256,0,26312.0,0,0,0,1483,5,32,50,12,0,10.7,Corporate,0,23.8,1,33,32,46.5,43.1,0
2018-04-13,Frontend Developer,Contract,Remote,Marketing,Singapore,Hickman-Watson,Small,21.0,0,0,248,1,34184.0,0,0,0,1365,6,38,12,45,0,6.7,Corporate,0,27.4,1,8,6,61.3,48.2,0
2025-04-25,Backend Developer,Internship,Remote,Cybersecurity,Sydney,"Mayer, Smith and Pena",Enterprise,14.0,1,0,187,1,43540.0,0,0,0,1672,1,0,11,0,0,9.4,Free,1,19.0,1,30,13,72.1,14.1,0
2018-12-04,Marketing Intern,Contract,Remote,EdTech,Bangalore,Higgins-Schmitt,Medium,30.0,0,0,361,1,48516.0,0,0,0,2462,3,5,3,9,0,7.6,Free,1,17.5,1,41,0,96.9,34.7,0
2021-09-04,Data Science Intern,Internship,Hybrid,Software,Bangalore,Bell-Jacobs,Medium,12.0,0,1,149,1,47640.0,0,0,0,1208,2,25,60,22,0,1.2,Free,1,5.3,0,0,16,44.9,36.7,0
2025-08-29,Frontend Developer,Internship,Remote,Healthcare,Sydney,Cross-Powell,Medium,8.0,1,0,111,0,53876.0,0,0,0,2274,2,39,45,1,0,0.4,Corporate,0,26.5,0,0,12,34.9,52.9,1
2025-06-25,ML Engineer,Part-Time,Onsite,Software,Dubai,Riley PLC,Medium,10.0,1,1,123,1,36100.0,0,0,0,1061,0,42,81,17,0,0.3,Free,1,4.3,1,6,19,55.3,47.2,0
2024-11-17,Cloud Engineer,Internship,Remote,Gaming,Dubai,"Williams, Guerrero and Barrett",Startup,28.0,1,0,347,0,41279.0,0,0,0,1511,5,20,78,33,0,7.6,Free,1,13.9,1,31,11,61.2,55.3,1
2021-06-09,AI Research Intern,Internship,Hybrid,EdTech,Bangalore,Colon LLC,Startup,11.0,0,1,119,1,9902.0,0,0,0,964,1,60,74,6,0,2.8,Corporate,0,29.2,0,0,0,54.6,28.2,0
2023-06-24,AI Research Intern,Full-Time,Hybrid,EdTech,Singapore,"Welch, Bell and Strickland",Small,27.0,1,1,341,1,7714.0,0,0,0,2161,5,25,44,66,0,4.3,Corporate,0,16.7,1,42,7,55.3,26.0,0
2024-08-23,Cybersecurity Analyst,Contract,Remote,Healthcare,New York,"Watson, Gilbert and Hendrix",Medium,25.0,1,1,334,1,34793.0,0,0,0,1885,2,7,60,28,0,2.3,Corporate,0,13.6,0,14,49,69.6,19.1,0
2023-05-27,Cloud Engineer,Full-Time,Remote,EdTech,Dubai,Roberson-Rosario,Small,18.0,1,1,195,1,45631.0,0,0,0,3112,4,52,2,0,0,0.0,Corporate,0,29.2,0,39,8,65.6,24.6,0
2024-09-15,UI/UX Designer,Contract,Hybrid,Software,Bangalore,Glover-Harper,Medium,26.0,1,1,340,1,49415.0,0,0,0,1360,4,53,25,28,0,8.5,Corporate,0,12.8,1,46,21,57.7,25.7,0
2026-04-19,Cybersecurity Analyst,Contract,Remote,Cybersecurity,Berlin,Rodriguez-Robinson,Startup,10.0,1,0,115,1,10311.0,0,0,0,2731,6,33,33,0,0,0.0,Free,1,27.9,1,35,19,60.8,54.7,1
2018-10-15,Cybersecurity Analyst,Full-Time,Remote,AI,London,Williams PLC,Medium,1.0,1,1,1,1,44191.0,0,0,0,2364,3,32,35,12,0,2.6,Free,1,11.6,0,32,0,73.4,40.5,0
2024-02-13,UI/UX Designer,Internship,Remote,FinTech,San Francisco,Rowe LLC,Medium,17.0,1,1,221,1,33237.0,0,0,0,1489,7,27,0,11,0,9.3,Corporate,0,16.1,0,25,8,58.6,0.0,0
2020-12-02,Cybersecurity Analyst,Contract,Remote,Cybersecurity,London,Carrillo-Hall,Small,38.0,1,0,462,0,21394.0,0,0,0,2227,4,14,19,4,0,5.2,Free,1,28.7,1,23,33,52.4,47.6,0
2022-04-14,Cloud Engineer,Internship,Remote,Healthcare,Berlin,Williams and Sons,Small,28.0,1,1,362,1,2000.0,0,0,0,1618,1,28,28,18,0,7.4,Corporate,0,16.4,1,6,13,55.7,2.1,0
2023-11-27,AI Research Intern,Full-Time,Remote,EdTech,London,"Taylor, Hardy and Weber",Small,9.0,1,1,118,0,28325.0,0,0,0,1463,4,5,8,28,0,5.6,Corporate,0,21.0,1,13,59,49.9,37.4,0
2025-08-21,Cybersecurity Analyst,Internship,Remote,EdTech,Singapore,Henry Group,Medium,26.0,1,1,287,1,51844.0,0,0,0,1654,1,49,76,8,0,5.1,Free,1,11.8,1,29,13,56.3,46.0,0
2023-01-13,Cloud Engineer,Part-Time,Onsite,E-Commerce,San Francisco,King-Ramos,Small,5.0,1,1,35,0,31154.0,0,0,0,1350,2,41,62,25,0,7.0,Free,1,10.8,1,67,33,32.5,42.3,0
2020-03-04,ML Engineer,Internship,Remote,Marketing,Bangalore,Cooley LLC,Enterprise,6.0,1,1,77,1,12159.0,0,0,0,1466,2,50,64,16,0,1.1,Corporate,0,7.3,1,37,0,52.9,25.9,0
2020-06-02,AI Research Intern,Full-Time,Remote,EdTech,New York,"Willis, Jimenez and Lester",Small,37.0,1,0,452,0,33911.0,0,0,0,1435,5,27,59,42,0,0.0,Corporate,0,1.0,1,40,11,38.1,49.9,0
2021-02-19,Data Science Intern,Internship,Onsite,Gaming,San Francisco,"Norman, Wright and Herrera",Startup,2.0,1,1,27,0,28706.0,0,0,0,887,3,35,29,5,0,4.2,Corporate,0,23.4,1,0,26,45.3,39.0,0
2019-03-27,AI Research Intern,Contract,Hybrid,Healthcare,San Francisco,Christensen Inc,Medium,16.0,1,1,210,1,50527.0,0,0,0,1564,3,25,33,39,0,0.2,Corporate,0,3.2,0,47,37,52.5,29.1,0
2024-11-08,Backend Developer,Contract,Remote,E-Commerce,Bangalore,Mcdaniel-Ellis,Small,21.0,1,1,267,1,30628.0,0,0,0,1361,2,54,32,47,0,9.2,Free,1,3.5,1,16,17,56.0,54.0,1
2022-04-03,AI Research Intern,Full-Time,Remote,Healthcare,San Francisco,Phillips-Robertson,Small,21.0,1,1,257,1,46070.0,0,1,4436,1997,1,37,47,15,0,5.3,Corporate,0,4.1,1,39,4,67.8,43.1,0
2018-09-30,Backend Developer,Contract,Onsite,E-Commerce,Bangalore,"Mckenzie, Hall and Lawrence",Medium,38.0,1,1,473,1,22968.0,0,0,0,3198,3,0,11,6,0,4.3,Corporate,0,26.0,0,40,0,100.0,0.0,0
2019-01-04,Data Science Intern,Internship,Remote,Software,London,Mason and Sons,Startup,37.0,1,1,447,1,23041.0,0,0,0,1797,2,70,14,51,0,2.3,Corporate,0,30.8,1,11,49,19.0,51.1,1
2024-01-22,Data Science Intern,Internship,Remote,Cybersecurity,San Francisco,Mayo Ltd,Medium,16.0,1,1,173,1,38349.0,0,0,0,2064,3,32,38,48,0,6.1,Corporate,0,11.7,1,43,0,74.2,17.8,0
2021-09-18,Backend Developer,Internship,Remote,AI,Bangalore,Ramsey-Griffith,Medium,26.0,1,1,315,1,32045.0,0,0,0,3498,1,17,20,21,0,6.5,Free,1,6.2,0,8,43,72.2,20.7,0
2023-12-02,Data Science Intern,Internship,Remote,Cybersecurity,Sydney,Morrison-Ramos,Small,5.0,1,1,71,1,34983.0,0,0,0,1870,6,33,19,0,0,2.2,Corporate,0,25.9,1,0,7,59.4,5.3,0
2021-04-23,Backend Developer,Part-Time,Remote,Gaming,New York,Young and Sons,Medium,9.0,1,1,99,1,14230.0,0,0,0,1575,1,46,69,7,0,3.5,Free,1,25.9,1,40,0,69.1,6.8,0
2022-05-11,ML Engineer,Contract,Hybrid,FinTech,New York,"Davis, Moore and Phillips",Startup,2.0,1,1,9,1,43097.0,0,0,0,3002,6,17,45,35,0,4.9,Corporate,0,14.7,0,57,19,48.3,35.3,0
2021-05-27,Backend Developer,Internship,Hybrid,Software,London,"Munoz, Bond and Williams",Medium,17.0,0,1,201,1,15417.0,0,0,0,1562,6,35,37,28,0,3.7,Corporate,0,35.7,0,51,15,59.4,49.1,0
2023-05-18,Cybersecurity Analyst,Part-Time,Remote,EdTech,Dubai,"Walsh, Sparks and Ryan",Startup,30.0,1,0,379,0,59763.0,0,0,0,1287,4,30,10,62,0,6.6,Corporate,0,1.0,1,3,27,60.1,49.6,0
2026-04-19,Cybersecurity Analyst,Contract,Remote,E-Commerce,Berlin,"Hernandez, Green and Pratt",Small,30.0,1,0,366,1,25344.0,0,0,0,2751,5,43,27,39,0,2.0,Corporate,0,29.3,1,36,28,51.7,48.4,0
2020-10-04,Cloud Engineer,Internship,Onsite,Marketing,Dubai,Smith Group,Medium,26.0,1,1,314,1,50914.0,0,0,0,2577,2,15,49,32,0,8.4,Corporate,0,23.1,0,55,31,68.9,8.4,0
2025-10-26,Frontend Developer,Full-Time,Hybrid,Cybersecurity,San Francisco,Blevins-Shannon,Small,35.0,0,1,420,1,19067.0,0,0,0,1939,2,5,83,0,0,4.4,Corporate,0,10.4,1,13,14,76.9,24.6,0
2023-11-06,Cloud Engineer,Part-Time,Hybrid,FinTech,Berlin,"Howard, Cohen and Allison",Small,10.0,1,1,129,0,43824.0,0,1,1519,1262,3,13,22,51,0,5.2,Free,1,10.7,1,0,12,55.9,59.5,1
2020-04-20,Cybersecurity Analyst,Part-Time,Remote,AI,Dubai,"Steele, Hancock and Lyons",Medium,4.0,1,1,32,1,28253.0,0,1,2548,1015,4,48,0,63,0,2.5,Free,1,35.0,1,38,15,59.4,75.5,1
2023-11-20,Backend Developer,Part-Time,Remote,Software,San Francisco,"Flores, Maldonado and Martinez",Medium,14.0,1,0,163,1,47208.0,0,0,0,1472,2,18,26,0,0,3.5,Corporate,0,21.3,0,45,37,42.7,26.9,0
2026-10-08,Data Science Intern,Full-Time,Remote,Healthcare,Toronto,"Clayton, Carter and Singh",Small,13.0,1,1,157,1,29329.0,0,0,0,1641,3,56,32,10,1,4.0,Corporate,0,26.0,0,12,9,62.1,35.6,0
2020-07-10,UI/UX Designer,Full-Time,Remote,Cybersecurity,Berlin,"Brooks, Parker and Washington",Medium,38.0,1,1,471,1,33928.0,0,0,0,2165,3,43,0,5,0,0.4,Free,1,6.7,0,1,0,65.0,20.1,0
2024-04-12,AI Research Intern,Internship,Remote,Cybersecurity,London,Macias-Wallace,Small,5.0,1,1,51,0,53322.0,0,1,1283,2097,2,28,62,21,0,2.1,Corporate,0,9.7,0,25,22,63.0,64.7,1
2021-07-09,Backend Developer,Part-Time,Hybrid,AI,Dubai,Hanson-Reed,Startup,7.0,1,0,68,1,60596.0,0,0,0,1946,4,17,0,17,0,4.8,Corporate,0,29.0,1,24,7,61.7,1.5,0
2021-09-02,Data Science Intern,Contract,Onsite,E-Commerce,San Francisco,Cook-Rodriguez,Medium,28.0,1,1,328,0,40486.0,0,0,0,1492,3,0,44,19,0,4.1,Corporate,0,18.7,1,10,12,67.7,7.8,0
2023-02-17,AI Research Intern,Internship,Hybrid,Marketing,Bangalore,"Dickerson, Peterson and Rogers",Medium,34.0,0,1,415,1,20669.0,0,0,0,1854,2,15,2,24,0,8.9,Free,1,30.1,1,0,51,62.8,44.1,0
2023-02-20,Frontend Developer,Internship,Remote,E-Commerce,San Francisco,Ritter-Harris,Small,6.0,1,1,73,1,59866.0,0,0,0,1933,4,38,25,42,0,4.2,Corporate,0,9.9,1,34,51,36.2,36.7,0
2025-07-22,Marketing Intern,Full-Time,Hybrid,Gaming,Berlin,Mckee Inc,Small,4.0,1,1,36,0,29308.0,0,0,0,1959,3,15,59,14,0,4.9,Free,1,9.8,1,34,41,46.0,46.1,0
2026-04-29,Marketing Intern,Full-Time,Remote,Gaming,Sydney,"Robinson, Ramirez and Lee",Medium,12.0,1,1,141,1,39130.0,0,0,0,2248,3,5,36,44,0,4.8,Free,1,13.5,1,46,0,77.1,16.3,0
2021-05-18,Cloud Engineer,Contract,Hybrid,EdTech,New York,"Sparks, Jones and King",Medium,19.0,1,1,212,1,44301.0,0,0,0,1209,1,32,37,0,0,2.3,Corporate,0,10.9,1,40,14,66.1,14.2,0
2023-11-01,Data Science Intern,Full-Time,Remote,AI,Dubai,Haynes LLC,Small,21.0,1,1,259,1,54963.0,0,0,0,2162,0,40,8,29,0,8.3,Corporate,0,2.0,1,21,10,82.0,9.0,0
2019-01-17,UI/UX Designer,Part-Time,Remote,Cybersecurity,Toronto,"Stark, Gonzalez and Harris",Medium,27.0,0,1,314,1,29666.0,0,0,0,2102,3,34,34,23,0,4.0,Corporate,0,23.3,1,18,0,75.0,17.2,0
2024-12-10,UI/UX Designer,Contract,Onsite,Healthcare,Bangalore,Lee PLC,Small,5.0,1,1,74,1,63550.0,0,0,0,2939,1,34,35,32,0,8.0,Corporate,0,8.8,1,0,32,50.0,22.5,0
2021-08-09,Marketing Intern,Part-Time,Remote,Software,Bangalore,Cohen PLC,Startup,34.0,1,1,418,1,62563.0,0,0,0,2338,0,37,48,16,0,5.7,Corporate,0,15.3,1,5,8,49.9,18.9,0
2023-06-11,Backend Developer,Internship,Remote,AI,Singapore,Rodriguez Inc,Small,14.0,0,1,153,0,31965.0,0,0,0,1814,2,7,0,23,0,4.5,Corporate,0,13.2,0,52,1,70.0,0.0,0
2019-02-18,Cloud Engineer,Internship,Remote,Cybersecurity,Sydney,Roach-Combs,Enterprise,39.0,1,1,436,0,49359.0,0,0,0,576,2,42,59,47,1,1.6,Corporate,0,19.4,1,0,40,37.7,69.3,1
2024-05-10,Cybersecurity Analyst,Internship,Remote,FinTech,Dubai,"Tate, Vega and Smith",Medium,17.0,0,1,205,1,24903.0,0,0,0,1549,3,0,11,9,0,6.8,Corporate,0,14.3,0,21,44,51.3,33.0,0
2025-06-24,Frontend Developer,Full-Time,Hybrid,Gaming,Dubai,Gallagher Group,Small,21.0,1,1,262,1,20760.0,0,0,0,2061,1,39,15,18,0,5.0,Corporate,0,10.6,1,44,17,61.9,6.7,0
2023-04-07,Backend Developer,Contract,Remote,Cybersecurity,London,Richardson PLC,Startup,39.0,0,0,471,1,24930.0,0,0,0,1180,3,42,23,9,0,1.9,Corporate,0,26.6,0,62,0,70.5,36.8,0
2021-11-12,Marketing Intern,Internship,Onsite,AI,Berlin,Zavala Inc,Medium,11.0,1,0,129,1,43525.0,0,0,0,1180,2,6,34,0,0,9.1,Corporate,0,21.8,1,16,29,78.9,10.2,0
2022-10-08,Marketing Intern,Internship,Onsite,FinTech,Berlin,"Higgins, Cochran and Hays",Small,23.0,1,0,271,0,34936.0,0,0,0,1293,3,49,58,21,0,6.2,Free,1,8.1,0,0,43,27.1,74.5,1
2025-05-06,Backend Developer,Internship,Remote,Cybersecurity,San Francisco,Clark Ltd,Startup,37.0,1,1,457,1,52127.0,0,0,0,1447,3,33,27,20,0,5.0,Corporate,0,1.0,1,34,0,73.6,6.8,0
2022-12-03,ML Engineer,Part-Time,Remote,AI,Bangalore,Johnson PLC,Startup,29.0,1,1,342,0,26772.0,0,0,0,1849,2,31,49,0,0,5.1,Free,1,14.7,1,21,18,42.3,33.7,0
2019-11-08,UI/UX Designer,Full-Time,Hybrid,AI,Dubai,Willis-Kline,Small,28.0,1,1,343,0,9361.0,0,0,0,1554,3,14,43,40,0,4.8,Corporate,0,1.0,1,41,36,46.5,11.4,0
2019-10-15,Cloud Engineer,Internship,Remote,Cybersecurity,Berlin,Burns and Sons,Medium,13.0,0,0,172,1,31695.0,0,0,0,1834,1,10,29,12,0,1.7,Corporate,0,37.3,1,12,21,75.2,37.3,0
2018-10-18,Backend Developer,Contract,Remote,Cybersecurity,San Francisco,Jones Ltd,Medium,5.0,1,1,63,1,2324.0,0,0,0,3099,4,48,39,21,1,9.2,Free,1,23.9,1,19,34,60.3,63.4,1
2024-12-03,Marketing Intern,Internship,Remote,Software,Singapore,Cantu LLC,Small,11.0,1,1,121,1,41615.0,0,0,0,1834,1,0,61,27,0,4.0,Free,1,33.8,0,44,11,74.7,4.0,0
2022-04-04,Data Science Intern,Full-Time,Hybrid,Software,Singapore,Oneill-Allen,Enterprise,36.0,1,0,443,1,9857.0,0,0,0,2105,0,61,59,9,1,9.7,Corporate,0,23.8,1,22,57,40.2,78.2,1
2023-06-11,Frontend Developer,Contract,Remote,EdTech,New York,"Jones, Wright and Johnson",Enterprise,22.0,1,1,264,0,46364.0,0,0,0,1831,1,33,50,60,0,6.1,Corporate,0,10.1,1,22,21,50.7,36.0,0
2025-12-06,Data Science Intern,Part-Time,Hybrid,Gaming,San Francisco,"Johnson, Waters and Garrett",Small,22.0,1,1,277,0,43846.0,0,0,0,1006,2,32,30,3,0,7.6,Corporate,0,1.0,1,53,43,45.7,19.4,0
2023-01-18,AI Research Intern,Part-Time,Onsite,Cybersecurity,Singapore,"Castro, Hanson and Hess",Medium,12.0,1,1,169,0,40055.0,0,0,0,2089,3,10,3,34,0,2.9,Free,1,22.3,0,37,37,37.9,45.3,0
2019-09-13,Data Science Intern,Contract,Onsite,Gaming,San Francisco,Wilson Inc,Medium,,1,1,163,1,32724.0,0,0,0,2433,4,48,0,0,0,4.0,Free,1,25.6,1,25,57,50.9,31.6,0
2021-08-09,Cloud Engineer,Full-Time,Hybrid,Gaming,San Francisco,"Christensen, Salazar and Chapman",Startup,23.0,0,1,289,1,30874.0,0,0,0,2083,2,43,51,36,0,9.8,Corporate,0,23.1,1,0,25,46.9,41.8,0
2021-05-03,AI Research Intern,Internship,Hybrid,FinTech,Bangalore,"Terry, Oconnor and Hahn",Enterprise,21.0,0,1,236,1,11482.0,0,0,0,1443,1,79,65,7,0,0.5,Corporate,0,8.8,1,11,0,43.3,38.3,0
2022-03-02,ML Engineer,Internship,Remote,Healthcare,Dubai,"Warner, Green and Crawford",Medium,12.0,1,1,127,1,24201.0,0,0,0,2993,5,14,67,28,0,0.6,Free,1,5.6,0,0,38,51.4,54.3,1
2024-04-27,Frontend Developer,Part-Time,Onsite,Software,Sydney,French Group,Small,24.0,1,1,280,1,13369.0,0,0,0,1145,5,35,31,55,0,2.3,Corporate,0,24.5,1,38,31,56.3,27.5,0
2019-01-13,ML Engineer,Contract,Remote,Marketing,London,Stewart-Parker,Enterprise,7.0,0,0,84,1,8737.0,0,0,0,1764,1,40,77,10,1,0.0,Corporate,0,31.9,1,18,37,35.4,83.8,1
2021-05-27,Cybersecurity Analyst,Full-Time,Onsite,FinTech,Sydney,Price and Sons,Small,38.0,0,0,440,0,39818.0,0,0,0,360,1,7,6,4,0,1.8,Corporate,0,1.0,0,21,3,,22.3,0
2025-08-21,Cybersecurity Analyst,Contract,Remote,AI,New York,Garcia Group,Enterprise,7.0,1,1,98,1,20575.0,0,0,0,846,4,42,41,14,0,6.8,Corporate,0,17.4,0,48,50,44.5,40.5,0
2025-04-07,Marketing Intern,Contract,Remote,EdTech,Berlin,Brown-Chase,Startup,37.0,1,1,448,1,19506.0,0,0,0,2444,2,27,0,25,0,0.3,Free,1,15.6,0,24,0,,13.1,0
2021-05-20,UI/UX Designer,Contract,Remote,EdTech,Singapore,"Flores, Dixon and Cisneros",Small,36.0,1,1,400,1,41318.0,0,0,0,2176,4,32,79,18,0,4.6,Corporate,0,5.2,0,43,37,47.7,44.6,0
2022-11-06,UI/UX Designer,Contract,Remote,Healthcare,Sydney,Tran LLC,Medium,25.0,0,1,295,0,44467.0,0,0,0,1395,4,45,19,41,1,4.6,Free,1,12.1,1,14,32,20.0,100.0,1
2023-01-16,Cloud Engineer,Full-Time,Remote,FinTech,London,"Patterson, Frye and Davis",Startup,3.0,1,1,35,0,39828.0,0,1,4783,2429,4,18,62,33,1,3.8,Corporate,0,14.6,1,11,13,62.5,73.8,1
2019-06-27,Frontend Developer,Internship,Remote,E-Commerce,Singapore,Jenkins-Warner,Small,20.0,1,1,244,0,37578.0,0,0,0,1745,2,10,14,48,0,6.0,Corporate,0,16.6,1,0,0,78.1,0.0,0
2019-05-15,Marketing Intern,Part-Time,Onsite,Software,Dubai,Strong-Collins,Small,26.0,0,1,325,0,39291.0,0,0,0,1811,0,42,15,40,0,0.1,Corporate,0,9.9,0,52,17,47.2,30.3,0
2019-02-24,Backend Developer,Part-Time,Hybrid,E-Commerce,Berlin,Mitchell PLC,Startup,,1,1,153,0,10019.0,0,1,3620,1688,2,17,73,24,0,5.0,Corporate,0,5.9,0,11,0,82.9,28.4,0
2026-04-28,Marketing Intern,Full-Time,Hybrid,Cybersecurity,Dubai,Taylor-Grant,Small,23.0,1,1,280,1,32863.0,0,0,0,1937,1,45,0,14,0,8.1,Free,1,10.2,1,5,37,52.7,35.5,0
2022-02-07,UI/UX Designer,Full-Time,Onsite,E-Commerce,Sydney,"Johnson, Adams and Riley",Startup,18.0,1,1,226,1,22226.0,0,0,0,2203,0,32,0,46,0,5.2,Free,1,6.1,1,31,43,47.9,31.5,0
2026-08-12,Marketing Intern,Part-Time,Hybrid,Marketing,Toronto,"Rogers, Williams and Gaines",Startup,27.0,0,1,305,1,48269.0,0,1,1787,1094,5,39,58,46,0,4.1,Corporate,0,27.6,0,0,28,28.9,94.9,1
2024-12-30,Cloud Engineer,Contract,Remote,Marketing,San Francisco,"Guerrero, Horn and Blake",Small,5.0,1,1,58,1,3519.0,0,0,0,2585,3,35,50,37,0,6.9,Corporate,0,10.5,0,1,20,54.8,27.1,0
2018-10-06,Frontend Developer,Contract,Remote,Cybersecurity,Toronto,"Schroeder, Thomas and Keller",Enterprise,2.0,1,1,43,1,15240.0,0,0,0,1248,1,37,27,34,0,12.0,Corporate,0,17.9,0,38,17,64.8,40.4,0
2025-04-02,Backend Developer,Full-Time,Remote,EdTech,Singapore,Burnett-Miller,Startup,21.0,1,0,251,0,55679.0,0,0,0,1148,0,1,4,13,0,4.2,Free,1,20.0,1,0,22,68.0,33.3,0
2020-11-19,Frontend Developer,Part-Time,Onsite,Healthcare,New York,Rubio PLC,Enterprise,4.0,1,1,52,1,34389.0,0,0,0,2567,2,24,38,0,0,2.5,Corporate,0,9.1,1,38,19,52.3,21.3,0
2026-12-20,UI/UX Designer,Full-Time,Hybrid,Marketing,Dubai,"Dickerson, Campbell and Burnett",Enterprise,15.0,0,1,188,1,64128.0,0,0,0,2433,3,2,28,6,0,1.7,Corporate,0,23.6,0,3,21,58.4,2.9,0
2022-08-17,AI Research Intern,Part-Time,Remote,Gaming,Sydney,Barton-Young,Small,30.0,0,1,356,1,40761.0,0,1,1232,2348,4,0,62,30,0,4.6,Corporate,0,11.3,0,24,2,67.6,46.6,0
2024-10-06,AI Research Intern,Part-Time,Remote,Software,Berlin,"Miller, Mclean and Galloway",Medium,1.0,1,1,7,1,39660.0,0,0,0,2613,4,0,51,3,0,0.0,Corporate,0,22.8,1,27,39,51.1,17.5,0
2024-11-21,ML Engineer,Internship,Hybrid,AI,Toronto,Cox Inc,Medium,20.0,1,1,286,1,25955.0,0,0,0,1294,6,39,38,40,0,5.5,Free,1,10.9,0,15,12,64.0,16.2,0
2025-04-06,Marketing Intern,Internship,Remote,FinTech,Dubai,Vincent Ltd,Small,19.0,1,1,223,0,36694.0,0,0,0,2764,3,12,4,7,0,10.4,Corporate,0,39.1,0,50,5,62.3,0.0,0
2026-04-29,Marketing Intern,Part-Time,Remote,E-Commerce,Singapore,"Ruiz, Perez and Harvey",Startup,13.0,1,1,130,1,16711.0,0,0,0,1404,3,30,49,27,0,0.5,Corporate,0,3.2,1,24,13,65.2,28.1,0
2025-02-22,ML Engineer,Part-Time,Onsite,Cybersecurity,Dubai,Holloway Ltd,Small,22.0,1,1,242,0,51602.0,0,1,2124,1881,3,20,45,5,0,7.0,Free,1,13.3,1,12,30,63.6,45.3,0
2021-02-28,Marketing Intern,Full-Time,Remote,FinTech,San Francisco,Larson PLC,Startup,13.0,1,1,172,0,31056.0,0,0,0,1949,4,4,33,28,0,5.8,Corporate,0,4.3,1,30,64,43.5,43.7,0
2019-07-05,Cloud Engineer,Full-Time,Remote,Gaming,Singapore,Ryan-Young,Enterprise,25.0,0,1,308,0,28263.0,0,0,0,2254,2,57,0,23,0,3.7,Free,1,35.3,1,54,45,11.6,71.7,1
2022-02-19,Cybersecurity Analyst,Internship,Remote,Cybersecurity,London,Jackson Ltd,Medium,2.0,0,1,27,1,19546.0,0,0,0,1209,2,10,52,60,0,3.7,Free,1,34.9,1,42,11,52.3,49.9,0
2023-03-02,ML Engineer,Contract,Hybrid,E-Commerce,London,"Morris, Kim and Ferguson",Medium,14.0,1,1,185,0,48851.0,0,0,0,1053,3,24,43,36,0,8.0,Corporate,0,28.3,1,44,1,57.1,15.6,0
2018-01-14,AI Research Intern,Internship,Remote,Gaming,Singapore,Medina-Peterson,Enterprise,37.0,1,1,403,1,39372.0,0,0,0,1131,5,2,40,6,1,5.9,Corporate,0,25.5,0,3,43,64.8,49.8,0
2019-09-30,ML Engineer,Part-Time,Remote,Healthcare,Berlin,Miller-Wallace,Startup,28.0,1,1,323,1,29861.0,0,0,0,1579,3,4,80,3,0,4.5,Free,1,17.8,0,38,0,76.1,17.0,0
2019-02-27,AI Research Intern,Contract,Onsite,E-Commerce,San Francisco,Warren-Johnson,Startup,36.0,1,1,458,1,39770.0,0,0,0,1637,2,0,15,16,0,7.7,Corporate,0,4.3,0,31,11,76.7,0.0,0
2021-07-28,Data Science Intern,Full-Time,Remote,Software,Toronto,Vargas LLC,Medium,32.0,0,1,381,0,2000.0,0,0,0,2229,5,56,24,5,0,1.6,Corporate,0,20.9,1,16,4,33.1,41.1,0
2025-10-06,Data Science Intern,Full-Time,Remote,AI,New York,Anderson-Harmon,Small,34.0,1,1,412,1,47032.0,0,0,0,1768,1,23,11,0,0,6.7,Corporate,0,21.0,1,57,31,69.6,5.2,0
2026-05-06,Marketing Intern,Contract,Remote,E-Commerce,New York,Rodriguez Group,Small,10.0,1,0,137,1,42310.0,0,0,0,2082,3,25,15,38,0,3.1,Corporate,0,8.0,1,16,26,54.2,43.1,0
2024-10-03,UI/UX Designer,Full-Time,Hybrid,Software,Dubai,Beasley-Horton,Startup,21.0,1,1,244,1,44559.0,0,0,0,1254,3,23,0,11,0,7.9,Corporate,0,12.9,1,33,0,57.5,7.3,0
2021-07-14,Cloud Engineer,Contract,Remote,FinTech,Dubai,"Cantrell, Wright and Fernandez",Small,3.0,1,0,43,1,26077.0,0,0,0,2364,3,57,46,1,0,5.0,Corporate,0,18.6,1,0,22,63.5,42.1,0
2019-07-01,Marketing Intern,Internship,Remote,AI,Sydney,"Martinez, Macias and Lee",Medium,19.0,1,0,236,0,39022.0,0,0,0,2335,3,57,61,39,0,1.5,Free,1,26.7,0,43,16,56.7,58.9,1
2020-03-13,UI/UX Designer,Full-Time,Remote,Gaming,Sydney,"Johnson, English and Stewart",Medium,34.0,0,1,416,0,16100.0,0,0,0,799,2,40,59,45,0,7.5,Corporate,0,14.4,1,30,0,44.8,51.4,1
2022-08-05,Marketing Intern,Internship,Hybrid,Software,Sydney,Brown-Johnson,Startup,29.0,1,1,339,1,25254.0,0,0,0,1758,3,30,71,59,0,8.6,Corporate,0,24.3,1,6,9,75.9,19.7,0
2020-12-22,Cybersecurity Analyst,Full-Time,Remote,FinTech,Toronto,Montoya PLC,Medium,2.0,1,1,11,1,34078.0,0,0,0,1790,1,21,4,25,0,1.3,Corporate,0,31.9,1,45,21,60.6,11.3,0
2022-02-04,Marketing Intern,Full-Time,Remote,FinTech,Dubai,"Wolfe, Bradley and Richardson",Startup,19.0,1,1,239,1,63244.0,0,0,0,2397,2,49,48,0,0,4.2,Corporate,0,21.8,1,18,27,60.4,14.7,0
2023-02-22,Cybersecurity Analyst,Internship,Hybrid,E-Commerce,London,Campos-Black,Small,17.0,1,1,163,0,45178.0,0,0,0,1817,2,5,70,41,0,4.7,Corporate,0,4.6,1,10,13,78.8,0.0,0
2019-09-09,Frontend Developer,Full-Time,Remote,AI,London,"Garcia, Wang and Hess",Enterprise,30.0,0,1,367,0,30517.0,0,0,0,1297,3,31,57,34,0,6.1,Free,1,22.0,0,23,25,32.1,56.0,1
2019-06-24,Frontend Developer,Contract,Remote,Healthcare,Dubai,Welch-Fletcher,Small,21.0,1,1,253,1,37291.0,0,0,0,811,2,25,27,43,0,7.1,Corporate,0,21.1,0,49,35,53.3,26.1,0
2022-03-01,Data Science Intern,Internship,Remote,FinTech,Sydney,Friedman and Sons,Enterprise,4.0,1,1,46,0,50132.0,0,0,0,2244,3,23,72,5,1,8.5,Corporate,0,7.4,1,6,8,65.5,32.2,0
2025-03-23,UI/UX Designer,Part-Time,Remote,EdTech,San Francisco,Wilson-Bennett,Startup,17.0,1,1,222,1,,0,0,0,1228,2,27,6,31,0,6.7,Corporate,0,30.2,1,20,30,33.7,24.1,0
2025-04-12,Backend Developer,Part-Time,Onsite,AI,Dubai,Martinez-Doyle,Startup,6.0,1,1,65,1,12039.0,0,0,0,2251,3,70,58,21,0,0.0,Corporate,0,22.3,1,23,10,44.2,37.0,0
2026-12-23,ML Engineer,Part-Time,Hybrid,Marketing,Singapore,"Brown, Christensen and Hansen",Startup,6.0,1,1,59,0,57729.0,0,0,0,837,4,54,27,20,0,9.0,Free,1,29.1,1,14,7,,34.9,0
2019-02-23,Marketing Intern,Internship,Hybrid,Marketing,London,Gonzalez-Johnson,Enterprise,10.0,1,1,108,1,30924.0,0,0,0,2602,5,32,45,43,0,1.4,Free,1,37.1,1,44,36,51.0,49.3,0
2018-05-17,Marketing Intern,Internship,Remote,FinTech,Dubai,Johnson LLC,Enterprise,31.0,1,1,383,1,56211.0,0,0,0,2461,1,37,82,44,0,5.2,Corporate,0,21.7,1,10,16,81.2,25.4,0
2019-06-01,UI/UX Designer,Internship,Remote,EdTech,New York,Beck PLC,Small,14.0,1,0,164,1,60109.0,0,0,0,1543,2,9,71,14,0,4.9,Corporate,0,17.3,0,44,17,65.4,31.9,0
2023-07-12,UI/UX Designer,Internship,Remote,E-Commerce,London,Thompson-Davis,Small,37.0,1,1,450,0,63758.0,0,0,0,1878,0,51,64,9,0,5.5,Corporate,0,23.4,1,12,4,60.7,19.3,0
2020-12-01,AI Research Intern,Internship,Remote,Cybersecurity,San Francisco,Montgomery-Hull,Startup,20.0,1,1,228,0,67166.0,0,0,0,1079,4,24,50,9,0,6.1,Corporate,0,9.1,1,36,15,62.2,2.1,0
2024-07-11,UI/UX Designer,Full-Time,Onsite,EdTech,New York,"Crawford, Phillips and Anderson",Startup,23.0,1,1,290,1,34771.0,0,0,0,2483,4,56,84,34,1,3.7,Corporate,0,21.2,1,0,0,45.3,55.1,1
2023-04-20,ML Engineer,Contract,Hybrid,Gaming,San Francisco,Dixon Group,Medium,1.0,1,1,1,1,32333.0,0,0,0,1486,2,40,1,14,0,6.0,Free,1,17.3,1,54,27,70.9,36.1,0
2021-10-26,AI Research Intern,Internship,Remote,AI,Dubai,Fleming-Cooper,Small,27.0,1,1,313,1,26954.0,0,0,0,1398,4,13,50,0,0,2.0,Corporate,0,13.9,1,37,0,80.1,4.9,0
2023-11-24,Cybersecurity Analyst,Part-Time,Remote,Healthcare,New York,"Stevenson, Krueger and Gonzalez",Medium,35.0,1,1,456,1,44523.0,0,0,0,2513,5,0,36,24,0,5.5,Corporate,0,41.6,0,57,0,76.9,8.2,0
2025-06-03,Cybersecurity Analyst,Internship,Onsite,Marketing,Sydney,"Black, Woods and Hernandez",Small,2.0,1,1,17,1,40385.0,0,0,0,589,5,12,38,0,0,1.2,Corporate,0,12.6,1,15,40,57.0,13.5,0
2025-07-14,Cybersecurity Analyst,Full-Time,Remote,Marketing,Bangalore,Ramos-Hayes,Startup,24.0,1,1,295,1,45194.0,0,0,0,1141,3,31,34,9,0,2.3,Corporate,0,38.5,0,0,26,76.3,18.7,0
2019-10-17,Frontend Developer,Part-Time,Hybrid,FinTech,San Francisco,Heath-Weber,Medium,11.0,1,1,109,0,13318.0,0,0,0,1254,4,39,0,36,0,7.2,Corporate,0,22.6,0,20,16,49.8,23.6,0
2026-06-13,Cloud Engineer,Full-Time,Hybrid,Marketing,Singapore,"Wagner, Montgomery and Lane",Small,19.0,1,1,246,0,44112.0,0,0,0,2648,5,31,80,0,0,5.1,Corporate,0,6.0,1,8,0,68.2,15.5,0
2019-03-20,UI/UX Designer,Contract,Hybrid,Healthcare,Singapore,Hull-Clark,Small,26.0,1,0,316,1,46714.0,0,0,0,2165,4,53,65,50,0,4.0,Corporate,0,31.3,1,56,20,77.3,32.5,0
2020-10-28,Frontend Developer,Full-Time,Remote,AI,Dubai,"Johnson, Hayes and Young",Small,30.0,1,1,373,0,46699.0,0,0,0,2277,4,38,57,52,0,5.3,Free,1,9.3,1,18,13,41.8,51.1,1
2020-04-22,Cloud Engineer,Full-Time,Remote,Gaming,Toronto,Gay-Anderson,Enterprise,31.0,1,1,371,0,40078.0,0,0,0,1561,2,24,75,14,0,5.0,Corporate,0,10.1,0,46,14,61.3,18.3,0
2021-11-10,Frontend Developer,Internship,Remote,E-Commerce,Bangalore,Wallace and Sons,Small,23.0,1,1,273,1,17588.0,0,0,0,1384,2,16,77,47,0,6.6,Corporate,0,18.8,0,9,17,68.7,17.5,0
2021-03-17,Cybersecurity Analyst,Part-Time,Remote,FinTech,New York,"Gonzales, Combs and Wells",Startup,18.0,0,1,233,0,38269.0,0,0,0,1717,1,37,48,6,0,0.9,Corporate,0,5.6,1,45,0,37.4,35.4,0
2023-05-21,ML Engineer,Internship,Hybrid,EdTech,Toronto,Fisher and Sons,Startup,39.0,1,1,457,1,31714.0,0,0,0,2438,4,44,24,14,0,7.6,Corporate,0,7.9,0,1,12,53.5,9.9,0
2020-11-26,Cybersecurity Analyst,Full-Time,Remote,FinTech,Bangalore,"Garcia, Ryan and Coleman",Small,5.0,1,1,66,0,41128.0,0,0,0,2210,1,0,0,24,0,7.4,Corporate,0,15.7,0,50,0,86.7,0.0,0
2023-07-17,ML Engineer,Full-Time,Hybrid,FinTech,San Francisco,"Burch, Gonzales and Phillips",Small,34.0,0,0,415,1,16861.0,0,0,0,2507,1,32,51,39,0,5.8,Corporate,0,29.8,1,25,30,61.2,55.2,1
2025-10-19,Data Science Intern,Contract,Onsite,Software,Dubai,Nguyen-Moran,Startup,6.0,1,1,82,1,29267.0,0,0,0,3128,3,28,0,29,0,3.7,Corporate,0,23.4,1,40,8,80.0,0.0,0
2023-07-05,ML Engineer,Full-Time,Remote,Marketing,New York,Deleon and Sons,Small,34.0,1,1,426,1,24202.0,0,0,0,1558,5,10,23,27,0,5.9,Free,1,7.6,0,41,20,69.3,40.0,0
2026-09-13,Cloud Engineer,Full-Time,Onsite,Marketing,Berlin,Kirby-Hunt,Startup,1.0,1,1,14,0,15154.0,0,0,0,1229,1,50,80,8,0,3.9,Corporate,0,16.4,0,65,43,43.7,50.5,1
2019-06-17,AI Research Intern,Part-Time,Onsite,Cybersecurity,Bangalore,Fitzpatrick-Bishop,Medium,10.0,0,0,135,1,56523.0,0,1,4431,1686,7,28,46,0,0,5.2,Free,1,33.7,1,4,29,42.7,100.0,1
2020-12-20,Cloud Engineer,Full-Time,Hybrid,Gaming,Dubai,Rivera-Hawkins,Startup,23.0,1,1,279,1,22423.0,0,0,0,2508,2,20,64,20,1,0.8,Corporate,0,22.0,1,38,22,67.6,35.2,0
2024-10-30,Cloud Engineer,Part-Time,Remote,EdTech,San Francisco,Wagner-Powers,Enterprise,23.0,1,1,290,0,37149.0,0,1,1720,1236,2,20,85,16,0,3.2,Free,1,42.2,1,26,0,79.0,42.9,0
2020-07-05,Cybersecurity Analyst,Part-Time,Remote,FinTech,Singapore,"Kirby, Brown and Reilly",Medium,20.0,1,0,240,0,48170.0,0,0,0,1565,2,28,80,24,1,4.3,Corporate,0,11.1,1,19,6,39.8,63.9,1
2023-11-13,UI/UX Designer,Full-Time,Remote,EdTech,London,Elliott-Payne,Startup,13.0,1,1,149,0,47318.0,0,0,0,2137,5,43,65,64,0,2.7,Corporate,0,26.1,1,34,10,44.2,43.4,0
2018-04-21,ML Engineer,Contract,Remote,Gaming,Sydney,"Hartman, Brown and Hunt",Startup,16.0,1,1,205,1,32907.0,0,0,0,857,0,26,30,0,0,0.0,Corporate,0,18.1,1,31,60,52.0,24.8,0
2020-01-15,UI/UX Designer,Internship,Remote,Gaming,San Francisco,Green-Tran,Medium,13.0,0,0,180,1,55833.0,0,0,0,2072,4,24,10,11,0,8.4,Corporate,0,20.7,1,24,1,61.5,35.6,0
2018-01-23,Marketing Intern,Internship,Remote,AI,Toronto,Salas Group,Medium,12.0,1,1,144,1,56367.0,0,1,4909,1547,4,7,32,53,0,3.6,Corporate,0,15.5,1,30,3,83.3,24.9,0
2023-10-28,UI/UX Designer,Part-Time,Remote,Marketing,Bangalore,"Wilkerson, Walker and Perez",Enterprise,36.0,1,1,440,1,13699.0,0,0,0,1859,3,5,77,54,0,5.5,Corporate,0,12.1,0,41,12,69.4,16.5,0
2025-03-13,ML Engineer,Part-Time,Hybrid,Software,London,Gonzales-Ford,Enterprise,28.0,1,1,327,1,44537.0,0,0,0,2386,5,0,42,65,0,2.3,Corporate,0,28.7,1,2,17,73.7,10.9,0
2024-11-20,Frontend Developer,Internship,Remote,AI,San Francisco,Reeves-Pacheco,Startup,3.0,1,1,39,1,26398.0,0,0,0,1434,6,16,35,47,0,4.3,Corporate,0,13.0,1,36,4,50.8,28.0,0
2020-09-27,ML Engineer,Part-Time,Hybrid,Cybersecurity,New York,Wilson-Ryan,Startup,30.0,1,0,381,1,26881.0,0,0,0,1182,3,46,67,4,1,2.4,Corporate,0,3.5,0,27,12,55.7,66.1,1
2020-11-27,ML Engineer,Contract,Onsite,AI,Sydney,Estes-Lee,Startup,29.0,1,1,354,1,22492.0,0,0,0,1399,5,47,30,39,0,5.7,Corporate,0,12.5,1,43,26,52.1,18.8,0
2024-07-19,UI/UX Designer,Internship,Onsite,FinTech,New York,Rodriguez LLC,Small,20.0,1,0,224,1,2000.0,0,0,0,956,5,25,44,12,0,8.5,Corporate,0,22.6,1,33,29,55.3,29.5,0
2019-02-08,AI Research Intern,Part-Time,Hybrid,Marketing,Toronto,Yates-Foley,Small,20.0,1,1,230,1,25048.0,0,0,0,3184,1,0,8,16,0,4.2,Corporate,0,3.6,1,29,51,72.4,0.3,0
2025-01-11,Cloud Engineer,Full-Time,Remote,Cybersecurity,Berlin,"Mueller, Dodson and Watson",Startup,11.0,1,0,145,1,48140.0,0,0,0,1471,0,6,72,23,0,9.1,Free,1,25.2,1,26,41,72.8,58.4,1
2022-08-24,Backend Developer,Part-Time,Remote,AI,Bangalore,"Anderson, English and Garcia",Medium,29.0,1,1,336,0,36836.0,0,0,0,2110,3,36,65,6,0,5.7,Free,1,13.9,1,46,43,47.9,42.1,0
2021-12-14,Cloud Engineer,Part-Time,Remote,AI,London,"Pierce, Jones and Hart",Enterprise,16.0,1,1,186,0,22598.0,0,0,0,2518,2,31,52,47,0,5.8,Free,1,22.8,1,4,0,74.6,37.8,0
2021-04-04,ML Engineer,Part-Time,Remote,Gaming,Singapore,"Schultz, Roman and Strong",Enterprise,37.0,1,1,429,0,42811.0,0,0,0,1223,1,32,8,11,0,6.6,Corporate,0,7.5,1,15,5,80.7,0.0,0
2025-05-26,Frontend Developer,Internship,Hybrid,Cybersecurity,London,Henderson-Black,Small,23.0,1,1,285,1,18606.0,0,0,0,1248,1,17,39,1,0,3.5,Free,1,22.1,1,7,12,63.1,18.3,0
2023-05-23,UI/UX Designer,Internship,Onsite,AI,San Francisco,"Cruz, Williams and Pittman",Small,27.0,1,1,326,1,49666.0,0,0,0,1193,4,25,47,35,0,3.3,Corporate,0,34.9,0,56,5,75.9,13.0,0
2025-10-05,Frontend Developer,Full-Time,Onsite,Marketing,New York,Phillips PLC,Small,36.0,0,0,417,1,11520.0,0,0,0,2476,2,25,48,61,0,7.1,Corporate,0,28.5,0,0,19,47.2,58.8,1
2019-05-19,AI Research Intern,Contract,Remote,Gaming,Dubai,Osborne-English,Enterprise,6.0,1,1,48,1,36682.0,0,0,0,1806,4,25,13,43,0,3.7,Corporate,0,13.4,1,32,20,45.8,40.2,0
2018-09-07,Cloud Engineer,Internship,Remote,AI,Berlin,"Murphy, Moreno and Lopez",Startup,6.0,1,1,83,1,31079.0,0,0,0,1967,5,30,6,47,0,4.8,Corporate,0,32.2,1,40,29,51.8,35.0,0
2023-08-24,Marketing Intern,Contract,Remote,Marketing,Berlin,Mendez PLC,Medium,7.0,1,1,74,1,28989.0,0,0,0,1807,4,43,37,0,0,7.2,Corporate,0,2.1,1,45,28,73.3,7.5,0
2019-07-31,UI/UX Designer,Internship,Hybrid,FinTech,London,Williams Inc,Startup,38.0,0,1,461,1,27924.0,0,0,0,1752,4,42,51,0,0,2.8,Corporate,0,2.9,0,16,42,37.0,55.8,1
2018-04-15,AI Research Intern,Part-Time,Onsite,EdTech,Sydney,Carr LLC,Medium,7.0,1,1,84,0,7279.0,0,0,0,1985,1,16,67,49,0,3.7,Corporate,0,13.8,1,16,25,43.7,28.8,0
2020-12-02,UI/UX Designer,Part-Time,Remote,Healthcare,Berlin,Lucas Ltd,Medium,20.0,1,1,233,0,31179.0,0,0,0,1728,7,26,31,36,0,3.8,Free,1,7.1,0,47,18,50.0,46.2,0
2026-01-24,Data Science Intern,Contract,Hybrid,E-Commerce,Dubai,Davis-Olson,Small,4.0,0,1,27,1,,0,0,0,1806,4,83,25,22,1,0.0,Free,1,19.2,0,12,17,6.9,98.9,1
2018-06-02,Frontend Developer,Internship,Remote,Software,Singapore,"Wilson, Gonzalez and Orozco",Small,14.0,1,0,152,1,11151.0,0,0,0,1939,1,46,35,44,0,1.7,Free,1,19.3,0,36,1,63.5,58.0,1
2025-12-14,Cloud Engineer,Full-Time,Remote,FinTech,San Francisco,Jennings and Sons,Small,28.0,1,1,346,1,44045.0,0,0,0,1099,3,39,68,11,0,9.6,Corporate,0,15.0,1,38,14,71.0,31.6,0
2025-10-10,AI Research Intern,Part-Time,Remote,EdTech,Singapore,"Watkins, Perez and Alexander",Startup,14.0,0,1,190,1,8758.0,0,0,0,1307,2,47,37,13,0,6.3,Corporate,0,5.0,1,37,34,44.8,33.1,0
2024-05-16,Data Science Intern,Internship,Remote,Software,London,Nguyen Ltd,Small,7.0,1,1,79,1,22534.0,0,0,0,1952,1,41,55,17,0,7.5,Corporate,0,23.8,0,23,36,55.3,26.7,0
2023-09-15,Frontend Developer,Full-Time,Hybrid,Cybersecurity,London,"Smith, Norton and Smith",Enterprise,23.0,0,1,274,1,38058.0,0,0,0,1929,3,57,82,35,0,5.5,Corporate,0,12.8,1,7,1,57.4,44.0,0
2019-11-02,AI Research Intern,Full-Time,Remote,FinTech,Singapore,"Ballard, Williams and White",Medium,5.0,1,1,53,1,20637.0,0,1,1997,1563,6,22,58,36,0,4.8,Corporate,0,31.5,1,17,1,77.6,40.8,0
2024-01-01,Backend Developer,Full-Time,Hybrid,E-Commerce,London,"Young, Owens and Cole",Startup,7.0,1,1,86,0,39185.0,0,0,0,2799,1,11,39,41,0,7.6,Corporate,0,6.8,1,5,21,56.0,2.8,0
2026-03-06,UI/UX Designer,Part-Time,Remote,Healthcare,Bangalore,"Hill, Stewart and Clark",Small,14.0,0,1,153,1,13647.0,0,0,0,1370,3,8,65,0,0,7.3,Corporate,0,25.4,1,31,0,62.9,30.3,0
2026-10-09,Frontend Developer,Part-Time,Remote,FinTech,Berlin,Braun-Moyer,Small,1.0,1,1,1,1,44245.0,0,0,0,803,2,19,50,0,0,4.0,Corporate,0,4.5,0,63,24,45.8,31.3,0
2026-04-01,UI/UX Designer,Contract,Remote,Marketing,London,Roach-Burnett,Medium,23.0,0,1,262,0,49105.0,0,0,0,1381,2,26,66,5,0,2.8,Corporate,0,3.2,1,43,29,44.5,45.9,0
2021-05-19,Data Science Intern,Contract,Onsite,Healthcare,Berlin,Wright Group,Startup,22.0,1,1,272,1,32504.0,0,0,0,1097,2,42,49,0,0,6.6,Corporate,0,13.8,0,38,2,76.4,0.0,0
2020-12-16,Cybersecurity Analyst,Internship,Remote,Cybersecurity,San Francisco,Leblanc-Greene,Small,19.0,1,1,223,1,51833.0,0,0,0,1176,3,0,12,23,0,10.4,Corporate,0,13.7,0,16,42,55.1,0.0,0
2025-09-25,Backend Developer,Contract,Onsite,Gaming,San Francisco,Walker-Perez,Startup,23.0,0,1,282,0,26385.0,0,0,0,1562,5,19,43,14,0,1.3,Corporate,0,9.4,1,63,53,28.7,53.6,1
2018-09-21,Cloud Engineer,Internship,Remote,Marketing,Sydney,Sandoval-Williams,Startup,37.0,0,1,446,1,6750.0,0,0,0,1565,6,11,0,0,0,5.6,Corporate,0,23.4,1,0,26,45.9,28.7,0
2022-04-26,Data Science Intern,Internship,Hybrid,Healthcare,Dubai,Harris-Wu,Small,4.0,1,1,48,1,30272.0,0,0,0,3304,4,0,27,8,0,4.9,Corporate,0,25.4,1,0,5,79.9,0.0,0
2019-04-19,Backend Developer,Part-Time,Remote,Healthcare,Toronto,Hill-Allen,Small,26.0,0,1,317,1,61922.0,0,1,4755,823,3,40,30,21,0,0.7,Corporate,0,39.1,0,35,13,61.7,59.7,1
2026-10-04,Cloud Engineer,Part-Time,Remote,Software,New York,"Adams, Walker and Reese",Small,29.0,1,1,336,1,50439.0,0,0,0,513,1,21,51,4,0,3.5,Corporate,0,16.9,1,1,13,84.0,0.0,0
2019-06-21,Cloud Engineer,Part-Time,Onsite,Gaming,Dubai,"Fowler, Knight and Roberts",Startup,29.0,1,1,352,1,47202.0,0,0,0,1975,5,72,34,50,0,7.0,Free,1,15.9,1,5,0,44.2,35.0,0
2024-05-03,Cybersecurity Analyst,Part-Time,Hybrid,E-Commerce,Bangalore,"Middleton, Diaz and Larsen",Startup,33.0,0,1,413,1,10060.0,0,0,0,1691,0,25,0,25,0,0.8,Corporate,0,27.7,1,40,0,75.9,0.0,0
2018-05-26,Data Science Intern,Contract,Remote,AI,Dubai,"Cooley, Riley and Johnson",Enterprise,5.0,1,1,81,1,56826.0,0,0,0,2156,4,26,67,14,0,7.4,Corporate,0,34.2,1,0,33,61.5,34.3,0
2018-11-12,Frontend Developer,Contract,Remote,EdTech,San Francisco,Banks Group,Medium,3.0,1,1,40,0,30735.0,0,0,0,1245,1,13,45,20,0,2.5,Free,1,9.7,1,22,7,84.3,9.0,0
2026-11-10,AI Research Intern,Contract,Remote,AI,Toronto,Jones LLC,Startup,5.0,1,1,66,0,35188.0,0,0,0,1023,1,36,55,32,0,6.1,Corporate,0,41.6,0,41,3,60.8,19.0,0
2020-08-21,UI/UX Designer,Contract,Remote,Gaming,Bangalore,Anderson LLC,Medium,14.0,1,1,189,1,19762.0,0,0,0,2732,5,43,62,12,0,2.9,Corporate,0,10.9,0,16,0,81.3,16.6,0
2024-09-12,Cybersecurity Analyst,Internship,Onsite,Software,London,Ray Inc,Medium,39.0,1,1,486,0,27968.0,0,0,0,790,2,46,48,29,0,5.1,Corporate,0,22.2,1,19,28,27.2,33.5,0
2025-01-08,Marketing Intern,Full-Time,Onsite,Software,Berlin,"Ramos, Gonzalez and Washington",Startup,29.0,1,1,348,1,42994.0,0,0,0,1832,5,37,49,55,0,1.9,Corporate,0,1.0,1,46,44,51.5,41.2,0
2026-03-25,Marketing Intern,Internship,Hybrid,Cybersecurity,Dubai,Holland-Gilbert,Small,22.0,1,0,269,1,39726.0,0,1,631,935,3,42,38,0,0,2.9,Free,1,31.1,1,21,40,55.0,74.8,1
2019-09-24,AI Research Intern,Contract,Hybrid,Software,Bangalore,"Price, Smith and Smith",Enterprise,4.0,1,1,96,1,38463.0,0,0,0,2459,3,50,56,55,0,3.1,Corporate,0,18.4,1,35,25,36.2,50.2,1
2025-01-17,Data Science Intern,Full-Time,Onsite,Cybersecurity,Singapore,Reyes Group,Medium,32.0,1,1,378,1,17933.0,0,0,0,1978,3,10,79,45,0,7.8,Corporate,0,18.0,0,20,41,64.6,33.6,0
2024-10-19,Backend Developer,Part-Time,Remote,AI,Berlin,Thomas-Harris,Startup,7.0,1,1,81,0,48271.0,0,0,0,2218,1,10,77,53,1,4.2,Free,1,21.9,1,17,0,73.2,43.6,0
2024-01-30,Cloud Engineer,Full-Time,Remote,Software,Singapore,"Cox, Powell and Andrews",Medium,17.0,1,0,191,0,31365.0,0,0,0,3371,1,59,11,38,0,7.3,Corporate,0,26.0,0,25,0,43.1,30.3,0
2019-02-14,Backend Developer,Part-Time,Onsite,AI,Sydney,"Davis, Fisher and Wang",Startup,6.0,0,1,79,1,37739.0,0,0,0,1404,2,61,57,36,0,7.0,Corporate,0,39.4,1,48,0,44.9,30.8,0
2023-09-22,Cybersecurity Analyst,Part-Time,Remote,EdTech,Toronto,Wallace-Brown,Small,5.0,1,1,55,1,32185.0,0,0,0,1091,1,47,35,18,0,3.7,Corporate,0,21.8,0,5,17,76.1,16.3,0
2019-01-28,AI Research Intern,Part-Time,Onsite,Software,London,Conley Group,Small,24.0,1,0,280,1,33540.0,0,0,0,2002,2,22,55,16,0,7.2,Corporate,0,9.4,1,26,36,45.7,46.9,0
2019-08-27,Data Science Intern,Contract,Onsite,E-Commerce,New York,"Lin, Lewis and James",Startup,15.0,1,1,164,0,36311.0,0,0,0,1945,3,28,12,17,0,2.2,Corporate,0,24.4,1,14,11,78.4,0.0,0
2024-09-29,Frontend Developer,Part-Time,Remote,Cybersecurity,Dubai,"Acosta, Weaver and Peters",Medium,20.0,0,0,263,1,43820.0,0,0,0,1485,5,10,52,39,0,8.0,Corporate,0,12.2,1,27,32,51.1,47.4,0
2022-01-10,Backend Developer,Part-Time,Remote,Marketing,Sydney,Holt and Sons,Medium,30.0,1,1,342,0,39645.0,0,0,0,1990,4,33,84,78,0,9.7,Corporate,0,28.2,0,21,18,58.3,34.0,0
2022-02-21,UI/UX Designer,Internship,Remote,AI,Dubai,Camacho-Reeves,Startup,39.0,1,1,439,1,13953.0,0,0,0,1064,5,27,40,27,0,6.1,Corporate,0,1.0,1,25,55,45.9,44.3,0
2025-10-25,Frontend Developer,Full-Time,Remote,E-Commerce,Sydney,Marshall and Sons,Small,3.0,1,1,46,1,22800.0,0,0,0,1282,4,0,41,10,0,7.2,Free,1,41.8,1,28,7,62.3,22.1,0
2026-08-10,ML Engineer,Internship,Hybrid,AI,Berlin,"Pearson, Miller and Morales",Medium,21.0,1,1,246,0,38188.0,0,0,0,1110,4,16,23,52,0,4.3,Corporate,0,6.3,0,0,20,72.7,11.5,0
2026-11-08,UI/UX Designer,Part-Time,Remote,E-Commerce,Dubai,Rios-Hunt,Startup,10.0,0,1,132,1,39910.0,0,0,0,2413,5,12,18,16,0,7.2,Corporate,0,20.0,0,2,0,53.2,16.1,0
2023-02-05,UI/UX Designer,Contract,Onsite,EdTech,Dubai,Hawkins Inc,Startup,15.0,1,0,180,1,26682.0,0,0,0,1359,4,0,41,32,0,2.9,Corporate,0,36.1,1,29,6,84.3,6.3,0
2018-11-04,Cloud Engineer,Part-Time,Hybrid,Healthcare,Singapore,Jenkins-Clarke,Startup,30.0,0,1,360,1,8041.0,0,0,0,1492,5,23,49,52,0,2.3,Corporate,0,12.9,0,21,12,60.4,23.0,0
2026-08-31,UI/UX Designer,Contract,Onsite,E-Commerce,New York,"Oliver, Mccarty and Maynard",Enterprise,26.0,0,1,290,0,30436.0,0,0,0,1400,5,0,29,0,0,9.3,Corporate,0,30.3,0,14,35,45.3,35.0,0
2022-12-17,AI Research Intern,Full-Time,Remote,Marketing,Toronto,Smith Ltd,Enterprise,36.0,1,0,429,0,20826.0,0,0,0,1172,2,34,25,6,0,4.5,Corporate,0,5.4,1,62,24,47.7,25.5,0
2022-01-12,Marketing Intern,Internship,Remote,AI,Dubai,"Diaz, Lyons and Blevins",Startup,3.0,1,0,13,1,14624.0,0,0,0,2439,3,0,65,15,0,1.2,Corporate,0,1.0,1,36,20,72.4,11.4,0
2019-04-19,Cloud Engineer,Full-Time,Onsite,E-Commerce,New York,Andrews-Jones,Medium,14.0,0,1,187,1,35396.0,0,0,0,1854,3,50,77,45,0,6.0,Corporate,0,13.6,1,57,24,30.9,46.4,0
2022-07-24,Marketing Intern,Part-Time,Remote,Marketing,New York,Page PLC,Startup,6.0,1,1,87,0,52015.0,0,0,0,2068,1,28,57,3,0,0.0,Free,1,21.2,1,10,16,58.2,42.0,0
2023-11-18,AI Research Intern,Contract,Remote,Marketing,Dubai,Ford LLC,Startup,3.0,1,1,52,1,50513.0,0,0,0,2261,7,0,61,56,0,5.2,Corporate,0,32.4,1,17,17,58.6,23.9,0
2018-12-13,ML Engineer,Full-Time,Remote,Software,London,Johnson-George,Startup,36.0,1,1,444,0,13999.0,0,0,0,1217,4,49,2,34,0,2.6,Corporate,0,1.0,0,15,26,32.9,43.8,0
2025-07-23,Frontend Developer,Contract,Remote,FinTech,Dubai,Mcdonald-Miles,Medium,20.0,1,1,265,1,14272.0,0,0,0,1334,5,47,2,25,0,4.9,Free,1,26.9,0,43,47,43.4,58.8,1
2019-05-17,UI/UX Designer,Internship,Hybrid,Marketing,Dubai,"Townsend, Martin and Ford",Medium,15.0,1,1,169,1,29384.0,0,0,0,2112,3,38,35,35,0,5.7,Corporate,0,17.1,1,16,13,70.0,22.8,0
2025-04-02,Marketing Intern,Part-Time,Onsite,FinTech,Sydney,Clements PLC,Small,2.0,1,1,46,1,48360.0,0,0,0,2061,2,20,18,19,0,0.0,Free,1,21.7,1,12,44,53.5,37.7,0
2023-10-19,ML Engineer,Internship,Onsite,AI,Toronto,Johnson Ltd,Startup,6.0,1,0,47,1,36814.0,0,0,0,2140,4,24,31,39,0,3.7,Corporate,0,2.0,1,0,8,64.9,37.1,0
2018-10-04,Cybersecurity Analyst,Part-Time,Onsite,Healthcare,Bangalore,Schmidt Group,Small,5.0,1,1,78,0,37283.0,0,0,0,2245,4,31,21,22,0,6.0,Corporate,0,22.7,1,7,28,57.6,16.4,0
2023-04-06,Backend Developer,Full-Time,Hybrid,Gaming,New York,Larson-Bailey,Small,9.0,1,1,98,0,31302.0,0,0,0,2322,3,61,47,34,0,0.0,Corporate,0,4.4,1,0,11,60.8,10.6,0
2022-06-13,Cybersecurity Analyst,Full-Time,Remote,Cybersecurity,Sydney,Horton and Sons,Startup,34.0,1,0,394,1,32955.0,0,0,0,2131,4,60,31,18,1,6.1,Free,1,34.8,1,29,28,39.6,91.9,1
2022-11-18,ML Engineer,Contract,Hybrid,E-Commerce,Dubai,Kim-Johnson,Startup,16.0,0,1,203,0,14357.0,0,0,0,1124,4,53,46,50,1,0.0,Corporate,0,18.0,0,34,12,25.7,75.3,1
2025-10-27,UI/UX Designer,Contract,Remote,Marketing,New York,"Morris, Andrews and Rodriguez",Enterprise,33.0,1,1,400,1,42809.0,0,0,0,2368,4,21,59,30,0,9.0,Free,1,21.5,0,16,55,45.5,59.5,1
2020-05-01,ML Engineer,Internship,Onsite,EdTech,Dubai,Aguilar Inc,Startup,39.0,0,1,446,1,18896.0,0,0,0,1530,1,58,46,5,0,0.9,Corporate,0,8.3,1,21,8,62.4,17.8,0
2019-08-27,Data Science Intern,Contract,Hybrid,EdTech,San Francisco,Hernandez and Sons,Small,18.0,0,1,196,1,49210.0,0,0,0,2120,2,45,59,29,1,3.7,Corporate,0,21.4,1,49,0,57.9,38.1,0
2019-06-16,Data Science Intern,Full-Time,Hybrid,E-Commerce,Dubai,Jones Inc,Small,15.0,1,0,168,1,3267.0,0,0,0,2025,4,12,53,8,0,2.9,Corporate,0,34.3,1,57,0,89.1,7.6,0
2018-07-23,AI Research Intern,Internship,Remote,Software,Sydney,Sullivan LLC,Startup,37.0,1,1,444,1,21815.0,0,1,4742,1171,1,46,9,33,0,7.6,Free,1,36.2,1,33,9,77.2,46.3,0
2022-01-20,Cybersecurity Analyst,Full-Time,Remote,FinTech,London,Jackson-Allen,Startup,3.0,1,1,64,0,33943.0,0,0,0,1928,1,19,24,22,0,6.1,Corporate,0,21.5,1,16,10,56.3,9.0,0
2021-03-02,Data Science Intern,Contract,Onsite,Software,Berlin,Long-Wells,Startup,17.0,0,1,244,1,60581.0,0,0,0,1907,1,38,66,48,0,6.0,Corporate,0,27.8,1,34,22,43.9,38.5,0
2024-05-15,ML Engineer,Internship,Onsite,FinTech,Toronto,Mathews Group,Startup,7.0,1,1,97,0,30372.0,0,0,0,1519,4,35,46,48,0,7.0,Corporate,0,28.0,1,6,54,32.2,52.2,1
2021-12-06,Data Science Intern,Part-Time,Remote,Marketing,New York,"Walter, Reynolds and Foster",Startup,16.0,1,0,184,1,29576.0,0,0,0,1739,4,19,59,44,0,7.2,Corporate,0,19.9,1,27,3,51.0,47.8,0
2024-02-20,AI Research Intern,Part-Time,Remote,Gaming,London,"Whitney, Murphy and Browning",Startup,28.0,1,1,324,0,2422.0,0,0,0,2047,0,34,54,20,0,7.4,Free,1,4.5,1,2,19,47.1,51.2,1
2018-07-05,Marketing Intern,Contract,Remote,Gaming,New York,"Parker, Knight and Odom",Medium,30.0,1,1,360,1,14099.0,0,0,0,1053,3,36,37,14,0,4.3,Corporate,0,13.3,1,0,0,69.9,0.0,0
2019-10-28,AI Research Intern,Contract,Onsite,Cybersecurity,Toronto,"Robertson, Anderson and Garcia",Small,34.0,1,1,396,1,,0,0,0,2233,2,14,44,38,0,3.0,Corporate,0,10.2,0,29,0,84.6,0.0,0
2020-08-05,Cloud Engineer,Internship,Remote,Cybersecurity,Bangalore,Bennett-Spencer,Startup,28.0,1,1,317,1,37257.0,0,0,0,2723,5,45,39,62,0,3.9,Free,1,8.1,1,14,35,42.6,49.0,0
2026-09-22,Cloud Engineer,Part-Time,Remote,Healthcare,San Francisco,Golden Ltd,Enterprise,19.0,1,1,238,0,36833.0,0,0,0,1884,5,26,45,1,0,4.1,Corporate,0,4.5,0,0,16,52.1,14.2,0
2018-01-02,Cybersecurity Analyst,Contract,Remote,Marketing,Berlin,Clarke-Gibbs,Enterprise,32.0,1,0,381,0,50055.0,0,0,0,857,2,0,67,38,0,7.1,Corporate,0,34.3,1,28,0,,23.1,0
2018-04-06,Cloud Engineer,Internship,Remote,Gaming,New York,Christensen-Ferguson,Small,25.0,1,1,303,1,49674.0,0,0,0,1703,2,0,62,27,0,3.2,Free,1,1.0,1,24,1,91.8,10.1,0
2023-01-21,Cybersecurity Analyst,Contract,Onsite,Cybersecurity,Dubai,"Macdonald, Turner and Garcia",Small,26.0,0,1,300,1,32273.0,0,0,0,1316,8,0,58,86,0,0.0,Free,1,29.0,1,0,22,37.6,73.2,1
2022-11-30,ML Engineer,Full-Time,Remote,Software,Dubai,Quinn and Sons,Enterprise,36.0,1,1,411,1,53774.0,0,0,0,2610,2,44,36,11,0,9.6,Free,1,24.7,1,31,37,46.0,51.2,1
2020-05-05,AI Research Intern,Contract,Hybrid,FinTech,Berlin,Evans and Sons,Startup,5.0,0,0,41,1,39622.0,0,0,0,1528,2,27,6,21,0,0.6,Corporate,0,20.2,1,49,7,75.2,20.0,0
2019-08-03,Marketing Intern,Full-Time,Hybrid,Healthcare,London,Bruce and Sons,Small,6.0,1,1,79,1,22202.0,0,0,0,1084,1,19,52,0,0,4.1,Free,1,13.4,1,23,0,77.4,13.5,0
2020-02-08,Marketing Intern,Contract,Remote,FinTech,Sydney,Nelson-Jones,Small,18.0,1,1,189,0,37949.0,0,0,0,490,4,13,30,0,0,7.4,Corporate,0,12.6,1,24,24,53.0,18.6,0
2020-03-08,Marketing Intern,Part-Time,Remote,Software,Dubai,Cantu-Mcgee,Enterprise,5.0,0,0,44,0,27724.0,0,0,0,985,0,30,37,34,0,8.4,Free,1,22.0,1,47,1,43.3,56.9,1
2020-09-12,Backend Developer,Internship,Hybrid,Software,San Francisco,Barnes PLC,Small,34.0,0,1,408,1,22488.0,0,1,956,764,6,41,9,15,0,2.9,Corporate,0,26.7,0,2,20,36.0,60.1,1
2022-03-08,UI/UX Designer,Part-Time,Remote,AI,Berlin,Chaney-Jackson,Enterprise,10.0,1,0,130,0,45248.0,0,0,0,1151,3,1,0,21,0,0.0,Corporate,0,32.1,1,33,29,53.5,26.5,0
2025-03-27,Marketing Intern,Part-Time,Remote,AI,Singapore,Lindsey Ltd,Startup,12.0,0,1,125,0,25307.0,0,0,0,1216,2,43,68,27,0,6.7,Corporate,0,15.0,1,0,19,29.4,37.1,0
2023-09-02,UI/UX Designer,Internship,Hybrid,Marketing,Singapore,Cooper-Hampton,Enterprise,19.0,1,1,216,0,63632.0,0,0,0,1686,8,17,33,38,0,9.4,Corporate,0,30.7,0,5,5,39.7,22.3,0
2020-07-16,ML Engineer,Part-Time,Remote,Gaming,Toronto,"Moses, Kelley and Le",Medium,20.0,1,1,250,0,30406.0,0,0,0,2510,4,9,21,9,0,5.7,Corporate,0,13.7,0,10,25,44.1,5.9,0
2019-11-08,Backend Developer,Full-Time,Remote,Cybersecurity,Toronto,Reed-Rollins,Medium,4.0,1,1,50,1,47175.0,0,0,0,1418,7,61,55,37,0,0.5,Corporate,0,15.6,1,59,4,35.3,42.4,0
2019-12-22,Backend Developer,Internship,Remote,EdTech,New York,Adkins Inc,Startup,35.0,1,0,434,0,,0,0,0,2171,2,34,48,48,0,4.9,Free,1,19.0,1,13,32,43.4,67.8,1
2024-08-10,Data Science Intern,Part-Time,Hybrid,Cybersecurity,Berlin,Oneill-Lindsey,Medium,32.0,1,1,369,1,29537.0,0,0,0,1555,3,64,46,34,0,4.5,Corporate,0,26.2,0,16,54,33.2,44.2,0
2024-06-18,Cybersecurity Analyst,Full-Time,Hybrid,FinTech,Toronto,Riley Group,Small,20.0,1,1,238,0,37991.0,0,0,0,1988,2,48,20,21,0,5.9,Corporate,0,12.6,0,28,6,65.8,13.8,0
2020-09-19,Frontend Developer,Full-Time,Hybrid,EdTech,London,"Coleman, Welch and Carter",Enterprise,36.0,1,1,438,1,56266.0,0,0,0,2166,0,51,40,26,0,5.4,Corporate,0,4.6,0,0,17,53.2,32.1,0
2023-01-08,Frontend Developer,Contract,Hybrid,Marketing,Sydney,Reed-Glenn,Medium,19.0,1,1,221,1,2000.0,0,1,4386,1623,1,35,65,6,0,10.2,Corporate,0,17.3,0,2,8,67.2,21.0,0
2019-12-29,ML Engineer,Contract,Remote,Software,New York,"Holloway, Freeman and Ferguson",Small,15.0,1,1,185,0,34987.0,0,0,0,2050,0,67,3,32,0,5.2,Corporate,0,15.3,1,23,14,45.7,26.4,0
2018-07-05,Backend Developer,Full-Time,Hybrid,EdTech,Berlin,Yates and Sons,Enterprise,15.0,1,0,174,1,44417.0,0,0,0,1657,4,42,39,0,1,3.4,Corporate,0,21.5,1,18,27,49.6,62.4,1
2023-04-09,Backend Developer,Contract,Remote,Marketing,San Francisco,Howard LLC,Startup,39.0,1,0,461,1,44639.0,0,0,0,1944,5,37,51,38,0,4.0,Corporate,0,18.2,1,24,3,75.3,38.9,0
2025-09-04,AI Research Intern,Full-Time,Remote,Software,Bangalore,"Gonzalez, Patterson and Baker",Small,8.0,1,0,91,0,17369.0,0,0,0,2244,5,2,39,29,0,4.2,Corporate,0,22.6,1,33,30,59.6,33.6,0
2025-05-30,Cybersecurity Analyst,Internship,Remote,E-Commerce,Berlin,"Duran, Clark and Strickland",Medium,31.0,1,1,357,1,51532.0,0,1,2434,2024,3,25,1,17,0,7.9,Corporate,0,22.7,1,9,1,75.0,35.4,0
2018-04-15,Cloud Engineer,Internship,Onsite,Healthcare,New York,"Fuentes, Walker and Alvarado",Enterprise,23.0,1,1,270,1,48241.0,0,0,0,1298,8,49,35,50,0,2.5,Corporate,0,35.7,1,52,4,55.9,31.1,0
2020-11-20,Cloud Engineer,Part-Time,Remote,Marketing,Singapore,Mccarthy Group,Startup,16.0,1,1,191,1,18961.0,0,1,2321,2536,3,54,21,76,0,0.0,Free,1,20.7,0,24,40,45.3,100.0,1
2019-04-30,Marketing Intern,Contract,Remote,Software,Berlin,Boyd-Mills,Startup,13.0,0,1,160,0,21007.0,0,0,0,715,2,29,81,15,0,5.5,Corporate,0,27.8,1,15,9,,41.0,0
2019-09-04,UI/UX Designer,Full-Time,Onsite,E-Commerce,London,"Carrillo, Evans and Clark",Enterprise,37.0,1,1,435,0,2000.0,0,0,0,1692,5,37,34,32,0,5.4,Corporate,0,11.3,1,40,8,58.7,27.0,0
2025-10-10,Frontend Developer,Part-Time,Remote,AI,Toronto,Lopez-Kramer,Startup,16.0,1,1,204,0,28631.0,0,0,0,2140,1,17,65,11,1,3.4,Free,1,24.4,1,0,0,67.3,33.0,0
2026-05-09,Marketing Intern,Internship,Remote,E-Commerce,Dubai,Williamson Ltd,Small,35.0,0,1,437,1,36121.0,0,0,0,1166,3,33,50,12,0,7.3,Corporate,0,17.2,1,5,21,68.4,28.2,0
2022-08-08,Data Science Intern,Full-Time,Remote,Healthcare,San Francisco,Lewis-Howard,Small,3.0,1,1,29,1,26358.0,0,0,0,2099,2,24,49,44,0,4.6,Corporate,0,18.1,1,26,29,70.3,16.9,0
2023-12-24,UI/UX Designer,Part-Time,Remote,Marketing,Dubai,"Stokes, Pham and Cook",Small,7.0,1,1,70,1,33186.0,0,0,0,2944,4,47,37,7,0,2.4,Free,1,34.7,0,4,0,53.3,30.8,0
2023-11-15,Data Science Intern,Internship,Remote,EdTech,Bangalore,Foley-Walton,Small,33.0,1,1,380,0,19983.0,0,0,0,2189,2,13,39,52,1,3.4,Corporate,0,1.0,1,0,31,63.9,52.2,1
2019-07-07,Backend Developer,Internship,Remote,Gaming,Singapore,"Yu, Hall and Cunningham",Startup,32.0,0,1,381,1,50554.0,0,0,0,1095,2,44,36,26,0,3.8,Free,1,35.1,0,45,46,34.6,66.9,1
2018-04-13,Backend Developer,Part-Time,Remote,Software,New York,Brown Ltd,Small,20.0,1,1,240,0,48960.0,0,0,0,1919,7,35,36,1,0,4.9,Corporate,0,22.4,1,41,14,46.1,28.0,0
2018-02-07,Frontend Developer,Part-Time,Remote,E-Commerce,New York,Brown-Hill,Small,2.0,1,1,20,1,41002.0,0,0,0,1366,0,21,53,24,0,5.1,Corporate,0,22.4,1,18,14,85.8,28.7,0
2026-12-11,Cloud Engineer,Part-Time,Remote,Software,Singapore,Ramirez PLC,Small,38.0,1,1,476,1,14203.0,0,0,0,1616,5,13,66,23,0,1.5,Corporate,0,39.2,0,30,45,46.3,48.0,0
2026-05-23,AI Research Intern,Contract,Remote,AI,New York,"Lloyd, Martinez and Davila",Small,10.0,1,1,136,1,44124.0,0,0,0,977,2,15,58,0,1,3.5,Free,1,1.0,1,45,28,91.4,39.5,0
2018-07-29,Data Science Intern,Contract,Remote,Marketing,Sydney,"Gonzalez, Rojas and Cross",Startup,15.0,1,1,168,1,3209.0,0,0,0,2430,4,44,50,37,0,1.8,Corporate,0,22.9,0,2,33,40.5,52.0,1
2018-10-30,AI Research Intern,Part-Time,Onsite,AI,Toronto,"Jones, Chavez and Fox",Small,31.0,1,1,395,1,25185.0,0,0,0,1497,0,18,56,22,0,9.2,Corporate,0,10.3,1,0,5,,2.2,0
2025-04-29,Backend Developer,Full-Time,Remote,EdTech,New York,Huff-Chung,Startup,25.0,1,1,302,1,37020.0,0,0,0,3438,2,23,40,27,0,2.5,Corporate,0,31.1,1,37,27,86.8,9.9,0
2020-05-01,Backend Developer,Contract,Remote,Cybersecurity,Sydney,"Lawson, Mckenzie and Manning",Medium,13.0,1,1,146,0,52926.0,0,0,0,2195,4,30,72,24,1,1.8,Corporate,0,10.6,1,0,70,19.8,68.3,1
2023-01-18,Frontend Developer,Part-Time,Hybrid,Cybersecurity,London,"Vargas, Dillon and Avery",Medium,35.0,1,1,441,1,35892.0,0,0,0,1159,2,55,42,28,0,3.4,Corporate,0,33.1,1,27,34,56.3,34.9,0
2024-07-15,Backend Developer,Contract,Remote,EdTech,London,Crawford Group,Enterprise,32.0,1,1,398,1,20605.0,0,0,0,2682,2,0,4,6,0,7.9,Corporate,0,4.5,1,34,39,61.2,13.6,0
2026-10-22,ML Engineer,Internship,Remote,EdTech,San Francisco,Khan-Nelson,Small,9.0,1,1,107,0,43121.0,0,1,2132,2153,2,28,48,30,0,7.1,Corporate,0,28.2,0,0,0,64.1,50.2,1
2022-10-04,UI/UX Designer,Part-Time,Onsite,EdTech,New York,Palmer PLC,Startup,15.0,1,1,181,0,30905.0,0,0,0,1878,4,19,7,29,0,9.1,Free,1,24.3,1,30,4,88.7,14.1,0
2024-08-04,Data Science Intern,Internship,Remote,FinTech,New York,Nelson-Brock,Startup,39.0,1,1,461,1,49337.0,0,0,0,1844,3,41,36,35,0,12.2,Corporate,0,20.4,1,16,9,58.7,21.8,0
2024-12-13,Data Science Intern,Internship,Remote,Marketing,New York,Morales Inc,Small,30.0,0,1,355,1,22281.0,0,0,0,2716,3,24,43,6,0,4.7,Corporate,0,17.2,0,22,67,34.5,46.0,0
2020-08-10,ML Engineer,Internship,Remote,Software,Sydney,Martinez-Lawrence,Small,14.0,1,1,169,1,43641.0,0,0,0,1084,2,16,25,30,0,6.5,Corporate,0,17.6,1,45,25,67.5,8.1,0
2020-09-08,ML Engineer,Part-Time,Remote,Software,London,"Hammond, Perez and Bailey",Enterprise,23.0,1,1,280,1,21493.0,0,0,0,1564,5,19,46,25,0,8.2,Corporate,0,2.9,1,0,24,64.4,7.7,0
2025-02-10,Backend Developer,Full-Time,Remote,AI,Toronto,Mann-Jones,Startup,14.0,1,1,179,1,32238.0,0,0,0,694,5,42,10,40,1,6.8,Corporate,0,13.0,1,14,0,82.0,38.1,0
2025-02-10,ML Engineer,Full-Time,Remote,EdTech,Toronto,"Fleming, Good and Ramirez",Small,9.0,1,0,124,0,40758.0,0,0,0,1150,1,29,18,63,0,0.0,Corporate,0,30.4,1,4,3,63.3,22.1,0
2023-04-09,AI Research Intern,Internship,Remote,E-Commerce,Dubai,"Anderson, Daniel and Morris",Startup,16.0,1,1,196,1,54975.0,0,0,0,1663,3,29,52,39,0,4.2,Free,1,19.6,0,10,26,61.4,43.2,0
2021-08-11,Cloud Engineer,Part-Time,Remote,FinTech,Dubai,"Todd, Chambers and Gray",Medium,31.0,1,1,405,0,70933.0,0,0,0,758,2,56,19,0,0,9.2,Corporate,0,7.8,1,26,0,49.4,21.0,0
2021-02-17,ML Engineer,Part-Time,Remote,Cybersecurity,Toronto,Gutierrez PLC,Medium,39.0,1,1,460,1,48542.0,0,1,1846,1179,3,5,56,2,0,3.9,Corporate,0,25.7,1,40,47,62.4,43.1,0
2018-07-26,AI Research Intern,Internship,Hybrid,Software,Toronto,"Daniels, Morrow and Shields",Small,13.0,1,1,181,1,6316.0,0,1,4879,2088,4,35,43,50,0,9.2,Corporate,0,26.0,1,36,0,66.9,65.8,1
2025-06-23,UI/UX Designer,Contract,Onsite,Marketing,San Francisco,Martin-Martin,Small,16.0,1,1,166,1,44285.0,0,0,0,1496,2,14,48,25,0,0.0,Corporate,0,37.9,1,17,22,65.6,10.0,0
2023-10-17,Frontend Developer,Internship,Hybrid,E-Commerce,London,Gomez LLC,Enterprise,26.0,0,1,284,0,29798.0,0,0,0,1603,5,48,41,31,0,6.1,Corporate,0,39.0,0,14,25,37.9,43.8,0
2024-07-14,AI Research Intern,Contract,Remote,EdTech,Sydney,"Cameron, Harris and Lyons",Medium,21.0,0,0,262,0,25799.0,0,0,0,1889,2,19,34,56,0,0.0,Corporate,0,8.5,1,33,0,57.6,30.6,0
2018-12-04,UI/UX Designer,Internship,Remote,Gaming,Singapore,Andrews LLC,Medium,5.0,1,0,61,0,32042.0,0,0,0,2021,4,33,5,30,0,2.7,Corporate,0,10.5,0,41,25,51.8,33.7,0
2020-09-10,Backend Developer,Internship,Remote,EdTech,New York,Cannon and Sons,Small,5.0,1,1,44,1,28840.0,0,0,0,1082,1,48,32,50,0,4.7,Corporate,0,4.2,0,56,20,50.9,21.0,0
2026-12-19,Backend Developer,Full-Time,Remote,E-Commerce,New York,Hull-West,Startup,26.0,1,1,279,1,35318.0,0,0,0,1555,4,63,74,0,0,3.5,Corporate,0,16.7,1,8,0,53.3,10.6,0
2019-10-08,ML Engineer,Internship,Onsite,AI,Singapore,Montgomery Inc,Small,24.0,0,1,280,1,30455.0,0,0,0,1712,4,46,44,0,0,4.8,Corporate,0,15.2,1,5,15,27.4,46.0,0
2023-03-05,Frontend Developer,Contract,Remote,EdTech,Dubai,Morris-Anderson,Enterprise,28.0,1,1,330,1,37025.0,0,1,4140,2190,2,17,66,0,0,4.9,Corporate,0,24.4,1,0,40,49.6,68.5,1
2024-08-06,ML Engineer,Internship,Remote,EdTech,Bangalore,"Munoz, Baldwin and Moore",Startup,26.0,1,1,325,0,13316.0,0,0,0,1824,3,53,42,29,0,3.2,Corporate,0,11.9,1,26,29,24.6,59.1,1
2025-12-19,Frontend Developer,Part-Time,Remote,FinTech,Toronto,Cummings Inc,Small,35.0,1,1,400,1,33994.0,0,0,0,1889,1,32,5,25,0,0.0,Corporate,0,1.0,1,25,29,60.5,1.5,0
2024-07-23,Marketing Intern,Part-Time,Remote,Gaming,Singapore,Johnson-Ho,Enterprise,34.0,1,1,412,1,32046.0,0,0,0,1516,2,32,4,19,0,6.2,Corporate,0,35.1,0,82,41,49.2,6.3,0
2021-02-19,Frontend Developer,Full-Time,Hybrid,Marketing,Bangalore,Floyd-Blair,Startup,37.0,1,1,438,1,8219.0,0,0,0,1410,3,42,87,22,0,7.6,Corporate,0,12.8,1,79,12,47.3,27.6,0
2023-01-30,Data Science Intern,Contract,Remote,Healthcare,Toronto,Lopez-Mitchell,Startup,3.0,1,1,19,0,35807.0,0,0,0,890,3,49,100,23,0,10.3,Free,1,25.1,1,1,35,32.0,72.8,1
2020-10-19,Cybersecurity Analyst,Contract,Remote,FinTech,Berlin,Durham PLC,Small,9.0,1,1,109,1,46014.0,0,0,0,2185,1,18,56,0,0,7.2,Free,1,4.5,1,31,18,69.0,35.9,0
2026-05-06,ML Engineer,Full-Time,Remote,Marketing,Sydney,Mullins-Sharp,Startup,14.0,1,1,167,1,50381.0,0,0,0,547,2,24,65,25,0,0.8,Corporate,0,24.2,1,28,37,72.8,19.7,0
2021-08-09,ML Engineer,Part-Time,Remote,FinTech,Bangalore,Little-Lee,Enterprise,13.0,1,1,156,1,54178.0,0,0,0,2427,3,21,24,21,0,0.0,Corporate,0,19.1,1,23,23,68.4,24.8,0
2024-01-14,UI/UX Designer,Contract,Remote,FinTech,Toronto,Hodges Group,Small,28.0,1,1,334,1,43570.0,0,0,0,1063,2,47,35,70,0,9.2,Free,1,10.8,0,47,30,45.4,70.9,1
2020-03-20,Backend Developer,Full-Time,Hybrid,Marketing,Berlin,Dunn-Johnson,Enterprise,7.0,1,1,72,1,2000.0,0,0,0,1845,5,37,34,47,0,5.7,Corporate,0,17.5,1,18,39,47.5,45.1,0
2025-02-12,Cloud Engineer,Contract,Onsite,Healthcare,London,Gibbs Ltd,Enterprise,8.0,0,1,94,1,32182.0,0,0,0,2915,6,0,27,3,0,5.9,Free,1,27.0,0,9,37,41.4,38.7,0
2024-03-07,Backend Developer,Internship,Remote,Cybersecurity,Bangalore,Conway-Moore,Startup,16.0,1,1,194,1,39483.0,0,0,0,2448,2,3,46,39,0,5.0,Corporate,0,23.4,1,21,51,59.1,18.0,0
2025-07-04,Data Science Intern,Full-Time,Onsite,Cybersecurity,Singapore,Davis-Jones,Medium,2.0,1,1,44,0,28762.0,0,0,0,1402,4,25,0,0,0,7.2,Corporate,0,15.8,0,0,0,49.7,34.3,0
2025-01-01,Marketing Intern,Part-Time,Remote,Healthcare,New York,Aguilar Group,Medium,36.0,0,0,445,0,40346.0,0,0,0,2165,2,1,52,41,0,2.4,Corporate,0,1.0,0,22,0,68.5,43.8,0
2021-01-28,Data Science Intern,Internship,Remote,Healthcare,London,Olson-Alexander,Small,4.0,1,1,52,0,29709.0,0,0,0,1855,3,25,53,30,0,3.3,Free,1,22.0,1,26,23,,40.9,0
2018-11-04,Frontend Developer,Part-Time,Remote,E-Commerce,Dubai,"Smith, Lloyd and Jones",Startup,21.0,0,1,247,1,53552.0,0,0,0,1839,6,19,29,24,0,7.9,Corporate,0,8.0,1,17,1,61.8,21.5,0
2019-11-19,Data Science Intern,Full-Time,Onsite,Software,London,Williams-Nelson,Small,15.0,0,1,192,0,66714.0,0,0,0,1137,2,23,2,23,0,6.1,Corporate,0,21.8,1,8,0,51.0,10.0,0
2021-03-18,ML Engineer,Full-Time,Hybrid,E-Commerce,London,Moore PLC,Enterprise,18.0,1,1,215,1,35255.0,0,0,0,978,2,8,53,0,0,6.2,Free,1,14.0,1,73,12,75.8,2.2,0
2026-07-29,AI Research Intern,Contract,Remote,Cybersecurity,Bangalore,Davidson and Sons,Enterprise,1.0,0,0,2,1,22186.0,0,0,0,2444,3,24,15,0,0,1.9,Corporate,0,14.8,1,26,51,19.9,64.0,1
2022-01-11,Data Science Intern,Part-Time,Hybrid,Gaming,Singapore,Freeman Inc,Startup,37.0,1,1,456,1,24892.0,0,0,0,2078,6,0,13,30,0,6.9,Corporate,0,22.1,0,28,17,69.3,0.0,0
2021-01-28,Cloud Engineer,Contract,Remote,Marketing,Toronto,Garcia Ltd,Medium,33.0,1,1,398,1,43838.0,0,0,0,1580,2,0,42,26,0,8.3,Free,1,27.7,1,35,36,63.3,36.9,0
2021-06-29,Cloud Engineer,Internship,Remote,E-Commerce,London,Martinez-Soto,Medium,19.0,1,1,233,1,39995.0,0,0,0,561,2,22,42,48,1,3.1,Free,1,20.0,1,0,28,70.2,43.2,0
2026-08-12,ML Engineer,Internship,Onsite,E-Commerce,Berlin,Pearson-Lutz,Enterprise,24.0,0,1,310,1,44570.0,0,0,0,2817,3,31,65,49,0,4.9,Corporate,0,1.9,1,6,0,54.8,21.6,0
2021-08-04,Data Science Intern,Full-Time,Onsite,Gaming,New York,West-Preston,Startup,10.0,1,0,120,1,20313.0,0,0,0,428,0,18,17,38,0,6.5,Corporate,0,39.7,1,15,42,67.8,32.1,0
2020-08-05,Cybersecurity Analyst,Part-Time,Remote,Software,London,Jenkins and Sons,Small,17.0,1,1,223,1,23145.0,0,0,0,1547,5,34,23,18,0,4.2,Corporate,0,6.6,1,36,11,57.5,14.9,0
2020-12-20,Data Science Intern,Full-Time,Hybrid,FinTech,Sydney,Smith PLC,Small,21.0,0,1,243,1,48535.0,0,0,0,570,2,52,61,16,0,7.6,Free,1,21.0,1,21,55,33.3,63.5,1
2019-12-14,Data Science Intern,Part-Time,Onsite,Gaming,San Francisco,Scott Inc,Startup,33.0,1,1,350,0,10416.0,0,0,0,2208,3,0,75,25,0,12.4,Corporate,0,18.0,1,14,23,62.5,12.6,0
2023-03-20,Marketing Intern,Contract,Remote,Gaming,San Francisco,"Jordan, Buchanan and Munoz",Small,1.0,1,0,16,1,47717.0,0,0,0,2046,2,71,76,10,0,7.8,Corporate,0,26.1,0,34,0,50.7,46.7,0
2019-02-15,Backend Developer,Contract,Hybrid,EdTech,San Francisco,"Reed, Davis and Benjamin",Startup,26.0,1,1,302,1,27206.0,0,0,0,954,3,5,31,33,0,4.6,Corporate,0,22.7,1,30,14,94.4,0.0,0
2019-03-27,AI Research Intern,Internship,Remote,EdTech,Dubai,"Barnes, Powers and Flowers",Startup,8.0,1,1,84,1,2000.0,0,0,0,2421,3,28,24,40,0,0.0,Corporate,0,21.2,1,31,37,49.3,16.0,0
2021-01-20,Marketing Intern,Contract,Remote,Software,Toronto,"Summers, Evans and Trujillo",Enterprise,18.0,1,1,202,1,41702.0,0,0,0,908,1,9,52,33,0,2.4,Corporate,0,16.0,0,24,15,90.1,19.5,0
2018-06-16,Frontend Developer,Contract,Remote,EdTech,Dubai,Williams-Jones,Startup,20.0,1,1,251,0,69917.0,0,0,0,2096,4,37,31,19,1,2.3,Corporate,0,6.7,1,39,33,46.4,48.8,0
2022-10-05,Marketing Intern,Full-Time,Onsite,Marketing,New York,Cardenas PLC,Startup,6.0,1,1,76,0,37208.0,0,0,0,1753,2,19,75,6,0,5.3,Corporate,0,19.3,1,16,1,75.2,0.0,0
2021-03-11,Data Science Intern,Internship,Remote,EdTech,Bangalore,Floyd-Greene,Startup,22.0,1,1,271,1,15230.0,0,0,0,1583,3,12,47,36,1,2.4,Corporate,0,1.0,1,0,0,89.6,31.7,0
2020-08-02,Cloud Engineer,Contract,Remote,EdTech,New York,Boyd Ltd,Small,4.0,0,1,73,1,23076.0,0,0,0,1264,1,58,12,14,0,6.0,Corporate,0,9.3,1,0,23,54.8,42.0,0
2019-02-21,Backend Developer,Internship,Onsite,FinTech,Toronto,"Becker, Hunt and Jones",Small,7.0,1,1,92,0,39506.0,0,0,0,2701,5,16,38,43,0,0.6,Corporate,0,8.6,1,19,60,37.1,26.4,0
2020-04-24,Cloud Engineer,Part-Time,Onsite,Software,New York,"Allen, Collins and Burton",Medium,37.0,0,1,428,0,22852.0,0,0,0,2260,1,6,46,43,0,1.6,Corporate,0,24.7,1,9,14,64.5,13.6,0
2024-08-15,Backend Developer,Part-Time,Remote,E-Commerce,London,Brooks PLC,Startup,24.0,1,1,292,0,7527.0,0,1,2775,2291,4,10,25,17,0,7.3,Free,1,35.1,1,29,8,54.4,67.7,1
2022-08-20,Marketing Intern,Internship,Onsite,Software,Toronto,Chung Group,Startup,12.0,1,0,152,1,38627.0,0,0,0,2748,5,28,14,12,0,5.6,Free,1,27.7,1,9,5,73.8,23.8,0
2018-08-24,UI/UX Designer,Full-Time,Onsite,Healthcare,Singapore,Higgins Inc,Startup,4.0,1,1,38,1,2000.0,0,0,0,2130,2,17,10,22,0,0.0,Free,1,29.6,1,50,61,46.8,30.6,0
2024-03-25,ML Engineer,Contract,Hybrid,FinTech,London,Rodriguez PLC,Enterprise,18.0,0,1,219,0,28825.0,0,1,4103,1635,2,18,34,10,0,0.0,Corporate,0,15.7,1,26,22,46.4,61.3,1
2021-06-09,Cloud Engineer,Contract,Remote,Cybersecurity,Dubai,Wilson-Duran,Medium,38.0,1,1,448,1,46235.0,0,1,276,1735,6,50,61,36,0,2.3,Corporate,0,10.1,1,14,29,52.2,78.6,1
2019-07-19,ML Engineer,Full-Time,Hybrid,Marketing,Sydney,"Poole, Wu and Anderson",Small,31.0,1,0,363,1,61843.0,0,1,1436,1714,2,33,78,18,0,0.6,Corporate,0,2.0,1,52,41,55.2,89.5,1
2018-04-27,ML Engineer,Contract,Onsite,Healthcare,Dubai,Douglas-Calderon,Startup,4.0,1,1,48,1,28958.0,0,0,0,1050,2,24,77,33,0,7.2,Free,1,18.8,1,19,47,72.3,39.2,0
2023-02-19,Data Science Intern,Part-Time,Remote,Software,Toronto,"Ruiz, Kelly and Jones",Enterprise,4.0,1,1,41,1,36318.0,0,0,0,2602,2,35,43,22,0,3.1,Corporate,0,11.2,1,41,44,39.5,40.0,0
2018-03-08,ML Engineer,Internship,Remote,Gaming,Dubai,"Contreras, Chambers and Wyatt",Small,25.0,0,1,312,0,22153.0,0,0,0,1364,2,31,62,38,0,2.7,Corporate,0,30.1,0,27,0,55.0,17.2,0
2020-05-18,ML Engineer,Internship,Remote,AI,Dubai,Mills Inc,Small,39.0,0,1,470,1,48151.0,0,0,0,440,5,21,13,25,0,3.3,Corporate,0,1.0,1,34,18,43.0,27.4,0
2020-07-08,Cybersecurity Analyst,Full-Time,Remote,EdTech,Bangalore,"Gibbs, Young and Lucero",Enterprise,34.0,0,1,396,1,19256.0,0,0,0,1485,2,13,22,40,0,2.1,Corporate,0,15.2,1,0,76,47.1,45.5,0
2022-12-23,Data Science Intern,Full-Time,Remote,E-Commerce,Bangalore,"Phillips, Hernandez and Williams",Startup,3.0,1,1,41,1,39058.0,0,0,0,1734,3,27,23,38,0,2.3,Free,1,29.1,1,54,22,78.5,18.7,0
2019-11-01,Cybersecurity Analyst,Contract,Hybrid,Marketing,Dubai,"Nelson, Clark and Rodriguez",Enterprise,10.0,1,1,116,1,30969.0,0,0,0,2302,3,63,20,45,0,8.6,Corporate,0,23.6,1,45,2,55.9,16.6,0
2023-06-16,Cybersecurity Analyst,Full-Time,Remote,Healthcare,Toronto,"Wood, Johnson and Weaver",Startup,28.0,1,1,345,0,24366.0,0,0,0,2281,2,8,43,0,0,0.3,Corporate,0,10.5,1,15,14,53.8,17.0,0
2024-03-02,AI Research Intern,Internship,Hybrid,AI,Bangalore,"Webb, Guerrero and Edwards",Startup,,1,1,403,1,70401.0,0,0,0,2278,5,0,48,49,0,2.7,Free,1,15.3,1,11,0,73.0,0.0,0
2021-12-22,Data Science Intern,Internship,Remote,AI,Toronto,Garcia-Mccann,Startup,33.0,1,1,380,1,28400.0,0,0,0,2433,2,12,50,0,0,10.0,Corporate,0,10.7,1,0,12,80.3,0.3,0
2020-07-04,Cybersecurity Analyst,Internship,Remote,E-Commerce,New York,"Calhoun, Mclaughlin and Morgan",Small,7.0,1,1,48,0,44015.0,0,0,0,1841,1,36,40,43,1,2.7,Corporate,0,17.6,1,68,15,66.3,39.1,0
2021-08-08,ML Engineer,Full-Time,Hybrid,Gaming,Berlin,Park Group,Small,7.0,1,1,110,0,60564.0,0,0,0,2147,3,51,61,27,0,4.1,Corporate,0,18.0,1,35,12,56.3,28.1,0
2019-10-27,UI/UX Designer,Part-Time,Onsite,E-Commerce,Bangalore,"Barber, Hanson and Wilson",Enterprise,3.0,1,1,28,1,40907.0,0,0,0,1471,1,43,24,56,0,10.1,Corporate,0,8.9,1,0,27,66.3,10.6,0
2026-01-19,Backend Developer,Internship,Remote,Gaming,New York,"Sutton, Sparks and Ayers",Startup,27.0,1,1,318,1,27653.0,0,0,0,2280,3,4,57,45,0,5.2,Corporate,0,20.8,0,43,21,69.7,3.2,0
2026-09-23,Frontend Developer,Internship,Remote,AI,Singapore,Edwards PLC,Medium,23.0,0,1,262,0,28305.0,0,0,0,1829,3,52,47,34,0,9.1,Corporate,0,11.6,1,0,26,33.4,52.1,1
2020-04-26,Frontend Developer,Internship,Onsite,Healthcare,Singapore,"Woods, Smith and Mckenzie",Startup,8.0,1,1,109,1,34593.0,0,0,0,1403,1,5,66,48,0,2.9,Free,1,25.8,0,39,26,61.8,18.3,0
2018-09-05,Marketing Intern,Internship,Remote,E-Commerce,Bangalore,Malone-Clark,Small,6.0,1,1,53,0,36854.0,0,1,456,2150,4,6,24,28,0,0.0,Corporate,0,17.2,1,24,31,28.0,57.3,1
2021-06-05,ML Engineer,Full-Time,Onsite,Cybersecurity,Berlin,Brown-Hendrix,Enterprise,36.0,1,1,432,1,17863.0,0,0,0,1554,4,23,42,36,0,3.7,Corporate,0,25.6,1,0,13,67.4,15.7,0
2023-05-14,Data Science Intern,Part-Time,Remote,EdTech,Sydney,"Hill, Cox and Aguirre",Small,38.0,0,1,445,0,11404.0,0,0,0,939,3,13,51,19,1,2.5,Corporate,0,29.6,1,0,0,73.0,29.9,0
2025-03-23,ML Engineer,Contract,Remote,Cybersecurity,Dubai,Robbins-Rodriguez,Medium,26.0,1,1,302,1,26387.0,0,0,0,1299,1,20,39,33,0,11.2,Corporate,0,9.9,1,47,13,67.9,24.5,0
2019-11-30,Marketing Intern,Full-Time,Onsite,E-Commerce,New York,May-Hoffman,Small,31.0,1,1,397,0,72110.0,0,0,0,2587,1,44,3,3,0,5.0,Corporate,0,13.7,1,30,5,48.5,6.2,0
2022-05-12,UI/UX Designer,Part-Time,Onsite,AI,New York,Lopez-Thomas,Startup,32.0,1,1,362,1,42319.0,0,0,0,2550,2,3,28,4,0,5.2,Corporate,0,16.0,1,16,14,94.9,0.0,0
2022-12-02,Marketing Intern,Internship,Remote,AI,Dubai,"Guerra, Hamilton and Ramirez",Small,3.0,1,1,38,0,8958.0,0,0,0,2104,4,72,55,0,0,0.0,Corporate,0,26.7,1,38,7,31.4,28.2,0
2024-01-06,ML Engineer,Full-Time,Remote,E-Commerce,Singapore,Anderson LLC,Small,32.0,1,1,373,1,,0,1,4208,2588,3,24,62,0,0,3.2,Corporate,0,31.0,1,19,22,74.6,28.5,0
2024-06-14,Frontend Developer,Full-Time,Remote,Software,Dubai,Rios-Chavez,Startup,7.0,1,1,90,1,28434.0,0,0,0,2897,1,76,72,15,0,4.6,Corporate,0,26.2,1,0,12,59.5,33.4,0
2024-12-07,Cybersecurity Analyst,Contract,Remote,E-Commerce,London,Mcclain PLC,Small,30.0,0,1,358,1,54059.0,0,0,0,1130,1,46,36,22,0,0.3,Free,1,19.5,1,47,30,34.5,52.1,1
2025-02-21,UI/UX Designer,Full-Time,Hybrid,Gaming,Sydney,Bryant-Bishop,Medium,4.0,0,1,59,1,41775.0,0,0,0,1282,2,0,68,48,0,4.0,Corporate,0,23.3,1,46,1,65.6,12.4,0
2024-11-15,Frontend Developer,Internship,Remote,Healthcare,Singapore,"Edwards, Young and Marshall",Small,25.0,1,1,311,1,51619.0,0,0,0,1809,3,14,53,5,0,11.5,Free,1,13.1,1,0,9,73.0,25.3,0
2019-01-31,Cloud Engineer,Part-Time,Remote,E-Commerce,Dubai,"Larson, Wilson and Sanchez",Enterprise,4.0,1,1,91,1,48105.0,0,0,0,1863,0,30,0,62,0,1.6,Corporate,0,12.2,1,26,44,60.0,40.8,0
2023-03-16,ML Engineer,Contract,Hybrid,Cybersecurity,Sydney,"Miller, Hicks and Larson",Startup,31.0,1,1,365,1,15945.0,0,0,0,1669,2,16,22,14,0,3.5,Corporate,0,16.5,1,39,2,80.9,0.0,0
2020-09-18,Marketing Intern,Full-Time,Hybrid,Software,Bangalore,Jenkins-Gonzalez,Small,22.0,1,1,262,1,34262.0,0,0,0,2110,2,6,64,32,0,7.7,Corporate,0,22.0,1,33,46,57.0,43.1,0
2024-11-11,Cybersecurity Analyst,Part-Time,Onsite,Gaming,Berlin,Mitchell-Nguyen,Medium,36.0,1,1,453,0,31092.0,0,0,0,1430,2,45,17,23,0,1.9,Corporate,0,14.8,1,7,9,57.6,8.7,0
2019-02-11,UI/UX Designer,Full-Time,Onsite,Marketing,Sydney,"Foley, Gray and Alexander",Medium,27.0,1,1,351,1,36293.0,0,0,0,1870,3,15,29,10,0,6.2,Corporate,0,7.7,1,27,26,82.5,8.5,0
2022-03-28,ML Engineer,Contract,Hybrid,E-Commerce,Toronto,Wood Inc,Small,24.0,1,1,281,1,9110.0,0,0,0,2180,5,44,0,38,0,4.0,Corporate,0,30.8,1,10,14,39.9,32.8,0
2026-07-11,Data Science Intern,Contract,Hybrid,EdTech,New York,"Medina, Clayton and Davis",Small,24.0,1,1,312,1,37368.0,0,1,1100,2327,6,24,27,27,0,7.9,Corporate,0,12.8,1,33,50,37.7,79.0,1
2022-08-10,AI Research Intern,Contract,Hybrid,E-Commerce,Bangalore,"Perry, Harper and Moore",Startup,29.0,1,1,351,1,44108.0,0,0,0,2527,0,29,68,42,0,1.6,Corporate,0,32.3,0,57,6,70.4,9.1,0
2023-07-31,Frontend Developer,Part-Time,Onsite,EdTech,London,"Roberts, Campbell and David",Small,3.0,1,1,20,1,15586.0,0,0,0,774,1,8,9,27,0,6.8,Corporate,0,31.3,1,1,14,71.5,0.0,0
2021-01-15,Cybersecurity Analyst,Full-Time,Remote,AI,Berlin,Harris Ltd,Medium,29.0,0,1,330,1,44294.0,0,0,0,1589,3,18,67,50,0,7.2,Corporate,0,12.3,1,38,6,72.0,38.8,0
2022-04-23,AI Research Intern,Full-Time,Remote,Cybersecurity,Bangalore,Mccann Ltd,Startup,6.0,1,1,65,0,28739.0,0,0,0,1838,4,43,79,36,0,5.4,Corporate,0,21.9,1,26,4,43.8,39.4,0
2019-09-24,Backend Developer,Full-Time,Remote,Marketing,Singapore,Wolfe-Morris,Medium,18.0,1,0,204,1,44682.0,0,0,0,3018,4,23,26,27,1,1.9,Corporate,0,48.5,1,21,0,86.7,26.2,0
2021-01-18,AI Research Intern,Part-Time,Onsite,EdTech,Bangalore,Green LLC,Small,34.0,1,1,409,1,26324.0,0,0,0,1658,2,46,49,0,0,5.2,Corporate,0,16.5,0,22,40,49.2,17.3,0
2022-01-08,Backend Developer,Internship,Remote,Software,New York,"Taylor, Gray and Smith",Small,2.0,1,1,33,0,2000.0,0,1,2684,919,1,76,40,43,0,5.9,Corporate,0,29.4,1,11,5,48.8,82.1,1
2025-02-24,UI/UX Designer,Full-Time,Onsite,Marketing,Bangalore,Edwards Inc,Startup,29.0,0,1,348,0,7295.0,0,0,0,1271,2,49,39,5,0,12.4,Corporate,0,25.3,0,9,7,40.6,41.5,0
2022-02-22,Frontend Developer,Internship,Hybrid,FinTech,Toronto,Andrade-Clark,Startup,16.0,1,1,194,1,43984.0,0,0,0,1288,2,36,72,23,0,6.1,Corporate,0,16.0,1,7,29,59.8,30.9,0
2025-06-19,Frontend Developer,Full-Time,Hybrid,Software,London,"Gomez, Powell and Avila",Medium,38.0,1,1,436,1,29249.0,0,0,0,2559,1,40,86,0,0,4.0,Corporate,0,14.4,1,47,9,,12.4,0
2020-06-09,Cybersecurity Analyst,Part-Time,Remote,FinTech,Singapore,Erickson-Harris,Startup,12.0,1,1,166,1,27362.0,0,0,0,1803,2,23,56,0,1,8.9,Corporate,0,14.2,1,2,35,68.8,44.3,0
2022-08-08,Data Science Intern,Full-Time,Remote,Software,Bangalore,Gonzales Ltd,Enterprise,3.0,1,1,30,1,21311.0,0,0,0,2529,7,42,47,22,0,5.0,Corporate,0,15.2,1,26,48,26.0,50.3,1
2020-06-14,Cloud Engineer,Contract,Remote,EdTech,San Francisco,"Harrison, Hernandez and Williams",Startup,12.0,1,1,160,1,24123.0,0,0,0,1683,3,23,47,32,0,8.2,Corporate,0,25.0,1,20,34,50.4,33.0,0
2019-06-01,Cloud Engineer,Full-Time,Hybrid,Gaming,Toronto,Patton Inc,Medium,26.0,0,0,320,1,46702.0,0,0,0,2343,6,56,44,4,0,5.9,Corporate,0,24.6,1,11,48,20.5,57.2,1
2023-03-22,AI Research Intern,Internship,Remote,E-Commerce,London,Young LLC,Startup,37.0,1,1,437,1,10050.0,0,1,4126,1929,3,37,34,18,0,7.8,Corporate,0,29.4,1,3,35,41.6,45.1,0
2021-01-18,Data Science Intern,Internship,Onsite,Gaming,Dubai,Perry LLC,Small,16.0,0,1,197,1,14845.0,0,0,0,1287,4,69,10,0,0,0.0,Free,1,25.7,1,32,0,61.5,27.4,0
2021-08-12,Data Science Intern,Full-Time,Hybrid,Software,New York,Wu LLC,Medium,11.0,1,1,106,1,31855.0,0,0,0,770,2,44,22,3,0,1.9,Free,1,23.4,1,28,28,44.4,37.3,0
2020-06-27,Backend Developer,Internship,Remote,EdTech,Berlin,Garrett LLC,Medium,22.0,0,1,254,0,39447.0,0,0,0,1955,3,65,24,30,0,7.6,Corporate,0,11.3,1,0,16,16.1,61.1,1
2019-06-29,ML Engineer,Full-Time,Remote,Marketing,London,Gates and Sons,Startup,17.0,1,1,196,0,,0,0,0,1881,1,37,55,29,0,7.6,Free,1,14.6,0,29,46,40.0,60.1,1
2021-02-10,AI Research Intern,Internship,Hybrid,Software,London,Spencer PLC,Enterprise,37.0,1,1,434,1,26137.0,0,0,0,1871,1,31,41,0,0,4.3,Corporate,0,33.7,1,0,3,74.5,8.8,0
2019-05-20,Cloud Engineer,Full-Time,Remote,Cybersecurity,Sydney,Rodriguez-James,Enterprise,15.0,1,1,188,1,51987.0,0,0,0,1071,0,56,37,41,0,8.1,Corporate,0,31.8,1,38,5,65.7,24.6,0
2021-03-09,Frontend Developer,Contract,Onsite,Gaming,Bangalore,Mckenzie-Willis,Medium,28.0,1,1,315,1,31459.0,0,0,0,1589,2,21,49,54,0,4.8,Corporate,0,12.2,0,27,0,68.2,18.4,0
2023-04-16,Frontend Developer,Internship,Remote,FinTech,Dubai,French and Sons,Enterprise,19.0,1,1,245,0,23017.0,0,0,0,2478,5,13,40,34,0,3.8,Corporate,0,13.7,1,46,52,30.3,32.3,0
2021-10-09,Cybersecurity Analyst,Internship,Remote,FinTech,New York,"Forbes, Reid and Johnson",Medium,38.0,1,1,471,1,34042.0,0,0,0,964,7,0,0,66,0,6.6,Free,1,22.5,1,21,43,58.1,33.1,0
2022-05-31,Cloud Engineer,Full-Time,Remote,Healthcare,Dubai,Cole-Reese,Startup,37.0,1,1,447,1,34091.0,0,1,765,2736,2,37,22,10,0,4.2,Corporate,0,25.7,1,18,18,79.5,37.1,0
2026-10-13,AI Research Intern,Part-Time,Remote,Marketing,Dubai,Moore and Sons,Startup,23.0,1,0,276,1,44675.0,0,0,0,3167,1,20,15,35,0,0.0,Free,1,12.5,1,78,6,69.0,39.4,0
2025-10-29,UI/UX Designer,Full-Time,Onsite,Cybersecurity,Bangalore,Brown Group,Startup,15.0,0,1,186,1,,0,0,0,1909,3,0,14,0,0,3.7,Corporate,0,6.2,1,40,0,56.9,1.9,0
2020-05-06,Cybersecurity Analyst,Internship,Remote,Software,Dubai,Burgess-Cruz,Medium,22.0,1,1,264,1,63287.0,0,0,0,2646,2,46,51,13,0,6.5,Corporate,0,19.7,1,10,5,63.8,10.8,0
2024-03-03,Backend Developer,Internship,Hybrid,FinTech,New York,Mclaughlin-Barry,Enterprise,4.0,1,0,53,0,,0,0,0,2008,1,55,48,9,0,0.3,Corporate,0,47.2,1,26,31,44.1,29.5,0
2026-11-25,ML Engineer,Part-Time,Remote,Software,Toronto,Turner-Baker,Medium,21.0,0,1,268,1,44130.0,0,0,0,2374,3,54,20,0,0,11.7,Corporate,0,22.3,0,36,0,60.1,10.8,0
2023-12-04,AI Research Intern,Part-Time,Remote,FinTech,San Francisco,Pittman-Martin,Medium,30.0,1,0,369,1,30982.0,0,0,0,2318,3,27,42,50,0,4.6,Corporate,0,27.1,1,38,54,37.2,62.7,1
2026-07-17,Backend Developer,Part-Time,Hybrid,E-Commerce,Toronto,Swanson-Yang,Medium,3.0,1,1,18,1,33754.0,0,0,0,1439,1,8,75,0,0,10.0,Corporate,0,17.7,1,56,29,55.7,17.9,0
2019-12-01,Backend Developer,Full-Time,Remote,Cybersecurity,San Francisco,"Davis, Obrien and Jones",Startup,4.0,1,1,50,1,46132.0,0,0,0,1824,7,24,70,0,0,0.4,Corporate,0,2.4,1,42,6,54.4,21.3,0
2022-02-14,Data Science Intern,Full-Time,Hybrid,Gaming,Dubai,"Brown, Davis and Strong",Medium,25.0,1,1,311,1,24830.0,0,0,0,2080,2,58,84,12,0,0.0,Corporate,0,30.0,1,38,16,52.9,26.8,0
2023-11-20,Cybersecurity Analyst,Part-Time,Onsite,FinTech,Berlin,Smith-Stewart,Startup,37.0,0,1,438,1,20342.0,0,0,0,1784,5,34,22,47,0,5.7,Corporate,0,32.8,1,27,13,54.4,32.7,0
2023-10-27,ML Engineer,Internship,Remote,FinTech,San Francisco,Dunn-Collins,Startup,31.0,1,0,393,0,2000.0,0,0,0,2747,1,33,61,0,0,3.8,Corporate,0,15.3,0,5,12,55.6,14.3,0
2023-03-24,Data Science Intern,Contract,Hybrid,FinTech,Singapore,Hernandez Inc,Small,1.0,1,1,22,0,64256.0,0,0,0,2299,7,50,15,22,0,3.0,Corporate,0,25.0,1,49,24,26.5,45.4,0
2018-09-27,Data Science Intern,Full-Time,Remote,FinTech,London,Peterson-Trevino,Medium,23.0,1,0,275,1,33335.0,0,0,0,1566,4,24,8,8,0,2.9,Free,1,27.7,1,35,19,73.9,38.2,0
2020-10-12,Frontend Developer,Part-Time,Remote,Healthcare,Berlin,"Gates, Miller and King",Small,33.0,1,1,399,1,49907.0,0,0,0,773,7,39,60,6,0,8.5,Free,1,23.4,1,30,0,59.2,29.3,0
2023-12-12,Data Science Intern,Full-Time,Remote,Software,Singapore,"Carney, Cooke and Hood",Small,23.0,1,0,292,1,48194.0,0,1,2901,1709,2,36,0,40,0,7.1,Corporate,0,24.6,1,0,22,63.9,59.5,1
2019-10-24,Backend Developer,Internship,Onsite,E-Commerce,Berlin,"Peterson, Molina and Cain",Enterprise,36.0,1,1,435,1,2000.0,0,0,0,2014,5,37,33,29,1,8.4,Corporate,0,25.1,1,0,15,57.3,45.7,0
2023-10-17,Cloud Engineer,Contract,Remote,Gaming,Berlin,Marks-Smith,Medium,25.0,0,1,333,1,34437.0,0,0,0,2283,6,37,33,24,0,3.3,Free,1,21.7,1,7,6,33.7,60.3,1
2026-08-26,Marketing Intern,Part-Time,Remote,Gaming,Bangalore,Short Inc,Small,33.0,1,0,412,1,17166.0,0,0,0,1822,1,26,27,12,0,1.3,Free,1,13.2,0,2,16,75.5,33.0,0
2023-09-21,Frontend Developer,Part-Time,Remote,Healthcare,Dubai,Ramirez-Calhoun,Startup,14.0,0,1,160,1,51089.0,0,0,0,966,4,54,100,2,0,5.6,Corporate,0,12.5,1,45,35,23.8,52.7,1
2019-07-01,Marketing Intern,Part-Time,Remote,Gaming,San Francisco,Williams-Koch,Medium,36.0,1,1,439,0,12334.0,0,0,0,2692,3,0,29,30,0,1.7,Free,1,3.4,1,33,54,49.4,46.7,0
2023-12-27,Cybersecurity Analyst,Internship,Remote,E-Commerce,London,Jackson-Rodriguez,Medium,36.0,1,0,400,1,30235.0,0,1,570,2577,3,26,69,19,0,3.8,Corporate,0,11.9,0,22,27,65.9,50.1,1
2019-08-15,Backend Developer,Contract,Onsite,FinTech,Berlin,Jones-Nelson,Small,3.0,1,1,37,1,52605.0,0,0,0,1282,2,49,53,24,0,0.0,Free,1,18.7,1,0,16,56.2,33.5,0
2018-06-18,Marketing Intern,Part-Time,Remote,Marketing,San Francisco,Hickman Inc,Startup,36.0,1,1,425,0,48601.0,0,0,0,1789,3,52,42,35,0,2.5,Corporate,0,23.5,1,18,17,44.2,35.8,0
2018-05-26,Marketing Intern,Part-Time,Remote,Healthcare,Dubai,Austin-Gonzalez,Small,11.0,1,1,143,0,42289.0,0,1,2350,2069,4,78,7,36,0,6.2,Corporate,0,23.5,1,15,0,35.1,57.8,1
2020-01-22,Data Science Intern,Part-Time,Remote,FinTech,Bangalore,"Reed, Lloyd and Stone",Startup,10.0,0,1,126,1,44629.0,0,0,0,2533,2,34,50,3,0,1.9,Corporate,0,37.8,1,17,45,46.7,50.1,1
2026-04-25,UI/UX Designer,Internship,Remote,E-Commerce,Sydney,Lopez Group,Enterprise,39.0,1,1,471,1,40812.0,0,0,0,1793,3,37,21,0,0,6.1,Free,1,13.0,1,37,13,65.6,20.1,0
2026-09-30,UI/UX Designer,Full-Time,Hybrid,Cybersecurity,San Francisco,Oneill-Ward,Medium,9.0,0,1,125,0,20005.0,0,0,0,2772,3,34,62,17,0,2.3,Corporate,0,21.0,1,0,0,58.8,23.8,0
2026-08-09,UI/UX Designer,Full-Time,Remote,Marketing,Berlin,Brown and Sons,Small,28.0,1,0,339,1,34942.0,0,0,0,2616,2,49,73,33,0,6.2,Corporate,0,11.2,0,0,0,74.1,27.9,0
2020-05-01,Data Science Intern,Part-Time,Remote,EdTech,Berlin,Ortiz and Sons,Startup,28.0,1,1,331,1,,0,1,847,2344,6,7,9,11,0,0.2,Free,1,28.7,1,59,12,78.3,47.0,0
2018-10-03,Backend Developer,Full-Time,Onsite,Gaming,Sydney,"Bell, Li and Leon",Medium,3.0,1,0,37,0,2000.0,0,0,0,2223,2,3,47,5,0,0.0,Corporate,0,31.9,1,24,25,57.7,19.7,0
2022-07-27,ML Engineer,Contract,Remote,Gaming,Sydney,"Oconnell, Burton and James",Medium,18.0,1,1,209,1,35731.0,0,0,0,1458,2,0,9,25,0,3.7,Corporate,0,44.4,1,0,8,72.5,0.0,0
2020-04-12,Frontend Developer,Full-Time,Onsite,E-Commerce,New York,Davis Inc,Small,35.0,1,1,431,1,29822.0,0,1,625,1953,2,19,29,12,0,3.0,Corporate,0,20.9,1,0,40,40.8,45.3,0
2025-08-12,Cybersecurity Analyst,Contract,Onsite,Cybersecurity,Toronto,Quinn and Sons,Startup,23.0,1,1,313,0,66202.0,0,0,0,1513,5,0,71,40,0,1.4,Corporate,0,45.2,1,17,28,64.4,22.5,0
2020-04-27,AI Research Intern,Full-Time,Onsite,AI,Dubai,"Anderson, Briggs and Fisher",Medium,2.0,1,1,32,1,20013.0,0,0,0,1609,0,64,0,36,0,5.9,Corporate,0,32.6,1,50,15,47.7,25.2,0
2025-04-14,ML Engineer,Internship,Hybrid,Marketing,New York,Torres PLC,Medium,23.0,1,0,262,1,39089.0,0,0,0,1341,3,25,54,9,0,3.1,Corporate,0,15.3,1,29,22,55.1,30.6,0
2025-07-29,Frontend Developer,Internship,Hybrid,FinTech,San Francisco,"Cuevas, Brown and Ruiz",Medium,9.0,1,1,86,0,42909.0,0,0,0,1721,2,18,27,0,0,7.1,Corporate,0,20.9,1,32,46,42.4,11.7,0
2018-02-14,Cybersecurity Analyst,Internship,Remote,Cybersecurity,Sydney,"Adams, Cruz and Miles",Medium,16.0,1,0,188,1,24196.0,0,0,0,1379,2,53,57,20,0,2.3,Corporate,0,22.4,1,0,33,72.0,59.2,1
2021-12-17,Backend Developer,Contract,Remote,Gaming,Dubai,David PLC,Medium,12.0,1,1,155,1,9967.0,0,0,0,1625,3,29,0,23,0,7.9,Corporate,0,25.6,1,1,17,63.3,12.5,0
2018-11-20,UI/UX Designer,Part-Time,Remote,E-Commerce,Berlin,"Acosta, Barnett and Lara",Enterprise,6.0,0,1,34,1,44194.0,0,0,0,1612,4,14,39,15,0,2.3,Corporate,0,29.5,0,20,33,51.4,37.3,0
2020-04-21,Marketing Intern,Full-Time,Remote,FinTech,Bangalore,Turner PLC,Startup,19.0,0,0,217,0,51982.0,0,0,0,2056,2,5,5,48,0,0.0,Corporate,0,1.0,0,43,0,51.7,17.1,0
2018-08-29,Data Science Intern,Part-Time,Hybrid,Healthcare,Sydney,Hawkins Inc,Small,15.0,0,1,183,0,40198.0,0,0,0,2372,6,40,26,10,0,7.6,Corporate,0,29.3,0,32,34,11.1,60.6,1
2025-04-25,Data Science Intern,Contract,Hybrid,Gaming,Singapore,Nguyen Inc,Small,18.0,1,1,193,1,10328.0,0,0,0,924,3,16,42,17,0,6.8,Free,1,32.2,0,35,5,73.8,12.0,0
2022-04-30,Backend Developer,Contract,Onsite,Gaming,Bangalore,"Harris, Smith and Calderon",Medium,21.0,1,1,248,1,3806.0,0,0,0,1758,6,67,28,40,0,5.9,Free,1,8.0,1,30,10,38.4,48.1,0
2019-04-16,Marketing Intern,Part-Time,Hybrid,Healthcare,Singapore,Rodriguez-Hodges,Startup,11.0,1,1,103,1,47487.0,0,0,0,447,3,23,34,29,0,1.8,Free,1,38.7,0,46,0,79.0,0.0,0
2019-06-18,UI/UX Designer,Contract,Remote,EdTech,San Francisco,Green-Jensen,Small,37.0,1,1,441,1,2000.0,0,0,0,2556,4,37,50,0,0,7.1,Corporate,0,21.7,1,15,43,40.6,36.5,0
2022-01-27,Cybersecurity Analyst,Internship,Hybrid,Gaming,London,Gardner LLC,Medium,25.0,1,1,315,1,29764.0,0,0,0,1196,4,54,61,48,0,4.1,Corporate,0,30.8,1,16,46,29.5,41.2,0
2019-01-16,Cybersecurity Analyst,Part-Time,Remote,AI,Dubai,Mcdowell-Fowler,Medium,35.0,1,1,411,1,61961.0,0,0,0,2408,3,41,54,53,1,6.4,Corporate,0,11.2,1,56,0,100.0,12.2,0
2018-05-21,Cloud Engineer,Internship,Remote,Cybersecurity,Sydney,"Davis, Weaver and Dawson",Medium,4.0,1,1,75,1,54221.0,0,0,0,1939,3,50,9,18,0,7.4,Corporate,0,22.1,1,36,21,62.3,19.2,0
2023-09-21,ML Engineer,Contract,Remote,AI,Toronto,"Munoz, Sanchez and Wilson",Startup,34.0,1,1,401,1,34427.0,0,0,0,1530,1,20,28,16,0,8.5,Free,1,20.9,1,76,12,62.2,18.2,0
2019-02-11,ML Engineer,Part-Time,Onsite,EdTech,San Francisco,Miller-Bruce,Startup,28.0,1,0,340,1,34234.0,0,1,171,1646,0,17,11,8,0,5.2,Corporate,0,17.1,1,19,0,82.4,28.8,0
2019-02-06,AI Research Intern,Part-Time,Remote,Software,Sydney,Long LLC,Startup,19.0,1,0,246,0,28222.0,0,0,0,2305,1,23,35,77,0,9.1,Free,1,18.5,1,46,34,50.7,53.0,1
2026-08-22,Data Science Intern,Part-Time,Remote,Healthcare,Dubai,Thompson PLC,Startup,21.0,1,1,251,1,36803.0,0,0,0,2162,2,12,57,50,0,7.3,Free,1,15.4,1,1,2,73.5,27.1,0
2024-09-08,Backend Developer,Internship,Remote,FinTech,Berlin,Hill-Copeland,Enterprise,15.0,1,1,194,1,24135.0,0,1,4981,2151,4,23,32,20,0,2.9,Corporate,0,25.3,1,25,34,50.2,55.2,1
2020-01-26,Frontend Developer,Internship,Hybrid,AI,Sydney,Rowe-Green,Medium,3.0,1,1,29,1,32801.0,0,0,0,1515,4,53,13,35,0,6.8,Free,1,20.0,1,44,26,50.9,41.7,0
2025-01-29,ML Engineer,Internship,Remote,Healthcare,London,Johnson-Simpson,Startup,13.0,1,1,130,0,47853.0,0,1,180,3065,4,35,47,18,0,4.9,Corporate,0,32.8,1,29,46,25.1,81.0,1
2025-12-24,Cloud Engineer,Full-Time,Remote,Healthcare,Bangalore,Lee Inc,Medium,38.0,1,1,447,1,24203.0,0,0,0,2740,4,54,4,17,0,2.4,Corporate,0,25.2,1,20,45,,55.1,1
2020-06-05,Frontend Developer,Full-Time,Onsite,AI,Sydney,"Campbell, Donovan and Johnson",Startup,17.0,1,1,216,1,10867.0,0,0,0,1510,3,27,29,26,0,1.5,Corporate,0,11.9,1,20,0,76.5,0.0,0
2022-10-01,ML Engineer,Contract,Remote,Healthcare,Berlin,Horn-Odom,Enterprise,36.0,1,0,431,1,21407.0,0,0,0,1845,6,34,36,16,0,6.1,Free,1,13.1,1,44,0,62.4,32.7,0
2020-09-24,Data Science Intern,Internship,Hybrid,E-Commerce,London,"Davis, Johnson and Scott",Startup,21.0,1,0,226,0,33197.0,0,0,0,1787,2,60,46,18,0,1.0,Free,1,24.2,1,11,0,68.8,51.9,1
2024-10-06,Backend Developer,Internship,Remote,Healthcare,San Francisco,Fischer Inc,Enterprise,22.0,1,0,232,1,45067.0,0,0,0,1710,4,36,51,4,0,7.2,Free,1,37.1,1,4,26,65.2,55.3,1
2026-12-31,Cloud Engineer,Part-Time,Hybrid,Software,Singapore,Clark-Green,Startup,7.0,0,1,81,1,50842.0,0,0,0,1141,5,22,100,6,0,6.4,Corporate,0,17.5,1,68,17,67.7,24.6,0
2026-10-11,Backend Developer,Internship,Hybrid,AI,Sydney,"Miller, Mejia and Gardner",Small,24.0,1,1,302,1,41190.0,0,0,0,1778,3,35,27,21,0,1.2,Free,1,25.0,1,47,0,55.4,37.4,0
2026-10-11,Frontend Developer,Full-Time,Remote,AI,Dubai,Martinez-Martin,Startup,12.0,1,0,154,1,28396.0,0,0,0,1572,3,14,25,46,0,6.6,Corporate,0,22.9,0,10,0,82.7,5.2,0
2019-05-25,Cloud Engineer,Contract,Remote,Cybersecurity,London,Vega-Rios,Enterprise,4.0,1,1,58,1,12263.0,0,0,0,1149,4,14,13,52,0,6.3,Corporate,0,21.6,1,40,9,64.6,1.4,0
2018-03-24,UI/UX Designer,Full-Time,Remote,Cybersecurity,Dubai,"Watson, Jones and Solomon",Startup,27.0,1,1,329,1,23246.0,0,0,0,1010,1,0,38,8,0,6.5,Corporate,0,15.4,1,19,21,84.1,0.0,0
2023-03-11,UI/UX Designer,Part-Time,Remote,E-Commerce,Singapore,Wallace Ltd,Enterprise,30.0,1,1,338,0,38687.0,0,0,0,2184,5,15,26,7,0,12.1,Free,1,31.4,0,43,20,59.6,31.6,0
2022-06-14,Backend Developer,Internship,Hybrid,Healthcare,London,Allen Ltd,Startup,6.0,0,1,81,0,28408.0,0,0,0,2565,2,39,57,23,0,9.3,Corporate,0,21.4,0,19,0,50.6,31.1,0
2019-04-04,Backend Developer,Contract,Remote,Healthcare,Dubai,Bell Ltd,Enterprise,26.0,0,1,332,0,75412.0,0,0,0,1940,1,11,61,7,0,5.3,Corporate,0,18.6,1,10,14,52.1,29.8,0
2024-08-07,Marketing Intern,Part-Time,Onsite,Software,Dubai,Horton-Gray,Medium,4.0,1,1,44,1,38351.0,0,1,3385,2546,3,8,22,3,0,4.9,Corporate,0,35.1,1,0,25,66.7,39.4,0
2025-03-28,AI Research Intern,Full-Time,Remote,EdTech,New York,"Moore, Snyder and Adams",Small,22.0,1,1,279,0,11114.0,0,0,0,1314,3,24,13,23,0,12.0,Corporate,0,26.5,1,39,12,55.5,5.6,0
2026-03-20,ML Engineer,Internship,Remote,Gaming,New York,Patrick and Sons,Medium,17.0,1,0,190,1,41524.0,0,0,0,3440,1,0,82,17,0,4.8,Corporate,0,5.8,1,22,14,77.2,20.0,0
2025-11-13,Data Science Intern,Part-Time,Hybrid,Marketing,Sydney,"Hicks, Newman and Hernandez",Enterprise,22.0,1,1,241,0,39204.0,0,0,0,1781,2,59,37,45,0,3.6,Free,1,27.9,0,35,57,33.8,74.4,1
2022-10-26,AI Research Intern,Part-Time,Remote,EdTech,Dubai,Porter-Baldwin,Medium,7.0,0,1,84,1,30730.0,0,0,0,1485,2,55,49,32,0,2.6,Corporate,0,7.8,1,44,0,47.7,39.0,0
2020-02-27,Frontend Developer,Contract,Remote,E-Commerce,New York,"Turner, Jones and Miller",Startup,31.0,0,1,355,1,30214.0,0,0,0,1981,0,30,57,0,0,4.1,Corporate,0,1.0,0,0,19,53.3,34.1,0
2020-01-15,Cybersecurity Analyst,Full-Time,Remote,Software,Bangalore,Hoffman-Martinez,Medium,1.0,1,1,1,1,15522.0,0,0,0,1114,4,12,53,5,0,6.9,Corporate,0,4.2,1,46,0,83.4,8.8,0
2018-05-07,AI Research Intern,Full-Time,Remote,EdTech,San Francisco,Cardenas-Gonzalez,Medium,13.0,1,1,158,1,32900.0,0,1,2171,2058,2,35,0,31,0,1.3,Corporate,0,9.0,1,0,17,71.8,45.7,0
2026-04-27,Cloud Engineer,Full-Time,Remote,EdTech,Bangalore,"Doyle, Kelly and Vazquez",Enterprise,35.0,1,1,423,1,29518.0,0,0,0,1837,4,11,14,0,0,5.2,Free,1,11.9,1,28,46,60.2,25.4,0
2022-10-23,Data Science Intern,Contract,Remote,E-Commerce,New York,Chen LLC,Medium,23.0,1,1,252,1,40280.0,0,0,0,991,3,3,27,29,0,3.0,Free,1,20.6,1,1,52,30.7,55.0,1
2020-11-20,Backend Developer,Internship,Hybrid,AI,Dubai,Brown PLC,Medium,23.0,1,0,287,0,54643.0,0,0,0,2556,4,56,63,0,0,0.0,Free,1,24.5,1,7,42,37.6,77.7,1
2022-06-05,Cybersecurity Analyst,Part-Time,Hybrid,Marketing,Singapore,Rivas-James,Small,26.0,1,1,297,1,45665.0,0,0,0,1982,3,38,45,58,0,8.5,Corporate,0,19.4,1,5,0,57.1,12.0,0
2018-02-07,Backend Developer,Part-Time,Remote,FinTech,Sydney,"Bryant, Moore and Santana",Startup,15.0,1,1,202,0,22408.0,0,0,0,1718,4,48,33,43,0,5.5,Corporate,0,19.1,1,36,27,52.9,38.9,0
2021-03-03,UI/UX Designer,Contract,Remote,Marketing,Sydney,"Mooney, Simpson and Taylor",Startup,21.0,1,1,236,1,18225.0,0,0,0,1844,2,9,62,13,0,4.0,Corporate,0,17.9,1,29,42,32.5,23.7,0
2022-06-01,Data Science Intern,Full-Time,Hybrid,FinTech,San Francisco,Brady Ltd,Startup,32.0,1,1,365,1,49216.0,0,0,0,2451,2,28,47,49,0,6.2,Corporate,0,4.8,0,28,7,89.3,3.2,0
2020-12-16,Cloud Engineer,Internship,Hybrid,FinTech,San Francisco,"Johnson, Nicholson and Johnson",Startup,7.0,1,1,77,1,35196.0,0,1,3649,1240,5,33,3,12,0,5.7,Corporate,0,10.5,1,69,40,51.7,46.5,0
2026-07-03,Backend Developer,Contract,Remote,Gaming,Toronto,"Gonzalez, Lewis and Nguyen",Enterprise,6.0,1,1,71,1,30786.0,0,0,0,1603,2,45,34,0,0,5.0,Corporate,0,30.5,1,20,16,59.9,12.4,0
2018-05-01,Frontend Developer,Internship,Remote,Healthcare,New York,Ramirez PLC,Medium,13.0,1,1,148,1,28028.0,0,0,0,1712,1,24,37,42,0,3.0,Corporate,0,16.6,1,36,24,68.1,6.6,0
2023-06-19,Cybersecurity Analyst,Internship,Remote,Healthcare,San Francisco,"Butler, Mullins and Wade",Small,17.0,1,1,221,0,25084.0,0,0,0,2791,3,31,14,30,0,5.0,Free,1,28.4,1,14,16,61.8,21.8,0
2018-09-16,Cybersecurity Analyst,Internship,Remote,E-Commerce,New York,Thompson-Cannon,Medium,6.0,1,0,69,1,66916.0,0,0,0,1761,5,0,61,25,0,3.8,Corporate,0,12.7,1,55,33,44.8,36.8,0
2023-06-23,Marketing Intern,Part-Time,Remote,FinTech,Dubai,Berg-Miller,Enterprise,35.0,1,1,411,1,21859.0,0,0,0,3008,0,35,71,41,0,0.1,Corporate,0,15.1,1,7,4,65.1,11.0,0
2018-07-28,Backend Developer,Contract,Onsite,Cybersecurity,Sydney,Morgan-Owens,Startup,1.0,1,1,41,0,40477.0,0,1,696,1560,7,61,8,13,0,12.0,Corporate,0,11.9,1,6,0,39.9,50.7,1
2019-12-28,Backend Developer,Full-Time,Remote,EdTech,Bangalore,"Franklin, Saunders and Williams",Startup,23.0,1,1,264,1,2000.0,0,0,0,2075,5,36,0,32,1,1.4,Corporate,0,27.5,0,13,0,70.2,21.7,0
2020-02-13,UI/UX Designer,Internship,Remote,AI,Berlin,Roberts-Garner,Medium,13.0,1,1,154,1,41772.0,0,0,0,1656,2,19,29,27,1,8.9,Corporate,0,26.2,0,5,0,85.8,9.1,0
2018-11-28,Marketing Intern,Contract,Remote,Marketing,San Francisco,Watts-Jones,Startup,8.0,1,1,102,1,32988.0,0,0,0,2387,1,46,70,48,0,5.2,Free,1,13.2,1,0,4,60.5,50.4,1
2023-09-04,Backend Developer,Part-Time,Hybrid,E-Commerce,New York,"Zimmerman, Boyd and Moore",Startup,30.0,0,0,375,1,40101.0,0,0,0,2078,5,27,82,16,0,3.7,Corporate,0,10.3,1,40,46,33.7,74.5,1
2022-03-07,Frontend Developer,Contract,Remote,FinTech,San Francisco,"Figueroa, Clayton and Johnston",Enterprise,21.0,1,1,267,0,38126.0,0,0,0,1532,3,7,32,27,0,7.6,Corporate,0,9.2,1,12,25,44.9,14.9,0
2020-03-10,Data Science Intern,Contract,Onsite,Gaming,Dubai,Mullins PLC,Small,24.0,1,0,275,0,32930.0,0,0,0,2486,3,48,63,23,0,5.8,Free,1,42.8,1,26,0,70.6,50.7,1
2018-09-05,UI/UX Designer,Contract,Onsite,Marketing,Berlin,"Anderson, Carpenter and Gilmore",Startup,3.0,1,1,31,1,26532.0,0,0,0,1342,3,40,84,0,0,5.3,Corporate,0,15.5,1,32,11,78.6,29.6,0
2020-07-08,Data Science Intern,Internship,Hybrid,E-Commerce,New York,Brown-Kramer,Small,9.0,1,1,89,0,28209.0,0,0,0,560,2,29,41,19,0,8.0,Corporate,0,4.5,1,51,5,64.5,11.8,0
2026-01-24,AI Research Intern,Internship,Hybrid,Healthcare,Toronto,"Chase, Wilson and Wall",Small,7.0,1,1,73,0,33594.0,0,0,0,1690,5,14,38,42,0,4.4,Corporate,0,21.6,0,27,21,54.5,16.6,0
2018-09-04,UI/UX Designer,Part-Time,Onsite,Gaming,Toronto,Love-Smith,Small,17.0,1,1,198,0,35338.0,0,0,0,2216,5,47,54,19,0,1.5,Free,1,10.9,1,40,17,50.8,41.2,0
2018-07-10,Backend Developer,Contract,Onsite,E-Commerce,San Francisco,"Heath, Smith and Ingram",Startup,12.0,1,1,134,1,27848.0,0,0,0,1459,2,65,79,1,0,7.0,Corporate,0,11.8,0,23,51,52.9,45.9,0
2023-06-23,AI Research Intern,Part-Time,Hybrid,Healthcare,Sydney,Smith-Smith,Medium,26.0,1,1,305,0,43658.0,0,0,0,1424,2,22,71,37,0,7.1,Free,1,29.5,1,33,45,40.0,54.5,1
2020-09-21,UI/UX Designer,Full-Time,Hybrid,Marketing,New York,"Cantu, Collins and Thompson",Enterprise,16.0,1,1,199,1,12644.0,0,0,0,1519,3,41,49,79,0,6.1,Corporate,0,21.9,0,57,23,46.4,46.3,0
2023-06-17,ML Engineer,Full-Time,Remote,Healthcare,Toronto,"Olsen, Beasley and Gilbert",Small,22.0,1,0,238,0,25693.0,0,0,0,2568,2,0,29,0,0,5.3,Corporate,0,19.9,1,0,8,80.7,11.5,0
2026-02-12,Cloud Engineer,Full-Time,Onsite,FinTech,Singapore,Tyler-Barber,Small,19.0,1,1,213,0,26421.0,0,0,0,1058,0,32,48,18,0,4.0,Corporate,0,25.6,0,32,24,35.7,31.0,0
2020-08-01,UI/UX Designer,Internship,Hybrid,Healthcare,Dubai,King-Joseph,Enterprise,1.0,1,1,1,1,30876.0,0,0,0,3134,3,21,60,51,0,2.8,Corporate,0,25.8,1,20,0,83.9,19.1,0
2020-07-21,Frontend Developer,Part-Time,Remote,Cybersecurity,Sydney,Taylor-Taylor,Startup,20.0,1,1,237,1,41762.0,0,0,0,1271,1,9,63,24,0,10.9,Corporate,0,14.0,1,15,19,69.1,6.2,0
2018-12-18,Marketing Intern,Internship,Remote,Marketing,Dubai,Jenkins Ltd,Small,26.0,1,1,310,1,26226.0,0,0,0,1187,1,8,35,6,0,2.2,Corporate,0,33.9,1,0,12,86.4,0.0,0
2026-12-10,Cloud Engineer,Internship,Remote,EdTech,Berlin,Lynch-Mccoy,Small,24.0,1,1,282,1,41205.0,0,0,0,1194,3,30,14,49,0,0.5,Corporate,0,17.1,1,51,12,61.4,11.8,0
2018-09-01,Data Science Intern,Full-Time,Hybrid,Healthcare,Bangalore,"Johnson, Blair and Garcia",Medium,29.0,1,1,331,1,31936.0,0,0,0,602,3,65,97,39,0,0.1,Corporate,0,20.2,1,30,15,58.1,32.6,0
2021-11-25,ML Engineer,Full-Time,Remote,E-Commerce,Toronto,Shelton Ltd,Startup,21.0,0,1,261,0,48748.0,0,0,0,1854,1,9,30,21,0,9.1,Free,1,19.7,1,15,0,54.8,35.4,0
2021-06-10,UI/UX Designer,Part-Time,Remote,Cybersecurity,London,"Hunter, Klein and Collier",Medium,7.0,0,1,71,0,20652.0,0,0,0,2270,2,58,65,15,0,8.6,Free,1,11.1,1,26,30,44.9,83.8,1
2020-06-22,AI Research Intern,Full-Time,Onsite,Marketing,Bangalore,Smith-Weiss,Medium,9.0,1,1,90,1,41456.0,0,0,0,2131,1,47,50,15,0,1.4,Free,1,1.0,1,37,33,48.2,42.4,0
2021-10-14,Data Science Intern,Internship,Remote,Healthcare,Dubai,Craig-Clarke,Startup,25.0,1,1,301,0,43996.0,0,0,0,2537,1,10,0,45,0,2.2,Free,1,29.9,1,34,8,77.4,8.8,0
2023-03-02,AI Research Intern,Internship,Remote,Marketing,Sydney,Kemp Inc,Startup,17.0,1,1,219,1,53702.0,0,0,0,1980,2,42,53,8,0,6.0,Corporate,0,7.8,0,0,38,41.9,41.5,0
2018-05-19,Frontend Developer,Internship,Remote,EdTech,Singapore,"Bradford, Lopez and Jones",Medium,19.0,1,1,225,1,32484.0,0,0,0,1292,5,12,62,35,0,7.4,Corporate,0,14.1,0,28,19,56.4,22.3,0
2024-10-04,Data Science Intern,Full-Time,Hybrid,Software,New York,Jenkins-Hicks,Enterprise,11.0,1,1,148,0,7458.0,0,0,0,2758,4,83,45,21,0,4.7,Corporate,0,8.1,1,38,25,24.3,61.5,1
2021-01-13,Cybersecurity Analyst,Full-Time,Onsite,EdTech,Bangalore,Brown Group,Enterprise,8.0,1,0,102,1,35101.0,0,0,0,876,6,75,87,35,0,5.4,Corporate,0,17.5,1,6,6,57.4,63.0,1
2022-06-15,AI Research Intern,Full-Time,Hybrid,AI,Toronto,"Schmidt, Moreno and Torres",Medium,31.0,0,1,395,0,2000.0,0,0,0,2597,3,32,43,39,0,7.0,Corporate,0,26.4,0,54,67,12.3,62.6,1
2025-03-11,Marketing Intern,Internship,Remote,E-Commerce,Bangalore,Jones-Smith,Small,17.0,1,1,211,1,42815.0,0,0,0,391,4,0,35,26,0,5.0,Corporate,0,36.2,0,19,0,68.9,0.0,0
2020-08-19,Data Science Intern,Contract,Remote,Marketing,Toronto,"Alexander, Robinson and Mosley",Startup,26.0,1,1,295,1,43879.0,0,0,0,1531,4,5,52,36,0,4.5,Corporate,0,7.3,1,27,48,66.4,41.4,0
2022-04-11,Cybersecurity Analyst,Internship,Remote,Software,Singapore,Campbell-West,Startup,6.0,0,1,68,0,33271.0,0,0,0,2339,2,47,27,40,0,2.2,Corporate,0,12.9,1,31,15,36.4,37.0,0
2018-12-17,UI/UX Designer,Contract,Remote,Healthcare,Dubai,"Middleton, Martin and Rogers",Small,32.0,1,1,382,1,30095.0,0,0,0,2754,3,28,20,60,0,6.0,Corporate,0,24.9,0,27,43,44.4,42.6,0
2026-11-14,UI/UX Designer,Internship,Onsite,Marketing,Bangalore,Ramirez LLC,Startup,9.0,1,0,113,0,31475.0,0,0,0,2201,3,37,12,9,0,3.5,Free,1,30.2,0,25,0,56.6,44.5,0
2019-12-26,Marketing Intern,Contract,Remote,Gaming,San Francisco,Wilson-Hicks,Enterprise,16.0,1,1,244,0,44160.0,0,0,0,1778,3,33,41,45,0,2.6,Corporate,0,14.9,0,10,30,28.9,31.2,0
2024-08-15,Data Science Intern,Internship,Remote,EdTech,Bangalore,Smith-Esparza,Small,30.0,1,1,376,1,33230.0,0,0,0,811,4,0,82,36,0,4.7,Corporate,0,17.4,0,28,30,56.8,39.6,0
2022-08-19,Cloud Engineer,Contract,Remote,Software,San Francisco,"Mahoney, Higgins and Vasquez",Enterprise,34.0,1,1,417,1,2000.0,0,0,0,783,4,59,45,49,0,1.2,Corporate,0,7.7,1,42,23,30.5,41.5,0
2021-12-02,Backend Developer,Part-Time,Onsite,Software,New York,Harris Ltd,Small,17.0,1,1,205,0,17546.0,0,0,0,1453,4,45,87,5,0,0.0,Corporate,0,11.4,0,8,0,57.2,23.6,0
2022-09-01,Marketing Intern,Full-Time,Hybrid,AI,London,"Hart, Frazier and Macdonald",Startup,31.0,0,1,365,1,14736.0,0,0,0,1272,3,1,27,21,0,4.3,Corporate,0,22.6,1,20,23,67.0,16.2,0
2022-02-27,AI Research Intern,Part-Time,Remote,AI,San Francisco,"Miller, Williams and Gray",Startup,39.0,1,1,486,1,49580.0,0,0,0,1583,1,9,18,0,0,1.3,Corporate,0,11.5,1,67,33,67.8,20.0,0
2025-08-27,AI Research Intern,Part-Time,Remote,Software,San Francisco,"Bowen, Horn and Ward",Medium,26.0,0,0,299,0,34288.0,0,0,0,3485,1,33,33,27,0,6.1,Corporate,0,1.2,1,46,3,42.8,50.5,1
2023-09-23,ML Engineer,Part-Time,Hybrid,Marketing,Toronto,Roberts-Gonzalez,Small,20.0,1,1,245,1,21409.0,0,0,0,1758,3,30,44,16,0,6.0,Corporate,0,25.3,0,20,41,48.1,11.0,0
2023-04-03,Cloud Engineer,Internship,Remote,Healthcare,Singapore,Miller LLC,Enterprise,20.0,1,1,243,1,31788.0,0,1,2398,1755,5,16,17,11,0,1.0,Corporate,0,15.0,0,10,31,54.3,60.5,1
2023-04-12,Cloud Engineer,Internship,Remote,E-Commerce,Berlin,Mendoza and Sons,Medium,37.0,1,0,430,1,25057.0,0,0,0,2069,3,33,30,9,0,8.0,Corporate,0,33.9,1,32,20,49.1,40.2,0
2019-10-14,AI Research Intern,Full-Time,Remote,E-Commerce,New York,"Deleon, Taylor and Mckay",Enterprise,6.0,1,1,75,1,31635.0,0,0,0,1632,4,33,71,7,0,0.0,Free,1,7.9,1,0,16,67.7,48.4,0
2024-05-01,UI/UX Designer,Part-Time,Onsite,AI,Berlin,"Morris, Rivera and Davis",Startup,10.0,1,1,128,1,52999.0,0,0,0,2084,3,68,0,0,1,4.2,Corporate,0,24.2,0,14,56,33.6,58.3,1
2018-10-15,AI Research Intern,Full-Time,Onsite,FinTech,Toronto,Myers-Espinoza,Startup,29.0,1,1,359,1,8019.0,0,0,0,1139,4,6,27,17,0,8.4,Corporate,0,15.8,1,28,22,56.9,6.8,0
2020-06-14,UI/UX Designer,Internship,Onsite,Gaming,Dubai,Campbell Ltd,Small,33.0,1,1,416,1,44431.0,0,0,0,2860,2,27,76,27,0,4.8,Corporate,0,13.4,1,36,18,73.5,25.2,0
2019-05-10,Cloud Engineer,Full-Time,Remote,Software,Berlin,Howard and Sons,Medium,31.0,0,1,364,1,23288.0,0,0,0,588,2,38,0,34,1,6.2,Free,1,27.0,1,11,0,71.6,47.5,0
2021-02-18,Backend Developer,Internship,Onsite,Cybersecurity,Sydney,Alvarez and Sons,Enterprise,15.0,1,1,231,1,11746.0,0,0,0,1832,2,45,33,18,0,4.2,Free,1,17.1,1,11,21,72.1,19.2,0
2023-05-13,Marketing Intern,Contract,Remote,AI,San Francisco,"Patrick, Ponce and Krause",Startup,21.0,0,1,224,0,50667.0,0,0,0,1953,0,7,61,41,0,6.4,Free,1,26.4,1,8,0,63.4,31.9,0
2022-12-29,Data Science Intern,Contract,Onsite,AI,Dubai,George-Parker,Small,28.0,1,0,337,1,17413.0,0,1,681,1854,0,67,0,0,0,3.1,Corporate,0,28.1,0,10,21,52.3,71.7,1
2024-09-09,AI Research Intern,Full-Time,Remote,Software,London,Hall Group,Small,37.0,1,1,465,1,19364.0,0,0,0,1176,4,11,43,24,0,9.9,Free,1,26.3,1,7,19,56.1,25.4,0
2018-05-28,Cybersecurity Analyst,Full-Time,Remote,E-Commerce,Bangalore,Humphrey Inc,Small,2.0,0,1,43,1,8740.0,0,0,0,1586,2,67,21,51,0,2.2,Free,1,14.8,1,0,15,52.1,65.7,1
2024-04-08,Marketing Intern,Part-Time,Remote,Marketing,Bangalore,"Collins, Brown and Thompson",Startup,26.0,1,1,332,1,36493.0,0,0,0,1460,5,74,62,10,1,5.4,Corporate,0,8.9,0,24,26,43.9,63.5,1
2026-11-29,AI Research Intern,Full-Time,Hybrid,EdTech,Sydney,Grant-Kim,Enterprise,5.0,1,1,41,1,21238.0,0,0,0,1444,4,30,62,32,0,2.0,Corporate,0,10.6,1,58,21,71.3,8.6,0
2025-09-04,UI/UX Designer,Full-Time,Onsite,EdTech,Bangalore,Richardson and Sons,Startup,38.0,1,1,461,0,16597.0,0,0,0,2827,1,35,63,40,0,3.1,Free,1,21.7,1,67,12,60.4,34.1,0
2023-10-27,Backend Developer,Part-Time,Remote,AI,San Francisco,"Higgins, Hanson and Robinson",Enterprise,29.0,1,0,327,1,54872.0,0,0,0,559,2,43,100,50,0,3.0,Corporate,0,3.3,0,44,12,68.8,56.3,1
2024-04-16,Cloud Engineer,Contract,Remote,EdTech,Singapore,Wolfe-Austin,Enterprise,29.0,1,0,328,1,59014.0,0,0,0,990,1,22,80,29,1,3.4,Corporate,0,1.0,1,36,44,57.0,68.5,1
2026-08-19,Cloud Engineer,Internship,Hybrid,Software,Berlin,Flowers-Jackson,Enterprise,20.0,1,1,250,1,64634.0,0,0,0,1848,4,58,30,25,1,3.0,Corporate,0,11.5,0,9,37,43.2,53.7,1
2020-04-03,Backend Developer,Part-Time,Remote,Software,Dubai,"Cole, Taylor and Gates",Medium,14.0,1,1,168,0,34863.0,0,1,723,1459,2,6,48,13,0,4.5,Free,1,23.2,1,8,27,57.5,53.5,1
2024-07-30,UI/UX Designer,Full-Time,Onsite,Healthcare,San Francisco,Moses-Hernandez,Small,27.0,0,1,308,1,22509.0,0,0,0,1095,3,26,22,7,0,2.8,Corporate,0,26.5,0,54,25,45.4,33.9,0
2020-02-04,Frontend Developer,Contract,Hybrid,EdTech,Bangalore,"Walker, Glover and Gordon",Startup,39.0,0,1,457,1,42801.0,0,0,0,1721,1,0,13,12,0,2.9,Corporate,0,26.6,1,56,18,71.8,0.0,0
2022-01-29,Frontend Developer,Internship,Hybrid,EdTech,Berlin,Grimes PLC,Medium,35.0,1,1,456,1,2000.0,0,0,0,1418,0,39,41,58,0,3.8,Corporate,0,20.6,1,7,35,58.1,24.2,0
2026-08-11,Cybersecurity Analyst,Part-Time,Remote,AI,San Francisco,Munoz Ltd,Small,31.0,1,1,389,1,49783.0,0,0,0,2116,8,11,24,25,1,3.6,Corporate,0,20.6,1,31,24,60.2,37.6,0
2023-10-27,AI Research Intern,Contract,Onsite,Marketing,Berlin,"Holland, Smith and Jones",Startup,22.0,1,1,254,1,36394.0,0,0,0,706,1,30,28,24,0,10.9,Free,1,1.0,1,40,45,37.8,31.6,0
2024-09-10,AI Research Intern,Internship,Hybrid,Healthcare,New York,Pacheco-Floyd,Enterprise,32.0,1,1,382,1,41306.0,0,0,0,2104,4,32,0,29,0,6.6,Corporate,0,24.0,1,0,64,37.0,49.0,0
2026-04-03,ML Engineer,Full-Time,Onsite,E-Commerce,Dubai,"Pearson, James and Williams",Enterprise,14.0,1,1,172,1,14513.0,0,0,0,2162,3,0,72,9,0,8.1,Free,1,16.2,0,27,8,95.5,1.2,0
2026-07-29,ML Engineer,Full-Time,Remote,EdTech,Bangalore,"Shaw, Marshall and Johnson",Small,20.0,1,1,255,1,37336.0,0,0,0,1617,4,36,39,40,0,9.2,Free,1,9.0,1,0,7,82.5,24.7,0
2022-02-07,Cybersecurity Analyst,Full-Time,Onsite,EdTech,Bangalore,Jones and Sons,Startup,2.0,1,1,39,1,32642.0,0,0,0,3325,2,57,42,37,0,6.2,Corporate,0,28.4,1,0,47,54.5,56.6,1
2024-09-06,Data Science Intern,Part-Time,Remote,Healthcare,London,Jensen-Figueroa,Medium,17.0,0,1,219,1,29814.0,0,0,0,2686,1,19,30,3,0,3.4,Free,1,26.5,1,2,8,57.6,29.7,0
2021-10-13,Backend Developer,Contract,Remote,Marketing,New York,Haynes-Wilcox,Enterprise,4.0,1,1,65,1,26963.0,0,0,0,1405,0,31,17,32,0,3.6,Corporate,0,19.9,1,39,27,64.7,22.0,0
2022-11-03,ML Engineer,Full-Time,Remote,Gaming,Singapore,Hanson PLC,Startup,26.0,1,1,306,0,2000.0,0,0,0,1302,2,22,77,16,0,8.3,Corporate,0,15.4,1,45,46,25.7,45.8,0
2021-04-03,Backend Developer,Internship,Remote,Gaming,San Francisco,Peters-Torres,Startup,21.0,1,1,252,0,2000.0,0,0,0,1529,2,21,2,28,0,10.6,Corporate,0,13.4,1,10,3,84.0,0.0,0
2021-06-17,ML Engineer,Part-Time,Remote,Cybersecurity,Berlin,"Barry, Jackson and Jones",Startup,3.0,1,1,46,1,50215.0,0,0,0,2101,3,4,51,8,0,3.8,Corporate,0,17.2,1,66,36,72.5,13.3,0
2023-01-16,Data Science Intern,Part-Time,Onsite,E-Commerce,Singapore,Davis Ltd,Medium,29.0,0,1,331,0,43510.0,0,1,3005,1215,2,57,62,25,0,0.0,Corporate,0,39.3,1,38,35,38.4,83.8,1
2026-04-05,Cloud Engineer,Internship,Remote,Marketing,Berlin,Harrison PLC,Startup,20.0,0,1,251,1,46207.0,0,0,0,1839,1,20,13,56,0,10.4,Free,1,22.1,0,45,1,81.8,18.2,0
2018-01-07,UI/UX Designer,Part-Time,Hybrid,Marketing,Dubai,"Miller, Mack and Harris",Small,17.0,0,0,216,1,33763.0,0,0,0,1504,1,55,64,51,0,8.5,Corporate,0,20.7,1,46,30,29.5,65.4,1
2026-05-19,Cybersecurity Analyst,Part-Time,Remote,Marketing,Toronto,Hudson LLC,Startup,37.0,1,1,444,1,33281.0,0,0,0,2614,1,0,16,54,0,6.2,Corporate,0,21.3,1,11,33,95.6,7.3,0
2023-08-13,Cybersecurity Analyst,Contract,Remote,E-Commerce,Singapore,"Simpson, Jimenez and Day",Small,37.0,0,1,461,1,61600.0,0,0,0,1782,2,42,14,20,0,7.6,Corporate,0,23.3,1,37,17,57.0,27.5,0
2021-05-09,Cloud Engineer,Full-Time,Remote,Healthcare,Singapore,Mosley-Moyer,Small,19.0,0,1,202,1,19332.0,0,0,0,2252,2,0,69,34,0,8.8,Corporate,0,10.6,1,11,0,81.2,17.1,0
2023-02-28,Cybersecurity Analyst,Contract,Hybrid,Software,Berlin,Collins-Anderson,Small,33.0,1,1,410,1,12960.0,0,0,0,1235,2,28,0,4,0,2.7,Corporate,0,16.0,1,32,0,74.9,0.0,0
2026-11-20,ML Engineer,Part-Time,Remote,Cybersecurity,San Francisco,Li PLC,Startup,11.0,1,1,132,1,17286.0,0,0,0,810,7,0,39,25,0,6.1,Free,1,9.2,0,22,63,50.4,65.9,1
2022-09-16,Cloud Engineer,Part-Time,Onsite,Healthcare,San Francisco,Williams Inc,Small,3.0,1,1,60,1,38518.0,0,0,0,1993,3,45,29,39,0,1.5,Free,1,28.8,1,18,20,57.0,28.4,0
2019-09-08,UI/UX Designer,Internship,Remote,Software,Singapore,Ortiz-Rios,Startup,10.0,1,1,108,0,40603.0,0,0,0,1164,1,15,27,56,0,3.0,Corporate,0,5.5,1,3,21,68.1,8.9,0
2018-04-01,Data Science Intern,Contract,Hybrid,AI,New York,Holland-Schroeder,Startup,11.0,1,1,170,1,21495.0,0,0,0,2427,3,43,89,36,0,11.9,Corporate,0,14.5,1,1,21,62.2,35.8,0
2023-06-08,Frontend Developer,Full-Time,Remote,FinTech,Bangalore,Johnson Inc,Small,39.0,1,1,483,1,79087.0,0,0,0,2194,3,44,37,19,0,10.3,Corporate,0,1.5,0,0,23,52.8,17.3,0
2019-08-22,Marketing Intern,Part-Time,Onsite,Software,Berlin,"Wiggins, Parrish and Green",Small,11.0,1,0,143,1,64031.0,0,0,0,2174,2,37,12,43,0,7.8,Free,1,9.2,1,38,62,51.6,71.9,1
2026-03-30,Data Science Intern,Contract,Hybrid,Gaming,Singapore,"Wong, Bell and Johnson",Medium,6.0,1,1,66,1,34773.0,0,0,0,1476,5,58,19,75,0,5.4,Corporate,0,7.6,1,28,77,29.1,65.0,1
2018-02-11,Cloud Engineer,Part-Time,Onsite,AI,Singapore,"Jones, Kelly and Turner",Startup,12.0,1,1,165,0,34703.0,0,0,0,2352,4,18,64,37,0,3.0,Corporate,0,9.6,1,53,43,31.8,52.2,1
2022-07-10,Frontend Developer,Part-Time,Onsite,Software,London,Baker-Brewer,Small,22.0,1,0,279,1,38148.0,0,0,0,3111,5,16,21,24,0,6.5,Free,1,23.6,1,2,22,50.6,54.3,1
2021-06-08,UI/UX Designer,Part-Time,Remote,EdTech,San Francisco,Nichols and Sons,Startup,31.0,1,1,392,1,30125.0,0,1,3797,1248,4,86,36,22,0,2.9,Corporate,0,37.0,0,21,0,40.8,64.4,1
2022-08-09,AI Research Intern,Contract,Hybrid,Gaming,Toronto,Gordon-Diaz,Medium,27.0,1,1,339,1,48767.0,0,0,0,2336,2,21,23,31,0,6.1,Corporate,0,16.9,0,24,28,66.2,15.5,0
2019-03-13,Data Science Intern,Full-Time,Remote,Gaming,San Francisco,Jones Inc,Startup,20.0,1,1,268,1,41215.0,0,0,0,1921,1,47,37,30,0,4.6,Corporate,0,9.8,1,12,12,70.6,19.2,0
2022-08-07,Data Science Intern,Internship,Onsite,Software,Toronto,Banks-Dillon,Medium,24.0,1,1,290,1,39942.0,0,1,2346,1520,2,43,57,16,0,5.0,Corporate,0,4.6,1,49,56,43.3,66.4,1
2020-11-04,Data Science Intern,Part-Time,Hybrid,Software,Dubai,"Long, Long and Miller",Startup,14.0,0,1,166,1,11066.0,0,0,0,1912,5,27,60,0,0,5.0,Corporate,0,20.9,1,20,40,24.0,47.2,0
2023-01-10,AI Research Intern,Internship,Remote,AI,Singapore,"Hines, Carter and Miller",Enterprise,10.0,1,1,134,1,48097.0,0,1,3961,808,2,13,8,0,0,0.0,Free,1,8.2,1,0,16,61.2,50.3,1
2023-06-10,UI/UX Designer,Part-Time,Remote,FinTech,New York,"Wilson, Garza and White",Startup,23.0,1,1,295,1,33804.0,0,0,0,2347,2,37,50,0,0,4.5,Corporate,0,8.3,1,34,19,50.2,12.9,0
2026-09-28,Marketing Intern,Contract,Remote,FinTech,New York,Brown Ltd,Startup,3.0,1,1,48,1,15930.0,0,1,4446,1304,1,43,49,1,0,5.1,Corporate,0,11.1,1,17,0,79.1,29.2,0
2019-12-11,Cloud Engineer,Full-Time,Hybrid,AI,Dubai,Davies-Love,Small,38.0,1,1,469,1,18983.0,0,0,0,2084,2,2,46,19,0,10.3,Corporate,0,15.4,0,29,21,82.7,0.0,0
2018-10-18,UI/UX Designer,Contract,Remote,EdTech,Singapore,"Peterson, Adams and Cox",Small,20.0,1,0,236,1,44548.0,0,1,386,928,1,60,67,53,0,4.3,Free,1,29.9,0,0,0,72.5,60.9,1
2022-10-14,Backend Developer,Part-Time,Remote,Healthcare,London,Moss-Rodriguez,Startup,14.0,1,1,182,1,51811.0,0,0,0,1778,5,30,12,33,1,0.7,Free,1,15.6,0,1,31,42.9,54.5,1
2026-10-03,AI Research Intern,Contract,Onsite,Software,Singapore,Parker-Davies,Small,35.0,1,1,427,1,50241.0,0,0,0,2305,3,12,72,51,0,5.0,Corporate,0,8.4,0,29,25,70.9,12.2,0
2021-05-07,Marketing Intern,Internship,Onsite,E-Commerce,Toronto,"Cox, Wright and Johnson",Enterprise,32.0,0,1,379,0,18618.0,0,1,1160,1395,2,9,24,15,0,0.9,Corporate,0,25.8,1,0,3,51.8,40.6,0
2023-10-25,Data Science Intern,Part-Time,Onsite,E-Commerce,Singapore,"Mcknight, Mcdonald and Hahn",Enterprise,26.0,1,0,318,1,71234.0,0,0,0,1469,6,34,48,19,0,1.0,Corporate,0,6.9,1,0,0,65.7,21.6,0
2026-04-08,Marketing Intern,Full-Time,Hybrid,Gaming,London,Heath PLC,Enterprise,27.0,0,1,317,0,28278.0,0,0,0,1530,2,12,22,17,0,8.3,Corporate,0,25.6,0,0,0,47.8,13.1,0
2025-02-09,ML Engineer,Internship,Remote,AI,London,Wyatt Group,Medium,5.0,0,1,93,1,30968.0,0,0,0,2227,3,14,30,48,0,3.1,Corporate,0,8.1,1,19,3,59.6,23.5,0
2021-07-31,ML Engineer,Contract,Onsite,Software,San Francisco,Murphy Inc,Small,26.0,1,1,313,1,34491.0,0,0,0,2064,3,35,73,44,0,3.5,Corporate,0,15.3,0,46,9,59.4,30.1,0
2019-12-05,ML Engineer,Part-Time,Hybrid,EdTech,San Francisco,Yang Group,Medium,8.0,1,1,87,1,47397.0,0,0,0,1684,1,75,0,27,0,3.3,Corporate,0,21.0,1,14,41,51.8,20.9,0
2019-08-06,Backend Developer,Full-Time,Onsite,FinTech,Toronto,"Hickman, Moore and Farrell",Small,34.0,1,1,389,1,31115.0,0,0,0,1666,0,20,0,46,0,7.7,Corporate,0,33.9,1,33,28,62.1,26.5,0
2021-05-20,Backend Developer,Part-Time,Remote,Gaming,Berlin,Bennett Ltd,Small,33.0,1,1,401,1,32822.0,0,0,0,1474,2,24,88,16,0,1.2,Corporate,0,26.1,1,34,49,61.9,31.9,0
2020-09-17,Cloud Engineer,Full-Time,Remote,E-Commerce,Singapore,"Griffith, Nguyen and Anderson",Startup,21.0,0,0,240,1,32636.0,0,0,0,2823,0,44,68,19,0,0.4,Corporate,0,21.0,0,13,27,37.9,56.5,1
2018-08-08,Cybersecurity Analyst,Part-Time,Hybrid,Cybersecurity,Berlin,"Jones, Miller and Tran",Medium,16.0,1,1,203,0,44050.0,0,0,0,2411,3,19,0,8,0,5.0,Corporate,0,1.6,1,34,44,38.7,11.9,0
2019-11-24,Backend Developer,Full-Time,Hybrid,Gaming,Singapore,"Meyer, Smith and Harper",Small,6.0,1,0,83,0,40037.0,0,0,0,1117,4,0,70,42,0,7.5,Corporate,0,21.2,1,3,13,75.4,17.5,0
2024-09-19,AI Research Intern,Contract,Remote,Cybersecurity,Toronto,"Jackson, Daniel and Zimmerman",Medium,32.0,1,0,372,1,36924.0,0,0,0,1547,2,29,67,27,0,5.2,Corporate,0,17.5,1,6,12,67.7,36.4,0
2023-01-19,Backend Developer,Internship,Hybrid,AI,Sydney,Hayes-Riley,Medium,19.0,1,1,239,1,22000.0,0,1,4829,1263,3,50,26,13,0,3.4,Corporate,0,11.8,0,37,1,74.9,32.1,0
2021-05-01,AI Research Intern,Internship,Hybrid,Gaming,Bangalore,Hill-Crosby,Medium,3.0,0,1,52,0,51998.0,0,0,0,1613,1,0,34,38,0,2.0,Corporate,0,24.1,1,43,0,60.5,3.7,0
2018-12-01,ML Engineer,Full-Time,Remote,Software,Toronto,Hudson-Sampson,Enterprise,23.0,1,1,291,1,47429.0,0,0,0,2210,1,0,45,39,0,5.8,Free,1,15.3,1,11,0,77.7,16.4,0
2021-09-24,Data Science Intern,Internship,Remote,E-Commerce,Toronto,"Kramer, Watkins and Jones",Small,34.0,1,1,406,1,5166.0,0,0,0,2506,4,57,43,19,0,4.0,Corporate,0,41.8,0,36,35,40.6,49.7,0
2023-01-09,Backend Developer,Part-Time,Hybrid,Software,Berlin,"Greene, Daugherty and Rios",Medium,8.0,1,1,93,1,41213.0,0,1,741,1856,4,2,38,56,0,2.5,Corporate,0,1.0,1,11,0,74.3,27.8,0
2021-08-21,Frontend Developer,Full-Time,Hybrid,EdTech,Dubai,Rice and Sons,Medium,25.0,1,0,307,1,35111.0,0,0,0,1957,2,55,55,8,0,5.3,Free,1,10.6,1,43,33,42.1,78.9,1
2026-02-15,UI/UX Designer,Contract,Remote,Software,Singapore,"Fry, Flores and Osborn",Small,19.0,0,1,225,1,16445.0,0,1,2887,1156,3,0,7,58,0,10.4,Corporate,0,12.7,1,19,18,58.8,57.0,1
2018-08-16,UI/UX Designer,Contract,Hybrid,Gaming,Berlin,Hart-Hayden,Enterprise,29.0,1,0,369,1,16448.0,0,0,0,1763,3,16,48,0,0,7.1,Corporate,0,6.6,1,0,19,65.1,20.0,0
2021-06-16,Data Science Intern,Part-Time,Remote,AI,Berlin,Valdez-Howell,Startup,6.0,1,1,90,0,20534.0,0,0,0,1090,1,39,14,24,0,7.3,Corporate,0,19.2,1,16,25,69.3,25.1,0
2024-08-18,Cloud Engineer,Full-Time,Remote,Healthcare,Toronto,"Scott, Thompson and Moran",Enterprise,28.0,1,1,356,0,36890.0,0,0,0,2122,3,18,42,14,0,8.2,Corporate,0,19.8,0,30,12,72.4,3.3,0
2024-12-16,Data Science Intern,Part-Time,Remote,AI,London,Vargas Inc,Startup,2.0,1,1,50,1,30995.0,0,0,0,1090,2,23,47,12,0,4.8,Corporate,0,27.7,1,37,1,59.0,10.7,0
2019-01-03,UI/UX Designer,Part-Time,Remote,Cybersecurity,Bangalore,"Bartlett, Peterson and Cruz",Startup,29.0,1,1,361,0,14019.0,0,0,0,1603,4,30,1,18,0,3.2,Free,1,1.0,0,5,1,57.5,24.3,0
2019-07-11,ML Engineer,Full-Time,Remote,Software,Bangalore,"Wilson, Lee and Jackson",Small,22.0,1,1,259,0,30563.0,0,0,0,1173,4,22,44,41,1,3.8,Free,1,37.2,0,20,37,48.0,51.6,1
2018-08-12,ML Engineer,Part-Time,Remote,Healthcare,London,"Smith, Newman and Smith",Enterprise,23.0,1,1,287,1,44621.0,0,0,0,2489,2,57,51,20,0,0.2,Corporate,0,25.5,0,0,49,26.6,54.2,1
2026-04-10,ML Engineer,Internship,Remote,Gaming,Singapore,"Peterson, Jones and Khan",Medium,16.0,1,1,196,1,43150.0,0,0,0,2238,2,31,61,0,1,8.0,Corporate,0,9.8,0,16,37,64.6,70.3,1
2025-10-09,Cloud Engineer,Part-Time,Remote,Healthcare,Dubai,Williams-Hansen,Startup,1.0,0,1,6,0,27425.0,0,0,0,2349,4,32,40,34,0,4.8,Free,1,21.1,0,24,24,68.4,43.9,0
2023-08-27,Cybersecurity Analyst,Contract,Remote,FinTech,Toronto,Gardner Group,Small,1.0,1,1,18,1,43671.0,0,0,0,3084,1,26,4,13,0,6.8,Corporate,0,4.7,0,38,18,55.6,21.9,0
2025-08-01,AI Research Intern,Internship,Remote,EdTech,New York,"Thompson, Briggs and Wallace",Enterprise,29.0,1,1,333,1,28405.0,0,1,2832,1294,0,26,73,0,0,2.1,Free,1,12.4,0,17,40,53.3,72.8,1
2022-12-16,Marketing Intern,Contract,Onsite,Healthcare,London,Padilla LLC,Startup,14.0,1,1,158,0,41814.0,0,0,0,1172,5,0,39,62,0,8.1,Corporate,0,8.9,1,0,26,63.1,25.6,0
2020-05-08,Data Science Intern,Internship,Hybrid,E-Commerce,Bangalore,Thompson Inc,Startup,,0,1,408,1,38710.0,0,0,0,2082,0,26,36,40,0,2.6,Free,1,33.6,1,14,25,51.6,51.8,1
2020-10-02,Frontend Developer,Internship,Hybrid,AI,Toronto,"Rodriguez, Koch and Dyer",Medium,25.0,1,1,321,1,24673.0,0,0,0,2625,3,35,58,39,0,3.5,Corporate,0,10.8,0,17,17,60.5,8.4,0
2019-07-05,Backend Developer,Part-Time,Onsite,AI,San Francisco,Edwards PLC,Medium,30.0,1,1,389,1,30895.0,0,0,0,382,2,39,3,0,0,7.5,Corporate,0,26.0,1,6,56,31.0,37.7,0
2025-01-27,Cloud Engineer,Contract,Hybrid,FinTech,Dubai,Blevins Ltd,Medium,6.0,1,1,68,1,55215.0,0,1,4303,2223,6,20,24,33,1,6.5,Corporate,0,26.9,1,38,9,72.8,65.9,1
2019-03-22,UI/UX Designer,Full-Time,Remote,Gaming,Bangalore,Parrish Ltd,Enterprise,11.0,0,1,139,0,37998.0,0,0,0,2763,4,11,26,11,0,5.4,Corporate,0,17.9,1,9,16,38.5,19.5,0
2025-05-01,Cloud Engineer,Internship,Onsite,Cybersecurity,Bangalore,Boyd LLC,Small,13.0,1,1,193,1,20109.0,0,0,0,2302,4,7,56,40,0,4.8,Free,1,1.0,1,10,22,84.1,23.9,0
2022-07-03,Frontend Developer,Internship,Remote,EdTech,Bangalore,"Hunt, Henry and Parker",Medium,8.0,1,0,111,1,28016.0,0,0,0,1174,2,15,64,43,0,6.8,Corporate,0,9.9,1,19,38,60.1,37.3,0
2018-02-26,UI/UX Designer,Part-Time,Hybrid,Marketing,Bangalore,Hall-Hawkins,Small,39.0,1,0,470,0,33671.0,0,0,0,2071,1,39,35,23,0,4.6,Corporate,0,10.5,1,20,34,50.5,31.6,0
2025-08-11,Cloud Engineer,Full-Time,Remote,Healthcare,London,"Trujillo, Lopez and Henderson",Startup,29.0,1,1,336,1,36752.0,0,0,0,2243,3,21,0,3,0,0.0,Corporate,0,23.3,1,30,17,59.6,0.0,0
2019-09-01,ML Engineer,Contract,Hybrid,Cybersecurity,Toronto,Armstrong Inc,Startup,36.0,0,1,421,1,27088.0,0,0,0,573,3,53,33,30,0,3.2,Free,1,15.7,1,32,22,40.3,57.3,1
2023-10-11,AI Research Intern,Contract,Hybrid,EdTech,Toronto,Henry and Sons,Startup,25.0,0,1,282,0,28615.0,0,0,0,2549,1,18,3,31,0,6.7,Corporate,0,20.8,1,31,27,52.3,19.7,0
2018-06-11,AI Research Intern,Part-Time,Hybrid,Software,London,Crawford Ltd,Startup,3.0,1,1,34,1,24897.0,0,0,0,1608,4,53,30,38,0,5.1,Free,1,13.7,1,34,0,63.0,39.0,0
2025-06-15,UI/UX Designer,Full-Time,Remote,Cybersecurity,Sydney,Scott-Harvey,Medium,19.0,0,1,218,1,26340.0,0,0,0,1237,5,55,0,24,0,2.3,Free,1,20.9,0,57,43,20.5,70.3,1
2026-06-14,Cybersecurity Analyst,Internship,Hybrid,Marketing,Singapore,"Mitchell, Nolan and Dean",Startup,30.0,1,1,355,0,27437.0,0,0,0,1995,2,47,45,38,0,6.7,Corporate,0,19.2,0,0,40,38.4,35.9,0
2023-11-26,Data Science Intern,Contract,Remote,Cybersecurity,Singapore,Peters-Sanchez,Startup,35.0,0,1,435,1,25021.0,0,0,0,1515,1,72,73,75,0,3.3,Free,1,21.6,0,21,17,49.5,81.3,1
2026-07-15,Frontend Developer,Part-Time,Remote,AI,Bangalore,"Robbins, May and Atkins",Enterprise,15.0,1,1,156,1,41490.0,0,0,0,2019,3,11,36,36,0,3.6,Corporate,0,20.8,1,28,7,83.0,4.7,0
2022-06-18,AI Research Intern,Part-Time,Remote,EdTech,Sydney,Wilson-Ramos,Startup,25.0,1,1,292,1,11688.0,0,0,0,1207,3,33,14,29,0,3.5,Free,1,27.8,1,33,7,69.5,24.1,0
2023-07-15,Marketing Intern,Internship,Remote,Healthcare,London,Hill Ltd,Medium,31.0,1,1,378,1,38897.0,0,0,0,987,1,27,0,12,0,8.6,Corporate,0,1.0,1,19,40,48.5,14.3,0
2021-04-26,Marketing Intern,Internship,Remote,Gaming,Sydney,Hill-Hunter,Small,20.0,0,0,194,0,36375.0,0,1,4248,2130,1,32,77,27,0,6.3,Corporate,0,21.4,0,7,53,31.6,100.0,1
2022-10-27,Frontend Developer,Full-Time,Remote,E-Commerce,Berlin,Washington LLC,Medium,1.0,1,1,20,0,14468.0,0,0,0,2174,4,54,100,60,0,4.6,Corporate,0,16.7,1,76,21,43.4,77.4,1
2024-07-08,Cloud Engineer,Full-Time,Remote,FinTech,Toronto,Ball and Sons,Enterprise,13.0,1,1,172,1,44525.0,0,0,0,2515,4,52,35,13,0,2.1,Free,1,6.8,1,39,46,34.0,60.0,1
2018-09-05,ML Engineer,Contract,Hybrid,Software,London,Arnold-Conrad,Startup,5.0,0,1,66,0,36307.0,0,0,0,1422,0,29,51,17,0,5.8,Corporate,0,23.4,0,35,0,54.0,40.8,0
2018-11-04,Cloud Engineer,Full-Time,Hybrid,Cybersecurity,Singapore,"Burton, Riley and Perez",Startup,30.0,1,1,379,1,53157.0,0,0,0,2321,5,7,63,14,0,5.3,Corporate,0,13.5,1,26,11,64.9,18.3,0
2022-01-20,UI/UX Designer,Part-Time,Remote,Marketing,Berlin,Clarke-Gallagher,Startup,38.0,0,0,477,1,47198.0,0,0,0,2837,2,24,36,40,0,0.0,Corporate,0,33.9,0,49,19,40.8,47.9,0
2020-10-14,Data Science Intern,Full-Time,Remote,Software,Toronto,"Russo, Thomas and Gill",Startup,22.0,1,0,251,0,24236.0,0,0,0,1632,2,45,20,0,0,2.4,Corporate,0,19.2,0,19,25,53.2,25.3,0
2019-11-22,AI Research Intern,Full-Time,Onsite,Marketing,Toronto,"Castro, Massey and Taylor",Startup,36.0,1,1,413,0,25512.0,0,0,0,1654,3,12,4,18,0,2.3,Corporate,0,18.6,1,38,31,54.3,0.5,0
2023-12-06,Backend Developer,Contract,Remote,Cybersecurity,New York,Walker-Rodriguez,Startup,20.0,0,1,250,0,41878.0,0,0,0,1558,3,51,28,59,0,7.1,Corporate,0,28.5,0,55,23,36.7,44.5,0
2026-12-23,Data Science Intern,Part-Time,Remote,Marketing,Berlin,Wilkinson Inc,Medium,10.0,1,1,131,1,40281.0,0,0,0,1868,1,0,49,32,0,5.4,Free,1,27.8,1,52,6,82.4,16.7,0
2026-11-29,ML Engineer,Contract,Remote,Gaming,Toronto,Dixon-Meyer,Startup,10.0,1,1,111,1,30116.0,0,0,0,1269,2,21,35,40,0,2.1,Corporate,0,11.1,1,46,22,64.4,10.4,0
2023-07-29,AI Research Intern,Contract,Hybrid,EdTech,Singapore,Gilbert PLC,Startup,9.0,0,1,130,0,56791.0,0,0,0,1858,2,5,87,39,0,9.5,Free,1,24.5,0,3,23,46.1,48.6,0
2024-03-23,Data Science Intern,Contract,Hybrid,E-Commerce,Bangalore,Whitehead Group,Enterprise,10.0,1,1,131,1,26687.0,0,1,3404,2203,3,66,0,22,0,6.2,Free,1,7.4,1,55,18,54.0,74.4,1
2022-07-20,UI/UX Designer,Full-Time,Remote,Software,London,Sanchez-Ellis,Startup,25.0,1,0,310,1,38004.0,0,0,0,2010,5,23,73,10,0,5.5,Corporate,0,23.3,1,36,10,63.9,15.4,0
2022-06-17,UI/UX Designer,Contract,Remote,Gaming,Toronto,Molina Ltd,Startup,18.0,1,1,219,1,30836.0,0,0,0,832,3,67,24,34,0,6.7,Corporate,0,17.9,0,37,1,72.3,34.2,0
2023-02-12,Marketing Intern,Full-Time,Remote,FinTech,New York,Rodriguez-Fowler,Small,27.0,1,1,302,0,50878.0,0,0,0,1568,2,9,95,36,0,5.0,Free,1,34.5,1,6,11,59.7,44.0,0
2020-07-15,Cybersecurity Analyst,Full-Time,Remote,Software,Bangalore,Gardner PLC,Enterprise,33.0,1,1,418,1,41240.0,0,0,0,1497,2,38,20,11,0,3.5,Corporate,0,15.2,1,65,13,45.7,21.5,0
2023-05-30,Backend Developer,Contract,Remote,Marketing,Bangalore,"Frederick, Castillo and King",Startup,28.0,1,1,344,1,58903.0,0,0,0,2723,5,48,23,20,0,5.8,Corporate,0,15.7,0,0,34,40.7,23.4,0
2020-08-05,Cloud Engineer,Part-Time,Hybrid,FinTech,London,Davidson Ltd,Startup,6.0,1,1,60,1,29771.0,0,0,0,1534,2,19,57,18,0,0.0,Corporate,0,23.4,1,20,9,78.0,5.5,0
2018-09-25,UI/UX Designer,Contract,Remote,Gaming,New York,Bell-Jensen,Startup,10.0,1,1,129,1,38937.0,0,0,0,2883,2,42,44,15,0,4.7,Corporate,0,14.0,1,39,63,59.3,42.2,0
2022-01-01,Data Science Intern,Part-Time,Remote,Healthcare,Sydney,Taylor Inc,Small,22.0,0,1,247,0,36912.0,0,0,0,3078,2,14,49,42,0,8.2,Corporate,0,20.1,1,35,40,60.0,41.6,0
2020-03-25,Backend Developer,Contract,Remote,Healthcare,San Francisco,"Ramirez, Cardenas and Mcconnell",Small,21.0,1,1,267,1,10934.0,0,0,0,1809,2,24,71,27,0,8.7,Corporate,0,30.8,1,15,18,70.8,26.8,0
2020-04-28,ML Engineer,Full-Time,Hybrid,FinTech,New York,Pacheco Group,Medium,31.0,1,1,370,1,44371.0,0,0,0,2132,7,22,100,0,0,4.7,Corporate,0,26.4,1,25,33,50.0,28.6,0
2018-04-25,AI Research Intern,Internship,Hybrid,E-Commerce,Berlin,Dickerson-Andrews,Enterprise,14.0,0,1,157,0,37462.0,0,1,3666,1867,1,37,57,27,1,3.9,Corporate,0,4.7,1,31,17,36.2,84.1,1
2024-02-11,Marketing Intern,Contract,Remote,Healthcare,New York,"Hamilton, Myers and Mcdonald",Startup,4.0,1,1,46,1,16489.0,0,0,0,2736,3,12,81,59,1,3.7,Corporate,0,19.6,1,26,26,,51.0,1
2019-08-02,Frontend Developer,Internship,Remote,Software,San Francisco,"Lowery, Freeman and Robertson",Small,36.0,1,1,435,1,21728.0,0,0,0,2006,3,63,55,29,1,5.0,Corporate,0,22.5,1,26,3,57.0,54.9,1
2024-05-18,Frontend Developer,Internship,Remote,FinTech,Singapore,Callahan Inc,Small,38.0,1,1,454,1,56317.0,0,0,0,1705,1,1,57,26,0,12.5,Free,1,8.8,1,40,26,93.1,7.0,0
2019-12-27,Cloud Engineer,Contract,Hybrid,Cybersecurity,Bangalore,Guerrero-Patterson,Startup,25.0,1,1,293,1,49210.0,0,0,0,1325,4,52,73,27,0,0.0,Free,1,15.2,1,19,34,37.9,73.2,1
2022-09-18,Frontend Developer,Contract,Remote,E-Commerce,New York,"Daugherty, Palmer and Perkins",Startup,,1,0,284,1,30874.0,0,0,0,2247,7,13,44,11,0,8.0,Corporate,0,11.9,1,10,37,38.9,62.6,1
2025-03-29,Marketing Intern,Contract,Remote,Gaming,San Francisco,"Frazier, Ortiz and Moon",Enterprise,8.0,1,1,111,0,12797.0,0,0,0,1208,5,45,53,0,0,5.4,Free,1,13.1,1,0,0,46.7,29.2,0
2024-08-23,AI Research Intern,Full-Time,Remote,Cybersecurity,Singapore,"Morris, Cannon and Olsen",Startup,1.0,1,1,8,1,2000.0,0,1,1147,2382,3,18,32,11,0,2.6,Corporate,0,20.0,1,30,27,52.4,51.5,1
2025-02-06,Cloud Engineer,Contract,Hybrid,FinTech,New York,"Mathews, Baker and Jones",Startup,18.0,1,1,221,0,3728.0,0,0,0,1151,3,50,71,0,0,11.2,Free,1,25.7,1,21,24,49.7,51.4,1
2026-08-15,Cloud Engineer,Full-Time,Hybrid,Healthcare,Dubai,Allen-Robinson,Enterprise,5.0,0,0,69,0,49868.0,0,0,0,1527,5,78,20,23,0,0.2,Corporate,0,15.9,1,0,16,30.4,76.0,1
2026-05-15,ML Engineer,Part-Time,Remote,AI,Berlin,"Lopez, Newton and Perez",Startup,8.0,1,1,90,1,23815.0,0,0,0,1952,2,18,87,17,0,6.0,Corporate,0,26.1,1,27,22,73.7,12.7,0
2023-05-17,Data Science Intern,Part-Time,Hybrid,Healthcare,Singapore,Mendoza LLC,Medium,23.0,1,1,280,1,32824.0,0,0,0,1314,3,21,63,38,0,2.2,Corporate,0,1.0,1,35,23,77.0,10.4,0
2018-11-06,Frontend Developer,Part-Time,Hybrid,FinTech,London,Craig Ltd,Small,9.0,1,1,114,1,12617.0,0,0,0,1456,4,28,54,10,0,1.9,Corporate,0,19.4,0,63,22,66.8,11.6,0
2023-06-06,Backend Developer,Full-Time,Hybrid,Cybersecurity,New York,"Perry, Nolan and Marshall",Enterprise,6.0,1,1,91,1,12837.0,0,0,0,2235,4,27,32,11,1,10.9,Corporate,0,26.2,1,0,32,44.6,45.3,0
2024-12-11,UI/UX Designer,Internship,Hybrid,Cybersecurity,Sydney,"Hansen, Marquez and Taylor",Small,16.0,0,1,209,1,28863.0,0,0,0,2859,5,33,22,17,0,2.1,Free,1,10.6,1,46,0,49.2,21.9,0
2021-08-04,Frontend Developer,Contract,Hybrid,EdTech,San Francisco,"Wall, Woods and Collins",Startup,26.0,0,1,308,1,35362.0,0,0,0,2192,4,37,34,13,0,11.0,Free,1,15.9,0,29,51,17.6,66.5,1
2019-06-06,Backend Developer,Internship,Hybrid,Cybersecurity,Bangalore,Torres Group,Startup,32.0,1,0,391,0,39536.0,0,0,0,1422,8,58,53,0,0,8.8,Free,1,15.0,1,8,40,8.1,84.2,1
2024-12-06,AI Research Intern,Full-Time,Onsite,Healthcare,Dubai,"Nielsen, Smith and Cooke",Medium,21.0,1,1,250,1,14021.0,0,0,0,1615,1,8,4,0,0,8.4,Corporate,0,26.3,0,2,17,72.3,0.0,0
2025-05-20,Cloud Engineer,Full-Time,Remote,Marketing,Toronto,"Evans, Strong and Elliott",Startup,28.0,1,1,346,1,2000.0,0,0,0,1987,3,0,44,0,0,0.8,Corporate,0,8.5,0,31,41,59.6,2.2,0
2026-07-28,Cybersecurity Analyst,Internship,Onsite,FinTech,Bangalore,"Garrison, Martin and Jones",Startup,19.0,1,1,227,1,13735.0,0,1,390,2508,1,55,0,59,0,6.0,Free,1,4.1,1,0,26,48.3,69.6,1
2020-06-26,Data Science Intern,Full-Time,Remote,Marketing,Berlin,Foley-Perez,Small,16.0,1,1,191,1,52480.0,0,0,0,930,3,23,25,13,0,4.4,Corporate,0,16.2,1,36,13,69.9,7.1,0
2022-11-12,Frontend Developer,Full-Time,Remote,AI,San Francisco,"Lee, Taylor and Simpson",Startup,1.0,0,1,27,0,25499.0,0,0,0,2213,1,1,17,42,0,6.1,Free,1,24.3,1,44,24,47.7,61.1,1
2021-08-14,Data Science Intern,Internship,Remote,Gaming,Sydney,"Rice, Browning and Allen",Startup,34.0,1,1,429,1,35026.0,0,0,0,1937,5,40,17,54,0,5.7,Corporate,0,17.8,0,13,33,23.2,49.4,0
2022-02-02,Marketing Intern,Contract,Hybrid,AI,New York,"Tran, Garcia and Hudson",Startup,23.0,1,1,270,1,13448.0,0,0,0,1866,5,44,36,37,0,4.9,Corporate,0,46.6,1,27,27,45.2,42.3,0
2023-09-30,Backend Developer,Contract,Hybrid,Healthcare,Singapore,"Jennings, Wilson and Benson",Enterprise,26.0,1,1,323,0,17942.0,0,0,0,866,2,42,12,34,0,0.8,Corporate,0,22.6,1,19,13,47.2,13.9,0
2022-02-14,Marketing Intern,Contract,Remote,Marketing,Singapore,Santiago PLC,Small,28.0,1,1,341,0,20492.0,0,0,0,2112,5,23,51,10,0,5.8,Corporate,0,8.0,1,31,30,58.8,26.2,0
2019-12-24,Cloud Engineer,Contract,Remote,E-Commerce,Dubai,Ewing-Smith,Small,16.0,1,1,158,1,47060.0,0,0,0,2023,3,0,51,7,0,5.3,Corporate,0,17.0,0,23,22,83.4,0.0,0
2020-06-09,UI/UX Designer,Internship,Hybrid,Marketing,Bangalore,Brown-Farrell,Small,2.0,0,1,1,1,5977.0,0,0,0,2441,3,36,33,0,0,3.0,Corporate,0,14.8,1,10,10,53.6,40.8,0
2023-02-22,Backend Developer,Full-Time,Remote,E-Commerce,Dubai,"Gonzalez, Scott and Long",Medium,38.0,1,0,425,1,20675.0,0,0,0,2217,4,11,40,52,0,4.5,Corporate,0,12.1,0,16,31,61.5,15.9,0
2023-02-05,AI Research Intern,Internship,Remote,Cybersecurity,San Francisco,Garza Ltd,Enterprise,26.0,1,1,332,0,38597.0,0,0,0,1961,1,46,38,12,0,1.9,Corporate,0,16.5,1,39,1,51.6,28.9,0
2022-01-31,Frontend Developer,Full-Time,Remote,FinTech,San Francisco,Montes-Williams,Startup,38.0,1,1,450,1,37063.0,0,0,0,2856,4,34,44,0,1,7.4,Free,1,46.8,1,23,18,50.6,62.2,1
2019-10-10,Frontend Developer,Part-Time,Remote,Software,Dubai,"King, Hunter and Yang",Startup,12.0,1,1,156,1,57043.0,0,0,0,2842,6,32,25,32,0,3.2,Corporate,0,20.9,1,42,55,36.2,50.4,1
2019-05-31,Data Science Intern,Internship,Remote,FinTech,San Francisco,"Briggs, Martin and Oneal",Small,22.0,1,1,260,1,19996.0,0,0,0,2559,4,50,37,32,0,1.7,Free,1,11.9,1,39,19,61.8,34.3,0
2021-06-22,Frontend Developer,Contract,Remote,E-Commerce,Dubai,Jones-Deleon,Medium,2.0,0,0,19,1,38916.0,0,0,0,2030,2,30,59,35,0,6.7,Corporate,0,1.0,1,49,27,52.9,57.2,1
2020-05-23,Cybersecurity Analyst,Full-Time,Remote,E-Commerce,New York,Moon Ltd,Enterprise,19.0,1,1,231,1,55895.0,0,0,0,1479,3,35,52,17,0,6.4,Free,1,31.8,1,30,3,70.2,15.2,0
2025-01-15,AI Research Intern,Contract,Remote,Healthcare,Bangalore,"Lamb, Compton and Banks",Medium,32.0,1,1,378,0,2000.0,0,0,0,1136,4,65,22,18,0,3.3,Corporate,0,32.6,1,36,0,37.7,31.6,0
2021-01-04,Cybersecurity Analyst,Part-Time,Hybrid,Software,Toronto,"Moore, Lucas and Hughes",Startup,35.0,1,1,437,1,37191.0,0,0,0,1449,4,5,52,22,0,5.9,Free,1,12.7,0,24,38,52.6,43.3,0
2021-04-25,AI Research Intern,Part-Time,Remote,Marketing,Berlin,Owens Inc,Medium,22.0,0,1,261,1,39594.0,0,0,0,2713,1,71,45,37,0,9.5,Free,1,3.9,1,4,36,35.8,67.4,1
2022-12-15,AI Research Intern,Part-Time,Onsite,AI,Bangalore,Jones-Valdez,Medium,26.0,0,1,317,1,38879.0,0,0,0,1281,5,31,39,5,0,8.6,Free,1,29.1,1,11,0,60.9,31.6,0
2019-12-01,Backend Developer,Part-Time,Hybrid,Healthcare,Dubai,Knight-Walsh,Enterprise,29.0,1,1,345,0,43429.0,0,0,0,1862,4,38,46,0,0,6.9,Corporate,0,1.0,0,0,31,67.8,9.6,0
2024-07-09,AI Research Intern,Contract,Remote,EdTech,New York,"James, Jordan and Perez",Startup,33.0,0,1,406,0,33811.0,0,0,0,516,2,5,23,46,0,0.1,Corporate,0,15.1,1,46,37,46.9,35.0,0
2023-09-03,Cybersecurity Analyst,Full-Time,Hybrid,EdTech,Bangalore,Fitzpatrick and Sons,Small,6.0,1,1,51,0,18125.0,0,0,0,796,6,0,57,6,1,6.0,Corporate,0,24.7,1,26,10,79.0,19.7,0
2024-02-29,Data Science Intern,Full-Time,Remote,Marketing,Singapore,"Powell, King and Thomas",Small,27.0,0,1,303,1,29118.0,0,0,0,2574,2,23,0,34,0,6.5,Corporate,0,7.2,1,22,29,49.7,26.5,0
2022-06-02,Cybersecurity Analyst,Full-Time,Onsite,Marketing,Sydney,Moore-Robertson,Medium,19.0,1,1,245,1,53391.0,0,0,0,1480,4,55,26,26,1,0.0,Free,1,20.9,1,44,49,44.9,81.1,1
2022-05-09,Marketing Intern,Internship,Remote,EdTech,London,Reid LLC,Startup,36.0,1,1,404,1,34862.0,0,0,0,1796,3,43,0,18,0,5.4,Corporate,0,4.7,1,0,42,43.4,36.2,0
2024-12-31,UI/UX Designer,Part-Time,Remote,Healthcare,New York,Bowen-Heath,Medium,14.0,1,1,175,1,34904.0,0,0,0,1413,1,21,34,0,0,2.7,Free,1,24.3,0,0,0,80.0,2.8,0
2019-10-05,Cybersecurity Analyst,Part-Time,Hybrid,Gaming,London,"Moore, Randall and Peck",Small,4.0,1,1,41,1,37913.0,0,0,0,2388,2,14,74,33,0,7.8,Corporate,0,31.5,1,10,37,59.9,12.4,0
2019-09-12,Marketing Intern,Part-Time,Remote,EdTech,London,"Mitchell, Dunn and Anderson",Enterprise,22.0,1,1,243,1,38763.0,0,0,0,2483,3,25,77,35,0,2.6,Corporate,0,40.1,1,38,30,57.5,32.7,0
2018-06-29,UI/UX Designer,Full-Time,Remote,E-Commerce,Toronto,"Mcdonald, Rivera and Mitchell",Startup,27.0,1,1,316,1,59784.0,0,0,0,2350,4,53,9,45,0,7.6,Corporate,0,17.8,1,26,22,53.0,14.8,0
2020-12-31,AI Research Intern,Full-Time,Remote,Gaming,Dubai,Green and Sons,Startup,31.0,1,1,376,0,58272.0,0,0,0,2662,3,0,52,17,0,8.3,Corporate,0,45.2,1,43,6,64.4,10.3,0
2023-09-28,Data Science Intern,Internship,Remote,E-Commerce,Berlin,Howell-Goodman,Medium,39.0,1,1,466,0,67117.0,0,1,72,2655,4,46,21,38,0,2.5,Corporate,0,5.7,1,10,0,45.6,60.6,1
2025-12-20,ML Engineer,Contract,Remote,EdTech,San Francisco,Mills-Nelson,Small,13.0,0,1,149,1,28773.0,0,0,0,1015,4,15,72,0,1,5.8,Corporate,0,25.5,1,1,33,47.6,56.2,1
2024-11-11,Cybersecurity Analyst,Full-Time,Remote,Gaming,Sydney,Duran Group,Startup,14.0,1,1,157,0,18504.0,0,0,0,2043,4,25,22,35,0,8.6,Free,1,17.0,1,56,14,55.5,34.7,0
2018-12-06,UI/UX Designer,Contract,Remote,Gaming,Dubai,Clark LLC,Startup,8.0,1,1,102,1,39353.0,0,0,0,1349,5,22,88,36,0,8.3,Free,1,24.9,1,38,20,61.7,43.1,0
2021-11-02,AI Research Intern,Full-Time,Remote,Software,Toronto,"Smith, Gordon and Mooney",Medium,22.0,0,1,274,1,38552.0,0,1,617,1429,3,42,0,10,0,0.1,Corporate,0,20.7,1,27,34,42.5,71.5,1
2026-05-02,Backend Developer,Part-Time,Remote,Healthcare,Toronto,Smith-Serrano,Small,36.0,0,1,445,1,50925.0,0,1,4259,2765,2,19,43,4,0,2.8,Corporate,0,34.6,1,8,49,42.1,66.5,1
2026-12-02,ML Engineer,Internship,Remote,Software,Bangalore,"Harrison, Reyes and Smith",Medium,10.0,0,0,127,1,17161.0,0,0,0,1566,2,21,40,26,0,2.0,Free,1,9.8,1,14,15,47.3,64.9,1
2019-04-22,Marketing Intern,Contract,Remote,Software,Bangalore,Hampton-Roberts,Medium,5.0,1,0,58,1,7183.0,0,0,0,1746,5,26,46,19,0,4.1,Free,1,19.0,1,23,13,62.4,50.7,1
2024-08-15,ML Engineer,Internship,Remote,Cybersecurity,San Francisco,Jackson PLC,Startup,21.0,1,0,245,0,16449.0,0,0,0,2890,5,43,58,17,0,2.7,Free,1,30.9,1,21,26,35.8,64.1,1
2024-12-16,Backend Developer,Full-Time,Hybrid,Marketing,Singapore,"Pearson, Campbell and Bryan",Enterprise,17.0,1,1,205,1,36441.0,0,0,0,1442,5,11,0,23,0,8.5,Corporate,0,19.5,0,43,21,53.1,4.1,0
2020-04-08,ML Engineer,Full-Time,Remote,Healthcare,Dubai,Brown-Carter,Small,16.0,1,1,195,1,36596.0,0,0,0,994,4,39,31,52,0,0.0,Corporate,0,15.0,1,41,23,48.1,37.6,0
2022-01-30,ML Engineer,Part-Time,Remote,FinTech,Bangalore,Simmons-Williams,Enterprise,31.0,0,1,363,1,52061.0,0,0,0,2898,3,8,43,49,0,4.1,Corporate,0,13.8,1,3,0,65.9,9.0,0
2025-08-24,Cloud Engineer,Contract,Hybrid,E-Commerce,Bangalore,Cunningham Ltd,Startup,37.0,0,1,427,1,36300.0,0,0,0,740,0,44,82,15,0,6.0,Corporate,0,5.9,1,0,31,31.1,47.8,0
2020-07-03,Data Science Intern,Internship,Remote,E-Commerce,London,"Orr, Craig and Brown",Enterprise,4.0,0,1,37,1,46026.0,0,0,0,841,2,22,40,61,0,9.5,Free,1,28.3,1,21,39,53.0,57.7,1
2021-08-08,Cybersecurity Analyst,Part-Time,Remote,E-Commerce,Dubai,"Manning, Taylor and Jackson",Startup,10.0,1,1,130,1,15517.0,0,0,0,2061,3,0,61,16,0,11.6,Free,1,23.1,1,32,0,67.6,26.7,0
2022-09-19,Marketing Intern,Part-Time,Remote,E-Commerce,Toronto,Brock LLC,Startup,29.0,1,1,338,0,49831.0,0,0,0,1801,2,38,38,12,0,3.5,Corporate,0,26.2,1,0,0,54.7,6.0,0
2024-09-28,Marketing Intern,Contract,Remote,Cybersecurity,New York,"Wilson, Thomas and Owens",Startup,29.0,1,1,341,0,18788.0,0,1,4584,3071,4,53,39,33,1,3.6,Free,1,7.8,1,11,23,46.5,100.0,1
2025-05-21,AI Research Intern,Part-Time,Remote,Healthcare,Toronto,"Mckee, Schmidt and Solomon",Startup,13.0,1,1,153,0,24928.0,0,0,0,2147,2,31,6,26,0,0.8,Corporate,0,1.0,1,21,15,61.6,8.9,0
2019-02-10,UI/UX Designer,Contract,Onsite,Cybersecurity,Sydney,Carson-Ibarra,Small,29.0,1,1,366,0,13517.0,0,0,0,2462,2,27,31,0,0,7.5,Corporate,0,21.2,1,9,27,54.1,15.6,0
2021-03-28,Data Science Intern,Contract,Hybrid,Cybersecurity,Berlin,Rice-Mullins,Small,3.0,1,1,33,1,45462.0,0,0,0,1943,0,29,38,22,0,1.8,Free,1,10.6,1,33,41,46.4,40.2,0
2025-10-16,Cloud Engineer,Contract,Remote,E-Commerce,New York,"Andrews, Chavez and Edwards",Enterprise,16.0,1,1,168,1,36176.0,0,1,71,1362,5,0,64,52,0,5.5,Corporate,0,26.4,1,12,0,77.7,31.9,0
2019-09-12,Data Science Intern,Internship,Remote,EdTech,Toronto,Gonzales-Weaver,Enterprise,26.0,0,1,310,1,30236.0,0,0,0,1854,0,0,55,76,0,6.3,Corporate,0,5.4,1,0,12,71.2,31.5,0
2026-04-16,Cloud Engineer,Contract,Hybrid,EdTech,Singapore,"Wagner, Jones and Jacobs",Startup,5.0,1,1,70,0,60820.0,0,0,0,1778,4,21,43,27,0,5.7,Corporate,0,20.2,1,40,24,47.7,22.4,0
2025-07-15,AI Research Intern,Full-Time,Remote,Gaming,Sydney,Hill LLC,Small,27.0,1,0,303,1,18505.0,0,0,0,1603,2,9,37,18,0,8.5,Free,1,18.5,1,40,25,72.0,25.5,0
2022-04-04,Data Science Intern,Full-Time,Onsite,FinTech,Bangalore,"Simon, Schneider and Lowe",Small,34.0,0,1,408,1,2000.0,0,0,0,2726,3,68,36,44,1,7.8,Corporate,0,8.0,1,29,18,52.3,73.4,1
2024-01-11,Backend Developer,Part-Time,Remote,FinTech,Toronto,"Martin, Lewis and Gallegos",Startup,19.0,0,0,250,1,34448.0,0,0,0,1216,6,43,38,8,0,1.9,Corporate,0,17.0,1,0,18,48.2,66.0,1
2018-07-12,ML Engineer,Contract,Remote,AI,Dubai,Jordan-Miller,Enterprise,37.0,0,1,467,1,38678.0,0,0,0,1161,3,12,61,0,0,8.7,Free,1,5.1,1,7,16,57.4,46.1,0
2026-02-16,Marketing Intern,Internship,Onsite,Marketing,Toronto,Brennan-Bridges,Startup,11.0,1,1,135,0,40710.0,0,0,0,2920,1,3,21,36,0,8.3,Corporate,0,28.3,0,9,24,48.7,16.0,0
2018-11-03,UI/UX Designer,Contract,Hybrid,Marketing,Singapore,"Vazquez, Webster and Harvey",Medium,16.0,1,1,177,0,33238.0,0,0,0,3070,5,17,27,45,0,0.0,Corporate,0,16.8,1,8,9,64.3,24.0,0
2021-07-05,Data Science Intern,Internship,Remote,Cybersecurity,Dubai,"Vaughn, Smith and Reed",Startup,21.0,1,1,233,1,52039.0,0,0,0,1899,1,22,40,5,0,2.4,Corporate,0,14.4,1,47,32,61.1,22.2,0
2024-10-13,AI Research Intern,Part-Time,Hybrid,AI,Dubai,Riley Inc,Startup,27.0,1,1,307,1,32663.0,0,0,0,1960,3,26,26,16,1,4.7,Corporate,0,1.0,1,44,2,75.1,8.6,0
2021-07-23,Backend Developer,Part-Time,Remote,Gaming,New York,Arellano-Johnson,Small,37.0,1,1,414,1,35755.0,0,0,0,1878,4,0,34,0,1,2.6,Corporate,0,9.3,1,30,19,75.6,21.8,0
2018-12-06,UI/UX Designer,Part-Time,Remote,Cybersecurity,Toronto,Thomas-Carter,Medium,6.0,1,1,60,1,36072.0,0,0,0,1736,1,24,45,16,0,6.5,Corporate,0,18.0,1,42,33,61.8,8.9,0
2023-08-28,ML Engineer,Full-Time,Remote,Gaming,Bangalore,Jordan Ltd,Startup,21.0,1,1,230,1,56115.0,0,1,2538,2516,5,0,0,32,0,4.6,Corporate,0,32.6,1,0,9,83.2,23.5,0
2022-10-26,Cloud Engineer,Contract,Hybrid,AI,Toronto,Campbell-Brown,Small,1.0,0,1,43,1,23732.0,0,0,0,2327,2,0,57,28,0,6.5,Corporate,0,13.8,1,7,27,67.0,41.0,0
2018-01-22,Cloud Engineer,Full-Time,Hybrid,Cybersecurity,Dubai,Collins and Sons,Startup,22.0,1,1,238,1,43621.0,0,1,4290,1849,4,22,57,2,0,10.8,Free,1,17.1,1,37,34,49.8,79.3,1
2018-12-24,ML Engineer,Part-Time,Hybrid,Cybersecurity,Bangalore,King PLC,Small,27.0,1,1,307,1,16790.0,0,1,1196,2811,2,37,55,8,1,6.3,Corporate,0,14.5,1,12,36,41.5,72.5,1
2022-03-26,AI Research Intern,Part-Time,Hybrid,AI,Berlin,Sullivan-Snyder,Startup,3.0,0,1,36,1,45301.0,0,0,0,2601,0,5,21,70,0,7.0,Corporate,0,1.0,1,0,0,100.0,0.0,0
2026-05-04,ML Engineer,Part-Time,Onsite,Cybersecurity,London,Schwartz Ltd,Startup,22.0,0,1,277,0,24745.0,0,0,0,2501,3,20,84,6,0,5.6,Free,1,19.0,1,26,19,31.5,65.9,1
2021-01-19,UI/UX Designer,Contract,Hybrid,Cybersecurity,Sydney,Harris Inc,Small,23.0,1,0,284,0,28650.0,0,1,251,1023,7,30,68,15,0,9.7,Corporate,0,6.9,1,4,20,49.1,71.2,1
2022-12-06,ML Engineer,Full-Time,Remote,EdTech,Berlin,Hurley Ltd,Small,12.0,1,1,118,1,51687.0,0,0,0,810,0,34,23,2,0,2.8,Corporate,0,37.3,0,51,8,59.7,8.6,0
2023-02-03,Data Science Intern,Internship,Remote,Gaming,Sydney,Garcia and Sons,Enterprise,11.0,0,1,99,1,9856.0,0,0,0,604,1,29,55,26,0,3.8,Corporate,0,20.4,0,40,6,89.3,35.2,0
2026-06-01,UI/UX Designer,Internship,Remote,Software,Bangalore,"Baker, Mclean and Ramos",Startup,31.0,1,1,385,1,43604.0,0,0,0,1687,5,71,16,25,0,11.3,Corporate,0,1.5,1,43,19,45.9,49.7,0
2019-09-04,Data Science Intern,Full-Time,Onsite,Cybersecurity,Singapore,Cox PLC,Medium,21.0,0,1,236,1,33884.0,0,0,0,1422,7,37,34,9,0,2.4,Corporate,0,18.9,1,25,45,19.8,60.4,1
2025-01-08,Frontend Developer,Full-Time,Remote,FinTech,Toronto,Lee-Skinner,Startup,22.0,0,1,288,1,31380.0,0,0,0,1311,2,45,41,19,0,6.1,Corporate,0,10.1,0,17,0,51.6,47.3,0
2021-12-11,Frontend Developer,Contract,Remote,Marketing,Singapore,Campbell LLC,Small,21.0,1,0,255,0,53565.0,0,0,0,1799,3,0,37,0,0,3.2,Free,1,21.4,0,10,28,67.4,40.1,0
2022-01-02,Marketing Intern,Part-Time,Remote,Gaming,Dubai,Larson-Brewer,Medium,24.0,1,1,283,1,46527.0,0,0,0,530,4,37,70,29,0,4.4,Corporate,0,31.4,0,32,10,56.8,31.5,0
2026-10-25,UI/UX Designer,Full-Time,Onsite,Healthcare,San Francisco,Hill LLC,Startup,6.0,1,1,41,1,26984.0,0,1,539,1099,2,44,3,21,0,1.9,Corporate,0,30.8,1,25,1,70.5,49.8,0
2024-10-24,Cybersecurity Analyst,Part-Time,Remote,AI,Toronto,"Jones, Gomez and Sandoval",Medium,26.0,0,1,293,1,47582.0,0,0,0,1902,0,23,49,27,1,1.1,Corporate,0,24.7,1,29,17,57.7,61.6,1
2023-06-12,Frontend Developer,Full-Time,Remote,Cybersecurity,Singapore,Ruiz-Carlson,Startup,31.0,1,1,395,0,30983.0,0,0,0,787,2,18,0,50,0,8.6,Free,1,1.0,1,0,7,70.5,18.1,0
2023-04-12,Frontend Developer,Internship,Onsite,AI,London,Hughes PLC,Enterprise,18.0,0,1,205,0,21166.0,0,0,0,2466,6,40,54,14,0,6.2,Corporate,0,19.7,1,5,24,32.5,53.1,1
2023-06-20,Marketing Intern,Internship,Hybrid,E-Commerce,San Francisco,Berger-Gutierrez,Startup,2.0,1,1,35,1,40184.0,0,0,0,1479,2,13,72,25,0,2.1,Corporate,0,21.9,0,42,9,88.2,14.2,0
2020-11-11,ML Engineer,Part-Time,Remote,Gaming,Singapore,"Lee, Stewart and Chavez",Small,12.0,1,1,125,0,22074.0,0,0,0,1817,4,44,35,10,0,4.6,Corporate,0,7.3,0,12,29,49.4,23.7,0
2026-02-16,Backend Developer,Contract,Remote,Cybersecurity,Singapore,"Kelly, Dalton and Gibson",Medium,26.0,1,1,313,1,12484.0,0,0,0,2171,3,43,41,38,0,3.5,Corporate,0,10.7,0,49,36,44.5,37.9,0
2022-02-20,Marketing Intern,Internship,Remote,Cybersecurity,Berlin,Contreras-Ho,Startup,8.0,1,1,81,1,55116.0,0,0,0,3037,3,25,42,26,0,5.7,Free,1,9.8,0,16,0,68.0,33.9,0
2020-10-18,AI Research Intern,Contract,Remote,E-Commerce,New York,Moore-Moore,Small,30.0,1,1,362,0,14600.0,0,0,0,2015,7,42,25,21,0,4.9,Corporate,0,9.0,0,47,0,60.8,32.0,0
2023-05-15,Backend Developer,Internship,Hybrid,Gaming,Toronto,"Wilson, Hutchinson and Rodriguez",Enterprise,38.0,1,1,455,1,16896.0,0,0,0,2696,2,31,37,37,0,10.1,Corporate,0,13.9,1,46,14,63.3,21.9,0
2024-01-12,AI Research Intern,Internship,Hybrid,FinTech,Sydney,Atkinson-Rodriguez,Startup,36.0,1,1,433,1,20102.0,0,0,0,3375,5,44,39,37,0,4.8,Corporate,0,15.0,0,5,32,40.3,46.7,0
2025-02-17,Cloud Engineer,Part-Time,Remote,E-Commerce,Sydney,"Wilson, Herrera and Williams",Small,23.0,1,0,295,1,49690.0,0,0,0,1749,3,50,32,35,0,7.4,Corporate,0,10.4,1,32,0,57.5,31.7,0
2022-02-23,Cloud Engineer,Full-Time,Remote,Cybersecurity,Dubai,Carter-Stewart,Small,15.0,1,1,165,1,41211.0,0,0,0,2285,3,3,48,23,0,13.4,Corporate,0,21.0,1,27,7,65.9,1.9,0
2026-03-16,ML Engineer,Contract,Hybrid,E-Commerce,Berlin,Lawson-Dyer,Enterprise,29.0,1,1,365,1,50864.0,0,0,0,1454,7,27,32,0,0,1.5,Corporate,0,13.1,1,0,21,50.6,28.2,0
2018-02-20,AI Research Intern,Part-Time,Remote,Cybersecurity,Toronto,"Duran, Greene and Armstrong",Medium,5.0,1,1,66,1,26122.0,0,0,0,1242,3,16,39,2,0,3.9,Corporate,0,19.5,1,3,24,77.0,0.0,0
2022-06-25,ML Engineer,Contract,Remote,Cybersecurity,London,Gonzales-Berry,Enterprise,34.0,1,1,397,0,11273.0,0,0,0,1912,3,36,8,41,0,5.7,Corporate,0,13.3,1,0,22,33.5,22.7,0
2021-09-28,Cybersecurity Analyst,Internship,Remote,Healthcare,San Francisco,Garcia-Drake,Medium,22.0,1,1,259,1,35513.0,0,0,0,3119,7,0,43,32,0,2.7,Corporate,0,19.4,0,8,8,68.8,17.1,0
2022-10-28,UI/UX Designer,Full-Time,Onsite,Cybersecurity,Dubai,Brewer-Tucker,Enterprise,7.0,1,1,85,1,43749.0,0,0,0,2069,1,0,53,0,0,1.3,Free,1,11.8,1,33,30,87.0,23.7,0
2024-05-29,Backend Developer,Full-Time,Hybrid,Cybersecurity,Berlin,Riley-Vance,Small,29.0,1,1,341,1,41793.0,0,0,0,1685,5,53,28,70,0,3.3,Corporate,0,24.8,1,0,70,23.7,59.9,1
2023-01-19,Frontend Developer,Contract,Hybrid,Healthcare,Dubai,Collins Group,Small,30.0,0,1,345,1,28163.0,0,0,0,1435,2,64,22,18,0,6.4,Corporate,0,20.9,0,7,36,46.6,53.4,1
2019-06-25,Backend Developer,Part-Time,Onsite,Software,Berlin,Zimmerman Inc,Medium,14.0,1,1,227,1,39421.0,0,0,0,1778,3,15,57,29,0,5.5,Corporate,0,2.9,1,3,0,89.6,5.2,0
2020-05-17,Frontend Developer,Internship,Hybrid,E-Commerce,San Francisco,Frank and Sons,Enterprise,30.0,1,1,337,1,26752.0,0,0,0,988,2,0,46,32,0,2.7,Corporate,0,16.3,1,0,43,73.6,4.0,0
2018-03-04,Marketing Intern,Contract,Remote,FinTech,Toronto,Galvan Inc,Startup,27.0,1,1,318,1,30614.0,0,1,1866,2018,8,33,70,22,0,6.8,Corporate,0,12.4,1,38,20,45.3,74.8,1
2026-10-01,Frontend Developer,Full-Time,Hybrid,E-Commerce,New York,Barnes-Gross,Enterprise,34.0,1,1,426,1,41661.0,0,0,0,2004,5,0,72,33,0,7.3,Corporate,0,31.8,1,48,8,66.7,12.5,0
2024-06-04,Data Science Intern,Full-Time,Remote,Healthcare,London,Allen-Fleming,Startup,39.0,1,1,473,1,15582.0,0,0,0,1028,4,53,30,20,0,3.8,Corporate,0,27.4,1,0,31,33.7,35.1,0
2026-07-08,Cybersecurity Analyst,Internship,Hybrid,EdTech,Berlin,Williams and Sons,Small,31.0,0,1,384,1,29272.0,0,0,0,1504,4,81,39,12,0,2.9,Free,1,1.0,1,62,6,41.2,56.2,1
2024-01-05,ML Engineer,Full-Time,Remote,AI,Singapore,Mercer-Davis,Small,22.0,1,0,246,1,35687.0,0,0,0,1661,4,27,59,3,0,2.1,Corporate,0,24.6,0,20,0,65.5,23.6,0
2026-01-11,Marketing Intern,Internship,Remote,Cybersecurity,New York,"Gay, Thomas and Miller",Medium,34.0,1,1,422,0,22798.0,0,0,0,1389,1,12,15,0,0,5.8,Corporate,0,1.0,1,4,14,60.0,1.7,0
2020-04-22,AI Research Intern,Part-Time,Hybrid,Cybersecurity,Berlin,Stokes-Berry,Small,26.0,1,1,309,1,30958.0,0,0,0,1271,4,49,48,19,0,3.2,Corporate,0,17.2,1,1,18,26.2,43.3,0
2023-07-28,Cloud Engineer,Contract,Hybrid,E-Commerce,Bangalore,"Sanchez, Silva and Villarreal",Startup,37.0,1,1,429,1,26730.0,0,0,0,1828,2,55,46,33,0,9.4,Free,1,5.8,1,46,14,54.6,50.2,1
2022-12-29,AI Research Intern,Contract,Remote,Marketing,Berlin,Patrick-Lewis,Startup,5.0,1,0,55,0,68632.0,0,0,0,1835,4,24,0,41,0,2.7,Corporate,0,21.3,0,58,2,65.6,23.5,0
2024-12-06,UI/UX Designer,Internship,Onsite,E-Commerce,Singapore,Cantu-Wong,Small,20.0,1,1,248,0,24521.0,0,0,0,2352,2,41,65,56,0,6.0,Free,1,28.4,0,42,13,51.9,51.7,1
2024-10-30,Frontend Developer,Internship,Hybrid,EdTech,Sydney,"Burns, Browning and Lamb",Startup,12.0,1,1,127,1,11941.0,0,0,0,2169,5,38,24,31,0,6.6,Corporate,0,25.8,1,25,8,66.9,14.0,0
2019-01-22,ML Engineer,Full-Time,Hybrid,FinTech,San Francisco,Cooper LLC,Medium,7.0,0,1,72,1,32215.0,0,0,0,2390,2,33,26,14,0,6.8,Corporate,0,39.8,1,54,15,42.2,19.8,0
2025-07-17,Cybersecurity Analyst,Internship,Remote,FinTech,London,Gibbs LLC,Medium,21.0,1,1,278,1,36213.0,0,0,0,1449,5,0,0,17,0,4.9,Corporate,0,13.9,1,0,26,51.0,8.3,0
2022-02-18,Data Science Intern,Internship,Remote,Cybersecurity,Dubai,"Rhodes, Washington and Williamson",Startup,36.0,1,1,439,1,42594.0,0,0,0,2256,1,44,28,11,0,9.1,Corporate,0,25.1,1,46,0,75.0,0.0,0
2021-03-04,UI/UX Designer,Full-Time,Hybrid,FinTech,San Francisco,Stanley and Sons,Enterprise,34.0,1,1,392,1,2000.0,0,0,0,1269,2,29,59,22,0,1.2,Free,1,7.5,1,19,14,77.9,22.6,0
2023-07-13,ML Engineer,Internship,Remote,E-Commerce,Berlin,Everett-Taylor,Small,29.0,0,1,353,1,16046.0,0,0,0,2146,5,10,75,0,0,4.9,Corporate,0,29.9,1,27,38,33.1,49.5,0
2023-06-02,Cybersecurity Analyst,Contract,Remote,EdTech,New York,Robinson-Hernandez,Medium,32.0,1,1,410,1,26008.0,0,0,0,1367,2,40,46,35,0,7.3,Corporate,0,8.3,1,17,36,47.7,42.9,0
2019-06-02,Marketing Intern,Full-Time,Remote,Cybersecurity,Singapore,Allen Ltd,Small,6.0,1,0,73,1,21310.0,0,0,0,1368,3,39,46,0,0,5.0,Corporate,0,15.6,1,0,32,58.2,41.0,0
2019-12-04,UI/UX Designer,Full-Time,Onsite,EdTech,Dubai,West Inc,Small,8.0,1,1,78,0,33071.0,0,0,0,1551,3,19,100,22,0,5.7,Free,1,21.3,1,19,29,49.6,52.5,1
2022-01-20,Frontend Developer,Contract,Hybrid,FinTech,Dubai,Anderson-Benson,Small,6.0,0,1,73,1,29950.0,0,0,0,904,3,50,45,26,0,5.8,Corporate,0,3.6,1,34,13,42.6,43.8,0
2021-03-23,AI Research Intern,Part-Time,Remote,Software,Sydney,Pitts-Harris,Small,37.0,1,1,429,1,36821.0,0,0,0,2182,1,25,1,37,0,3.9,Corporate,0,11.1,0,10,21,64.6,10.9,0
2018-05-25,ML Engineer,Full-Time,Remote,Cybersecurity,Bangalore,"Dawson, Harris and Mullen",Enterprise,25.0,1,1,313,0,60365.0,0,0,0,1680,1,5,14,32,0,0.0,Corporate,0,50.5,0,0,11,85.5,2.7,0
2025-07-06,Data Science Intern,Contract,Remote,EdTech,New York,Carter-Williams,Small,19.0,0,1,206,1,19254.0,0,0,0,1155,1,52,56,5,1,2.6,Corporate,0,9.5,0,21,44,21.8,68.2,1
2022-03-09,ML Engineer,Internship,Remote,FinTech,New York,Strickland-Hansen,Medium,6.0,1,1,74,0,54355.0,0,0,0,143,0,0,84,21,1,6.5,Free,1,24.7,1,20,7,86.1,19.3,0
2018-10-09,Frontend Developer,Contract,Remote,Marketing,Dubai,Graves PLC,Startup,17.0,0,1,194,1,31250.0,0,0,0,2284,4,23,61,32,0,3.4,Corporate,0,25.2,0,40,21,53.0,29.6,0
2025-08-05,Frontend Developer,Contract,Remote,Marketing,Singapore,Randall-Andrews,Small,38.0,1,1,445,0,32997.0,0,0,0,2456,2,24,79,7,0,3.0,Corporate,0,14.9,0,46,4,61.7,14.8,0
2025-02-02,UI/UX Designer,Contract,Remote,Marketing,Dubai,Foster-Wilkins,Medium,23.0,1,1,280,1,37492.0,0,0,0,846,1,35,15,45,0,6.9,Corporate,0,3.9,1,8,0,68.9,0.0,0
2020-04-17,Cloud Engineer,Full-Time,Onsite,EdTech,London,Smith Ltd,Medium,19.0,1,1,222,1,28720.0,0,0,0,2049,7,32,32,59,0,4.5,Corporate,0,18.0,1,1,5,77.9,21.1,0
2026-12-12,Cybersecurity Analyst,Part-Time,Remote,AI,Sydney,Ward-Leonard,Small,26.0,0,1,299,1,45699.0,0,0,0,1466,4,18,54,40,0,2.2,Corporate,0,33.0,0,28,3,87.1,15.4,0
2019-10-28,UI/UX Designer,Full-Time,Remote,Cybersecurity,Toronto,Knight and Sons,Medium,27.0,0,1,347,1,12256.0,0,1,2592,2354,2,24,0,0,0,0.0,Corporate,0,28.2,0,42,9,50.8,53.6,1
2022-09-07,Backend Developer,Internship,Remote,EdTech,Bangalore,Lang-Gonzalez,Medium,21.0,1,1,251,0,53241.0,0,1,985,1367,4,0,44,7,0,5.3,Corporate,0,13.1,0,32,0,46.9,28.2,0
2018-06-17,Data Science Intern,Internship,Onsite,Marketing,San Francisco,Johnson-Joseph,Enterprise,8.0,1,1,79,1,39701.0,0,0,0,757,3,70,93,0,0,4.1,Corporate,0,17.8,1,23,0,37.3,21.1,0
2025-05-04,ML Engineer,Part-Time,Remote,Software,Sydney,Hendrix-Turner,Startup,10.0,1,1,126,1,36901.0,0,0,0,1252,3,0,77,0,0,4.5,Corporate,0,18.4,1,8,0,91.4,0.0,0
2023-03-28,Cloud Engineer,Full-Time,Hybrid,Healthcare,Dubai,Monroe-Jones,Startup,16.0,1,1,199,1,22144.0,0,0,0,2103,8,25,41,40,0,0.7,Corporate,0,15.2,0,31,10,63.1,20.2,0
2023-08-24,UI/UX Designer,Part-Time,Onsite,E-Commerce,London,Herrera-Powell,Enterprise,27.0,1,1,326,1,43665.0,0,0,0,2436,3,36,39,54,0,8.0,Corporate,0,8.2,1,50,59,38.6,41.2,0
2024-06-28,AI Research Intern,Part-Time,Hybrid,E-Commerce,Singapore,Stewart Ltd,Small,1.0,0,1,1,0,43154.0,0,0,0,1879,1,20,0,42,0,4.5,Corporate,0,19.1,1,44,3,23.0,21.2,0
2022-12-29,AI Research Intern,Part-Time,Remote,Software,San Francisco,Delgado Ltd,Startup,33.0,1,1,384,0,3748.0,0,1,3377,1262,2,21,11,42,0,7.9,Corporate,0,17.4,1,29,15,45.8,40.3,0
2018-03-16,Cloud Engineer,Internship,Remote,E-Commerce,San Francisco,Young-Fields,Medium,29.0,1,1,334,1,33313.0,0,1,81,2213,2,25,24,21,0,6.2,Free,1,1.0,1,9,14,79.6,53.4,1
2025-02-05,Data Science Intern,Part-Time,Onsite,Software,Berlin,"Robbins, Rodriguez and Gonzales",Enterprise,24.0,1,1,280,0,59463.0,0,0,0,1607,2,16,10,0,0,2.8,Corporate,0,16.7,1,0,0,71.5,0.0,0
2026-10-07,ML Engineer,Full-Time,Onsite,AI,Toronto,Frazier Ltd,Medium,26.0,1,0,343,1,35281.0,0,0,0,1448,1,47,100,54,0,5.7,Corporate,0,26.5,0,63,0,74.9,42.3,0
2019-07-08,Frontend Developer,Contract,Remote,Software,New York,Reeves-Ryan,Small,18.0,1,1,214,1,40918.0,0,0,0,1799,4,8,72,45,1,12.7,Corporate,0,22.9,1,33,0,89.2,37.8,0
2019-08-24,AI Research Intern,Full-Time,Remote,Gaming,New York,Wilkinson-Contreras,Enterprise,24.0,1,1,286,1,36411.0,0,0,0,1098,2,18,29,18,0,4.5,Corporate,0,11.4,1,67,9,91.2,5.5,0
2020-07-16,Marketing Intern,Contract,Remote,E-Commerce,London,"Haney, Garrison and Valenzuela",Medium,17.0,1,1,192,1,63084.0,0,0,0,1662,1,26,16,38,0,3.9,Free,1,1.0,1,15,29,62.3,28.4,0
2019-08-09,Backend Developer,Part-Time,Onsite,AI,Sydney,Guzman-Medina,Startup,31.0,1,1,358,1,50421.0,0,0,0,2849,2,45,15,19,0,3.9,Corporate,0,21.9,0,0,26,55.1,23.4,0
2021-05-05,Cybersecurity Analyst,Part-Time,Onsite,EdTech,Singapore,"Smith, Riddle and Hall",Startup,23.0,1,1,278,1,23981.0,0,0,0,1979,6,27,43,45,0,5.9,Corporate,0,18.7,1,49,10,76.0,0.0,0
2018-07-09,ML Engineer,Internship,Hybrid,Software,Sydney,Collins Group,Startup,1.0,1,1,21,1,56914.0,0,0,0,1126,1,26,44,18,0,6.6,Free,1,25.9,1,11,23,57.4,36.9,0
2018-07-18,Frontend Developer,Internship,Hybrid,FinTech,Sydney,"Hernandez, Moore and Terry",Medium,14.0,1,1,154,0,35906.0,0,0,0,2581,2,56,0,32,0,8.7,Corporate,0,40.4,1,59,0,59.8,8.2,0
2018-02-20,Data Science Intern,Part-Time,Remote,Healthcare,London,Nichols and Sons,Medium,9.0,1,1,105,0,29512.0,0,0,0,2532,4,15,5,48,0,8.1,Corporate,0,25.6,1,58,9,46.6,2.3,0
2025-07-08,UI/UX Designer,Full-Time,Remote,Healthcare,Singapore,"White, Brennan and Johnson",Startup,29.0,1,1,352,0,13207.0,0,1,1321,1189,0,47,43,26,0,0.3,Corporate,0,35.7,1,0,48,17.2,67.9,1
2021-08-03,Frontend Developer,Part-Time,Remote,FinTech,New York,Vargas PLC,Medium,8.0,1,1,87,1,14801.0,0,1,1068,2463,6,13,53,0,0,0.7,Corporate,0,10.7,1,43,19,65.6,48.2,0
2024-12-16,AI Research Intern,Contract,Remote,Software,Bangalore,Martinez and Sons,Small,16.0,0,1,186,0,12458.0,0,0,0,1530,0,0,9,40,0,2.8,Corporate,0,17.3,1,47,15,57.2,6.0,0
2025-07-30,Marketing Intern,Part-Time,Remote,Marketing,Sydney,Ward PLC,Startup,37.0,1,1,439,0,42522.0,0,0,0,2206,3,46,48,6,0,5.8,Corporate,0,3.4,1,43,20,38.7,28.5,0
2022-08-06,Cloud Engineer,Part-Time,Remote,Cybersecurity,Sydney,Skinner LLC,Medium,24.0,1,1,289,0,,0,0,0,2219,1,19,74,6,0,10.3,Corporate,0,17.8,1,16,27,61.5,17.7,0
2026-06-24,Data Science Intern,Contract,Remote,Marketing,San Francisco,Nichols-Simmons,Startup,17.0,1,1,209,0,50561.0,0,0,0,2609,1,27,0,27,0,12.1,Corporate,0,1.0,1,42,33,55.0,0.0,0
2019-01-07,Backend Developer,Full-Time,Remote,EdTech,Sydney,"Howard, Mcdonald and Flores",Startup,17.0,0,1,200,0,36912.0,0,0,0,993,1,50,36,13,0,4.8,Corporate,0,6.2,1,10,34,48.8,37.6,0
2022-01-27,Frontend Developer,Contract,Remote,Marketing,London,Miller Ltd,Small,3.0,0,1,19,1,26211.0,0,0,0,2374,4,55,39,29,0,6.5,Corporate,0,18.2,1,71,0,58.1,41.1,0
2021-06-11,Cybersecurity Analyst,Part-Time,Remote,EdTech,Berlin,Taylor PLC,Startup,14.0,1,1,160,1,9796.0,0,0,0,1432,3,44,56,33,1,4.1,Corporate,0,32.1,1,37,21,45.7,60.0,1
2019-10-28,UI/UX Designer,Contract,Onsite,E-Commerce,New York,Sanchez-Parker,Medium,8.0,1,1,87,1,48688.0,0,0,0,1824,6,7,84,34,1,0.8,Corporate,0,12.0,1,4,48,71.4,36.4,0
2023-08-03,Marketing Intern,Internship,Onsite,AI,Dubai,Rios-Torres,Small,18.0,1,1,230,0,62354.0,0,0,0,1611,2,23,53,44,0,12.0,Corporate,0,20.2,1,10,12,72.2,12.6,0
2026-02-21,AI Research Intern,Internship,Hybrid,EdTech,Sydney,"Morgan, Blankenship and Hicks",Startup,33.0,1,1,411,0,27015.0,0,0,0,1912,2,33,40,20,0,2.5,Corporate,0,10.5,0,0,20,71.0,7.0,0
2020-08-28,AI Research Intern,Internship,Remote,Healthcare,Dubai,Kidd-Smith,Small,39.0,1,1,483,1,18424.0,0,0,0,2123,1,42,78,18,0,13.7,Corporate,0,32.7,1,32,3,51.7,21.3,0
2025-07-29,Cybersecurity Analyst,Part-Time,Remote,EdTech,Sydney,"Garcia, Lewis and Hubbard",Medium,12.0,1,1,109,1,26099.0,0,0,0,1556,4,53,3,37,1,8.2,Corporate,0,28.3,1,54,33,37.2,66.8,1
2018-04-01,Frontend Developer,Internship,Remote,FinTech,New York,Gross-Stevens,Small,11.0,1,1,149,0,50156.0,0,0,0,1281,4,36,29,4,0,1.1,Free,1,25.0,1,0,39,43.5,49.1,0
2019-05-11,Data Science Intern,Full-Time,Remote,Healthcare,Bangalore,Salazar-Meyer,Startup,20.0,1,1,237,1,36130.0,0,0,0,1247,4,20,51,30,1,4.4,Corporate,0,22.8,1,27,36,82.4,40.4,0
2022-06-18,Data Science Intern,Full-Time,Hybrid,EdTech,Dubai,Smith-Castillo,Enterprise,1.0,1,0,5,1,22599.0,0,0,0,1489,2,59,42,23,0,12.3,Corporate,0,22.7,1,33,0,72.3,29.9,0
2018-09-30,ML Engineer,Full-Time,Remote,Cybersecurity,London,Gordon-Nelson,Startup,37.0,1,1,481,0,16928.0,0,0,0,2790,6,56,8,5,0,0.0,Corporate,0,6.2,1,33,0,24.1,30.4,0
2023-03-20,Cybersecurity Analyst,Part-Time,Remote,Gaming,Bangalore,"Gonzales, Rogers and Wood",Medium,31.0,1,1,358,1,58404.0,0,0,0,1579,3,31,39,39,0,3.2,Corporate,0,15.2,1,29,6,77.4,5.1,0
2025-01-21,ML Engineer,Part-Time,Remote,Software,Bangalore,Murillo Inc,Small,37.0,1,1,415,1,19124.0,0,1,2280,1204,1,56,53,0,0,4.4,Corporate,0,25.8,0,0,24,58.9,67.4,1
2023-10-13,Cloud Engineer,Internship,Onsite,Marketing,New York,"Moore, Fowler and Juarez",Startup,6.0,0,1,65,0,2000.0,0,0,0,2511,6,24,80,10,0,5.3,Free,1,21.1,1,0,45,0.0,71.7,1
2018-08-18,Cybersecurity Analyst,Full-Time,Remote,Healthcare,Dubai,Stewart-Holmes,Medium,3.0,1,1,56,0,26991.0,0,0,0,2777,4,31,60,0,0,5.9,Corporate,0,23.4,1,52,24,48.0,35.1,0
2021-02-27,ML Engineer,Full-Time,Hybrid,Healthcare,Sydney,Sims Ltd,Enterprise,1.0,1,1,6,1,23705.0,0,0,0,1054,2,20,46,32,0,3.5,Free,1,37.8,0,2,33,61.6,40.2,0
2018-04-01,Frontend Developer,Internship,Remote,AI,Berlin,Weiss-Green,Medium,5.0,1,1,49,1,42587.0,0,0,0,1186,5,31,38,23,0,5.4,Corporate,0,17.6,1,0,2,68.2,21.6,0
2020-05-07,AI Research Intern,Internship,Remote,FinTech,Toronto,"Burch, Stevenson and Lee",Startup,27.0,0,1,303,1,30425.0,0,0,0,2984,0,56,93,6,0,1.0,Corporate,0,21.1,1,42,31,36.3,50.4,1
2024-02-09,AI Research Intern,Contract,Hybrid,E-Commerce,San Francisco,Spencer-Cooper,Medium,22.0,1,0,231,1,17095.0,0,0,0,2456,4,38,37,43,0,3.7,Free,1,9.9,1,37,22,43.3,46.3,0
2021-12-31,Data Science Intern,Full-Time,Hybrid,EdTech,Dubai,"Delgado, Griffith and Lawson",Startup,35.0,1,1,397,0,59990.0,0,0,0,100,2,28,78,60,0,2.2,Corporate,0,2.5,0,23,27,,37.4,0
2019-06-13,AI Research Intern,Part-Time,Remote,AI,Dubai,Garcia Inc,Medium,18.0,0,1,208,1,45666.0,0,1,1763,2651,5,24,51,7,0,7.1,Corporate,0,16.9,1,63,10,73.2,53.0,1
2020-05-15,Cloud Engineer,Contract,Onsite,Healthcare,Bangalore,Williams Inc,Medium,39.0,0,1,450,1,75718.0,0,0,0,2330,5,33,93,15,0,0.0,Corporate,0,30.0,1,15,5,46.8,25.4,0
2026-10-16,Backend Developer,Part-Time,Hybrid,FinTech,Sydney,Wilson-Gonzalez,Medium,26.0,1,1,324,1,17438.0,0,0,0,2138,4,69,39,41,0,7.4,Corporate,0,8.2,0,25,49,30.8,48.3,0
2024-01-12,Data Science Intern,Full-Time,Onsite,Cybersecurity,Bangalore,George-Harris,Small,38.0,1,1,447,1,6411.0,0,0,0,1747,3,32,31,34,0,1.4,Free,1,26.2,1,42,7,53.0,10.1,0
2021-01-05,Backend Developer,Internship,Onsite,AI,Singapore,"Bryant, Cox and Cox",Enterprise,3.0,1,0,20,0,33617.0,0,0,0,2512,3,29,31,54,0,5.0,Corporate,0,13.2,1,50,0,55.8,23.4,0
2019-11-11,ML Engineer,Part-Time,Onsite,Cybersecurity,Dubai,Mccoy-Mahoney,Small,32.0,1,1,392,1,39402.0,0,0,0,2307,3,13,16,0,1,4.8,Corporate,0,42.1,0,20,27,78.2,23.1,0
2023-05-26,AI Research Intern,Internship,Remote,Marketing,Singapore,"Carson, Adams and Delacruz",Small,25.0,1,1,274,1,58462.0,0,0,0,2560,1,40,52,0,0,3.9,Corporate,0,16.0,1,46,46,50.7,27.3,0
2022-02-14,Backend Developer,Contract,Hybrid,E-Commerce,Toronto,"Watson, Gonzalez and Hart",Small,39.0,1,1,470,0,16117.0,0,1,1571,802,2,50,8,0,0,2.7,Corporate,0,1.1,1,21,38,49.2,47.6,0
2025-01-25,AI Research Intern,Contract,Hybrid,Cybersecurity,New York,White Ltd,Small,24.0,1,1,269,1,39633.0,0,0,0,1176,2,30,0,51,0,3.2,Corporate,0,9.3,0,0,30,73.4,18.9,0
2024-10-20,Data Science Intern,Internship,Remote,Marketing,Berlin,"Miller, Goodman and Keith",Small,20.0,1,1,251,1,29603.0,0,0,0,1097,3,10,16,19,0,9.5,Corporate,0,28.9,1,27,41,55.3,13.5,0
2020-09-05,Cybersecurity Analyst,Contract,Remote,E-Commerce,San Francisco,Singleton Ltd,Startup,6.0,1,1,95,1,57177.0,0,0,0,1979,4,18,74,21,0,4.8,Corporate,0,29.3,1,42,17,59.7,19.2,0
2025-07-23,Data Science Intern,Internship,Hybrid,Cybersecurity,London,Wilson-Fitzpatrick,Startup,1.0,1,1,3,1,25923.0,0,0,0,1507,6,63,24,40,0,2.7,Corporate,0,25.6,1,44,11,40.3,41.8,0
2021-02-03,Cybersecurity Analyst,Part-Time,Remote,FinTech,Berlin,Peterson-Williams,Small,9.0,1,1,112,0,37518.0,0,0,0,2561,4,32,41,36,1,8.0,Corporate,0,17.0,1,39,15,26.9,54.9,1
2019-06-20,AI Research Intern,Part-Time,Remote,Marketing,Singapore,"Lopez, Boyd and Walker",Enterprise,30.0,1,1,348,1,26515.0,0,0,0,2218,4,9,36,29,0,4.6,Corporate,0,9.6,1,32,31,64.4,0.6,0
2023-08-12,Cybersecurity Analyst,Part-Time,Hybrid,Healthcare,Berlin,Martin Ltd,Startup,10.0,1,1,135,1,50380.0,0,0,0,1195,2,30,42,48,0,3.5,Free,1,10.3,1,24,26,41.3,45.7,0
2022-05-03,Marketing Intern,Internship,Onsite,EdTech,Bangalore,Perkins-Briggs,Medium,11.0,1,1,137,1,39916.0,0,1,4028,1882,6,44,18,51,0,6.1,Corporate,0,20.6,0,16,39,51.7,60.8,1
2021-07-20,Data Science Intern,Contract,Remote,Healthcare,Berlin,Reid-Boone,Startup,9.0,1,1,92,1,35798.0,0,1,2751,327,2,47,15,16,0,6.4,Corporate,0,20.2,1,43,14,74.8,34.3,0
2020-11-21,Cybersecurity Analyst,Full-Time,Remote,Cybersecurity,San Francisco,"Mckinney, Todd and Reyes",Medium,6.0,1,1,46,1,29952.0,0,0,0,1848,5,49,24,12,0,9.0,Corporate,0,10.1,1,25,10,62.4,20.7,0
2021-06-24,ML Engineer,Part-Time,Remote,AI,Bangalore,Tucker Inc,Small,24.0,1,1,276,1,16252.0,0,0,0,1075,2,16,27,2,1,2.5,Corporate,0,1.0,1,64,0,83.5,17.3,0
2025-01-07,Cybersecurity Analyst,Internship,Remote,Marketing,New York,Serrano-Booth,Startup,15.0,0,1,179,0,41898.0,0,1,4391,1130,3,74,50,0,0,2.7,Corporate,0,26.4,1,86,36,0.0,93.6,1
2018-01-02,Data Science Intern,Full-Time,Remote,E-Commerce,Berlin,Romero-Gallegos,Enterprise,9.0,1,0,103,1,56144.0,0,0,0,242,4,23,50,27,0,3.9,Corporate,0,13.9,0,9,16,66.0,42.9,0
2025-08-21,Cybersecurity Analyst,Part-Time,Remote,E-Commerce,New York,"Martinez, Escobar and Craig",Startup,26.0,1,1,311,1,44426.0,0,0,0,1474,3,66,58,7,0,7.7,Corporate,0,23.5,1,7,20,53.8,24.9,0
2026-11-01,ML Engineer,Contract,Remote,Marketing,Toronto,Davis and Sons,Startup,23.0,1,0,275,0,24246.0,0,0,0,1615,4,15,64,12,0,2.4,Corporate,0,16.6,1,35,20,59.2,23.4,0
2020-05-25,Data Science Intern,Full-Time,Remote,AI,San Francisco,"Hayes, Sellers and West",Startup,17.0,1,1,201,0,23779.0,0,0,0,2102,5,27,33,7,0,1.9,Corporate,0,1.8,1,28,23,61.6,28.9,0
2023-11-09,UI/UX Designer,Contract,Hybrid,Software,Berlin,Martin Group,Medium,9.0,1,1,104,0,53598.0,0,0,0,1143,3,29,24,16,0,0.0,Corporate,0,14.3,1,19,14,62.3,6.0,0
2025-04-24,Data Science Intern,Part-Time,Remote,EdTech,Dubai,"Coffey, Moore and Lee",Medium,32.0,1,1,386,1,41999.0,0,1,4774,2725,2,35,3,20,0,7.4,Free,1,17.4,1,22,27,63.0,54.5,1
