posting_date,internship_title,employment_type,work_mode,industry,location,company_name,company_size,company_age,linkedin_presence,website_available,domain_age_months,verification_status,stipend,unrealistic_salary_flag,payment_required,registration_fee,job_description_length,grammatical_errors,vague_description_score,urgency_score,keyword_spam_score,fake_certificate_offer,recruiter_experience_years,recruiter_email_type,suspicious_email_domain,recruiter_response_time_hours,social_media_presence,emotional_manipulation_score,phishing_language_score,trust_signal_score,fraud_score,is_fake_posting
2023-08-01,Cloud Engineer,Full-Time,Remote,Marketing,Sydney,Bradford Ltd,Small,15.0,1,1,171,1,37251.0,0,1,2953,1105,6,26,38,26,0,5.1,Corporate,0,11.7,0,24,8,55.9,52.4,1
2023-09-01,Backend Developer,Part-Time,Onsite,EdTech,Toronto,"Willis, Adams and Edwards",Medium,12.0,1,0,157,1,46242.0,0,0,0,1981,5,38,64,12,0,3.6,Corporate,0,38.9,1,20,21,65.9,38.5,0
2023-04-18,Frontend Developer,Part-Time,Hybrid,Software,Bangalore,"Green, Allen and Harvey",Startup,14.0,0,1,162,1,42231.0,0,0,0,2049,7,12,28,0,1,9.3,Free,1,2.6,1,50,26,62.9,63.2,1
2020-01-15,Cloud Engineer,Full-Time,Remote,Software,Singapore,Brown Ltd,Medium,5.0,1,1,35,0,38152.0,0,0,0,2493,5,19,100,17,0,8.4,Corporate,0,11.8,0,29,16,49.2,24.0,0
2021-12-25,Backend Developer,Part-Time,Onsite,Healthcare,Sydney,Bryan LLC,Startup,39.0,1,1,499,1,38447.0,0,1,1111,2331,7,49,42,46,0,3.3,Corporate,0,12.9,1,22,0,35.6,67.5,1
2026-07-22,Data Science Intern,Internship,Remote,EdTech,Singapore,Johnson-Webb,Small,2.0,0,0,16,0,27774.0,0,0,0,2283,5,44,21,4,0,3.8,Corporate,0,35.3,1,36,15,27.5,67.8,1
2022-09-27,UI/UX Designer,Part-Time,Remote,Gaming,Bangalore,Peck Inc,Enterprise,24.0,1,1,260,0,20983.0,0,0,0,1339,1,45,32,11,0,1.1,Free,1,20.6,1,5,18,55.8,31.1,0
2026-09-25,AI Research Intern,Part-Time,Onsite,Healthcare,Toronto,Rodriguez Group,Medium,2.0,1,1,1,1,20823.0,0,0,0,835,6,35,40,17,1,6.1,Corporate,0,17.9,1,51,15,60.4,51.1,1
2023-02-06,AI Research Intern,Internship,Remote,Software,New York,Duran Inc,Startup,4.0,1,1,48,1,37543.0,0,0,0,2089,4,0,46,45,1,3.5,Corporate,0,39.4,1,4,0,79.0,27.1,0
2024-02-28,ML Engineer,Full-Time,Remote,Software,Sydney,Martinez-Torres,Medium,22.0,1,1,267,1,66805.0,0,0,0,1337,1,68,36,43,0,2.5,Free,1,26.7,1,23,22,56.8,50.2,1
2025-09-08,Cybersecurity Analyst,Contract,Remote,Cybersecurity,Berlin,"Lucas, Cooper and Smith",Small,25.0,1,1,328,1,30753.0,0,0,0,3325,5,43,43,25,0,2.2,Corporate,0,21.0,1,9,28,53.8,43.2,0
2023-04-14,Cybersecurity Analyst,Contract,Onsite,Healthcare,Singapore,"Miller, Young and Juarez",Medium,14.0,1,1,156,1,5653.0,0,1,1514,1843,3,28,35,33,0,9.2,Corporate,0,8.3,1,44,58,35.1,73.1,1
2022-05-20,Data Science Intern,Internship,Remote,Software,Singapore,"Jordan, Walker and Vargas",Small,34.0,0,1,401,1,38878.0,0,0,0,1986,3,44,68,17,0,0.0,Free,1,29.2,0,53,35,33.5,67.4,1
2024-02-12,AI Research Intern,Full-Time,Remote,EdTech,London,Giles LLC,Startup,2.0,1,1,26,1,31541.0,0,0,0,1547,1,6,49,0,0,4.7,Free,1,30.3,1,28,14,95.9,11.2,0
2025-08-13,Marketing Intern,Internship,Remote,Cybersecurity,Toronto,Jensen-Colon,Enterprise,2.0,1,1,74,0,24401.0,0,0,0,2711,2,55,58,1,1,9.4,Corporate,0,11.6,1,18,12,54.2,48.5,0
2019-01-05,Marketing Intern,Part-Time,Remote,Healthcare,San Francisco,"Bates, Olson and Scott",Startup,29.0,0,1,333,1,51478.0,0,0,0,2234,3,3,72,6,0,8.4,Free,1,11.6,0,19,13,62.6,33.4,0
2026-08-30,Cloud Engineer,Internship,Onsite,AI,London,Ramos Inc,Enterprise,30.0,1,1,371,1,39749.0,0,0,0,2151,3,25,75,1,0,5.7,Corporate,0,33.8,1,23,12,55.2,19.1,0
2019-07-12,Marketing Intern,Internship,Remote,FinTech,Singapore,"Carpenter, Savage and Spencer",Small,22.0,1,0,289,1,31648.0,0,0,0,2369,3,57,46,35,0,0.5,Corporate,0,22.3,1,63,0,66.8,28.0,0
2018-08-07,Backend Developer,Contract,Hybrid,E-Commerce,Bangalore,Brooks-Yoder,Small,31.0,0,1,347,1,16850.0,0,0,0,1343,2,34,35,58,0,2.3,Free,1,15.7,1,34,48,46.8,58.4,1
2022-04-17,AI Research Intern,Contract,Remote,FinTech,Sydney,"Beard, Terry and Brown",Medium,20.0,0,1,262,1,41082.0,0,0,0,517,8,40,64,6,0,6.4,Free,1,30.9,0,48,7,38.9,71.8,1
2018-08-11,Frontend Developer,Internship,Onsite,EdTech,Berlin,Garrison-Marquez,Medium,25.0,1,1,329,1,4623.0,0,0,0,3311,4,21,9,39,0,3.5,Corporate,0,25.5,0,4,38,61.8,14.3,0
2025-12-04,Cybersecurity Analyst,Part-Time,Hybrid,FinTech,New York,Sanchez-Johnson,Startup,27.0,1,1,342,1,27248.0,0,0,0,2253,2,43,88,27,1,5.3,Free,1,31.7,1,23,20,66.0,53.0,1
2022-02-16,Frontend Developer,Full-Time,Hybrid,E-Commerce,New York,Brooks PLC,Startup,4.0,0,1,36,1,41740.0,0,0,0,900,5,62,93,10,0,4.3,Corporate,0,8.5,0,49,38,27.7,61.5,1
2020-08-22,Marketing Intern,Internship,Remote,EdTech,Sydney,Webb LLC,Small,29.0,1,0,368,1,43114.0,0,0,0,2030,7,65,45,64,0,7.2,Corporate,0,25.7,1,17,34,41.0,75.7,1
2020-12-28,Marketing Intern,Full-Time,Remote,E-Commerce,Singapore,"Brennan, Freeman and Cohen",Medium,1.0,1,1,1,1,56827.0,0,1,2761,1894,5,0,45,40,0,3.5,Corporate,0,12.3,1,54,42,44.7,68.9,1
2024-12-21,Cloud Engineer,Contract,Remote,EdTech,New York,Guerrero and Sons,Enterprise,25.0,1,1,261,1,22406.0,0,0,0,884,1,11,55,28,0,1.4,Corporate,0,27.9,1,41,34,60.7,10.0,0
2019-11-19,Data Science Intern,Part-Time,Hybrid,FinTech,Sydney,"Leonard, Pitts and Johnson",Startup,24.0,1,0,270,1,50296.0,0,1,3110,1905,3,35,1,0,0,7.4,Corporate,0,21.2,1,55,35,32.0,52.5,1
2022-06-24,Cybersecurity Analyst,Part-Time,Remote,EdTech,Singapore,Jackson-Jackson,Enterprise,16.0,0,1,194,1,16580.0,0,0,0,2104,3,35,15,5,0,4.9,Corporate,0,9.3,1,32,10,36.1,40.4,0
2024-04-03,UI/UX Designer,Contract,Remote,EdTech,San Francisco,Clements-Peterson,Medium,11.0,1,1,138,0,34008.0,0,0,0,1497,3,58,10,13,0,7.9,Corporate,0,9.1,1,44,18,,13.5,0
2024-05-25,Data Science Intern,Contract,Remote,Marketing,Dubai,Johnson Inc,Small,34.0,1,1,383,1,36188.0,0,0,0,2014,2,9,36,43,0,3.6,Corporate,0,23.0,1,66,18,72.7,14.3,0
2025-06-11,Frontend Developer,Internship,Remote,AI,Dubai,Sharp PLC,Small,9.0,1,1,167,1,30697.0,0,0,0,1516,1,0,62,34,0,0.0,Free,1,24.8,0,8,10,87.3,25.9,0
2024-01-02,Marketing Intern,Full-Time,Remote,Marketing,Bangalore,Carter-Thompson,Startup,20.0,1,1,231,1,6731.0,0,0,0,1770,4,36,42,7,0,4.6,Corporate,0,22.8,0,12,17,63.2,34.7,0
2025-09-05,Data Science Intern,Full-Time,Onsite,Software,Toronto,Hamilton-Allen,Enterprise,14.0,0,1,189,1,7120.0,0,0,0,1908,3,40,40,46,0,5.8,Corporate,0,18.1,1,0,20,40.0,40.0,0
2025-02-28,ML Engineer,Internship,Onsite,FinTech,Berlin,Gardner-Smith,Startup,9.0,1,1,99,1,58892.0,0,1,2074,826,7,22,42,0,0,8.2,Corporate,0,23.0,1,10,43,42.0,45.8,0
2023-07-10,ML Engineer,Part-Time,Remote,Gaming,London,"Jackson, Ford and Kennedy",Medium,7.0,1,0,104,0,41213.0,0,0,0,865,0,12,0,39,0,5.7,Free,1,33.0,1,18,62,67.3,50.2,1
2021-08-10,Frontend Developer,Full-Time,Remote,EdTech,San Francisco,Wallace-Moore,Startup,4.0,1,1,17,1,37742.0,0,1,3747,2154,1,9,54,27,0,8.9,Corporate,0,21.7,1,6,19,74.5,20.1,0
2021-05-03,Cybersecurity Analyst,Contract,Remote,Marketing,Bangalore,Willis-Hicks,Medium,16.0,1,0,193,1,24777.0,0,0,0,2276,1,40,76,10,1,5.4,Free,1,21.9,0,59,17,62.5,74.4,1
2022-06-14,Cloud Engineer,Part-Time,Onsite,E-Commerce,San Francisco,"Ross, Reynolds and Mclaughlin",Enterprise,18.0,1,0,230,1,19411.0,0,0,0,1086,2,48,24,41,0,1.1,Free,1,16.9,1,48,35,42.7,61.7,1
2018-08-18,Frontend Developer,Contract,Hybrid,EdTech,New York,"Mann, Vasquez and Mcclain",Medium,8.0,1,0,124,1,54642.0,0,0,0,1473,7,46,35,35,0,2.7,Free,1,18.9,1,0,18,46.8,68.6,1
2025-11-12,UI/UX Designer,Full-Time,Onsite,EdTech,Toronto,Lopez LLC,Medium,27.0,1,1,324,1,38033.0,0,0,0,2859,1,37,34,29,0,9.6,Corporate,0,12.6,1,0,17,85.2,15.1,0
2020-12-20,AI Research Intern,Internship,Remote,Cybersecurity,Bangalore,Grimes-Sanchez,Small,31.0,1,1,358,1,41193.0,0,0,0,1522,4,39,31,48,0,6.6,Corporate,0,7.3,0,28,42,45.4,40.8,0
2026-07-06,Frontend Developer,Contract,Hybrid,Marketing,Toronto,"Barker, Franklin and Cox",Small,10.0,0,1,129,0,41788.0,0,0,0,1365,3,28,33,42,0,7.9,Free,1,21.2,0,16,34,36.4,62.4,1
2018-11-30,Frontend Developer,Internship,Remote,FinTech,Berlin,Jackson-Bailey,Medium,5.0,1,1,85,1,60390.0,0,0,0,1672,5,9,51,9,0,3.3,Corporate,0,31.5,1,23,10,46.1,9.9,0
2021-12-01,Cloud Engineer,Contract,Onsite,EdTech,Toronto,Roberts Inc,Medium,39.0,1,1,467,1,9528.0,0,0,0,1693,0,20,9,51,0,1.5,Corporate,0,35.5,1,33,26,68.0,18.7,0
2020-07-04,ML Engineer,Contract,Remote,Gaming,Singapore,Phillips LLC,Startup,4.0,1,1,50,0,29476.0,0,1,2724,2763,4,43,31,30,1,6.0,Corporate,0,13.0,0,18,13,29.4,89.0,1
2025-12-05,Cloud Engineer,Internship,Remote,Cybersecurity,San Francisco,Lowe and Sons,Small,6.0,1,0,90,1,63149.0,0,0,0,2149,3,0,0,61,0,5.3,Corporate,0,26.9,0,33,12,93.9,12.8,0
2025-08-04,Cybersecurity Analyst,Part-Time,Hybrid,Software,Bangalore,"Thompson, Wilson and Perez",Medium,14.0,1,1,171,1,42803.0,0,0,0,2192,5,33,56,24,1,7.0,Corporate,0,22.5,0,40,18,65.2,46.8,0
2020-08-30,ML Engineer,Internship,Hybrid,EdTech,Singapore,"Young, Williams and Thomas",Enterprise,3.0,1,1,49,1,47932.0,0,0,0,1227,3,16,0,22,0,1.9,Corporate,0,10.3,1,57,34,57.0,0.1,0
2020-09-06,Marketing Intern,Internship,Hybrid,Gaming,Dubai,"Patterson, Chavez and Brown",Startup,4.0,1,1,49,0,41531.0,0,0,0,1029,5,39,32,40,0,8.4,Free,1,11.4,1,41,12,55.2,34.9,0
2019-03-18,Cloud Engineer,Internship,Remote,E-Commerce,San Francisco,Holland Inc,Startup,32.0,1,1,411,1,19759.0,0,0,0,1300,3,40,30,48,1,10.4,Corporate,0,12.3,1,0,34,57.7,67.6,1
2024-10-08,ML Engineer,Internship,Remote,Gaming,Sydney,"Murphy, Thomas and Richmond",Startup,28.0,1,1,340,1,55677.0,0,0,0,2084,5,48,36,77,0,5.5,Corporate,0,34.9,1,10,22,51.7,52.9,1
2021-05-12,Data Science Intern,Contract,Remote,Marketing,Sydney,"Flores, Vargas and Adams",Small,34.0,1,0,417,1,18243.0,0,0,0,2230,3,65,0,0,0,5.1,Corporate,0,1.0,0,13,12,55.3,24.0,0
2018-10-22,Cloud Engineer,Internship,Remote,Gaming,San Francisco,Hill PLC,Medium,,0,1,70,1,21506.0,0,0,0,2342,4,21,0,32,0,4.4,Free,1,22.2,0,6,22,42.3,50.9,1
2024-09-18,Backend Developer,Part-Time,Remote,Marketing,San Francisco,May Inc,Small,27.0,1,1,322,1,35001.0,0,0,0,1926,3,16,43,6,0,5.0,Corporate,0,18.3,1,19,22,71.2,0.7,0
2024-07-13,AI Research Intern,Full-Time,Remote,FinTech,Bangalore,Sherman-Wood,Startup,16.0,1,1,206,0,33059.0,0,0,0,2098,5,11,54,20,0,9.5,Corporate,0,19.1,1,37,10,69.5,36.2,0
2024-11-09,Cloud Engineer,Full-Time,Remote,E-Commerce,Berlin,Carrillo Ltd,Small,29.0,0,1,338,1,58797.0,0,1,1948,1333,7,31,68,27,0,7.4,Free,1,31.5,0,30,0,49.0,85.2,1
2023-07-20,UI/UX Designer,Part-Time,Remote,E-Commerce,Berlin,Bryant Group,Startup,15.0,0,1,191,0,56659.0,0,0,0,2657,2,1,6,39,0,6.1,Free,1,1.0,1,23,56,33.7,56.1,1
2021-09-13,Backend Developer,Internship,Remote,Software,Dubai,Malone Inc,Small,6.0,1,1,111,1,15676.0,0,1,407,935,3,50,86,36,0,7.8,Free,1,15.9,1,55,0,66.6,74.1,1
2018-10-08,UI/UX Designer,Internship,Remote,Marketing,Sydney,"Wells, Cherry and Smith",Enterprise,37.0,0,1,457,1,51265.0,0,1,328,2804,3,29,49,40,0,4.6,Corporate,0,16.3,1,38,3,61.7,56.3,1
2025-10-06,ML Engineer,Internship,Onsite,AI,London,"Walker, Bonilla and Ellis",Medium,34.0,1,1,407,0,61790.0,0,0,0,1173,4,24,55,9,0,10.6,Corporate,0,17.8,1,3,42,55.8,44.2,0
2022-06-04,Backend Developer,Internship,Hybrid,Software,Singapore,Wong-Gonzalez,Startup,9.0,0,1,84,1,43808.0,0,0,0,2139,7,18,86,39,0,5.8,Free,1,10.0,1,0,31,42.3,75.3,1
2021-04-02,AI Research Intern,Internship,Remote,Software,Toronto,Colon and Sons,Medium,21.0,1,1,242,1,34531.0,0,0,0,1008,2,53,43,19,0,2.8,Corporate,0,21.9,0,10,0,60.6,14.7,0
2019-10-15,Cybersecurity Analyst,Part-Time,Remote,Marketing,Toronto,Sanchez PLC,Startup,14.0,1,0,178,1,26713.0,0,1,819,1649,2,36,36,10,0,3.2,Corporate,0,17.1,1,13,20,50.6,57.3,1
2023-03-24,Data Science Intern,Internship,Remote,EdTech,Sydney,"Blake, Peters and Crosby",Enterprise,17.0,0,1,200,1,29827.0,0,0,0,2613,2,39,39,37,0,3.1,Corporate,0,22.0,0,40,56,29.9,58.0,1
2023-05-02,Frontend Developer,Contract,Remote,Gaming,New York,Rodriguez PLC,Medium,10.0,1,0,105,1,17564.0,0,0,0,1676,2,37,24,62,0,5.5,Corporate,0,37.7,1,34,7,74.7,52.2,1
2026-05-01,Marketing Intern,Part-Time,Remote,Marketing,New York,Whitney Group,Small,9.0,1,1,107,1,30987.0,0,1,131,1117,3,29,24,21,0,3.9,Corporate,0,44.1,0,24,35,57.3,55.7,1
2018-02-15,UI/UX Designer,Full-Time,Onsite,EdTech,Berlin,"Flores, Ramos and Bartlett",Small,23.0,1,0,286,1,23985.0,0,0,0,1850,3,60,39,17,0,7.8,Corporate,0,27.6,1,0,0,53.6,32.6,0
2018-01-15,Backend Developer,Full-Time,Hybrid,AI,Dubai,Mata-Diaz,Medium,19.0,1,1,229,1,12545.0,0,0,0,1285,6,25,85,5,0,0.0,Free,1,11.1,1,3,34,39.6,59.1,1
2019-03-04,Marketing Intern,Full-Time,Hybrid,Healthcare,Singapore,Long-Valdez,Small,14.0,1,1,159,1,38823.0,0,0,0,1828,4,7,42,25,0,7.2,Corporate,0,14.6,1,23,38,76.1,16.1,0
2025-08-15,Frontend Developer,Internship,Remote,Healthcare,London,"White, Garrett and Jennings",Startup,3.0,0,1,40,0,71995.0,0,0,0,1123,2,48,53,50,0,4.2,Free,1,27.4,1,14,37,26.6,87.9,1
2018-06-06,Marketing Intern,Contract,Remote,Marketing,New York,"Ward, Padilla and Pham",Startup,38.0,1,1,428,0,59742.0,0,0,0,2088,2,26,52,52,0,5.2,Corporate,0,26.8,1,50,35,27.1,50.2,1
2026-05-21,Data Science Intern,Internship,Remote,AI,Singapore,"Bell, Harrison and Sullivan",Startup,10.0,1,0,108,1,59661.0,0,1,2427,2897,2,26,31,28,0,3.3,Corporate,0,20.9,1,29,0,68.4,49.1,0
2021-05-06,ML Engineer,Part-Time,Onsite,E-Commerce,Dubai,Santos Ltd,Enterprise,33.0,1,1,384,0,2290.0,0,0,0,1872,2,31,85,20,1,2.8,Free,1,7.9,1,15,12,38.4,53.9,1
2023-02-08,Backend Developer,Contract,Remote,Gaming,Berlin,Camacho Inc,Medium,39.0,1,0,487,0,39672.0,0,0,0,750,2,39,16,33,0,3.2,Corporate,0,21.8,1,16,48,38.8,56.8,1
2021-02-07,UI/UX Designer,Full-Time,Onsite,AI,Toronto,"Orozco, Peck and Willis",Startup,28.0,1,1,352,1,2000.0,0,0,0,2095,4,45,29,41,0,5.5,Free,1,14.7,1,26,0,64.3,23.2,0
2026-09-05,Cloud Engineer,Contract,Onsite,Software,Singapore,"Alvarado, Mcneil and Ashley",Small,9.0,1,1,102,1,17773.0,0,0,0,1979,6,22,7,35,0,6.9,Free,1,20.3,1,31,52,39.5,33.5,0
2025-07-15,Cloud Engineer,Contract,Onsite,Healthcare,London,"Flores, Bell and Jackson",Medium,22.0,0,1,265,1,42145.0,0,0,0,1972,5,59,22,38,0,8.2,Corporate,0,1.3,1,7,47,31.0,53.8,1
2019-07-02,Frontend Developer,Full-Time,Onsite,Cybersecurity,Toronto,Anderson-Banks,Enterprise,30.0,1,1,384,1,18390.0,0,0,0,1894,3,39,60,49,0,5.7,Corporate,0,24.9,1,37,36,66.2,23.9,0
2019-08-14,Data Science Intern,Internship,Remote,Marketing,London,Davidson-Hughes,Small,34.0,0,1,425,1,37135.0,0,0,0,1742,0,0,39,9,0,8.8,Corporate,0,30.9,1,16,9,68.9,8.0,0
2021-12-08,Data Science Intern,Internship,Remote,Software,San Francisco,Baker-Foster,Medium,34.0,0,1,375,0,63950.0,0,0,0,1391,2,60,63,72,0,5.4,Corporate,0,1.0,1,22,20,27.5,64.9,1
2022-03-31,Frontend Developer,Full-Time,Onsite,EdTech,Singapore,"Sweeney, Mendoza and Kelley",Medium,35.0,1,1,439,0,28256.0,0,0,0,1778,2,54,12,45,0,4.4,Corporate,0,4.3,1,4,36,33.9,47.1,0
2020-05-10,AI Research Intern,Full-Time,Onsite,Cybersecurity,Dubai,Hernandez Group,Startup,35.0,1,1,395,1,56043.0,0,0,0,2467,4,42,29,0,0,5.7,Corporate,0,23.5,1,34,22,64.8,25.2,0
2018-11-25,Cloud Engineer,Contract,Remote,FinTech,San Francisco,"Greene, Lang and Christensen",Small,3.0,1,1,30,0,28746.0,0,0,0,1068,4,48,21,14,1,7.7,Free,1,29.5,1,40,20,35.6,60.0,1
2020-05-06,UI/UX Designer,Internship,Remote,Healthcare,Singapore,"Stephens, Jenkins and Garcia",Startup,5.0,1,1,86,1,56090.0,0,1,3425,672,4,8,61,13,1,0.3,Corporate,0,16.6,1,47,30,75.5,58.5,1
2019-11-11,Frontend Developer,Part-Time,Remote,FinTech,Singapore,May-York,Medium,11.0,0,1,131,1,2000.0,0,0,0,2011,3,12,30,57,0,1.8,Corporate,0,31.3,1,56,47,44.1,50.8,1
2026-12-31,AI Research Intern,Full-Time,Hybrid,Healthcare,Dubai,"White, Orozco and Nelson",Small,33.0,1,1,375,1,60871.0,0,1,1747,2268,4,27,62,0,0,7.9,Corporate,0,18.1,1,29,13,56.6,57.1,1
2024-10-18,AI Research Intern,Part-Time,Hybrid,EdTech,New York,Hernandez Inc,Medium,16.0,1,0,206,0,63969.0,0,0,0,1829,3,90,50,25,0,1.6,Free,1,28.8,1,0,13,47.9,70.9,1
2025-04-06,Cybersecurity Analyst,Full-Time,Remote,AI,New York,Smith-Cooper,Startup,15.0,1,1,194,0,12567.0,0,0,0,1368,2,37,51,26,0,9.8,Corporate,0,14.5,1,0,0,75.4,20.4,0
2023-02-14,AI Research Intern,Contract,Hybrid,E-Commerce,New York,Harris-Kennedy,Medium,5.0,0,1,62,1,40180.0,0,0,0,1468,1,61,52,0,0,0.0,Corporate,0,7.8,1,33,10,57.9,28.5,0
2024-11-16,Cybersecurity Analyst,Contract,Onsite,E-Commerce,San Francisco,"Clements, King and Woodard",Small,4.0,1,1,69,1,38671.0,0,1,4982,690,4,39,59,14,0,8.3,Corporate,0,41.9,1,0,36,59.2,60.0,1
2019-01-08,Cloud Engineer,Part-Time,Remote,Gaming,Toronto,Hernandez-Cooper,Medium,18.0,0,1,210,1,35904.0,0,0,0,2320,4,18,67,10,0,6.1,Free,1,25.8,1,0,21,29.3,58.3,1
2024-10-10,ML Engineer,Contract,Remote,FinTech,San Francisco,Donovan LLC,Enterprise,32.0,1,1,393,0,43190.0,0,0,0,316,5,70,0,37,1,10.8,Corporate,0,12.0,1,31,0,30.7,50.2,1
2018-07-22,Marketing Intern,Internship,Remote,EdTech,London,"Sanchez, Dudley and Dudley",Startup,10.0,1,1,130,0,49449.0,0,0,0,2140,2,42,73,50,0,4.2,Corporate,0,31.8,1,48,7,49.3,36.3,0
2021-04-16,AI Research Intern,Full-Time,Remote,EdTech,London,Dixon-Strickland,Small,29.0,1,1,366,1,30166.0,0,0,0,2578,3,0,25,8,0,5.1,Free,1,2.9,1,20,44,56.0,27.9,0
2019-11-16,Frontend Developer,Part-Time,Onsite,FinTech,Toronto,Howard PLC,Small,,1,1,215,1,35979.0,0,1,2735,1966,2,28,28,9,0,2.6,Corporate,0,9.8,1,51,40,40.9,55.5,1
2020-05-05,Marketing Intern,Contract,Remote,AI,Singapore,Mills-House,Small,33.0,1,1,408,0,31892.0,0,1,534,1808,3,31,59,24,0,6.1,Corporate,0,6.6,1,31,30,46.7,64.6,1
2018-12-29,Cybersecurity Analyst,Internship,Remote,FinTech,New York,Thompson-Frank,Startup,25.0,1,1,299,1,3269.0,0,0,0,1788,2,51,78,18,0,4.9,Corporate,0,15.7,0,33,18,68.4,27.4,0
2023-10-22,UI/UX Designer,Part-Time,Onsite,E-Commerce,Dubai,"Williams, Perez and Morris",Enterprise,27.0,1,1,345,0,30931.0,0,0,0,1805,5,34,15,40,1,3.4,Corporate,0,18.7,1,48,39,34.9,53.3,1
2023-03-16,UI/UX Designer,Internship,Remote,Cybersecurity,New York,Wilson Group,Small,14.0,0,0,180,1,,0,0,0,657,3,40,46,23,0,4.3,Free,1,26.7,1,10,4,58.7,62.7,1
2018-07-25,ML Engineer,Part-Time,Hybrid,Cybersecurity,Sydney,"Chandler, Wright and Lane",Medium,28.0,1,1,315,1,39049.0,0,0,0,2483,3,45,21,48,0,6.7,Free,1,11.9,1,39,32,41.5,50.8,1
2026-05-19,Data Science Intern,Part-Time,Onsite,Healthcare,San Francisco,Thornton PLC,Startup,17.0,0,1,174,1,49923.0,0,0,0,1883,2,45,0,35,0,1.9,Corporate,0,10.2,1,34,39,42.3,40.6,0
2024-01-22,ML Engineer,Contract,Onsite,Cybersecurity,London,West Inc,Small,5.0,1,0,59,0,41694.0,0,0,0,2793,2,2,61,14,0,7.6,Corporate,0,11.0,1,48,3,69.2,14.8,0
2020-06-13,Data Science Intern,Contract,Hybrid,Cybersecurity,London,Howard-Warren,Startup,9.0,0,1,92,1,18132.0,0,0,0,3207,4,45,23,75,0,2.8,Corporate,0,16.8,1,9,3,57.8,26.9,0
2025-06-21,AI Research Intern,Contract,Remote,FinTech,Dubai,"Butler, Hayes and Martinez",Small,11.0,1,1,146,0,22043.0,0,0,0,953,4,68,33,43,0,5.7,Corporate,0,13.4,1,24,25,23.3,53.3,1
2024-12-24,Backend Developer,Full-Time,Remote,Cybersecurity,London,"Long, Peters and Fox",Enterprise,5.0,1,1,42,1,29069.0,0,0,0,2156,1,21,4,42,0,3.1,Corporate,0,24.3,0,51,23,65.2,26.9,0
2024-04-30,Cybersecurity Analyst,Full-Time,Remote,Healthcare,Sydney,Lane-Taylor,Startup,34.0,1,1,435,1,64580.0,0,0,0,788,3,17,0,38,0,3.7,Free,1,21.1,1,49,0,62.7,13.6,0
2019-03-01,AI Research Intern,Internship,Remote,Gaming,Bangalore,Lopez-Brown,Small,30.0,0,1,394,1,33658.0,0,0,0,3193,2,26,38,3,0,9.6,Free,1,18.1,0,0,19,45.8,40.2,0
2025-04-27,AI Research Intern,Full-Time,Remote,E-Commerce,Berlin,Newton Inc,Medium,2.0,1,1,2,1,53162.0,0,0,0,2072,2,38,17,0,0,5.0,Free,1,10.9,1,54,19,64.1,42.3,0
2022-04-12,Cloud Engineer,Full-Time,Remote,Cybersecurity,Sydney,"Johnson, Logan and Thomas",Small,30.0,1,1,391,1,27362.0,0,0,0,2335,2,47,39,22,0,6.1,Corporate,0,15.7,1,72,18,71.9,10.8,0
2026-12-08,Cybersecurity Analyst,Contract,Onsite,Software,Berlin,Fisher-Ramirez,Medium,39.0,1,1,484,1,20915.0,0,0,0,1262,2,0,33,26,0,0.0,Free,1,24.0,0,26,0,88.0,7.5,0
2022-08-20,AI Research Intern,Internship,Remote,Cybersecurity,Bangalore,Brown-Mendoza,Startup,15.0,1,1,186,1,33161.0,0,0,0,1799,2,20,45,28,0,5.7,Free,1,1.0,0,0,24,78.3,30.9,0
2025-04-17,ML Engineer,Contract,Onsite,E-Commerce,Berlin,Walker Group,Enterprise,19.0,0,1,227,1,55619.0,0,0,0,1790,1,40,64,27,1,6.0,Free,1,24.1,1,2,0,48.8,61.7,1
2024-10-27,UI/UX Designer,Contract,Remote,Software,Dubai,Young Ltd,Startup,6.0,1,1,99,1,20208.0,0,1,993,1194,3,42,66,43,0,7.8,Corporate,0,16.2,1,35,58,55.6,79.1,1
2023-02-14,Data Science Intern,Full-Time,Remote,FinTech,Sydney,"Santos, Lawrence and Morton",Small,24.0,1,0,280,1,22640.0,0,0,0,2073,4,27,79,16,0,9.5,Corporate,0,14.0,1,2,34,63.2,54.4,1
2022-03-27,Backend Developer,Contract,Remote,Gaming,Berlin,Todd and Sons,Small,39.0,1,1,444,0,38954.0,0,0,0,2644,3,22,27,22,0,6.1,Corporate,0,1.0,0,6,0,70.5,12.7,0
2024-03-13,AI Research Intern,Internship,Onsite,Cybersecurity,Toronto,Vasquez-Ward,Enterprise,15.0,1,1,175,1,58136.0,0,0,0,2316,0,58,34,0,0,1.4,Corporate,0,26.8,1,40,23,57.2,10.7,0
2024-08-22,Marketing Intern,Internship,Hybrid,Cybersecurity,Toronto,Smith-Welch,Medium,33.0,1,1,416,1,54554.0,0,1,1795,1746,6,26,45,60,0,5.3,Corporate,0,1.0,1,9,11,63.6,58.0,1
2022-09-01,Backend Developer,Internship,Hybrid,Cybersecurity,Sydney,"Smith, Bird and Shepherd",Medium,7.0,1,1,92,0,23213.0,0,0,0,978,1,12,38,32,0,8.9,Corporate,0,30.8,0,26,10,73.5,3.1,0
2024-07-16,Backend Developer,Contract,Hybrid,Software,Sydney,Woods-Powers,Medium,16.0,1,1,229,0,51476.0,0,0,0,349,5,11,14,34,0,9.5,Free,1,8.6,1,49,0,64.2,7.0,0
2022-03-23,Cybersecurity Analyst,Part-Time,Remote,E-Commerce,Singapore,Walsh-Gates,Medium,29.0,0,0,332,1,11983.0,0,0,0,1803,2,22,81,61,0,4.2,Corporate,0,14.2,1,34,7,74.7,62.8,1
2024-05-26,Frontend Developer,Full-Time,Remote,EdTech,San Francisco,Kennedy Ltd,Enterprise,38.0,0,1,478,1,37155.0,0,0,0,1214,3,16,56,33,0,1.6,Free,1,20.6,1,35,49,49.1,56.3,1
2018-09-04,Frontend Developer,Contract,Remote,Gaming,Dubai,"Thompson, Howard and Johnson",Startup,6.0,1,1,94,1,11058.0,0,0,0,315,3,44,52,20,1,1.0,Free,1,28.2,1,33,1,51.6,57.0,1
2021-01-24,UI/UX Designer,Full-Time,Hybrid,Software,Singapore,"Morales, Miller and Robinson",Small,28.0,1,1,322,1,50222.0,0,1,2793,2115,6,50,7,2,0,5.7,Corporate,0,6.5,1,40,31,43.1,63.0,1
2019-07-21,Backend Developer,Full-Time,Remote,EdTech,London,Campbell Group,Enterprise,15.0,1,1,163,1,30489.0,0,0,0,1932,3,41,72,31,0,11.1,Corporate,0,14.7,1,9,0,77.4,35.0,0
2023-07-29,ML Engineer,Contract,Remote,E-Commerce,London,Gomez-Johnson,Medium,19.0,1,1,245,1,11511.0,0,0,0,1635,3,0,48,12,0,1.2,Corporate,0,24.1,0,40,7,,0.8,0
2019-11-02,Frontend Developer,Contract,Onsite,Healthcare,Singapore,Edwards-Navarro,Startup,39.0,1,1,499,1,10723.0,0,0,0,981,3,82,90,39,0,0.0,Corporate,0,14.7,1,26,9,37.0,51.0,1
2020-03-22,AI Research Intern,Part-Time,Remote,Gaming,Sydney,"Knight, Velazquez and West",Enterprise,34.0,1,0,435,1,38350.0,0,0,0,1095,1,30,35,25,0,5.1,Free,1,25.0,1,39,0,74.3,37.4,0
2026-03-02,AI Research Intern,Contract,Remote,Healthcare,London,Lopez-Duke,Small,34.0,1,1,401,1,21683.0,0,0,0,3021,4,19,70,34,0,3.2,Corporate,0,27.9,0,0,47,56.4,35.0,0
2024-04-01,UI/UX Designer,Full-Time,Remote,E-Commerce,New York,Arnold-Perez,Enterprise,17.0,0,0,200,1,24783.0,0,0,0,1480,3,49,37,37,0,3.9,Free,1,26.7,1,14,16,23.7,71.2,1
2019-11-06,Cloud Engineer,Part-Time,Remote,Marketing,Sydney,Stafford-Carter,Small,12.0,1,1,147,1,41207.0,0,0,0,1482,5,27,12,31,0,3.2,Corporate,0,22.5,0,0,41,48.9,32.2,0
2024-10-01,AI Research Intern,Contract,Remote,Healthcare,Dubai,"Rodriguez, Schultz and Rivera",Startup,19.0,0,1,239,1,25116.0,0,1,3897,2212,2,9,26,25,0,7.3,Corporate,0,39.7,1,7,26,71.1,51.8,1
2021-02-26,Marketing Intern,Part-Time,Remote,FinTech,New York,"Watkins, Mccall and Lyons",Small,14.0,1,1,180,1,35086.0,0,1,1301,2550,4,48,36,0,0,8.3,Corporate,0,4.8,1,14,19,36.8,69.1,1
2023-03-21,Cloud Engineer,Part-Time,Hybrid,Healthcare,Toronto,Cook Ltd,Medium,11.0,1,1,143,1,39845.0,0,0,0,1644,3,41,62,0,0,4.4,Corporate,0,7.9,1,0,39,44.6,37.6,0
2022-12-28,Cybersecurity Analyst,Internship,Onsite,EdTech,New York,"Gates, Copeland and Allen",Small,4.0,1,1,57,1,43121.0,0,0,0,2056,5,20,14,38,0,0.0,Corporate,0,9.0,0,11,33,67.1,23.3,0
2024-09-05,UI/UX Designer,Full-Time,Remote,EdTech,San Francisco,Fox-Martin,Startup,15.0,0,1,167,1,,0,0,0,773,4,40,0,27,0,8.0,Free,1,1.0,0,0,16,44.8,39.1,0
2021-09-04,AI Research Intern,Full-Time,Remote,EdTech,New York,Deleon-Munoz,Small,3.0,0,1,43,0,32120.0,0,0,0,1123,5,38,22,7,0,10.7,Free,1,6.3,1,46,28,30.4,73.0,1
2021-02-21,ML Engineer,Contract,Hybrid,Cybersecurity,New York,"Bolton, Lawson and Taylor",Small,36.0,1,1,437,1,15003.0,0,0,0,1085,7,53,31,35,1,6.7,Corporate,0,21.7,0,13,38,22.7,55.2,1
2024-11-02,Marketing Intern,Part-Time,Hybrid,FinTech,Dubai,Thomas-Skinner,Small,33.0,0,0,392,0,28521.0,0,0,0,1543,3,6,64,15,0,4.4,Corporate,0,1.0,1,31,37,31.3,59.3,1
2019-03-07,Cybersecurity Analyst,Contract,Remote,Marketing,Dubai,Fuentes and Sons,Small,5.0,0,1,43,1,39834.0,0,1,2084,1682,5,17,100,1,0,5.4,Free,1,28.1,1,21,22,73.7,75.6,1
2020-11-02,ML Engineer,Full-Time,Remote,Gaming,London,Taylor-Ball,Startup,6.0,1,1,74,0,23505.0,0,1,4584,1195,1,4,15,10,0,8.6,Free,1,14.7,0,0,52,47.6,68.6,1
2018-08-13,UI/UX Designer,Part-Time,Onsite,E-Commerce,Singapore,Braun LLC,Startup,38.0,0,0,427,1,49272.0,0,0,0,2796,3,24,8,0,0,8.0,Free,1,20.6,0,14,29,43.5,63.2,1
2020-09-24,Data Science Intern,Contract,Onsite,Gaming,Toronto,Cooke PLC,Enterprise,35.0,1,1,419,1,59593.0,0,0,0,1860,1,9,34,0,0,8.4,Corporate,0,6.8,1,18,36,70.8,0.2,0
2018-07-15,Cybersecurity Analyst,Internship,Remote,Gaming,Berlin,"Torres, Carlson and Jenkins",Enterprise,14.0,1,0,168,0,42630.0,0,0,0,2306,2,36,67,46,0,3.8,Free,1,26.7,1,42,0,60.0,58.1,1
2021-02-21,UI/UX Designer,Part-Time,Remote,Software,London,Bennett and Sons,Enterprise,35.0,1,1,415,1,31020.0,0,0,0,2960,3,0,47,13,0,1.6,Corporate,0,8.8,1,26,11,88.8,0.0,0
2024-08-01,Data Science Intern,Full-Time,Remote,Healthcare,Toronto,Silva and Sons,Medium,33.0,1,1,389,0,36447.0,0,0,0,1793,1,57,61,45,1,5.2,Free,1,7.8,0,72,29,67.8,73.0,1
2018-07-09,AI Research Intern,Full-Time,Remote,Healthcare,Dubai,Elliott-Davis,Small,39.0,1,1,459,1,46592.0,0,0,0,2537,0,23,46,19,0,1.3,Corporate,0,29.5,1,16,43,43.2,32.2,0
2026-08-07,Cloud Engineer,Contract,Remote,AI,Bangalore,Lopez-Barnes,Small,15.0,1,1,190,1,20654.0,0,0,0,2232,4,27,22,7,0,5.4,Corporate,0,18.5,1,17,0,83.3,0.0,0
2026-08-24,Frontend Developer,Part-Time,Remote,FinTech,Bangalore,Martinez and Sons,Medium,16.0,1,1,199,1,20880.0,0,0,0,2130,4,45,40,19,0,6.0,Free,1,19.3,1,7,14,42.1,50.4,1
2021-06-24,Backend Developer,Part-Time,Hybrid,EdTech,Sydney,"Andrews, Douglas and Rosales",Small,3.0,1,1,48,1,15505.0,0,0,0,2249,3,24,97,32,0,2.8,Corporate,0,31.3,1,46,0,88.4,8.0,0
2021-12-13,AI Research Intern,Contract,Remote,Software,Dubai,Soto-Rodgers,Enterprise,34.0,1,0,415,1,32168.0,0,0,0,2556,3,0,41,54,0,5.0,Corporate,0,20.4,1,26,51,62.8,38.1,0
2020-09-30,AI Research Intern,Full-Time,Hybrid,Marketing,Sydney,Tate and Sons,Small,31.0,1,0,368,1,29004.0,0,0,0,1884,4,40,90,55,0,11.8,Free,1,11.8,1,18,1,66.5,60.6,1
2020-12-17,Backend Developer,Internship,Hybrid,Healthcare,Singapore,"Reed, Johnson and Casey",Startup,34.0,1,1,410,1,25718.0,0,0,0,1204,2,13,39,0,0,11.4,Free,1,23.0,1,24,24,67.4,30.9,0
2026-04-01,UI/UX Designer,Contract,Remote,Marketing,London,Roach-Burnett,Medium,23.0,0,1,262,0,49105.0,0,0,0,1381,2,26,66,5,0,2.8,Corporate,0,3.2,1,43,29,44.5,45.9,0
2024-07-04,Marketing Intern,Part-Time,Onsite,E-Commerce,Sydney,Escobar-Turner,Medium,8.0,1,0,92,1,55044.0,0,0,0,2306,3,37,62,10,0,5.0,Free,1,1.0,1,7,25,56.7,52.0,1
2018-06-15,AI Research Intern,Internship,Remote,Marketing,Sydney,Cruz Ltd,Small,5.0,1,0,74,1,15918.0,0,0,0,2322,1,50,33,0,0,1.6,Corporate,0,8.2,1,32,0,63.7,17.1,0
2019-01-31,UI/UX Designer,Contract,Remote,Cybersecurity,Toronto,Crane-Bell,Startup,29.0,1,1,331,1,2000.0,0,0,0,2183,4,25,34,25,0,2.3,Corporate,0,20.6,1,23,36,64.2,28.9,0
2021-03-01,UI/UX Designer,Internship,Onsite,Marketing,Sydney,Mays PLC,Small,7.0,1,0,75,1,47506.0,0,0,0,1934,2,32,41,9,0,8.6,Corporate,0,6.4,1,46,24,74.9,11.2,0
2023-02-27,Backend Developer,Full-Time,Remote,Cybersecurity,New York,Hayes PLC,Startup,27.0,1,0,345,0,22473.0,0,0,0,2614,2,41,39,34,1,11.1,Corporate,0,14.5,1,18,48,43.8,70.9,1
2023-03-07,Data Science Intern,Internship,Remote,AI,Singapore,Keller Ltd,Medium,4.0,1,1,74,1,37358.0,0,0,0,1388,6,19,40,0,0,6.0,Free,1,9.3,0,28,11,69.5,29.7,0
2023-07-20,Data Science Intern,Contract,Hybrid,FinTech,Singapore,Terrell-Browning,Medium,12.0,0,1,146,0,45547.0,0,0,0,1836,3,28,33,49,0,2.2,Free,1,22.4,0,25,53,20.7,65.0,1
2019-07-06,Data Science Intern,Full-Time,Hybrid,AI,Toronto,Ford-Williams,Medium,5.0,1,1,60,1,27707.0,0,0,0,1238,6,0,39,26,0,3.2,Corporate,0,17.3,1,73,15,58.4,2.9,0
2024-07-02,Cybersecurity Analyst,Full-Time,Onsite,Healthcare,New York,Williamson Group,Medium,8.0,1,1,91,1,29332.0,0,0,0,1399,4,47,88,26,0,5.2,Free,1,2.1,1,60,13,54.7,49.5,0
2018-05-24,ML Engineer,Full-Time,Remote,E-Commerce,Toronto,Thomas-Barnett,Medium,24.0,1,1,278,1,41126.0,0,0,0,3087,5,4,33,13,0,5.5,Free,1,16.1,1,3,0,66.9,11.4,0
2020-12-18,ML Engineer,Contract,Remote,Gaming,Singapore,Wilkins Inc,Small,25.0,1,1,301,0,39932.0,0,0,0,2291,7,0,28,38,1,10.5,Corporate,0,6.1,1,20,33,30.2,61.8,1
2025-07-16,Backend Developer,Contract,Remote,Healthcare,Singapore,Bridges-Woods,Startup,21.0,1,1,273,0,48493.0,0,1,2828,3009,2,48,71,5,0,4.0,Free,1,22.1,1,14,6,56.5,65.4,1
2025-11-12,AI Research Intern,Full-Time,Remote,Marketing,Toronto,"Garcia, Obrien and Huang",Small,39.0,1,1,456,0,30900.0,0,0,0,1277,2,20,36,47,1,1.5,Corporate,0,27.2,1,48,28,42.0,55.8,1
2021-08-25,Cybersecurity Analyst,Internship,Onsite,EdTech,Bangalore,Campbell and Sons,Enterprise,37.0,0,1,444,0,46126.0,0,1,4544,1458,1,83,44,43,0,4.7,Free,1,26.8,1,21,26,27.4,100.0,1
2021-08-31,Cybersecurity Analyst,Internship,Hybrid,Gaming,Dubai,"Russell, Mckay and Roberts",Medium,20.0,1,1,259,1,56002.0,0,0,0,1662,4,50,73,12,0,6.0,Corporate,0,16.3,1,14,53,44.0,58.3,1
2021-09-16,Frontend Developer,Full-Time,Onsite,Marketing,Berlin,"Mclaughlin, Horne and Sims",Startup,1.0,1,1,16,1,30340.0,0,0,0,1416,4,32,67,24,0,7.1,Corporate,0,22.9,1,67,27,51.0,46.0,0
2026-08-31,Cloud Engineer,Part-Time,Remote,Cybersecurity,London,"Jones, Hall and Watson",Small,9.0,1,0,106,0,28740.0,0,0,0,1470,7,43,54,9,0,11.6,Corporate,0,15.2,0,14,23,32.6,53.2,1
2026-08-15,ML Engineer,Internship,Remote,Gaming,Bangalore,Huerta-Kim,Startup,11.0,1,1,156,0,43925.0,0,1,2515,1976,1,76,29,0,0,8.0,Corporate,0,36.4,1,28,1,48.6,54.0,1
2023-03-10,Cloud Engineer,Full-Time,Remote,Marketing,San Francisco,"Roman, Cordova and Yang",Medium,13.0,1,0,164,1,18524.0,0,0,0,1739,3,27,29,50,0,8.9,Corporate,0,4.2,1,22,0,61.4,32.3,0
2023-06-08,UI/UX Designer,Contract,Remote,Gaming,Sydney,Graham Group,Startup,34.0,0,1,405,1,53268.0,0,0,0,2015,3,40,40,0,0,8.4,Free,1,18.9,0,12,4,40.7,55.8,1
2018-05-28,Frontend Developer,Full-Time,Hybrid,E-Commerce,Singapore,"Carter, Smith and Stevens",Medium,1.0,1,1,1,1,57553.0,0,0,0,902,7,62,64,21,0,9.8,Free,1,26.1,1,15,23,29.4,74.6,1
2020-11-02,Backend Developer,Full-Time,Remote,Marketing,Toronto,Case PLC,Small,33.0,1,1,394,1,61963.0,0,0,0,1808,2,23,0,35,0,2.5,Corporate,0,23.5,1,23,7,71.2,4.8,0
2024-09-23,Cybersecurity Analyst,Internship,Remote,AI,Berlin,Allen LLC,Small,11.0,1,1,141,0,37085.0,0,0,0,1659,2,25,69,0,0,0.3,Free,1,16.8,1,0,37,54.5,54.8,1
2021-01-21,Marketing Intern,Internship,Hybrid,Gaming,London,Patterson PLC,Medium,14.0,0,1,151,1,54027.0,0,0,0,2470,5,13,68,11,0,2.6,Corporate,0,1.0,0,0,9,65.8,28.8,0
2020-09-01,Data Science Intern,Contract,Onsite,Marketing,New York,"Ross, Johnson and Rangel",Medium,10.0,1,1,125,0,46510.0,0,0,0,2046,6,63,75,32,0,2.3,Corporate,0,20.7,1,11,25,27.3,59.3,1
2023-04-16,Frontend Developer,Contract,Hybrid,Gaming,Sydney,"Hood, Sosa and Villarreal",Medium,14.0,1,1,163,1,36066.0,0,0,0,1585,3,29,48,30,0,0.0,Corporate,0,25.6,1,41,0,74.1,5.0,0
2020-08-14,AI Research Intern,Internship,Remote,FinTech,San Francisco,"Morgan, Jackson and Wade",Medium,34.0,1,1,422,0,35698.0,0,1,3422,1271,5,30,60,56,0,3.9,Free,1,31.3,1,41,6,66.9,69.3,1
2025-05-07,UI/UX Designer,Full-Time,Remote,Healthcare,New York,Lewis-Michael,Small,16.0,0,1,172,0,22791.0,0,0,0,993,2,23,72,11,0,3.5,Corporate,0,15.5,0,2,56,13.9,68.8,1
2018-02-17,AI Research Intern,Full-Time,Remote,Software,Dubai,"Cardenas, Ortiz and Ibarra",Startup,31.0,1,1,365,1,41227.0,0,0,0,2480,4,3,49,63,0,2.9,Corporate,0,20.9,0,51,19,86.7,15.1,0
2022-12-03,UI/UX Designer,Part-Time,Onsite,Cybersecurity,Toronto,Nichols and Sons,Medium,23.0,1,1,278,0,18643.0,0,1,4312,1517,3,71,43,19,0,4.2,Corporate,0,7.6,1,9,27,32.9,68.4,1
2023-01-30,AI Research Intern,Contract,Remote,Healthcare,New York,Dean-Owens,Enterprise,5.0,0,1,41,1,2000.0,0,0,0,1351,3,35,62,30,0,5.1,Corporate,0,19.7,0,33,11,42.2,52.0,1
2021-01-05,Data Science Intern,Contract,Onsite,FinTech,Toronto,Zimmerman-Branch,Enterprise,36.0,1,1,437,1,2000.0,0,0,0,2212,4,0,44,28,0,3.5,Corporate,0,30.3,0,12,24,64.1,20.5,0
2023-08-16,Frontend Developer,Internship,Hybrid,Software,San Francisco,"Hansen, Anderson and Jones",Small,16.0,0,1,184,0,20350.0,0,0,0,1528,2,30,69,33,0,3.7,Corporate,0,8.7,1,0,15,61.2,32.4,0
2020-01-06,ML Engineer,Internship,Remote,FinTech,Toronto,"Costa, Smith and Wilkerson",Startup,25.0,1,1,300,1,39531.0,0,0,0,1609,7,68,21,71,0,2.4,Corporate,0,10.2,0,30,36,25.5,59.1,1
2024-04-20,Cybersecurity Analyst,Full-Time,Hybrid,Software,London,Johnson-Alexander,Small,1.0,1,1,10,1,38645.0,0,0,0,2191,3,67,0,47,0,6.3,Free,1,2.8,0,58,36,33.2,62.6,1
2025-12-05,Marketing Intern,Part-Time,Remote,E-Commerce,Sydney,"Little, Martin and Adkins",Small,5.0,0,1,71,1,9167.0,0,1,1440,1406,2,56,3,36,0,5.5,Corporate,0,8.7,0,20,1,60.5,66.5,1
2018-08-25,Cloud Engineer,Internship,Remote,Marketing,New York,Gutierrez-Wright,Small,14.0,1,0,150,0,18703.0,0,1,3628,1915,2,40,74,4,0,8.4,Corporate,0,25.9,0,19,0,41.2,78.7,1
2024-01-23,Backend Developer,Part-Time,Remote,AI,Sydney,"Ramirez, Noble and Huynh",Medium,3.0,1,1,35,1,36082.0,0,0,0,1818,2,20,12,36,0,3.6,Corporate,0,26.1,1,40,15,57.8,8.3,0
2025-07-02,Marketing Intern,Contract,Hybrid,Marketing,New York,"Allen, Bell and May",Medium,23.0,1,1,275,1,43173.0,0,0,0,1582,3,25,0,36,0,5.2,Corporate,0,19.9,1,40,6,54.8,8.8,0
2021-08-24,Frontend Developer,Internship,Hybrid,EdTech,New York,Johnson Inc,Enterprise,19.0,1,1,223,0,14313.0,0,1,769,1055,4,18,24,36,0,8.1,Free,1,11.4,1,14,19,67.9,69.6,1
2023-08-28,Frontend Developer,Part-Time,Hybrid,Gaming,Sydney,Nichols Group,Medium,20.0,1,1,243,1,60315.0,0,0,0,1534,4,46,77,38,0,1.3,Corporate,0,17.6,1,10,48,37.1,34.8,0
2019-02-13,UI/UX Designer,Internship,Hybrid,Software,Singapore,Benjamin-Thompson,Small,16.0,1,0,181,1,25765.0,0,0,0,2162,3,42,23,47,0,9.1,Corporate,0,1.0,0,5,11,54.5,41.8,0
2026-03-14,Cybersecurity Analyst,Part-Time,Remote,Gaming,Bangalore,"Smith, Ortega and Smith",Startup,13.0,1,1,158,1,15014.0,0,0,0,2198,2,18,50,19,0,8.7,Corporate,0,14.6,1,35,36,39.6,11.7,0
2023-01-19,Data Science Intern,Contract,Remote,Healthcare,Bangalore,"Reed, Blanchard and Douglas",Medium,20.0,1,0,237,1,58930.0,0,0,0,1208,2,46,36,9,0,4.8,Corporate,0,18.3,1,26,30,50.6,53.1,1
2019-07-05,Cybersecurity Analyst,Full-Time,Hybrid,Cybersecurity,Toronto,Perkins-Garcia,Small,3.0,1,1,39,1,33638.0,0,0,0,997,2,19,24,12,0,2.5,Corporate,0,21.7,1,1,53,55.7,22.9,0
2021-05-01,Marketing Intern,Part-Time,Hybrid,FinTech,Singapore,Lowe-Blake,Startup,15.0,1,1,175,1,30028.0,0,1,2357,1844,2,0,41,9,0,3.9,Corporate,0,8.7,1,47,50,77.1,21.2,0
2022-10-12,AI Research Intern,Part-Time,Remote,FinTech,Toronto,Anderson and Sons,Small,34.0,1,0,387,1,20583.0,0,0,0,848,4,41,0,47,0,5.2,Corporate,0,23.2,1,38,71,28.0,66.3,1
2023-01-09,Cloud Engineer,Contract,Onsite,Healthcare,Sydney,"Everett, Stewart and Garrison",Medium,7.0,1,1,88,0,,0,1,572,1635,2,36,79,6,0,3.1,Corporate,0,18.3,0,18,73,22.0,84.2,1
2022-06-06,Marketing Intern,Part-Time,Remote,E-Commerce,Sydney,"Wade, Williams and Ramirez",Small,39.0,1,1,465,1,41563.0,0,0,0,510,3,11,75,22,0,3.0,Corporate,0,3.2,1,47,12,67.5,32.0,0
2020-06-11,AI Research Intern,Internship,Remote,Software,Dubai,Lowe-Harris,Enterprise,12.0,0,1,150,0,31483.0,0,0,0,1323,3,9,26,0,0,6.7,Corporate,0,20.1,0,21,35,53.7,24.7,0
2023-05-03,UI/UX Designer,Contract,Remote,AI,San Francisco,Hill-Spencer,Medium,35.0,0,1,417,1,47417.0,0,0,0,2090,3,7,59,21,0,3.4,Free,1,15.9,1,0,10,53.5,35.4,0
2026-10-31,Data Science Intern,Full-Time,Hybrid,AI,San Francisco,Morgan Ltd,Small,14.0,1,0,166,1,21160.0,0,0,0,2459,6,54,1,15,0,0.7,Corporate,0,27.8,0,47,44,40.4,48.8,0
2026-01-27,Data Science Intern,Contract,Remote,FinTech,Sydney,Ali-Jones,Medium,39.0,1,1,450,0,6943.0,0,0,0,2169,6,23,54,42,0,7.3,Corporate,0,24.2,0,7,8,65.2,22.3,0
2021-08-23,Frontend Developer,Part-Time,Hybrid,AI,Toronto,"Orozco, Taylor and Mcclure",Startup,18.0,1,1,214,1,37222.0,0,0,0,2466,3,66,85,4,0,6.7,Corporate,0,29.5,0,29,34,32.3,54.0,1
2019-06-04,Backend Developer,Part-Time,Hybrid,EdTech,New York,"Andrews, Smith and Bell",Startup,2.0,1,1,30,1,27713.0,0,1,2701,2125,3,15,53,17,0,4.0,Free,1,20.2,0,1,55,54.8,79.1,1
2026-10-07,Data Science Intern,Full-Time,Remote,EdTech,Bangalore,Williams-Anderson,Small,12.0,0,0,116,0,50022.0,0,1,1575,1584,4,41,22,0,0,6.2,Corporate,0,10.8,1,28,53,37.1,96.1,1
2024-09-07,Cybersecurity Analyst,Full-Time,Remote,Software,Singapore,Braun and Sons,Startup,3.0,1,1,37,0,21904.0,0,0,0,1240,4,41,20,15,0,7.0,Free,1,5.7,1,33,20,47.1,39.4,0
2026-09-19,AI Research Intern,Internship,Onsite,EdTech,Dubai,Davis-Martinez,Startup,5.0,1,1,79,0,22431.0,0,1,832,825,4,32,59,20,0,4.5,Corporate,0,9.2,0,14,39,42.2,67.7,1
2022-01-21,Frontend Developer,Full-Time,Remote,Gaming,San Francisco,"Huff, Howard and Wright",Medium,28.0,1,0,348,1,2000.0,0,0,0,1708,3,45,79,28,0,0.8,Corporate,0,16.3,1,17,21,67.1,48.9,0
2018-07-13,Frontend Developer,Internship,Remote,Healthcare,Singapore,Garcia-Griffin,Small,22.0,1,1,271,1,65403.0,0,0,0,2244,2,0,16,39,0,9.0,Corporate,0,11.5,1,24,26,80.7,0.0,0
2024-05-03,Cloud Engineer,Full-Time,Hybrid,Gaming,Toronto,"Nichols, Everett and Wells",Startup,12.0,0,1,141,1,22946.0,0,0,0,566,5,44,20,22,0,3.4,Corporate,0,17.2,0,9,13,49.3,35.1,0
2026-03-03,Marketing Intern,Internship,Remote,Healthcare,San Francisco,Armstrong-Smith,Startup,34.0,0,1,442,1,49360.0,0,0,0,1405,0,27,51,2,0,2.8,Corporate,0,18.9,1,35,22,60.6,31.3,0
2026-06-06,Backend Developer,Internship,Onsite,Gaming,Singapore,"Cobb, Horton and Johnston",Small,28.0,0,1,330,1,24429.0,0,0,0,1974,4,44,53,53,0,4.1,Free,1,17.8,0,41,25,38.4,61.4,1
2025-02-16,UI/UX Designer,Contract,Remote,Software,Toronto,Joseph and Sons,Enterprise,6.0,0,1,92,1,28901.0,0,0,0,1667,4,39,55,12,0,1.9,Free,1,10.7,0,32,50,29.4,84.5,1
2025-05-12,Cloud Engineer,Full-Time,Hybrid,Marketing,London,Duncan-Silva,Small,11.0,1,1,114,0,46889.0,0,0,0,1680,5,8,29,17,0,2.8,Corporate,0,8.2,1,0,3,48.2,4.6,0
2026-03-27,Marketing Intern,Part-Time,Remote,Healthcare,Toronto,"Smith, Jenkins and Dean",Enterprise,22.0,1,1,270,0,4146.0,0,0,0,1528,2,65,13,25,0,8.0,Corporate,0,25.3,1,9,23,45.5,13.1,0
2021-06-18,Marketing Intern,Internship,Onsite,Marketing,Berlin,Chapman-Walter,Medium,20.0,0,1,234,0,16469.0,0,0,0,449,2,9,54,58,1,5.1,Corporate,0,11.7,1,22,38,39.8,67.4,1
2024-07-21,ML Engineer,Part-Time,Remote,AI,Toronto,"Hanna, Hall and Hopkins",Startup,9.0,1,0,78,1,41568.0,0,0,0,1071,4,0,16,22,0,4.1,Corporate,0,28.2,1,29,33,66.5,20.7,0
2021-12-20,Cybersecurity Analyst,Full-Time,Remote,AI,New York,White-Snyder,Small,16.0,1,1,189,1,10903.0,0,1,2875,1419,3,22,0,42,0,6.9,Corporate,0,27.0,1,9,10,62.0,46.3,0
2019-12-07,Cybersecurity Analyst,Part-Time,Onsite,FinTech,Singapore,Johnson-Edwards,Startup,34.0,1,1,408,0,54746.0,0,0,0,1060,4,17,92,15,1,2.0,Free,1,25.4,1,31,38,49.5,46.9,0
2022-04-15,UI/UX Designer,Part-Time,Onsite,Software,San Francisco,"Webster, Hunt and Bailey",Startup,14.0,0,1,159,0,46754.0,0,0,0,1594,3,39,43,16,0,3.0,Free,1,30.4,1,7,40,43.1,61.9,1
2024-11-30,Data Science Intern,Full-Time,Hybrid,E-Commerce,Sydney,White Group,Medium,14.0,1,1,163,0,41178.0,0,0,0,2650,4,74,25,30,0,2.5,Corporate,0,18.4,1,28,46,11.5,55.4,1
2024-07-25,ML Engineer,Full-Time,Remote,Cybersecurity,San Francisco,Bray and Sons,Startup,16.0,0,1,211,0,48981.0,0,0,0,1652,4,30,65,20,0,5.2,Corporate,0,18.9,0,3,25,32.5,53.1,1
2021-07-11,Frontend Developer,Part-Time,Remote,E-Commerce,New York,Davis PLC,Small,33.0,1,1,398,1,41560.0,0,0,0,1451,1,38,49,10,0,10.1,Corporate,0,16.1,0,6,10,75.1,14.3,0
2020-02-20,Cybersecurity Analyst,Part-Time,Hybrid,Cybersecurity,Dubai,"Steele, Murillo and Shaw",Small,19.0,1,0,220,1,5751.0,0,0,0,1435,2,0,53,25,0,5.4,Corporate,0,28.8,1,13,57,64.4,42.4,0
2018-05-10,ML Engineer,Internship,Hybrid,Gaming,Dubai,"Robles, Davis and Stewart",Medium,6.0,1,1,56,0,18699.0,0,0,0,2099,2,35,20,47,1,3.0,Free,1,19.9,1,39,22,63.1,63.8,1
2026-12-24,Marketing Intern,Internship,Remote,Healthcare,Dubai,"Alvarado, Sims and Morrow",Enterprise,10.0,1,0,107,1,31464.0,0,0,0,1908,2,39,85,25,0,5.3,Corporate,0,36.8,1,49,0,70.3,37.8,0
2021-03-03,ML Engineer,Contract,Onsite,FinTech,Toronto,Baker PLC,Medium,1.0,1,1,1,1,35663.0,0,1,517,2261,2,0,34,59,0,11.5,Free,1,28.7,1,20,23,83.2,54.2,1
2024-10-19,Frontend Developer,Contract,Remote,AI,London,"Price, Bailey and Hayes",Enterprise,32.0,0,1,385,0,14976.0,0,0,0,2368,2,46,60,13,0,3.2,Free,1,26.4,0,42,15,29.6,46.8,0
2022-03-30,Cloud Engineer,Full-Time,Remote,FinTech,Dubai,Jones-Nguyen,Startup,12.0,1,0,123,1,9879.0,0,1,2008,1308,1,34,38,9,0,2.4,Corporate,0,36.9,1,6,21,77.8,58.0,1
2018-11-15,Frontend Developer,Contract,Hybrid,Marketing,Sydney,Sanchez Group,Startup,12.0,0,1,134,1,39278.0,0,0,0,1972,1,34,48,19,0,8.0,Free,1,6.2,0,1,56,43.7,56.0,1
2024-11-30,AI Research Intern,Part-Time,Hybrid,Gaming,London,Rivera-Douglas,Enterprise,1.0,1,1,1,1,32239.0,0,0,0,2218,3,63,47,19,0,4.8,Free,1,21.2,1,35,14,41.9,55.4,1
2022-04-09,Marketing Intern,Contract,Remote,Healthcare,Singapore,"Weaver, Jones and Frank",Medium,3.0,1,1,39,1,27684.0,0,0,0,1769,4,6,59,20,0,0.0,Free,1,27.3,1,37,10,66.6,27.5,0
2024-12-03,Cloud Engineer,Full-Time,Onsite,Cybersecurity,Bangalore,"Erickson, Adkins and Howell",Medium,28.0,0,1,322,1,18143.0,0,0,0,2076,3,46,12,41,0,7.4,Free,1,36.2,1,6,24,49.5,63.3,1
2022-09-18,Marketing Intern,Full-Time,Remote,Marketing,Berlin,Collins-Anderson,Startup,39.0,0,1,472,1,50028.0,0,0,0,1999,3,38,55,39,0,3.5,Corporate,0,14.2,1,49,19,49.7,36.1,0
2022-01-16,Frontend Developer,Internship,Remote,Software,London,Johnson Inc,Startup,21.0,1,1,268,1,61460.0,0,1,2047,2519,4,40,46,42,0,4.3,Corporate,0,8.0,1,0,27,48.6,86.5,1
2018-03-30,UI/UX Designer,Contract,Remote,Healthcare,Dubai,"Olson, Watson and Bryant",Small,16.0,1,1,200,1,10780.0,0,0,0,1686,8,14,12,23,0,3.4,Corporate,0,8.9,1,54,26,60.5,10.3,0
2023-07-22,Backend Developer,Full-Time,Remote,Healthcare,New York,Carlson PLC,Enterprise,18.0,0,1,185,0,64402.0,0,0,0,975,2,25,25,39,0,1.1,Free,1,8.5,1,44,14,49.4,37.9,0
2024-11-18,Frontend Developer,Full-Time,Onsite,Cybersecurity,Singapore,"Clark, Patel and Hughes",Enterprise,16.0,1,1,219,0,22150.0,0,0,0,1626,6,65,33,32,0,0.0,Free,1,20.3,1,38,26,26.8,60.8,1
2023-10-18,AI Research Intern,Internship,Remote,EdTech,London,Simpson-Cruz,Enterprise,18.0,1,1,196,1,74719.0,0,0,0,1414,1,1,33,4,1,4.4,Free,1,14.7,1,21,17,80.2,12.3,0
2025-11-18,Data Science Intern,Contract,Remote,AI,Berlin,Morse-Schmidt,Small,17.0,1,1,217,0,24277.0,0,0,0,2168,0,5,28,0,0,2.0,Corporate,0,4.9,1,31,26,53.6,3.6,0
2022-10-07,UI/UX Designer,Part-Time,Onsite,Software,London,Baker Ltd,Small,22.0,0,1,252,1,46449.0,0,1,1428,1942,2,16,37,25,0,5.2,Free,1,13.6,0,35,45,62.8,81.9,1
2020-09-12,Cybersecurity Analyst,Contract,Onsite,Cybersecurity,Dubai,Turner-Gonzalez,Startup,36.0,1,0,442,1,40544.0,0,0,0,1814,1,31,31,7,0,8.8,Corporate,0,1.0,0,35,18,61.9,15.4,0
2019-10-05,Cloud Engineer,Contract,Hybrid,E-Commerce,Bangalore,Smith-Walsh,Medium,32.0,1,1,378,1,39709.0,0,0,0,1213,1,49,68,6,0,8.4,Free,1,21.0,1,6,14,65.1,39.0,0
2020-12-27,Data Science Intern,Part-Time,Remote,Healthcare,London,Martinez LLC,Medium,4.0,0,1,57,0,9241.0,0,0,0,2075,3,24,100,30,0,5.6,Corporate,0,17.6,0,39,0,61.6,52.3,1
2025-02-02,Cybersecurity Analyst,Part-Time,Remote,Cybersecurity,Bangalore,"Morrow, Jones and Ellis",Startup,35.0,0,1,423,0,14135.0,0,0,0,904,0,22,45,26,0,4.7,Free,1,8.6,1,34,18,48.6,38.7,0
2021-02-06,Backend Developer,Contract,Onsite,Software,Sydney,Sharp-Webb,Startup,14.0,0,1,183,1,18408.0,0,0,0,1254,2,56,55,23,0,4.8,Corporate,0,28.9,1,0,34,44.3,50.5,1
2023-08-11,Marketing Intern,Internship,Remote,Marketing,Dubai,Kim-Ali,Medium,6.0,1,1,83,1,50583.0,0,1,1246,2093,3,62,73,14,0,5.1,Corporate,0,16.8,1,53,36,44.6,75.0,1
2023-06-08,Cloud Engineer,Full-Time,Remote,Gaming,London,"Silva, Rivera and Anthony",Startup,35.0,0,1,428,1,24131.0,0,0,0,1306,4,30,54,55,0,6.8,Corporate,0,30.2,1,61,0,71.3,36.7,0
2026-10-15,Marketing Intern,Contract,Remote,Marketing,Bangalore,Allen-Rodriguez,Medium,,0,1,392,0,38321.0,0,0,0,1904,4,43,54,0,0,2.3,Corporate,0,11.6,0,0,13,,51.5,1
2024-09-19,Marketing Intern,Part-Time,Remote,Marketing,San Francisco,Chavez and Sons,Small,32.0,1,1,392,1,47269.0,0,0,0,1172,6,0,46,27,1,0.9,Free,1,10.3,1,25,23,69.6,48.5,0
2021-11-09,Marketing Intern,Part-Time,Remote,AI,London,Rodriguez-Jackson,Medium,23.0,0,0,302,1,28972.0,0,1,3450,2381,1,23,33,0,0,0.0,Corporate,0,28.0,1,0,38,37.9,87.2,1
2025-12-19,ML Engineer,Internship,Remote,Marketing,Singapore,Church-Phillips,Medium,20.0,1,1,236,1,39821.0,0,1,445,2081,3,43,58,34,0,1.9,Free,1,14.8,1,30,15,39.7,86.1,1
2018-02-07,Marketing Intern,Internship,Hybrid,E-Commerce,London,Keith-Thompson,Startup,5.0,1,0,49,0,23158.0,0,0,0,2690,2,64,37,38,0,6.8,Corporate,0,24.4,1,35,14,27.5,35.0,0
2023-10-05,UI/UX Designer,Full-Time,Onsite,Software,Singapore,Thomas-Wilson,Small,16.0,1,1,201,1,38723.0,0,0,0,2274,7,26,44,0,0,6.4,Corporate,0,11.2,1,3,50,32.1,35.9,0
2020-12-28,Cybersecurity Analyst,Part-Time,Hybrid,EdTech,Toronto,"Evans, Williams and Campbell",Enterprise,18.0,1,1,229,0,28361.0,0,0,0,2535,1,29,88,0,0,2.9,Free,1,19.6,1,30,36,54.3,55.5,1
2018-10-01,Cybersecurity Analyst,Internship,Hybrid,Marketing,Sydney,Cook-Manning,Startup,35.0,1,1,426,1,30388.0,0,1,116,1530,5,36,82,29,0,5.6,Corporate,0,10.0,1,38,10,56.6,59.5,1
2021-04-30,AI Research Intern,Contract,Hybrid,Gaming,Toronto,Shepherd-Collins,Small,30.0,0,1,359,1,37379.0,0,0,0,1553,2,5,22,24,1,7.0,Corporate,0,20.2,1,19,13,69.8,38.3,0
2020-02-23,Backend Developer,Part-Time,Onsite,AI,New York,Thomas Inc,Startup,24.0,1,1,267,1,38188.0,0,1,1769,1582,5,47,64,25,0,4.7,Corporate,0,29.5,1,25,30,49.6,71.1,1
2021-11-20,UI/UX Designer,Internship,Hybrid,EdTech,Bangalore,Anderson-Griffin,Startup,8.0,1,1,116,1,50013.0,0,0,0,2720,3,14,0,9,0,8.3,Corporate,0,25.7,1,0,35,62.5,5.5,0
2019-07-06,Marketing Intern,Internship,Remote,Gaming,New York,Bennett-Lawson,Enterprise,9.0,1,1,97,1,31541.0,0,1,1940,1277,1,50,39,16,0,5.9,Free,1,1.0,1,40,32,50.3,66.5,1
2023-11-14,Frontend Developer,Internship,Hybrid,FinTech,Berlin,Rivera-Mullins,Enterprise,29.0,0,0,346,0,38818.0,0,0,0,1679,1,1,49,15,0,2.2,Free,1,18.8,1,19,0,66.1,53.6,1
2020-04-17,Data Science Intern,Internship,Remote,Marketing,London,Walker-Jordan,Startup,39.0,1,1,493,0,47888.0,0,0,0,2108,1,57,33,20,0,1.8,Free,1,2.1,1,14,25,15.4,56.4,1
2018-05-29,ML Engineer,Part-Time,Hybrid,FinTech,Toronto,Marquez Group,Startup,32.0,0,1,383,1,22940.0,0,0,0,476,1,22,30,26,0,3.6,Corporate,0,16.7,1,24,37,35.6,32.3,0
2021-08-03,Backend Developer,Contract,Remote,EdTech,Toronto,"Hunter, Martinez and Garcia",Medium,18.0,1,1,200,1,13291.0,0,0,0,1180,5,28,6,74,0,6.9,Corporate,0,15.7,1,42,20,71.1,27.5,0
2026-01-17,AI Research Intern,Part-Time,Remote,AI,Singapore,Richardson PLC,Startup,34.0,1,1,403,0,36644.0,0,0,0,2122,3,0,38,16,0,4.0,Corporate,0,23.6,1,36,10,64.8,2.8,0
2026-10-19,Cloud Engineer,Part-Time,Remote,Healthcare,Dubai,Rivera LLC,Enterprise,33.0,1,1,386,0,52189.0,0,0,0,2989,2,52,20,0,0,10.2,Corporate,0,8.5,0,21,36,18.0,51.6,1
2022-01-18,ML Engineer,Internship,Hybrid,AI,Toronto,Grant-Rogers,Startup,2.0,0,0,32,1,51114.0,0,0,0,2364,4,33,24,56,0,0.7,Corporate,0,22.3,1,35,1,54.7,57.2,1
2020-05-02,Cloud Engineer,Contract,Onsite,Healthcare,Berlin,Lopez Inc,Startup,33.0,0,1,407,1,15638.0,0,0,0,2447,3,54,89,42,0,3.1,Free,1,14.1,0,29,21,39.1,74.4,1
2020-05-02,Cloud Engineer,Part-Time,Remote,Software,Dubai,Morales-Henry,Small,28.0,0,1,340,1,38236.0,0,0,0,2304,2,13,45,48,0,0.5,Free,1,25.7,0,5,0,69.7,22.0,0
2022-06-13,AI Research Intern,Internship,Remote,EdTech,Sydney,Mckee Group,Startup,22.0,0,1,271,1,37278.0,0,0,0,593,5,4,46,32,0,3.9,Free,1,31.1,1,55,50,52.3,55.1,1
2025-12-31,AI Research Intern,Contract,Onsite,FinTech,Sydney,Mcknight LLC,Small,1.0,1,1,37,0,13264.0,0,0,0,948,3,34,64,0,0,3.6,Free,1,19.3,1,45,53,36.6,56.7,1
2019-12-03,Marketing Intern,Full-Time,Hybrid,Healthcare,London,Pena Ltd,Small,31.0,1,1,345,0,41908.0,0,1,2779,2401,2,33,43,0,0,9.2,Corporate,0,16.3,1,25,51,48.3,71.3,1
2026-03-08,Cloud Engineer,Part-Time,Remote,Healthcare,London,"Lane, Patel and Miller",Medium,4.0,1,1,34,0,46507.0,0,1,3348,1852,1,10,22,16,0,2.9,Corporate,0,8.3,1,9,22,63.1,33.5,0
2022-08-18,Cybersecurity Analyst,Full-Time,Remote,Gaming,San Francisco,Reid Ltd,Enterprise,20.0,1,1,280,0,42859.0,0,0,0,1399,1,26,60,25,0,0.2,Free,1,17.0,1,0,29,53.8,49.5,0
2025-04-08,Backend Developer,Internship,Remote,Gaming,Toronto,Martin-Cox,Startup,24.0,1,1,288,1,39677.0,0,0,0,912,0,39,18,46,0,0.9,Free,1,2.1,0,32,32,43.5,57.4,1
2019-07-21,Cloud Engineer,Internship,Remote,FinTech,Toronto,"Vazquez, Mcguire and Butler",Startup,38.0,1,1,446,1,55137.0,0,0,0,2015,3,44,37,23,0,5.1,Corporate,0,37.8,1,41,37,33.6,37.0,0
2019-12-18,ML Engineer,Part-Time,Remote,Software,Toronto,"Morgan, Booth and Smith",Small,12.0,1,1,144,1,47634.0,0,0,0,1830,7,65,56,22,0,0.4,Corporate,0,14.1,0,5,5,49.3,55.0,1
2022-03-17,Marketing Intern,Contract,Remote,Marketing,Dubai,Stephens Inc,Small,31.0,0,1,354,1,19743.0,0,0,0,1935,3,64,70,0,0,5.4,Corporate,0,11.8,1,42,27,42.5,55.6,1
2024-02-05,Cloud Engineer,Contract,Remote,Marketing,Bangalore,"Berry, Henderson and Riley",Startup,39.0,0,1,485,1,14492.0,0,0,0,2834,2,17,34,5,0,4.6,Free,1,26.0,1,16,22,47.8,50.0,0
2020-05-22,Frontend Developer,Internship,Hybrid,Software,Bangalore,Tyler Group,Startup,5.0,1,1,61,1,11648.0,0,1,4931,1340,3,44,16,24,1,5.8,Corporate,0,7.5,1,16,45,43.5,83.3,1
2018-12-29,Marketing Intern,Part-Time,Hybrid,Software,Singapore,Davidson LLC,Startup,15.0,1,0,161,0,,0,0,0,1358,3,34,68,14,0,10.1,Corporate,0,14.8,1,33,34,31.1,50.9,1
2026-10-27,Cybersecurity Analyst,Part-Time,Remote,AI,Sydney,Johnson LLC,Startup,2.0,1,1,36,0,56858.0,0,0,0,2300,3,22,18,41,0,5.7,Corporate,0,8.7,1,38,23,47.4,34.2,0
2024-03-20,Marketing Intern,Contract,Hybrid,Software,Berlin,Collins-Koch,Small,32.0,1,1,372,1,13844.0,0,0,0,1883,3,18,99,55,1,4.7,Corporate,0,4.5,0,41,30,69.0,48.8,0
2024-01-21,AI Research Intern,Full-Time,Remote,EdTech,Toronto,Johnson-Boyd,Enterprise,35.0,1,1,412,1,28896.0,0,0,0,2056,2,45,34,52,0,7.2,Free,1,10.0,0,32,45,22.3,61.6,1
2018-10-19,Frontend Developer,Contract,Remote,EdTech,London,Scott LLC,Small,35.0,1,1,406,0,57550.0,0,0,0,2543,5,0,26,48,0,5.8,Corporate,0,31.4,1,49,42,59.2,17.2,0
2018-07-19,ML Engineer,Part-Time,Remote,E-Commerce,Berlin,Mann-Aguirre,Medium,30.0,1,1,339,1,24209.0,0,0,0,2313,8,40,42,30,1,5.8,Corporate,0,12.0,1,25,18,61.6,48.6,0
2018-10-15,ML Engineer,Full-Time,Onsite,E-Commerce,Bangalore,"Munoz, Mack and West",Medium,36.0,1,1,443,0,43465.0,0,1,729,3286,1,34,45,11,0,6.4,Free,1,1.0,1,31,62,48.9,80.3,1
2023-08-25,Frontend Developer,Full-Time,Hybrid,Software,Sydney,Alexander Ltd,Medium,5.0,1,1,59,1,35396.0,0,0,0,1120,5,55,51,25,0,5.1,Free,1,14.2,1,24,36,19.6,60.6,1
2022-09-11,AI Research Intern,Part-Time,Hybrid,Software,Sydney,Alexander-Vance,Enterprise,20.0,0,1,202,1,39926.0,0,0,0,1279,0,38,59,44,0,2.2,Corporate,0,25.9,1,17,34,41.2,54.8,1
2019-12-15,Cloud Engineer,Internship,Remote,Marketing,Dubai,"Delacruz, Alvarado and Young",Medium,29.0,1,0,341,1,30661.0,0,0,0,1597,3,35,60,36,0,7.8,Free,1,17.6,1,0,18,45.9,76.2,1
2021-09-14,Frontend Developer,Internship,Remote,Healthcare,Toronto,Liu-West,Medium,31.0,1,1,375,1,36405.0,0,0,0,2797,2,0,31,36,0,8.2,Free,1,31.0,1,42,41,65.4,35.0,0
2020-04-25,Backend Developer,Contract,Remote,Marketing,San Francisco,"Richardson, Barker and Stone",Small,12.0,0,0,172,1,27703.0,0,0,0,2264,2,28,0,12,0,7.1,Corporate,0,17.7,1,19,5,51.9,22.4,0
2021-05-28,UI/UX Designer,Internship,Remote,E-Commerce,Singapore,"Ford, Smith and Davis",Medium,15.0,1,1,199,1,15583.0,0,0,0,2265,3,17,80,7,0,0.3,Corporate,0,7.9,0,23,51,47.5,45.9,0
2018-11-11,Cloud Engineer,Internship,Remote,EdTech,Bangalore,Lawson-Lewis,Small,37.0,1,1,437,0,20734.0,0,0,0,1754,1,55,61,29,0,0.0,Free,1,18.2,1,35,12,50.0,53.9,1
2020-12-30,Frontend Developer,Part-Time,Hybrid,Marketing,Berlin,"Mendez, Hill and Woods",Startup,9.0,1,0,113,1,37959.0,0,0,0,1657,5,92,0,49,0,3.4,Free,1,37.6,0,25,14,40.0,64.1,1
2021-03-27,ML Engineer,Full-Time,Remote,Gaming,London,Wagner-Caldwell,Startup,31.0,0,1,352,0,38721.0,0,0,0,2258,3,28,17,16,0,7.8,Corporate,0,14.7,1,36,19,20.4,41.4,0
2020-06-27,ML Engineer,Internship,Hybrid,E-Commerce,Singapore,"Wallace, Jackson and Swanson",Enterprise,28.0,1,1,337,1,38596.0,0,0,0,708,2,22,62,31,0,6.3,Free,1,38.3,1,20,26,67.1,33.2,0
2025-04-25,Frontend Developer,Internship,Hybrid,EdTech,Bangalore,Ford-Beasley,Small,23.0,1,1,271,1,33741.0,0,0,0,1368,3,32,41,49,0,8.7,Corporate,0,26.4,1,25,27,58.0,33.0,0
2026-12-17,ML Engineer,Full-Time,Remote,EdTech,San Francisco,"Alexander, Martinez and Rivera",Small,6.0,1,0,80,0,46573.0,0,0,0,2873,3,53,69,30,0,2.3,Corporate,0,26.4,1,0,22,43.4,57.3,1
2019-03-26,Backend Developer,Contract,Remote,EdTech,Sydney,Beard Ltd,Startup,4.0,1,0,42,1,56145.0,0,1,1435,1686,1,20,38,27,1,4.9,Corporate,0,9.4,1,18,0,80.5,67.5,1
2022-08-23,Cybersecurity Analyst,Internship,Hybrid,FinTech,Bangalore,"Black, Diaz and Lyons",Startup,26.0,1,1,343,0,46951.0,0,0,0,2104,1,41,48,40,0,5.3,Corporate,0,8.4,0,16,25,47.7,30.4,0
2018-03-20,ML Engineer,Full-Time,Hybrid,E-Commerce,Sydney,Carter-Richard,Medium,11.0,1,1,97,1,58823.0,0,1,2501,1372,3,39,40,52,0,2.8,Corporate,0,13.1,0,26,34,59.9,57.9,1
2022-05-19,Frontend Developer,Full-Time,Hybrid,EdTech,San Francisco,Sloan-Smith,Enterprise,34.0,1,1,404,0,19869.0,0,1,4292,1795,1,15,21,31,0,0.0,Corporate,0,15.4,1,15,66,42.0,68.5,1
2024-01-24,Frontend Developer,Contract,Remote,AI,Singapore,Roberson LLC,Small,31.0,1,1,403,1,53132.0,0,1,970,1631,3,68,40,42,0,1.4,Corporate,0,13.1,0,10,42,37.6,77.6,1
2024-08-18,ML Engineer,Part-Time,Remote,AI,London,"Sutton, Sullivan and Cisneros",Medium,7.0,1,0,93,1,50081.0,0,0,0,1865,4,45,10,8,0,0.9,Corporate,0,22.5,1,10,16,68.9,17.3,0
2025-04-02,Cloud Engineer,Full-Time,Onsite,EdTech,Sydney,"King, Coleman and Bowman",Medium,35.0,1,1,432,1,31915.0,0,0,0,1012,4,57,16,51,1,1.1,Corporate,0,7.9,1,82,9,55.8,48.9,0
2021-08-24,Marketing Intern,Part-Time,Remote,AI,London,"Roberson, Roberts and Reeves",Small,9.0,1,1,139,0,19080.0,0,1,240,1433,2,49,100,0,0,1.8,Corporate,0,14.4,1,24,43,36.9,71.9,1
2025-04-16,Frontend Developer,Internship,Remote,AI,Sydney,"Washington, Robinson and Davidson",Startup,39.0,0,0,460,1,24188.0,0,0,0,1527,1,48,56,15,0,3.7,Corporate,0,32.0,1,27,28,59.9,59.6,1
2023-02-25,ML Engineer,Internship,Remote,AI,Berlin,Lopez Ltd,Small,11.0,0,1,139,1,45801.0,0,1,1443,1251,3,37,41,0,0,12.6,Free,1,14.9,1,13,26,27.8,76.5,1
2024-02-05,Data Science Intern,Full-Time,Hybrid,AI,Bangalore,Michael Ltd,Startup,11.0,0,1,135,1,40361.0,0,0,0,1280,2,45,12,19,0,5.0,Free,1,20.2,1,19,13,57.7,31.4,0
2020-05-16,Data Science Intern,Internship,Hybrid,Marketing,San Francisco,Kelley PLC,Medium,16.0,1,1,201,0,17842.0,0,0,0,1473,1,41,31,30,1,6.7,Corporate,0,24.4,1,38,46,12.9,64.1,1
2019-11-13,Cybersecurity Analyst,Contract,Onsite,Gaming,London,"Thomas, Moreno and Carter",Medium,12.0,1,0,129,1,40177.0,0,0,0,1382,4,14,15,18,0,3.8,Corporate,0,16.0,1,3,39,47.2,39.5,0
2025-12-04,Cloud Engineer,Part-Time,Remote,Healthcare,Dubai,Williams PLC,Startup,36.0,1,0,430,0,33905.0,0,1,3605,1917,5,47,4,36,0,2.6,Free,1,22.3,1,48,15,39.5,94.1,1
2021-01-31,AI Research Intern,Contract,Remote,FinTech,London,Cannon-Williams,Small,32.0,1,1,381,1,12265.0,0,0,0,757,6,34,57,42,0,3.0,Free,1,2.5,0,35,15,51.0,54.1,1
2022-09-16,AI Research Intern,Internship,Remote,Marketing,Berlin,Nguyen PLC,Startup,21.0,0,1,256,1,31270.0,0,0,0,1423,3,47,100,14,0,7.4,Corporate,0,11.4,1,46,14,47.3,60.3,1
2025-11-30,Marketing Intern,Contract,Hybrid,Marketing,Dubai,"Yu, Figueroa and Young",Small,1.0,1,0,22,1,39608.0,0,0,0,1485,3,27,61,11,1,7.6,Corporate,0,11.0,1,15,57,45.7,86.2,1
2023-09-02,UI/UX Designer,Internship,Hybrid,Healthcare,London,"Howe, Collins and Mckinney",Startup,,0,1,207,1,33253.0,0,0,0,2367,5,33,45,26,0,8.8,Free,1,9.5,1,0,0,66.8,49.3,0
2021-06-24,ML Engineer,Full-Time,Onsite,E-Commerce,Berlin,"Watson, White and Burch",Startup,36.0,0,1,445,1,44170.0,0,1,1103,1238,4,45,0,56,0,6.8,Free,1,11.9,1,10,18,42.5,60.1,1
2025-01-06,Cybersecurity Analyst,Internship,Remote,FinTech,San Francisco,Smith-Gardner,Enterprise,20.0,1,0,260,1,50300.0,0,0,0,888,4,23,38,4,0,4.0,Corporate,0,14.8,0,19,0,76.6,14.4,0
2026-07-02,UI/UX Designer,Part-Time,Onsite,Marketing,Dubai,Wheeler-Jones,Medium,30.0,1,1,366,1,33713.0,0,0,0,2213,2,23,19,19,0,6.5,Free,1,37.0,0,35,20,62.8,4.2,0
2019-03-08,ML Engineer,Full-Time,Remote,Healthcare,London,Ramos Inc,Startup,21.0,1,1,251,1,38429.0,0,0,0,2215,2,9,19,32,0,10.0,Corporate,0,39.0,1,12,6,71.4,0.6,0
2023-04-15,Frontend Developer,Contract,Remote,FinTech,Dubai,Mckinney-Chen,Small,15.0,1,1,185,1,36074.0,0,0,0,1646,4,32,25,0,0,0.0,Free,1,24.3,1,3,15,53.8,28.5,0
2025-03-05,Cybersecurity Analyst,Full-Time,Remote,Gaming,Dubai,Greene-Beard,Medium,21.0,0,0,251,1,12101.0,0,1,96,1275,2,0,56,44,0,4.4,Free,1,22.6,0,46,47,53.2,94.4,1
2021-11-16,Cloud Engineer,Part-Time,Remote,AI,Berlin,Williams and Sons,Startup,22.0,1,0,265,1,32146.0,0,0,0,2764,3,25,88,3,0,8.2,Corporate,0,28.5,1,26,41,53.4,48.9,0
2023-08-29,Backend Developer,Contract,Onsite,Software,Dubai,"Carter, Colon and Gallagher",Medium,2.0,1,1,21,1,24978.0,0,0,0,1770,4,24,41,15,0,1.0,Corporate,0,15.1,1,30,44,35.8,53.7,1
2022-08-11,Marketing Intern,Full-Time,Onsite,Gaming,Berlin,Nelson-Bowman,Enterprise,34.0,1,1,424,1,19830.0,0,0,0,1722,3,0,18,0,0,7.8,Corporate,0,31.1,1,32,46,55.4,17.1,0
2020-03-19,Cybersecurity Analyst,Internship,Onsite,Software,Bangalore,Jenkins Inc,Medium,3.0,1,1,34,1,,0,0,0,1209,4,0,5,50,0,4.5,Corporate,0,20.8,1,50,39,60.1,22.4,0
2020-09-18,Marketing Intern,Part-Time,Remote,Software,Dubai,Acosta Ltd,Startup,7.0,1,0,99,1,50495.0,0,0,0,1291,2,44,53,13,0,3.9,Corporate,0,21.5,1,11,0,44.2,32.3,0
2024-07-13,AI Research Intern,Part-Time,Onsite,E-Commerce,Sydney,"Larson, Ortiz and Snyder",Medium,32.0,1,1,389,1,23055.0,0,1,4455,1927,4,48,31,18,0,1.2,Corporate,0,4.2,1,23,4,61.2,51.2,1
2022-12-01,Frontend Developer,Internship,Remote,Software,Bangalore,"Hayden, Garcia and Castillo",Small,4.0,1,1,45,1,39810.0,0,0,0,2916,6,46,28,33,0,6.4,Corporate,0,13.2,0,13,0,52.2,27.0,0
2021-01-22,ML Engineer,Full-Time,Remote,Cybersecurity,London,Crawford Ltd,Enterprise,10.0,0,1,96,1,22104.0,0,0,0,447,0,4,27,4,0,5.4,Free,1,18.8,1,0,6,66.1,16.9,0
2026-10-08,Cybersecurity Analyst,Full-Time,Remote,Software,Singapore,"Serrano, Huerta and Lee",Startup,3.0,1,1,39,1,22257.0,0,0,0,2595,4,42,69,26,0,4.0,Free,1,10.1,0,39,27,52.8,54.7,1
2019-09-08,AI Research Intern,Contract,Hybrid,Cybersecurity,San Francisco,Castillo-Lewis,Medium,33.0,1,1,396,1,67278.0,0,0,0,2057,2,38,38,35,0,4.1,Corporate,0,8.6,1,10,5,58.5,10.1,0
2021-04-22,Data Science Intern,Part-Time,Remote,E-Commerce,New York,Andrews Ltd,Startup,2.0,1,1,20,1,38331.0,0,0,0,2501,2,44,47,37,0,5.6,Corporate,0,1.0,1,31,0,72.1,20.6,0
2025-04-26,AI Research Intern,Contract,Remote,AI,San Francisco,Castro-Ochoa,Enterprise,39.0,0,1,482,1,25945.0,0,1,1824,2427,4,33,34,40,1,9.8,Free,1,35.2,1,14,29,36.5,100.0,1
2021-12-12,Data Science Intern,Full-Time,Hybrid,Software,Bangalore,Neal and Sons,Startup,23.0,1,0,288,0,36385.0,0,0,0,1562,4,59,80,36,0,9.4,Corporate,0,20.9,1,0,20,35.4,65.2,1
2018-02-15,Backend Developer,Full-Time,Hybrid,Healthcare,Dubai,"Morrison, Miller and Washington",Startup,32.0,0,1,406,1,31993.0,0,0,0,2420,1,43,96,0,0,9.0,Free,1,35.0,1,15,16,29.5,68.9,1
2020-08-23,UI/UX Designer,Contract,Remote,FinTech,Singapore,Woodward PLC,Enterprise,32.0,1,1,369,1,48393.0,0,0,0,1978,3,33,37,30,0,12.4,Corporate,0,1.0,1,5,9,60.9,1.4,0
2023-04-04,Data Science Intern,Internship,Remote,FinTech,San Francisco,Miller-Holloway,Medium,37.0,1,1,438,1,3645.0,0,0,0,2623,4,18,76,72,0,5.4,Corporate,0,27.3,1,15,25,63.1,50.3,1
2025-09-29,UI/UX Designer,Internship,Onsite,Marketing,Singapore,"Barron, Clark and Roberts",Enterprise,3.0,1,1,34,1,28881.0,0,0,0,686,1,58,45,16,0,11.0,Corporate,0,10.5,1,32,9,66.2,12.4,0
2025-09-20,Cybersecurity Analyst,Contract,Remote,Marketing,New York,"Mills, Miller and Fisher",Startup,10.0,1,1,146,1,10483.0,0,0,0,1497,1,9,20,31,0,3.8,Corporate,0,25.4,1,31,6,89.0,0.5,0
2020-10-02,Data Science Intern,Part-Time,Remote,EdTech,Toronto,"Bailey, Banks and Miranda",Enterprise,34.0,1,1,412,0,19243.0,0,0,0,1071,1,39,71,22,0,10.1,Corporate,0,19.6,1,28,60,37.5,62.6,1
2018-09-29,UI/UX Designer,Internship,Remote,Gaming,Singapore,Brooks-Fowler,Startup,30.0,1,1,362,1,40905.0,0,0,0,2262,4,5,38,19,1,5.0,Corporate,0,21.0,1,44,0,78.0,26.0,0
2023-12-11,Cybersecurity Analyst,Full-Time,Hybrid,FinTech,New York,Kim-Salazar,Medium,32.0,1,0,384,1,17917.0,0,0,0,2643,5,22,31,56,0,8.4,Free,1,13.9,1,39,8,57.5,64.5,1
2023-01-23,Cloud Engineer,Contract,Remote,FinTech,London,Briggs and Sons,Startup,25.0,1,1,287,1,32408.0,0,0,0,2907,5,55,32,20,1,4.1,Free,1,10.7,0,20,17,26.1,69.2,1
2023-09-13,Backend Developer,Part-Time,Hybrid,FinTech,Berlin,Barker-Fowler,Medium,18.0,1,1,218,1,23194.0,0,0,0,1366,3,31,27,2,1,7.3,Corporate,0,35.9,1,35,15,,25.8,0
2022-11-21,Marketing Intern,Part-Time,Remote,Cybersecurity,San Francisco,Mccarthy-Taylor,Startup,15.0,1,1,176,1,34392.0,0,0,0,708,1,5,21,36,0,1.8,Corporate,0,23.3,1,28,30,70.4,3.4,0
2023-09-22,Frontend Developer,Full-Time,Remote,E-Commerce,Sydney,Allen-Haynes,Startup,,1,1,259,1,27630.0,0,0,0,2105,4,10,51,12,0,4.0,Free,1,22.1,1,0,12,45.4,8.3,0
2018-09-15,Backend Developer,Part-Time,Remote,EdTech,Singapore,Padilla Inc,Startup,16.0,0,1,173,1,27802.0,0,1,3668,1266,3,38,82,34,1,6.7,Corporate,0,37.3,0,44,19,67.8,91.2,1
2019-08-22,ML Engineer,Internship,Remote,Marketing,Singapore,"Harrington, Goodwin and Jackson",Enterprise,13.0,0,0,171,1,30813.0,0,0,0,1351,3,32,71,0,0,3.6,Corporate,0,13.5,0,47,14,42.7,55.5,1
2021-05-15,Cybersecurity Analyst,Full-Time,Onsite,EdTech,San Francisco,"Sullivan, Miles and Walker",Startup,20.0,1,1,238,0,44036.0,0,0,0,1702,4,23,18,2,0,5.3,Free,1,17.3,1,20,39,46.2,20.1,0
2019-05-31,AI Research Intern,Part-Time,Hybrid,E-Commerce,Toronto,Davis PLC,Small,21.0,1,1,243,1,50367.0,0,0,0,1738,3,62,28,10,0,4.7,Corporate,0,19.6,1,21,17,55.0,20.0,0
2018-07-11,UI/UX Designer,Contract,Onsite,Marketing,Berlin,"Collins, Beck and Bautista",Startup,14.0,0,1,183,1,36551.0,0,0,0,1974,6,55,85,18,0,7.0,Corporate,0,12.7,1,35,45,45.1,58.4,1
2025-06-26,AI Research Intern,Part-Time,Remote,E-Commerce,Toronto,Washington LLC,Small,15.0,0,1,165,1,27817.0,0,0,0,756,3,22,56,35,1,0.2,Corporate,0,6.3,0,32,30,42.9,57.9,1
2021-08-09,Backend Developer,Internship,Remote,Marketing,London,"Anderson, Cortez and Smith",Startup,29.0,1,1,333,1,72611.0,0,0,0,2222,3,43,43,28,0,3.6,Free,1,15.1,1,18,45,45.9,58.7,1
2019-07-23,ML Engineer,Full-Time,Hybrid,Software,Dubai,"Johnson, Brooks and Lewis",Small,12.0,0,1,133,0,28124.0,0,0,0,2658,5,30,59,1,0,4.1,Corporate,0,13.4,1,20,27,27.4,59.2,1
2026-11-25,Marketing Intern,Contract,Onsite,Healthcare,London,White Inc,Small,34.0,1,1,412,0,2000.0,0,0,0,1077,4,0,0,30,0,9.4,Free,1,18.2,1,61,32,48.5,37.9,0
2026-06-05,AI Research Intern,Part-Time,Remote,Marketing,Bangalore,"Kennedy, Brown and Davidson",Medium,23.0,1,0,271,1,52679.0,0,0,0,1620,7,13,0,18,0,4.9,Corporate,0,18.1,0,25,18,67.6,21.8,0
2025-12-09,Marketing Intern,Internship,Remote,FinTech,London,"Turner, Farmer and Gibbs",Small,39.0,1,0,474,1,56935.0,0,0,0,1073,3,4,61,11,0,2.1,Free,1,37.4,0,27,47,60.9,45.8,0
2020-07-29,AI Research Intern,Contract,Hybrid,Healthcare,Singapore,"Dyer, Powell and Clark",Small,14.0,0,1,162,1,46268.0,0,0,0,1683,1,49,86,41,0,5.4,Corporate,0,14.3,0,60,15,47.5,42.1,0
2026-08-04,Backend Developer,Internship,Remote,FinTech,San Francisco,Vega and Sons,Enterprise,29.0,1,1,332,1,28623.0,0,0,0,2354,5,42,56,28,0,5.1,Corporate,0,18.6,1,44,30,36.7,36.6,0
2018-08-26,Backend Developer,Part-Time,Remote,Healthcare,Sydney,"Bailey, Wilson and Jones",Startup,38.0,1,1,452,1,24141.0,0,0,0,3048,4,29,0,32,0,7.0,Corporate,0,8.0,1,34,12,77.4,14.9,0
2023-01-03,Marketing Intern,Full-Time,Remote,Cybersecurity,London,"Williams, Wilson and Smith",Enterprise,34.0,1,1,395,0,34693.0,0,0,0,2443,6,65,56,19,0,4.3,Corporate,0,19.6,1,44,26,10.2,57.0,1
2022-05-07,ML Engineer,Internship,Onsite,Marketing,Berlin,Schneider-Thompson,Startup,34.0,0,1,432,1,48648.0,0,0,0,1921,3,24,45,3,0,3.1,Corporate,0,13.0,0,0,21,50.0,24.7,0
2020-11-29,Cloud Engineer,Internship,Remote,Marketing,San Francisco,"Porter, Nichols and Myers",Medium,11.0,1,1,122,0,42285.0,0,0,0,2695,5,14,70,20,0,6.2,Free,1,29.8,1,0,45,32.9,60.5,1
2021-08-23,Data Science Intern,Internship,Remote,EdTech,Berlin,Rose-Blake,Small,27.0,1,0,331,1,,0,0,0,1780,3,1,8,45,0,9.1,Corporate,0,16.7,1,0,36,66.6,34.4,0
2023-12-27,Frontend Developer,Contract,Remote,Healthcare,Toronto,Sanders-West,Small,5.0,0,0,47,0,23532.0,0,0,0,710,4,38,0,24,0,2.6,Free,1,24.6,1,60,18,28.4,69.4,1
2026-01-20,Frontend Developer,Full-Time,Remote,AI,Toronto,Mccall LLC,Small,10.0,1,1,108,0,62841.0,0,0,0,1714,4,52,82,32,0,5.3,Free,1,17.5,1,0,35,25.4,79.1,1
2026-10-14,Cybersecurity Analyst,Part-Time,Hybrid,Marketing,London,Mendoza Inc,Medium,16.0,1,1,214,0,58431.0,0,0,0,1926,6,17,16,32,0,7.1,Free,1,5.7,1,50,17,44.9,32.7,0
2023-06-25,Frontend Developer,Full-Time,Remote,AI,London,Chapman-Cooper,Startup,5.0,0,1,55,0,50321.0,0,1,1593,710,4,86,54,24,0,7.6,Corporate,0,26.4,1,9,0,6.8,100.0,1
2018-05-12,ML Engineer,Internship,Remote,EdTech,London,"Calderon, Sutton and Hawkins",Enterprise,32.0,0,1,402,0,37290.0,0,0,0,1053,3,68,64,11,0,0.5,Corporate,0,4.8,1,19,39,27.7,51.8,1
2024-05-24,Marketing Intern,Internship,Remote,Software,Bangalore,Jones-Bender,Enterprise,33.0,0,1,402,0,30586.0,0,0,0,1591,6,30,7,1,0,4.0,Free,1,25.0,1,27,33,40.4,53.1,1
2019-03-09,ML Engineer,Internship,Remote,EdTech,Berlin,Flynn-Williams,Startup,27.0,1,1,333,1,2000.0,0,0,0,2249,3,6,7,37,0,6.5,Corporate,0,42.2,1,46,11,70.3,0.0,0
2025-10-15,ML Engineer,Internship,Onsite,Cybersecurity,San Francisco,Phillips PLC,Startup,38.0,0,1,470,1,23094.0,0,1,2422,3336,2,19,32,46,0,5.6,Free,1,16.5,1,0,3,,50.9,1
2020-09-23,Data Science Intern,Internship,Hybrid,FinTech,New York,Tran LLC,Enterprise,11.0,1,1,133,0,22096.0,0,1,73,1110,3,25,29,9,0,0.3,Free,1,18.3,1,25,29,42.8,68.0,1
2018-08-23,ML Engineer,Part-Time,Onsite,Marketing,New York,Green-Woodward,Startup,31.0,0,1,379,1,55576.0,0,1,1844,2301,5,57,23,21,0,1.0,Free,1,3.1,1,64,47,37.1,100.0,1
2025-06-05,UI/UX Designer,Part-Time,Hybrid,Software,Berlin,Mullen-Vang,Small,1.0,1,1,1,1,36102.0,0,0,0,2178,4,48,71,45,0,0.7,Free,1,24.7,0,40,20,43.5,53.4,1
2024-02-22,Cybersecurity Analyst,Full-Time,Remote,Cybersecurity,Sydney,"Taylor, Torres and Olson",Small,1.0,1,1,19,0,33348.0,0,0,0,2939,5,16,42,21,0,7.6,Corporate,0,17.8,1,15,38,39.1,49.8,0
2021-07-27,Cybersecurity Analyst,Full-Time,Remote,Software,London,"Jones, Evans and Francis",Startup,20.0,1,1,265,1,35037.0,0,0,0,1260,1,4,41,33,0,7.0,Corporate,0,25.4,1,4,0,75.1,2.2,0
2020-08-10,ML Engineer,Full-Time,Remote,EdTech,New York,Fitzpatrick-Williams,Enterprise,11.0,0,1,121,1,53411.0,0,0,0,1992,3,44,56,40,0,0.0,Free,1,22.0,1,16,46,35.5,85.6,1
2023-10-15,Marketing Intern,Internship,Onsite,Marketing,Dubai,Watson-King,Enterprise,7.0,1,1,64,0,62096.0,0,0,0,2307,6,28,78,8,0,4.8,Free,1,26.7,1,30,2,58.9,54.3,1
2023-02-23,Cloud Engineer,Contract,Hybrid,Software,Bangalore,Hudson-Cobb,Medium,5.0,1,1,60,1,35276.0,0,0,0,2439,2,50,72,33,0,7.6,Free,1,2.4,1,11,22,63.7,49.4,0
2026-06-05,Marketing Intern,Internship,Hybrid,E-Commerce,Toronto,Garrett-Rodriguez,Small,2.0,1,1,7,1,43714.0,0,0,0,2054,3,69,9,21,0,6.4,Free,1,23.7,1,0,16,70.3,36.8,0
2025-10-17,UI/UX Designer,Contract,Remote,FinTech,Dubai,Ponce Group,Startup,29.0,1,1,321,0,42868.0,0,0,0,1988,1,30,71,25,1,2.6,Corporate,0,20.2,1,1,15,58.1,52.9,1
2021-04-27,Cloud Engineer,Contract,Remote,Software,Bangalore,Johnson and Sons,Enterprise,16.0,1,1,149,1,35891.0,0,0,0,2726,2,55,45,43,0,7.8,Corporate,0,17.0,1,29,8,64.5,25.6,0
2019-10-09,Frontend Developer,Part-Time,Remote,Marketing,Singapore,Farmer-Sanders,Startup,28.0,0,0,335,1,46956.0,0,0,0,2483,2,43,63,13,1,5.2,Free,1,8.6,1,32,25,45.3,100.0,1
2019-08-31,ML Engineer,Full-Time,Onsite,Software,San Francisco,Lopez-Roberts,Startup,5.0,1,1,59,0,36843.0,0,0,0,2216,3,21,69,15,0,2.4,Free,1,17.1,1,0,35,47.0,56.7,1
2024-02-28,ML Engineer,Contract,Remote,Gaming,New York,Estrada-Hudson,Small,31.0,1,1,370,1,18493.0,0,1,347,1387,2,9,57,57,0,1.1,Corporate,0,23.6,0,35,16,73.5,50.6,1
2023-07-04,Data Science Intern,Internship,Hybrid,Cybersecurity,Toronto,Fuller-James,Medium,30.0,1,1,359,1,39380.0,0,0,0,2050,3,52,21,25,0,1.2,Corporate,0,7.6,1,39,38,43.3,22.0,0
2020-05-17,AI Research Intern,Internship,Remote,Marketing,Singapore,"Bryant, Mayo and Mercado",Small,7.0,1,0,98,1,12013.0,0,0,0,1198,2,2,50,0,0,9.4,Corporate,0,9.7,1,36,16,96.0,1.0,0
2021-01-04,Marketing Intern,Contract,Remote,Marketing,Berlin,Massey-Freeman,Startup,5.0,1,1,30,1,13072.0,0,1,1844,2194,4,60,19,13,0,3.5,Corporate,0,26.1,0,52,0,60.8,33.6,0
2018-12-11,Frontend Developer,Internship,Remote,E-Commerce,Dubai,Cole-Hendricks,Medium,32.0,1,0,379,0,35775.0,0,0,0,1611,2,41,60,0,0,0.8,Corporate,0,21.6,0,12,40,47.4,49.5,0
2020-04-01,Data Science Intern,Contract,Remote,Gaming,New York,Smith-Hernandez,Startup,6.0,1,0,77,0,45194.0,0,0,0,1910,3,30,79,47,0,4.6,Free,1,16.2,0,61,8,56.1,60.4,1
2021-12-23,UI/UX Designer,Contract,Remote,E-Commerce,Bangalore,Anderson Group,Medium,36.0,1,1,408,0,63574.0,0,0,0,2224,2,45,70,6,0,6.7,Free,1,15.9,1,30,49,28.0,82.7,1
2022-08-31,ML Engineer,Part-Time,Remote,Cybersecurity,Singapore,"Scott, Melendez and Anderson",Medium,36.0,1,1,449,1,45909.0,0,0,0,1462,4,50,27,0,0,2.0,Corporate,0,1.0,1,18,15,62.1,2.9,0
2024-08-31,AI Research Intern,Contract,Remote,E-Commerce,Singapore,Brown LLC,Startup,32.0,1,1,375,1,39107.0,0,0,0,1370,5,21,67,0,0,1.9,Corporate,0,1.1,1,34,29,65.8,9.2,0
2018-07-21,Cloud Engineer,Internship,Hybrid,Cybersecurity,Sydney,Johnson Inc,Startup,20.0,1,0,199,1,59699.0,0,0,0,1885,7,38,41,40,0,4.0,Corporate,0,2.4,0,56,16,53.2,41.6,0
2019-07-16,UI/UX Designer,Full-Time,Remote,Cybersecurity,New York,"Price, Meyer and Flores",Startup,,1,1,326,1,11787.0,0,0,0,1605,0,18,58,28,0,8.7,Corporate,0,24.2,0,13,32,86.5,0.0,0
2026-02-23,Marketing Intern,Contract,Remote,Marketing,London,Vaughn-Smith,Startup,6.0,1,0,106,1,40913.0,0,0,0,2462,6,30,38,10,0,3.0,Corporate,0,4.5,1,9,19,56.7,46.6,0
2022-03-24,Backend Developer,Internship,Remote,Healthcare,London,Landry-Scott,Enterprise,10.0,1,1,111,1,44514.0,0,0,0,2262,3,43,25,13,0,3.6,Corporate,0,13.9,1,29,16,72.9,13.5,0
2021-01-09,Frontend Developer,Full-Time,Hybrid,Healthcare,New York,"Atkinson, Kennedy and Rubio",Medium,25.0,1,1,305,1,37947.0,0,0,0,1428,2,38,15,8,0,8.3,Corporate,0,13.7,1,39,8,63.0,0.8,0
2022-07-25,Cybersecurity Analyst,Internship,Remote,Cybersecurity,Dubai,Rodriguez PLC,Small,10.0,1,1,104,1,53581.0,0,1,2614,2738,3,44,43,32,0,3.2,Corporate,0,2.9,1,29,68,42.3,74.0,1
2025-08-14,Marketing Intern,Full-Time,Hybrid,Gaming,London,"Perry, Kirby and Novak",Small,14.0,1,1,174,1,36897.0,0,0,0,1706,5,19,77,13,0,9.5,Free,1,39.1,1,38,61,38.3,53.2,1
2022-01-30,Data Science Intern,Contract,Onsite,Healthcare,London,Smith-Mccoy,Enterprise,11.0,1,1,128,1,18366.0,0,0,0,2487,3,35,43,20,0,0.5,Corporate,0,18.5,0,16,0,77.2,2.2,0
2025-09-30,Frontend Developer,Contract,Remote,Cybersecurity,New York,"Beck, Vazquez and Ellis",Medium,4.0,1,0,63,1,35584.0,0,0,0,2279,5,89,25,22,0,7.8,Corporate,0,31.7,0,3,24,42.3,66.8,1
2023-03-26,Cloud Engineer,Full-Time,Remote,EdTech,Berlin,Anderson PLC,Medium,2.0,1,1,28,0,60053.0,0,0,0,1309,8,34,54,28,0,5.1,Free,1,10.0,1,27,23,47.3,57.6,1
2020-02-02,Data Science Intern,Contract,Remote,Gaming,Berlin,Robertson-Lee,Medium,37.0,0,0,432,0,72739.0,0,0,0,1719,3,17,49,33,0,3.2,Corporate,0,1.0,1,56,21,40.2,43.1,0
2020-06-30,Cloud Engineer,Full-Time,Remote,Cybersecurity,London,Reyes and Sons,Medium,38.0,1,1,470,0,17891.0,0,0,0,2943,1,25,86,24,0,6.1,Corporate,0,29.1,0,6,12,55.4,19.3,0
2023-06-15,Backend Developer,Part-Time,Remote,Cybersecurity,San Francisco,Mendez-Lopez,Medium,18.0,1,1,220,1,17405.0,0,0,0,1152,7,53,0,34,0,5.3,Free,1,4.0,1,13,36,44.3,57.5,1
2025-01-03,Marketing Intern,Internship,Remote,Cybersecurity,London,Walker-Randolph,Small,22.0,1,1,228,1,10992.0,0,0,0,2423,2,54,55,18,0,3.5,Corporate,0,26.1,1,62,36,41.6,32.0,0
2020-09-20,Frontend Developer,Contract,Onsite,Marketing,Singapore,"Torres, Yang and Medina",Small,35.0,1,1,420,1,34229.0,0,0,0,2219,3,40,55,40,0,3.7,Corporate,0,26.4,1,38,24,65.3,18.3,0
2019-08-21,Frontend Developer,Part-Time,Onsite,Gaming,Sydney,Anderson-Harris,Medium,37.0,1,1,466,1,38732.0,0,1,4393,1297,3,45,49,43,0,8.2,Corporate,0,27.8,1,26,28,62.9,64.5,1
2025-04-10,AI Research Intern,Full-Time,Remote,AI,San Francisco,Horn Ltd,Startup,4.0,1,1,18,0,63652.0,0,0,0,1693,2,23,53,17,0,3.1,Free,1,25.6,1,0,34,50.2,28.5,0
2021-06-13,ML Engineer,Part-Time,Remote,Cybersecurity,San Francisco,"Brown, Thomas and Chapman",Medium,21.0,1,1,235,1,34327.0,0,0,0,2113,2,22,0,49,0,0.1,Corporate,0,24.5,1,43,39,68.7,25.2,0
2020-02-25,Backend Developer,Internship,Onsite,Gaming,San Francisco,Kennedy-Sherman,Small,3.0,0,1,30,1,49632.0,0,0,0,1811,2,32,4,0,0,5.1,Corporate,0,17.4,1,18,40,47.8,27.1,0
2023-04-18,UI/UX Designer,Internship,Remote,Marketing,Bangalore,Pollard-Harris,Startup,2.0,1,1,23,1,23765.0,0,0,0,1323,4,48,3,50,0,7.7,Corporate,0,17.5,1,58,44,23.0,51.9,1
2019-03-26,Cybersecurity Analyst,Full-Time,Remote,E-Commerce,Berlin,Scott LLC,Small,8.0,1,1,90,1,53136.0,0,0,0,1906,3,45,26,21,0,5.6,Corporate,0,22.2,1,19,0,56.1,8.0,0
2020-07-07,Marketing Intern,Full-Time,Remote,FinTech,Dubai,Martin LLC,Medium,20.0,0,1,239,0,43716.0,0,0,0,2894,2,30,82,0,0,0.0,Corporate,0,19.1,1,53,0,61.7,19.3,0
2023-09-19,Marketing Intern,Contract,Onsite,E-Commerce,Dubai,"Edwards, Dixon and Mccoy",Enterprise,37.0,0,0,443,1,32436.0,0,0,0,1140,4,78,48,30,0,6.3,Free,1,1.0,1,26,4,31.4,81.4,1
2024-07-08,Frontend Developer,Part-Time,Remote,Marketing,Berlin,"Douglas, Fuller and Perkins",Enterprise,27.0,1,1,311,1,34383.0,0,0,0,2071,2,45,38,42,0,11.0,Corporate,0,24.8,1,39,18,59.5,29.1,0
2021-02-03,Marketing Intern,Full-Time,Remote,FinTech,London,"Gonzalez, Zuniga and Barker",Small,19.0,1,1,233,1,51486.0,0,1,3483,1375,6,33,79,62,0,3.7,Corporate,0,1.0,0,17,5,66.8,56.6,1
2020-07-17,Cloud Engineer,Part-Time,Remote,E-Commerce,New York,"Brown, Barry and Herrera",Medium,8.0,0,1,92,1,13976.0,0,0,0,227,1,34,62,35,0,5.6,Free,1,4.0,1,63,20,68.0,60.8,1
2018-08-16,Data Science Intern,Internship,Hybrid,E-Commerce,New York,"King, Sanchez and Pittman",Small,9.0,1,1,86,1,14532.0,0,1,4137,1751,4,54,28,2,0,4.0,Free,1,14.0,1,18,26,64.3,63.4,1
2025-11-24,ML Engineer,Part-Time,Hybrid,AI,Singapore,"Velasquez, Haney and Hill",Medium,36.0,0,0,431,1,30796.0,0,0,0,2347,7,42,11,24,0,5.4,Free,1,31.2,1,20,25,36.6,79.2,1
2021-12-11,Frontend Developer,Part-Time,Remote,Gaming,London,"Sanchez, Smith and Peterson",Small,1.0,1,0,53,1,19809.0,0,1,4862,1955,1,40,33,16,0,8.0,Corporate,0,17.1,1,0,32,58.2,70.4,1
2020-12-14,UI/UX Designer,Part-Time,Hybrid,E-Commerce,Sydney,Morales-Floyd,Startup,12.0,0,1,154,1,36192.0,0,0,0,681,3,58,62,16,0,8.7,Corporate,0,15.0,1,52,13,34.3,53.5,1
2019-11-13,Cybersecurity Analyst,Contract,Remote,Healthcare,Toronto,"Villa, Wilson and Mcgrath",Startup,31.0,1,1,370,0,49844.0,0,0,0,2486,2,27,27,29,0,3.9,Corporate,0,18.1,1,42,5,51.3,10.0,0
2020-05-29,Frontend Developer,Full-Time,Remote,Healthcare,New York,Carpenter LLC,Startup,27.0,1,0,322,1,56965.0,0,0,0,1486,1,58,0,22,0,1.9,Free,1,24.0,1,46,29,41.8,59.1,1
2021-07-22,ML Engineer,Contract,Remote,Marketing,London,"Callahan, Burke and Cooper",Small,37.0,0,0,435,0,14163.0,0,0,0,1464,3,78,23,0,0,2.0,Corporate,0,33.3,1,1,28,38.5,61.3,1
2018-08-05,Marketing Intern,Internship,Remote,Cybersecurity,Toronto,Greer Group,Small,20.0,1,1,228,1,14313.0,0,0,0,2405,4,37,4,29,0,2.5,Free,1,8.7,1,29,28,57.8,45.6,0
2025-12-11,AI Research Intern,Contract,Hybrid,Software,New York,"Chambers, Jones and Anderson",Medium,35.0,1,1,427,1,16663.0,0,1,4634,2555,7,28,88,13,0,0.0,Free,1,14.1,1,77,35,54.5,79.4,1
2026-02-17,Cloud Engineer,Part-Time,Onsite,AI,Bangalore,"Grant, Cochran and Adams",Medium,32.0,1,0,387,1,58809.0,0,0,0,1910,1,54,49,44,1,3.6,Corporate,0,7.9,0,0,32,44.1,60.7,1
2020-07-24,AI Research Intern,Contract,Hybrid,AI,Berlin,Osborne-Hernandez,Startup,21.0,0,1,263,0,48230.0,0,1,4432,1981,3,32,49,43,0,6.9,Corporate,0,6.4,0,29,23,41.9,72.4,1
2021-11-28,ML Engineer,Contract,Hybrid,Cybersecurity,Dubai,Myers and Sons,Small,29.0,1,0,371,1,74215.0,0,0,0,2012,3,84,86,0,0,0.0,Corporate,0,38.0,1,0,0,58.0,46.4,0
2018-09-22,Backend Developer,Internship,Hybrid,EdTech,Sydney,"Hammond, Hamilton and Chan",Enterprise,9.0,1,0,118,1,21872.0,0,0,0,2604,8,25,0,7,0,5.6,Free,1,6.1,1,12,3,78.0,37.4,0
2020-07-31,Frontend Developer,Full-Time,Onsite,Gaming,San Francisco,Lewis-Salas,Startup,21.0,1,1,221,0,46324.0,0,0,0,1287,3,48,14,23,1,7.0,Free,1,20.1,1,16,33,30.5,62.4,1
2018-11-02,Cybersecurity Analyst,Internship,Hybrid,Marketing,Berlin,Baker-Brown,Medium,36.0,1,1,464,0,49034.0,0,0,0,1939,1,7,61,15,0,4.7,Free,1,27.4,1,51,10,47.0,13.1,0
2024-03-08,AI Research Intern,Full-Time,Onsite,Cybersecurity,Berlin,"Jackson, Holt and Gutierrez",Startup,3.0,1,1,30,1,54512.0,0,0,0,2341,2,20,28,53,0,3.8,Free,1,16.6,1,60,0,92.7,11.5,0
2025-07-12,Cybersecurity Analyst,Full-Time,Remote,AI,London,Simmons PLC,Medium,8.0,1,0,75,1,2000.0,0,0,0,1036,6,19,32,0,0,2.1,Free,1,12.9,1,16,32,51.4,71.3,1
2022-11-03,Marketing Intern,Internship,Remote,E-Commerce,Dubai,Baird-Miller,Small,22.0,1,0,275,1,45148.0,0,0,0,1325,3,0,48,25,0,7.8,Corporate,0,34.4,1,21,39,65.1,33.0,0
2021-02-25,Backend Developer,Internship,Remote,Cybersecurity,Sydney,Booth Group,Medium,5.0,1,1,93,1,25664.0,0,1,4883,1428,6,31,53,41,1,0.3,Corporate,0,27.1,0,42,6,50.9,81.5,1
2020-02-07,AI Research Intern,Full-Time,Onsite,FinTech,Toronto,"Roman, Bennett and Walker",Medium,2.0,1,1,35,0,34069.0,0,0,0,1928,1,53,9,19,0,6.2,Corporate,0,11.9,1,28,38,17.2,41.0,0
2018-03-27,ML Engineer,Full-Time,Hybrid,Marketing,Toronto,"Johnson, Duncan and Harmon",Startup,5.0,1,1,57,1,38935.0,0,0,0,3076,2,11,49,0,0,2.2,Corporate,0,16.0,0,0,19,68.2,8.7,0
2020-11-09,Data Science Intern,Part-Time,Remote,FinTech,Singapore,"Gomez, Smith and Garcia",Startup,27.0,1,1,305,1,26000.0,0,0,0,1139,3,31,66,40,1,6.2,Corporate,0,13.6,1,54,35,52.2,58.6,1
2021-09-24,Data Science Intern,Internship,Remote,Software,Berlin,"Clark, Diaz and Rice",Startup,26.0,1,0,323,1,36018.0,0,0,0,1821,6,0,49,24,0,0.0,Corporate,0,27.3,1,0,14,63.5,13.3,0
2020-02-23,Frontend Developer,Part-Time,Remote,E-Commerce,Berlin,Swanson-Alexander,Small,16.0,1,0,219,0,52130.0,0,0,0,2801,2,51,55,34,0,8.3,Corporate,0,6.2,1,0,45,21.7,63.7,1
2021-12-10,Data Science Intern,Part-Time,Remote,Gaming,Berlin,"Martinez, Roberts and Serrano",Startup,26.0,0,1,314,1,17255.0,0,0,0,1611,1,6,35,16,0,11.2,Free,1,19.1,1,62,31,,46.7,0
2018-05-14,Frontend Developer,Internship,Hybrid,FinTech,Dubai,Scott and Sons,Enterprise,8.0,1,0,115,1,49021.0,0,1,4304,2005,1,57,1,13,0,6.9,Corporate,0,19.2,1,49,0,53.9,52.0,1
2019-03-04,Backend Developer,Full-Time,Onsite,AI,Dubai,Walters Ltd,Enterprise,38.0,1,1,452,0,29667.0,0,0,0,2073,4,56,53,46,0,2.8,Corporate,0,17.7,0,41,14,37.1,37.0,0
2024-01-11,Cybersecurity Analyst,Full-Time,Onsite,EdTech,Sydney,Decker-Davila,Medium,36.0,0,0,420,1,54347.0,0,0,0,2991,4,62,38,67,0,9.4,Free,1,12.1,1,18,18,20.8,85.2,1
2024-10-10,UI/UX Designer,Full-Time,Remote,E-Commerce,Dubai,Diaz-Wang,Startup,35.0,1,1,415,1,4401.0,0,0,0,1364,2,45,73,30,1,5.3,Corporate,0,18.1,1,29,54,54.2,73.1,1
2026-04-26,Marketing Intern,Contract,Remote,Marketing,Toronto,"Campbell, Bowers and Hughes",Small,14.0,1,1,154,1,2000.0,0,0,0,1416,6,40,90,56,0,6.9,Corporate,0,24.0,1,21,34,59.1,57.2,1
2018-12-08,Cloud Engineer,Part-Time,Remote,Healthcare,Bangalore,Wright Ltd,Small,23.0,1,1,274,1,13387.0,0,0,0,821,1,12,23,53,0,10.1,Corporate,0,13.8,1,27,35,73.4,19.8,0
2026-01-17,Frontend Developer,Part-Time,Hybrid,EdTech,Toronto,Gross Inc,Small,2.0,0,1,12,1,14082.0,0,1,2050,1399,5,15,41,20,0,7.2,Corporate,0,11.7,1,56,29,51.9,61.2,1
2024-06-28,Cloud Engineer,Internship,Remote,Healthcare,Sydney,"Thompson, Yang and Chase",Small,26.0,1,1,302,1,,0,1,3270,1651,5,44,60,31,0,5.5,Corporate,0,17.1,0,57,15,54.3,65.5,1
2025-08-31,Cybersecurity Analyst,Internship,Remote,FinTech,London,"Watkins, Jackson and Whitehead",Medium,21.0,1,1,262,1,19069.0,0,0,0,1411,4,43,56,28,0,13.0,Free,1,20.1,1,22,13,77.8,36.3,0
2023-10-19,AI Research Intern,Part-Time,Remote,Gaming,Dubai,Stein PLC,Enterprise,11.0,1,1,164,1,36592.0,0,0,0,3009,3,3,19,59,0,7.5,Corporate,0,34.3,1,35,0,99.9,0.0,0
2021-08-27,Frontend Developer,Part-Time,Remote,Marketing,Bangalore,Melton-Goodwin,Enterprise,3.0,1,1,25,1,38891.0,0,0,0,2156,4,41,42,2,0,2.1,Corporate,0,10.9,1,9,8,97.9,0.0,0
2024-04-28,UI/UX Designer,Contract,Hybrid,EdTech,London,"Fisher, Kramer and Barnett",Medium,36.0,1,1,418,0,61368.0,0,0,0,2230,3,13,23,23,0,6.9,Corporate,0,34.0,1,28,5,68.1,15.2,0
2023-01-24,Data Science Intern,Internship,Onsite,AI,Bangalore,"Hunt, Johnson and Wyatt",Small,27.0,0,0,324,1,45273.0,0,0,0,2713,5,37,16,69,0,11.9,Corporate,0,15.2,1,57,33,33.7,70.4,1
2024-06-21,UI/UX Designer,Part-Time,Onsite,Cybersecurity,London,Smith LLC,Medium,6.0,1,1,85,0,31171.0,0,0,0,1617,5,37,83,59,0,5.3,Corporate,0,18.1,1,0,4,45.2,42.1,0
2021-03-23,Backend Developer,Part-Time,Hybrid,Marketing,Bangalore,Frazier Ltd,Small,12.0,1,1,135,1,16694.0,0,0,0,1080,2,54,53,19,0,4.9,Free,1,22.9,0,0,20,61.7,39.6,0
2024-10-29,Frontend Developer,Contract,Remote,EdTech,Bangalore,Walker LLC,Startup,3.0,1,1,26,0,35569.0,0,0,0,1231,8,37,23,18,0,2.2,Corporate,0,14.9,1,7,11,35.1,31.4,0
2023-08-15,Backend Developer,Part-Time,Onsite,Software,Dubai,"Jones, Watts and Leblanc",Medium,13.0,1,1,161,1,40757.0,0,0,0,2127,1,64,18,66,0,5.3,Corporate,0,22.0,1,0,5,70.9,20.3,0
2019-07-09,Backend Developer,Full-Time,Remote,AI,Toronto,"Smith, Townsend and Bradley",Enterprise,12.0,0,1,148,0,40234.0,0,0,0,2548,1,15,13,21,0,4.4,Corporate,0,30.8,1,48,60,23.6,33.4,0
2025-09-04,Backend Developer,Full-Time,Onsite,Cybersecurity,London,"Richmond, Alexander and Jackson",Enterprise,36.0,1,1,424,0,20742.0,0,0,0,3305,1,42,45,58,0,6.0,Corporate,0,21.7,1,7,0,64.0,16.5,0
2023-08-11,AI Research Intern,Internship,Hybrid,FinTech,San Francisco,Fletcher PLC,Medium,35.0,1,1,446,0,72051.0,0,0,0,1264,1,28,10,30,0,5.5,Corporate,0,7.3,0,21,43,49.5,33.6,0
2021-06-09,AI Research Intern,Contract,Remote,Marketing,London,Molina-Thornton,Medium,30.0,1,1,372,0,37327.0,0,0,0,2702,3,14,28,24,0,2.0,Corporate,0,14.2,0,22,19,72.2,3.5,0
2026-09-12,Marketing Intern,Part-Time,Remote,Marketing,Toronto,"Reyes, Oneill and Lopez",Small,11.0,1,1,127,0,45940.0,0,0,0,2256,3,14,78,25,0,1.3,Corporate,0,9.8,1,47,11,61.9,28.1,0
2025-09-02,Cybersecurity Analyst,Part-Time,Onsite,Gaming,San Francisco,Singh-Bell,Startup,25.0,0,1,300,1,21990.0,0,0,0,2090,2,37,55,27,0,6.1,Free,1,12.1,1,48,37,36.4,60.5,1
2018-06-12,AI Research Intern,Part-Time,Remote,Marketing,Bangalore,Gillespie-Patterson,Medium,2.0,1,0,22,1,31731.0,0,0,0,1971,2,31,9,32,0,5.9,Free,1,16.4,1,46,14,68.5,52.8,1
2021-10-30,Backend Developer,Full-Time,Remote,EdTech,San Francisco,Miles-Smith,Startup,19.0,1,1,217,0,33557.0,0,0,0,2951,2,0,41,20,0,9.8,Free,1,13.0,0,31,45,48.8,26.7,0
2019-05-23,Cloud Engineer,Full-Time,Onsite,Marketing,Toronto,"Swanson, Haley and Davis",Startup,3.0,1,1,42,1,23243.0,0,0,0,1510,2,44,70,23,0,7.6,Free,1,1.0,0,17,0,65.6,24.9,0
2022-05-04,Cloud Engineer,Contract,Hybrid,Healthcare,Dubai,"Johnson, Martinez and Powers",Small,31.0,1,1,359,1,46628.0,0,0,0,2233,5,58,33,25,0,4.6,Corporate,0,15.3,1,74,17,41.3,36.2,0
2019-09-07,Backend Developer,Part-Time,Remote,FinTech,Dubai,"Chambers, Rogers and Adams",Startup,9.0,0,1,110,0,24192.0,0,0,0,1041,0,51,91,56,0,1.9,Corporate,0,8.2,1,0,27,30.2,42.9,0
2018-04-05,Cybersecurity Analyst,Contract,Onsite,AI,Singapore,Ware Ltd,Small,32.0,0,1,398,0,38589.0,0,0,0,2261,5,36,34,1,0,4.5,Corporate,0,22.1,1,20,77,0.0,76.0,1
2021-10-15,Frontend Developer,Full-Time,Remote,Cybersecurity,Singapore,Warner and Sons,Enterprise,19.0,1,0,221,0,34425.0,0,1,1798,1769,8,20,56,13,0,6.1,Corporate,0,16.5,1,18,29,43.7,97.4,1
2024-06-28,UI/UX Designer,Internship,Onsite,E-Commerce,New York,Bailey Group,Small,14.0,1,1,164,1,62439.0,0,0,0,1790,7,64,31,77,0,2.0,Corporate,0,12.2,1,38,0,52.3,51.6,1
2019-08-20,Data Science Intern,Contract,Hybrid,Cybersecurity,New York,"Henry, Wu and Parker",Enterprise,30.0,1,1,367,0,33766.0,0,0,0,1401,5,7,51,12,0,9.5,Corporate,0,37.1,0,51,35,57.7,20.7,0
2018-01-23,Data Science Intern,Part-Time,Remote,Gaming,Bangalore,Vincent PLC,Small,33.0,1,1,419,0,41957.0,0,0,0,1636,2,28,66,26,1,1.3,Free,1,27.6,1,9,25,47.4,48.6,0
2021-03-09,UI/UX Designer,Part-Time,Hybrid,Software,London,Brown LLC,Startup,18.0,0,1,220,0,23658.0,0,0,0,2117,4,10,19,37,0,4.6,Corporate,0,26.6,1,0,39,47.6,53.6,1
2026-10-14,UI/UX Designer,Part-Time,Onsite,FinTech,Berlin,Donovan-Manning,Medium,9.0,1,0,124,1,19510.0,0,0,0,2403,2,71,58,9,0,6.0,Free,1,30.0,1,27,29,51.6,69.2,1
2019-12-29,Frontend Developer,Contract,Remote,E-Commerce,New York,Price-Pham,Startup,39.0,1,0,476,1,31744.0,0,0,0,2205,4,30,46,9,0,4.4,Corporate,0,22.5,0,52,0,67.6,23.2,0
2021-01-02,Marketing Intern,Full-Time,Onsite,FinTech,Dubai,Hernandez PLC,Medium,22.0,1,1,253,1,42419.0,0,0,0,616,5,12,0,24,0,3.5,Corporate,0,14.3,0,0,51,57.0,17.2,0
2019-04-22,Data Science Intern,Full-Time,Remote,Marketing,Toronto,Cooper LLC,Small,30.0,0,1,368,0,39172.0,0,0,0,2124,3,14,36,34,0,5.6,Corporate,0,31.1,1,68,27,41.7,43.4,0
2024-04-21,ML Engineer,Internship,Onsite,Gaming,Berlin,Duncan Ltd,Enterprise,23.0,0,1,269,0,39919.0,0,0,0,2067,4,27,27,49,0,6.4,Free,1,12.5,0,32,10,56.2,41.4,0
2018-09-26,Frontend Developer,Part-Time,Onsite,AI,Bangalore,Benjamin and Sons,Small,19.0,1,0,228,0,42016.0,0,0,0,1365,6,25,72,59,0,1.3,Corporate,0,16.6,1,15,25,46.6,63.2,1
2019-05-11,Frontend Developer,Internship,Onsite,EdTech,Toronto,"Walker, Dorsey and Cortez",Medium,7.0,1,1,80,1,5658.0,0,0,0,2303,1,13,28,25,0,0.0,Free,1,20.4,1,6,19,83.5,22.9,0
2023-10-20,UI/UX Designer,Internship,Onsite,FinTech,Dubai,Wiggins-Moore,Small,39.0,1,1,472,1,26175.0,0,0,0,1905,1,66,43,18,1,10.6,Free,1,21.2,1,52,31,55.5,66.3,1
2022-01-05,Data Science Intern,Contract,Remote,Gaming,New York,"Adams, Hurley and Brown",Small,25.0,1,1,266,1,16469.0,0,0,0,1948,4,0,25,14,0,2.0,Corporate,0,20.6,1,0,21,79.6,1.9,0
2025-12-07,UI/UX Designer,Contract,Remote,E-Commerce,Sydney,Dickson Ltd,Medium,35.0,1,1,424,1,41303.0,0,0,0,2045,5,8,35,23,0,5.7,Free,1,27.6,0,47,34,77.2,27.9,0
2025-04-05,ML Engineer,Internship,Remote,Marketing,Singapore,Gentry Ltd,Medium,25.0,1,1,308,0,26591.0,0,0,0,2774,5,18,51,14,0,4.2,Free,1,2.7,1,23,20,47.9,49.9,0
2022-03-09,Backend Developer,Part-Time,Remote,Software,San Francisco,Dennis-Cruz,Startup,23.0,1,1,271,0,38435.0,0,1,780,1780,7,67,54,62,0,0.5,Corporate,0,8.7,1,65,36,23.0,77.4,1
2021-10-31,Marketing Intern,Internship,Hybrid,E-Commerce,Toronto,"Reeves, Johnston and Flores",Startup,29.0,1,1,320,1,61129.0,0,0,0,1109,1,19,60,31,0,7.8,Free,1,31.5,1,32,54,59.4,38.8,0
2019-03-17,UI/UX Designer,Internship,Onsite,Software,London,"Hunter, Shaw and Bailey",Enterprise,20.0,1,0,232,1,39287.0,0,1,3645,2298,3,23,33,53,0,5.1,Free,1,14.7,0,33,12,60.5,83.8,1
2022-10-08,Marketing Intern,Full-Time,Onsite,EdTech,New York,Johns-Guzman,Startup,1.0,1,1,1,1,41036.0,0,0,0,1575,1,19,75,4,0,6.5,Corporate,0,20.9,0,0,0,86.9,29.4,0
2025-05-11,Data Science Intern,Internship,Remote,AI,Toronto,"Cunningham, Sanders and Sims",Small,11.0,1,0,143,0,9492.0,0,0,0,1739,4,40,29,14,1,8.3,Corporate,0,25.5,1,8,39,45.0,61.3,1
2020-03-15,Marketing Intern,Contract,Remote,Gaming,Sydney,"Carroll, Adams and Velazquez",Small,38.0,1,1,444,1,77156.0,0,1,181,2003,2,1,68,38,0,9.0,Corporate,0,6.6,0,29,0,83.9,22.7,0
2025-05-23,UI/UX Designer,Part-Time,Hybrid,FinTech,London,Tyler LLC,Small,28.0,1,1,362,1,29229.0,0,0,0,1461,3,26,40,36,0,6.2,Corporate,0,16.4,1,50,19,81.6,12.4,0
2023-10-07,Cloud Engineer,Contract,Onsite,EdTech,Bangalore,Cowan-Daniels,Startup,25.0,0,1,297,1,43939.0,0,0,0,1872,2,30,99,3,0,4.2,Free,1,20.9,0,56,21,46.0,54.4,1
2018-10-15,ML Engineer,Contract,Remote,Healthcare,London,"Nguyen, Carlson and Morrison",Startup,25.0,1,0,319,1,33255.0,0,0,0,1817,3,20,63,37,1,0.0,Corporate,0,2.3,1,34,31,44.1,67.4,1
2021-11-20,Backend Developer,Contract,Onsite,Software,Bangalore,"Dalton, Powers and Navarro",Medium,26.0,0,0,309,0,21689.0,0,0,0,2531,1,56,37,54,0,8.3,Corporate,0,20.9,1,0,26,19.7,74.1,1
2026-01-13,AI Research Intern,Full-Time,Remote,Software,Berlin,Powell-Ford,Small,34.0,1,1,399,1,59926.0,0,1,1068,1659,4,26,80,43,0,7.2,Corporate,0,13.2,0,46,17,73.3,64.5,1
2024-01-17,Cloud Engineer,Contract,Hybrid,Gaming,Sydney,Conrad and Sons,Small,32.0,1,1,386,1,36995.0,0,0,0,2256,5,52,20,46,0,5.4,Free,1,19.1,1,43,17,54.0,32.6,0
2022-05-14,Cybersecurity Analyst,Part-Time,Remote,Cybersecurity,San Francisco,"Cruz, Evans and Ward",Enterprise,38.0,1,1,445,0,21567.0,0,1,212,2307,2,23,57,6,0,0.8,Corporate,0,28.2,1,44,57,35.6,64.2,1
2025-05-04,Data Science Intern,Internship,Hybrid,E-Commerce,Berlin,"Hughes, Bailey and Diaz",Enterprise,24.0,1,1,274,0,44362.0,0,0,0,1719,5,28,31,25,0,2.1,Corporate,0,18.8,1,32,43,42.3,50.2,1
2023-06-18,UI/UX Designer,Full-Time,Hybrid,Cybersecurity,Berlin,"Diaz, Levy and Chandler",Enterprise,16.0,1,1,187,1,36734.0,0,0,0,1523,4,40,0,29,0,0.6,Corporate,0,24.3,1,30,23,61.3,6.1,0
2026-10-07,ML Engineer,Part-Time,Remote,Software,Sydney,"Bush, Cooper and James",Startup,28.0,1,1,360,1,59181.0,0,0,0,1761,5,41,59,34,0,8.7,Free,1,1.0,1,4,20,65.3,43.4,0
2019-04-21,Marketing Intern,Part-Time,Onsite,EdTech,Berlin,Blake-Pope,Startup,13.0,1,1,160,1,27891.0,0,0,0,3321,3,14,34,55,0,6.2,Free,1,7.0,0,14,0,80.1,12.1,0
2025-05-17,UI/UX Designer,Contract,Remote,Gaming,New York,Webb-Dickerson,Startup,35.0,1,0,412,0,53243.0,0,1,3526,2284,1,10,41,0,0,7.4,Free,1,6.2,1,21,47,68.5,83.0,1
2021-07-26,Cybersecurity Analyst,Internship,Hybrid,Gaming,London,"Brown, Sanchez and Flores",Small,3.0,0,1,47,0,8957.0,0,0,0,2824,5,13,60,38,0,0.0,Corporate,0,16.2,0,33,52,18.9,66.2,1
2023-10-23,UI/UX Designer,Full-Time,Remote,Software,Berlin,Smith-Hunt,Enterprise,6.0,0,1,64,1,45879.0,0,0,0,1758,2,50,8,13,0,0.6,Corporate,0,26.0,1,45,64,55.1,54.6,1
2020-08-02,ML Engineer,Internship,Remote,Healthcare,Bangalore,Graham and Sons,Medium,27.0,0,1,326,0,7803.0,0,0,0,1351,3,52,13,20,0,7.2,Corporate,0,28.1,1,12,0,32.4,37.3,0
2024-04-02,Frontend Developer,Internship,Remote,E-Commerce,Sydney,"Vance, Sutton and Pineda",Small,6.0,0,1,68,1,43626.0,0,0,0,2556,5,32,25,16,0,4.3,Corporate,0,14.4,0,39,14,48.9,32.8,0
2023-10-18,Cybersecurity Analyst,Contract,Hybrid,AI,San Francisco,Payne and Sons,Startup,37.0,1,1,453,1,17521.0,0,0,0,1263,4,72,49,24,0,6.7,Free,1,24.2,0,5,56,23.3,74.6,1
2020-04-04,UI/UX Designer,Part-Time,Hybrid,E-Commerce,Toronto,"Garner, Chung and Palmer",Startup,31.0,1,1,374,1,35827.0,0,0,0,2019,3,41,34,16,1,5.7,Free,1,23.3,1,38,26,48.4,61.5,1
2025-10-23,Marketing Intern,Full-Time,Remote,E-Commerce,New York,Bradley PLC,Medium,27.0,0,1,327,1,18852.0,0,1,4894,2504,1,46,50,0,0,3.1,Corporate,0,18.5,1,18,20,46.4,57.0,1
2021-06-29,AI Research Intern,Internship,Remote,Software,Toronto,Rosales LLC,Medium,22.0,1,0,261,1,45021.0,0,0,0,1627,3,29,22,36,0,3.6,Corporate,0,13.6,1,39,1,68.4,31.3,0
2026-12-11,ML Engineer,Part-Time,Remote,Software,London,"Salazar, Boyd and Nguyen",Medium,37.0,1,1,463,1,10478.0,0,1,4989,2061,3,19,53,47,0,1.9,Corporate,0,15.5,0,55,22,59.2,66.4,1
2022-04-10,UI/UX Designer,Internship,Remote,FinTech,London,Gibbs-Smith,Medium,11.0,1,1,161,1,51146.0,0,0,0,1746,4,58,33,13,0,7.3,Corporate,0,9.0,1,25,35,28.7,27.0,0
2018-09-04,Backend Developer,Full-Time,Remote,EdTech,Toronto,Hernandez-King,Startup,1.0,1,1,3,0,30818.0,0,0,0,1959,4,24,29,8,0,6.5,Free,1,23.9,0,33,16,42.1,41.4,0
2023-11-07,AI Research Intern,Part-Time,Remote,Marketing,Bangalore,"Martin, Blair and Rush",Small,22.0,1,1,277,1,34153.0,0,0,0,1077,5,29,22,0,0,6.3,Corporate,0,24.1,1,29,0,60.8,16.2,0
2022-08-16,Data Science Intern,Full-Time,Onsite,Marketing,Berlin,Morris LLC,Medium,11.0,1,1,116,0,26170.0,0,0,0,1297,2,32,38,31,0,4.2,Corporate,0,17.7,1,18,18,68.8,0.0,0
2018-10-02,Frontend Developer,Internship,Onsite,EdTech,Toronto,Powers Inc,Small,1.0,1,1,1,1,47209.0,0,0,0,1940,5,6,31,58,0,4.3,Corporate,0,1.9,1,0,38,56.2,24.4,0
2022-04-16,Frontend Developer,Part-Time,Onsite,Gaming,Sydney,James PLC,Medium,6.0,1,1,80,1,8496.0,0,0,0,895,3,0,46,32,0,1.5,Corporate,0,28.3,1,37,16,77.4,19.2,0
2023-08-26,UI/UX Designer,Part-Time,Remote,AI,London,"Stewart, Rivera and Vargas",Startup,35.0,1,0,416,1,18920.0,0,0,0,1932,8,24,60,0,0,8.5,Corporate,0,4.7,1,51,10,48.0,51.4,1
2026-09-16,Frontend Developer,Full-Time,Onsite,Marketing,Sydney,Ortiz-Thomas,Startup,19.0,1,0,200,0,38359.0,0,0,0,1706,2,82,84,31,0,7.5,Free,1,20.1,1,17,14,32.0,68.2,1
2021-02-22,Cloud Engineer,Contract,Remote,Gaming,San Francisco,Wagner PLC,Medium,22.0,1,1,280,1,25318.0,0,1,4759,2203,3,46,70,20,0,3.5,Free,1,13.8,0,9,8,57.1,75.9,1
2018-12-30,Backend Developer,Part-Time,Remote,AI,San Francisco,"Estrada, Campbell and Russell",Small,34.0,1,1,397,1,41268.0,0,0,0,1920,3,17,36,12,0,5.3,Corporate,0,2.2,1,0,20,61.0,28.5,0
2018-10-26,Cybersecurity Analyst,Internship,Remote,E-Commerce,Sydney,"Glover, Moss and Guzman",Medium,9.0,1,1,105,1,18830.0,0,0,0,1315,2,28,34,30,0,1.5,Corporate,0,7.7,1,17,36,71.3,21.8,0
2023-05-14,Backend Developer,Internship,Remote,Gaming,Sydney,Shepherd-Hamilton,Enterprise,22.0,1,1,262,1,38163.0,0,0,0,713,2,20,67,6,0,1.4,Corporate,0,24.3,1,43,50,66.3,36.4,0
2023-12-15,Marketing Intern,Internship,Remote,Healthcare,Singapore,Miles-Whitaker,Startup,22.0,1,1,241,0,21671.0,0,0,0,1368,1,31,96,37,1,6.3,Free,1,7.8,1,44,10,42.1,72.2,1
2025-01-10,Backend Developer,Internship,Remote,Cybersecurity,Bangalore,Krause-James,Small,10.0,1,1,132,0,22931.0,0,0,0,1963,3,44,30,11,1,2.5,Free,1,21.6,1,29,52,26.0,78.7,1
2023-01-05,Backend Developer,Internship,Remote,Healthcare,Bangalore,Mills Ltd,Startup,33.0,1,1,389,1,46281.0,0,0,0,2793,3,41,90,27,0,7.6,Corporate,0,22.0,0,38,18,61.5,29.0,0
2020-10-22,Frontend Developer,Contract,Remote,Marketing,Berlin,"Robinson, Gilbert and Hall",Small,1.0,1,1,19,0,15261.0,0,0,0,1923,2,23,61,28,0,4.4,Free,1,17.2,1,45,10,68.9,40.9,0
2024-05-25,UI/UX Designer,Full-Time,Remote,Software,Bangalore,"White, Garcia and Ford",Small,14.0,0,1,156,1,36837.0,0,0,0,1509,4,65,37,0,0,8.9,Corporate,0,9.0,0,35,53,12.6,54.8,1
2024-12-23,Cybersecurity Analyst,Part-Time,Remote,Healthcare,Sydney,Smith and Sons,Small,31.0,1,1,379,1,53090.0,0,1,2690,1006,1,21,24,14,0,9.5,Corporate,0,17.3,0,31,9,82.4,29.3,0
2018-03-11,UI/UX Designer,Full-Time,Remote,Gaming,Toronto,Long Inc,Startup,20.0,0,1,257,1,45021.0,0,0,0,2440,4,45,73,31,0,8.1,Corporate,0,30.7,0,20,17,38.1,53.6,1
2023-01-01,ML Engineer,Full-Time,Onsite,Gaming,London,Anderson-Mccullough,Small,2.0,1,1,22,0,46315.0,0,0,0,2786,1,61,58,45,0,8.3,Corporate,0,6.6,1,6,28,27.4,56.5,1
2025-05-17,Backend Developer,Internship,Remote,E-Commerce,Bangalore,Turner Inc,Medium,15.0,1,1,167,0,42830.0,0,0,0,1645,1,45,65,0,0,4.2,Free,1,28.4,1,66,32,37.9,50.3,1
2025-04-12,Backend Developer,Internship,Hybrid,FinTech,Bangalore,"Lopez, Myers and Lang",Small,12.0,1,1,129,1,43134.0,0,1,2154,1046,2,64,30,75,0,6.5,Free,1,7.7,1,16,6,66.2,63.9,1
2020-05-06,UI/UX Designer,Full-Time,Onsite,Gaming,Bangalore,Alvarado-Diaz,Small,18.0,0,1,215,1,36406.0,0,0,0,152,2,24,48,17,0,7.1,Free,1,16.8,0,43,11,62.9,26.1,0
2025-12-30,AI Research Intern,Part-Time,Hybrid,Software,Toronto,Morales-Mccall,Small,,1,0,50,1,31720.0,0,0,0,2376,3,15,17,49,0,2.7,Corporate,0,22.0,1,35,18,55.6,39.4,0
2022-11-11,ML Engineer,Part-Time,Onsite,Cybersecurity,Sydney,"Giles, Sloan and Foster",Medium,19.0,1,1,212,0,39725.0,0,0,0,1712,2,51,74,41,0,3.3,Corporate,0,30.6,1,12,80,10.8,68.7,1
2023-05-27,Backend Developer,Part-Time,Remote,Gaming,Dubai,Bush-Yu,Medium,20.0,1,1,258,0,45249.0,0,0,0,2386,4,78,55,19,0,1.5,Corporate,0,9.2,1,20,23,29.6,50.9,1
2025-10-16,UI/UX Designer,Internship,Remote,FinTech,Bangalore,Knight-Williams,Small,16.0,1,1,201,1,43916.0,0,1,3508,1615,5,58,33,46,0,7.1,Corporate,0,20.7,1,53,24,46.7,70.3,1
2026-04-26,Marketing Intern,Part-Time,Remote,FinTech,Bangalore,"Coleman, Walker and Johnson",Medium,9.0,1,1,115,1,34909.0,0,0,0,1637,3,29,28,14,0,11.5,Corporate,0,25.5,0,0,0,75.8,5.7,0
2023-07-26,UI/UX Designer,Full-Time,Remote,Gaming,Singapore,Woods and Sons,Enterprise,26.0,1,1,298,0,46215.0,0,0,0,1706,2,29,30,9,0,5.5,Free,1,20.5,1,46,5,49.3,27.6,0
2022-06-30,Data Science Intern,Contract,Remote,E-Commerce,Toronto,Garcia Ltd,Small,24.0,1,1,269,1,37105.0,0,0,0,2411,5,31,73,51,0,6.7,Corporate,0,11.9,1,73,3,72.4,16.1,0
2024-02-10,Frontend Developer,Internship,Remote,Software,Berlin,"Alvarez, Collins and Dixon",Small,30.0,1,1,368,0,35194.0,0,0,0,1665,1,56,63,0,0,9.0,Free,1,21.1,1,2,36,41.9,55.1,1
2019-03-27,Frontend Developer,Internship,Remote,FinTech,Berlin,Stewart PLC,Startup,34.0,1,1,429,0,35242.0,0,0,0,2628,4,80,38,43,0,1.8,Corporate,0,18.1,1,18,9,39.4,25.6,0
2022-03-31,Data Science Intern,Part-Time,Hybrid,Software,Dubai,"Dunn, Wright and Smith",Medium,18.0,1,1,240,1,43994.0,0,0,0,1367,7,33,38,13,0,4.1,Corporate,0,4.3,1,26,36,33.6,54.0,1
2018-05-27,Marketing Intern,Full-Time,Onsite,EdTech,San Francisco,White Inc,Startup,7.0,0,1,91,1,43229.0,0,1,2590,1074,2,50,89,22,0,7.9,Corporate,0,16.0,1,4,42,19.4,86.1,1
2018-04-18,AI Research Intern,Internship,Remote,EdTech,London,"Salazar, Shannon and Wang",Startup,19.0,1,1,219,0,2000.0,0,1,4707,1128,2,64,4,6,0,8.4,Free,1,30.4,1,26,15,38.2,63.7,1
2022-08-25,Backend Developer,Part-Time,Remote,EdTech,Dubai,"Freeman, Cole and Ballard",Medium,8.0,1,1,98,1,15433.0,0,0,0,1725,0,6,34,27,0,6.5,Corporate,0,16.0,1,39,23,92.3,0.0,0
2019-03-23,Marketing Intern,Contract,Remote,E-Commerce,Berlin,Ross PLC,Small,9.0,1,1,107,1,33141.0,0,0,0,2389,10,42,36,32,1,9.3,Corporate,0,3.3,0,20,32,49.6,76.0,1
2019-01-24,AI Research Intern,Contract,Onsite,EdTech,New York,Mcclain LLC,Small,27.0,1,1,316,0,36951.0,0,0,0,1748,3,0,39,36,0,4.5,Corporate,0,20.9,1,43,10,61.2,0.0,0
2021-10-18,Data Science Intern,Contract,Onsite,Gaming,Bangalore,Fuller-Joyce,Small,39.0,1,0,443,1,37667.0,0,0,0,2627,5,65,75,22,0,9.3,Corporate,0,1.0,0,0,33,35.4,77.0,1
2018-03-16,UI/UX Designer,Contract,Hybrid,EdTech,New York,"Smith, Wilson and Mueller",Enterprise,5.0,1,1,65,0,38920.0,0,0,0,1274,1,29,28,24,0,5.2,Free,1,1.0,1,46,23,61.6,15.1,0
2025-10-22,AI Research Intern,Internship,Hybrid,FinTech,New York,"Swanson, Grimes and Donaldson",Small,34.0,1,1,406,1,45363.0,0,0,0,1466,3,70,60,32,0,0.0,Corporate,0,9.5,1,25,3,68.2,17.6,0
2022-11-17,Cybersecurity Analyst,Contract,Remote,FinTech,New York,Ritter-Gentry,Medium,31.0,1,1,387,0,69606.0,0,0,0,3215,2,27,2,0,0,0.0,Corporate,0,26.6,1,0,23,62.5,3.3,0
2026-05-21,Cybersecurity Analyst,Full-Time,Remote,Cybersecurity,Bangalore,"Greer, Gilbert and Dean",Medium,9.0,1,1,74,0,53585.0,0,0,0,844,5,90,33,76,0,3.6,Free,1,23.5,1,38,52,1.0,90.0,1
2025-10-17,Cybersecurity Analyst,Full-Time,Hybrid,Cybersecurity,Singapore,"Jones, Griffin and Davis",Startup,18.0,0,1,212,1,39825.0,0,0,0,2157,2,41,45,18,1,3.8,Corporate,0,25.7,0,21,33,44.1,51.9,1
2021-04-22,Backend Developer,Part-Time,Onsite,EdTech,New York,"Harris, Guzman and Vincent",Enterprise,7.0,1,1,80,1,26160.0,0,0,0,818,0,26,5,24,0,2.9,Corporate,0,27.2,1,51,64,50.1,26.9,0
2018-07-28,Cloud Engineer,Internship,Remote,AI,San Francisco,Stone PLC,Small,4.0,1,1,32,0,19763.0,0,0,0,2902,5,36,54,12,1,8.8,Free,1,20.0,1,16,11,60.4,51.4,1
2019-09-24,Cybersecurity Analyst,Contract,Onsite,Software,Toronto,Chapman-Bowen,Startup,2.0,1,1,16,1,26357.0,0,0,0,890,1,49,55,28,0,2.0,Corporate,0,10.3,1,39,8,51.7,32.0,0
2025-07-27,Cybersecurity Analyst,Part-Time,Hybrid,FinTech,New York,Hooper-Hardy,Small,18.0,1,1,227,1,32911.0,0,0,0,1931,5,73,73,25,0,12.4,Free,1,27.9,1,49,7,53.9,55.5,1
2025-09-06,Cybersecurity Analyst,Part-Time,Remote,EdTech,Sydney,Owens and Sons,Enterprise,6.0,1,1,85,1,48136.0,0,0,0,1733,3,66,64,23,1,4.6,Free,1,25.3,1,21,61,18.2,100.0,1
2018-08-24,Frontend Developer,Internship,Onsite,Cybersecurity,Berlin,Allen LLC,Medium,14.0,1,1,145,1,6873.0,0,1,2042,1771,3,82,27,29,0,6.5,Corporate,0,33.0,1,0,24,23.7,70.4,1
2019-05-29,Cybersecurity Analyst,Contract,Remote,AI,Berlin,"Cox, Myers and Ramirez",Startup,34.0,1,0,385,1,11880.0,0,0,0,2097,6,63,67,36,0,3.8,Corporate,0,7.3,1,57,37,45.4,91.9,1
2021-05-12,ML Engineer,Contract,Remote,Healthcare,London,"Mitchell, Collins and Wells",Startup,11.0,1,1,104,1,31331.0,0,0,0,2479,3,0,45,33,0,7.8,Corporate,0,13.7,1,33,39,64.4,23.1,0
2024-08-19,UI/UX Designer,Full-Time,Remote,AI,San Francisco,Rojas-Thompson,Small,9.0,1,0,121,1,,0,0,0,937,6,83,63,19,0,4.1,Corporate,0,38.8,1,2,59,11.5,95.0,1
2024-01-23,UI/UX Designer,Full-Time,Onsite,Gaming,Bangalore,Navarro-Ellison,Small,6.0,0,1,78,0,57474.0,0,0,0,2641,2,17,36,35,0,9.6,Free,1,21.5,1,18,23,60.3,34.9,0
2020-10-28,Marketing Intern,Internship,Hybrid,Gaming,London,Sullivan-Martin,Medium,20.0,0,0,248,1,33501.0,0,0,0,1589,3,35,36,0,0,5.3,Free,1,17.6,1,26,17,41.0,63.8,1
2022-05-06,UI/UX Designer,Part-Time,Remote,E-Commerce,Singapore,Shaffer Inc,Startup,37.0,0,1,438,1,2000.0,0,1,3528,1911,4,47,0,16,0,9.8,Free,1,1.0,1,31,31,38.1,99.2,1
2019-09-17,Cloud Engineer,Contract,Remote,E-Commerce,Toronto,Gonzalez Group,Medium,16.0,1,1,191,0,18776.0,0,1,2635,1379,1,41,43,0,0,6.0,Corporate,0,23.6,1,41,36,31.1,68.0,1
2019-11-01,Data Science Intern,Part-Time,Onsite,EdTech,London,"Tucker, Johnson and Soto",Small,32.0,0,1,401,1,37668.0,0,0,0,1572,3,5,73,35,1,7.7,Free,1,13.2,0,28,43,53.3,67.3,1
2021-11-06,AI Research Intern,Internship,Remote,EdTech,London,"Mitchell, Salinas and Erickson",Startup,9.0,0,1,117,0,20602.0,0,1,2576,1760,3,39,56,3,0,7.3,Free,1,16.3,1,82,35,29.3,91.5,1
2025-06-19,ML Engineer,Full-Time,Remote,Gaming,Bangalore,Mitchell-Wade,Startup,12.0,1,0,123,1,47899.0,0,1,57,1632,4,0,34,38,0,2.8,Corporate,0,28.8,1,42,16,77.7,53.7,1
2025-09-29,Cloud Engineer,Part-Time,Hybrid,Marketing,Dubai,Heath-Weaver,Startup,3.0,1,1,25,0,37786.0,0,0,0,1725,3,30,20,3,0,5.7,Corporate,0,9.4,1,40,0,52.9,0.0,0
2024-11-13,UI/UX Designer,Full-Time,Hybrid,Software,San Francisco,"Mora, Mitchell and Wagner",Startup,19.0,0,1,239,1,69801.0,0,0,0,3049,3,42,65,41,0,2.7,Corporate,0,29.9,1,10,27,57.2,25.5,0
2026-02-02,Cloud Engineer,Part-Time,Remote,Gaming,San Francisco,Green Ltd,Startup,6.0,1,1,85,1,36251.0,0,0,0,417,6,0,39,40,0,2.8,Corporate,0,22.8,0,24,43,61.1,25.4,0
2019-07-08,Marketing Intern,Part-Time,Remote,EdTech,London,Gutierrez-House,Medium,2.0,1,0,23,1,20902.0,0,0,0,1471,4,55,39,7,0,0.0,Corporate,0,5.0,1,36,30,39.3,64.7,1
2023-08-10,Backend Developer,Part-Time,Hybrid,Software,Sydney,Hayes-Smith,Medium,8.0,1,0,102,1,58846.0,0,0,0,1201,3,32,38,11,1,5.7,Corporate,0,13.1,0,63,11,55.9,53.9,1
2019-06-01,Marketing Intern,Internship,Remote,Healthcare,London,Jones-Smith,Enterprise,,1,1,277,1,32996.0,0,0,0,2214,1,25,37,26,0,4.5,Free,1,15.4,1,13,16,65.6,25.9,0
2026-04-13,UI/UX Designer,Contract,Remote,FinTech,Berlin,"Mcclure, Davis and Roach",Startup,31.0,1,1,376,1,47314.0,0,0,0,2335,3,37,19,31,0,5.7,Corporate,0,10.6,0,0,0,66.7,3.3,0
2023-08-08,Marketing Intern,Part-Time,Remote,Marketing,Berlin,Hogan-Baldwin,Medium,10.0,1,0,145,1,42380.0,0,0,0,2651,3,40,37,57,0,7.7,Corporate,0,35.3,1,50,28,65.2,51.1,1
2022-08-30,Cloud Engineer,Internship,Remote,Software,Sydney,Figueroa-Lawrence,Small,19.0,0,1,198,1,42264.0,0,0,0,1500,1,17,19,58,0,12.3,Corporate,0,26.8,1,6,45,54.2,34.7,0
2020-07-22,Marketing Intern,Part-Time,Remote,EdTech,Dubai,Donaldson Ltd,Small,3.0,1,1,37,1,24792.0,0,0,0,1334,3,40,28,67,1,7.2,Free,1,35.0,1,0,0,77.0,51.0,1
2023-10-28,Backend Developer,Part-Time,Onsite,FinTech,Sydney,Marks Inc,Medium,37.0,1,1,454,0,30922.0,0,0,0,1956,2,43,24,1,0,9.6,Free,1,19.2,0,38,43,24.3,54.6,1
2018-12-01,UI/UX Designer,Full-Time,Remote,Cybersecurity,San Francisco,Munoz Ltd,Medium,6.0,1,0,58,1,63742.0,0,0,0,1642,7,41,27,0,0,8.5,Free,1,19.0,1,55,26,28.9,71.4,1
2024-05-03,Cloud Engineer,Contract,Remote,EdTech,San Francisco,Cunningham-Ruiz,Medium,27.0,0,1,326,1,24690.0,0,0,0,1177,4,26,13,13,0,3.3,Free,1,29.0,1,4,38,52.1,48.2,0
2025-11-28,AI Research Intern,Contract,Onsite,FinTech,Bangalore,"Weber, Black and Howard",Startup,9.0,1,0,106,1,15266.0,0,0,0,1503,2,9,74,33,1,5.3,Corporate,0,10.4,1,25,21,85.8,55.9,1
2020-03-19,Backend Developer,Internship,Onsite,Marketing,Berlin,"Harper, Price and Newton",Enterprise,11.0,1,1,130,1,42680.0,0,0,0,1687,2,51,25,50,0,2.0,Free,1,23.8,1,0,56,25.3,64.9,1
2025-05-07,Data Science Intern,Contract,Remote,Cybersecurity,Singapore,Blake-Lewis,Startup,36.0,1,1,410,1,49450.0,0,0,0,1831,3,14,53,5,0,1.8,Corporate,0,14.1,1,37,1,69.5,6.9,0
2023-01-12,Backend Developer,Contract,Remote,Marketing,Berlin,Lee-Haas,Startup,9.0,1,1,121,1,45434.0,0,0,0,1927,3,8,31,51,0,8.1,Corporate,0,22.5,1,36,0,80.9,2.7,0
2026-07-28,AI Research Intern,Part-Time,Onsite,E-Commerce,Bangalore,Olson-Williams,Small,23.0,1,1,288,0,49951.0,0,0,0,1216,4,41,11,19,0,1.8,Corporate,0,1.0,1,26,0,40.9,2.1,0
2020-11-19,Cybersecurity Analyst,Full-Time,Onsite,Cybersecurity,Bangalore,Miles PLC,Enterprise,28.0,1,1,334,1,37099.0,0,0,0,2145,5,38,47,31,0,9.9,Corporate,0,7.1,1,0,0,70.7,27.3,0
2018-08-30,UI/UX Designer,Part-Time,Onsite,Healthcare,Toronto,Medina-Carlson,Enterprise,6.0,1,1,85,1,27004.0,0,0,0,2111,3,14,49,22,0,4.8,Free,1,9.1,1,0,6,65.3,20.8,0
2024-05-18,Marketing Intern,Part-Time,Remote,EdTech,New York,"Nielsen, Davis and Brown",Startup,33.0,1,1,400,1,33919.0,0,0,0,750,6,20,48,35,1,4.8,Corporate,0,26.1,1,15,53,39.7,57.5,1
2021-12-18,UI/UX Designer,Contract,Hybrid,Cybersecurity,New York,"Anderson, Brown and Krause",Small,15.0,1,1,184,0,10884.0,0,0,0,1894,5,56,64,42,0,3.5,Corporate,0,19.1,1,60,0,39.0,51.1,1
2024-09-28,Data Science Intern,Part-Time,Hybrid,Gaming,Toronto,Smith Group,Enterprise,7.0,1,1,79,0,25168.0,0,0,0,1556,1,30,51,54,1,4.5,Corporate,0,1.0,1,57,36,57.0,50.4,1
2025-03-11,Backend Developer,Internship,Remote,Healthcare,San Francisco,Steele-Harvey,Small,25.0,1,0,293,1,35285.0,0,0,0,2681,2,7,55,0,1,4.4,Free,1,1.4,1,45,24,73.6,54.9,1
2025-02-04,Cloud Engineer,Internship,Remote,FinTech,Singapore,"Anderson, Martin and Hancock",Small,24.0,1,1,268,0,27415.0,0,0,0,1265,4,40,34,30,0,6.0,Corporate,0,16.7,1,66,40,37.6,57.2,1
2026-06-21,Marketing Intern,Internship,Remote,Healthcare,Toronto,Howard-Perez,Enterprise,30.0,1,1,355,1,44984.0,0,1,3534,1811,5,37,51,48,0,1.6,Corporate,0,26.2,1,54,0,77.2,42.8,0
2024-12-24,Marketing Intern,Internship,Remote,Healthcare,Toronto,Mercer Group,Small,10.0,1,0,95,1,62016.0,0,0,0,2078,3,50,31,4,0,7.6,Corporate,0,29.5,1,0,28,49.1,62.0,1
2021-11-13,ML Engineer,Full-Time,Remote,FinTech,San Francisco,Swanson-Le,Startup,11.0,0,1,122,0,38687.0,0,0,0,1120,3,39,88,43,0,5.9,Corporate,0,27.9,1,26,39,33.4,68.7,1
2021-05-29,Marketing Intern,Internship,Onsite,Cybersecurity,Dubai,Fitzgerald PLC,Medium,18.0,1,0,220,0,36845.0,0,0,0,2347,0,15,9,40,0,5.2,Free,1,23.1,1,25,3,66.2,11.1,0
2021-09-27,Backend Developer,Contract,Hybrid,Marketing,New York,Li PLC,Startup,31.0,1,1,368,0,35412.0,0,0,0,1497,6,8,61,25,0,0.9,Corporate,0,8.8,1,60,30,34.2,29.5,0
2026-07-31,Frontend Developer,Part-Time,Remote,FinTech,London,Randolph and Sons,Small,19.0,1,1,209,1,18752.0,0,0,0,1280,3,39,35,0,0,8.1,Free,1,22.8,1,29,47,44.9,52.8,1
2019-02-02,Frontend Developer,Contract,Remote,Marketing,Berlin,Potter-Mills,Small,21.0,1,1,249,1,17198.0,0,1,3693,1676,2,72,17,39,0,6.8,Corporate,0,22.8,1,24,16,55.5,50.4,1
2020-08-07,Backend Developer,Part-Time,Remote,EdTech,Toronto,Clark Group,Medium,29.0,0,1,356,0,43290.0,0,0,0,2664,5,0,66,49,0,3.5,Free,1,15.1,1,0,25,41.6,58.0,1
2022-05-09,Frontend Developer,Full-Time,Remote,FinTech,Toronto,Lewis Ltd,Small,28.0,0,1,310,1,43898.0,0,0,0,1799,4,32,76,9,0,0.0,Free,1,39.6,1,28,22,32.9,69.2,1
2022-11-16,Backend Developer,Full-Time,Remote,Gaming,Singapore,"Gomez, Richards and Murphy",Medium,1.0,1,1,1,1,21718.0,0,0,0,1693,5,30,100,30,0,3.0,Free,1,17.4,1,29,24,64.0,53.6,1
2019-05-24,ML Engineer,Full-Time,Remote,Gaming,Singapore,Dalton Inc,Startup,33.0,1,1,404,0,,0,0,0,3088,3,29,1,26,0,2.8,Corporate,0,13.5,1,16,30,46.7,19.3,0
2024-05-27,Cloud Engineer,Contract,Hybrid,EdTech,Toronto,"Pitts, Brown and Jackson",Medium,3.0,0,1,36,1,17564.0,0,0,0,1201,3,26,24,31,0,11.6,Corporate,0,17.5,1,41,8,68.3,25.4,0
2023-02-11,UI/UX Designer,Internship,Remote,EdTech,Dubai,Taylor and Sons,Small,15.0,0,1,170,0,40373.0,0,0,0,1822,4,17,43,19,0,2.2,Corporate,0,8.1,1,0,39,30.7,55.1,1
2020-04-01,Data Science Intern,Part-Time,Hybrid,FinTech,Bangalore,"Walker, Mendoza and Fuller",Startup,4.0,1,1,54,1,34116.0,0,0,0,1745,4,41,55,23,1,4.0,Corporate,0,12.5,1,32,26,43.5,59.4,1
2026-12-07,Cloud Engineer,Full-Time,Onsite,Software,Bangalore,"Thompson, James and Ross",Startup,31.0,1,1,376,1,49250.0,0,0,0,1729,3,32,73,6,0,1.6,Corporate,0,18.7,0,24,11,72.4,34.2,0
2022-05-14,Data Science Intern,Full-Time,Remote,FinTech,Dubai,Alexander PLC,Small,34.0,1,1,424,1,30599.0,0,0,0,2140,1,0,31,48,0,1.6,Corporate,0,7.1,1,2,12,80.4,0.0,0
2021-07-09,Data Science Intern,Part-Time,Remote,AI,Bangalore,"Miranda, Johnson and Perez",Small,22.0,1,1,246,0,30473.0,0,0,0,3013,2,46,80,42,0,0.0,Corporate,0,22.5,0,23,48,16.3,59.0,1
2019-01-17,AI Research Intern,Contract,Remote,Marketing,New York,Buck and Sons,Startup,1.0,0,0,15,1,45411.0,0,1,1552,1072,2,34,26,45,0,5.0,Corporate,0,6.9,1,47,4,52.0,79.3,1
2026-12-01,ML Engineer,Internship,Remote,Software,London,Miller-Arroyo,Startup,32.0,1,1,377,1,27580.0,0,1,1375,1731,4,37,81,71,0,7.4,Corporate,0,17.4,1,53,36,30.8,82.8,1
2019-04-15,ML Engineer,Internship,Onsite,EdTech,Dubai,Simmons-Brown,Small,12.0,1,1,153,1,68330.0,0,0,0,1302,3,29,48,20,0,3.2,Free,1,39.8,1,4,54,46.2,50.4,1
2019-04-04,Data Science Intern,Internship,Onsite,E-Commerce,Singapore,Hunt-Stephens,Enterprise,14.0,1,1,194,0,39380.0,0,1,2413,223,5,35,8,35,0,4.6,Corporate,0,39.4,1,34,8,67.6,35.1,0
2020-10-04,ML Engineer,Contract,Remote,AI,San Francisco,Espinoza-Gaines,Small,10.0,0,1,107,0,14258.0,0,0,0,1868,3,50,54,0,0,4.8,Corporate,0,7.6,1,22,35,18.1,63.8,1
2018-11-21,Frontend Developer,Part-Time,Remote,Healthcare,San Francisco,Lopez LLC,Small,35.0,1,1,422,1,26718.0,0,0,0,2325,1,74,38,28,0,5.4,Corporate,0,21.7,1,0,37,47.3,28.7,0
2023-11-07,Cloud Engineer,Internship,Hybrid,Gaming,Sydney,Brown-Martin,Medium,9.0,1,1,110,1,58762.0,0,1,3176,2669,3,23,2,30,0,1.9,Corporate,0,23.2,0,10,29,38.0,53.4,1
2019-03-18,Cybersecurity Analyst,Contract,Onsite,FinTech,Singapore,Thomas and Sons,Small,15.0,1,1,155,0,14327.0,0,0,0,822,1,0,73,44,0,0.0,Corporate,0,22.7,1,18,48,61.9,14.6,0
2019-02-23,Backend Developer,Internship,Onsite,Healthcare,Dubai,Coleman and Sons,Startup,10.0,1,1,98,0,24505.0,0,0,0,2408,5,29,66,19,1,1.1,Free,1,14.7,1,44,13,56.1,64.4,1
2018-01-21,Backend Developer,Part-Time,Hybrid,Marketing,Sydney,Buchanan-Gordon,Small,18.0,1,1,219,1,26495.0,0,0,0,1808,2,44,52,44,0,5.5,Corporate,0,1.0,1,54,0,54.2,28.8,0
2026-03-31,AI Research Intern,Contract,Remote,AI,Toronto,Mcintyre Inc,Medium,2.0,1,1,56,1,13732.0,0,0,0,1883,1,40,29,0,0,4.7,Corporate,0,11.2,0,0,6,71.6,23.6,0
2018-09-27,Cybersecurity Analyst,Full-Time,Remote,FinTech,New York,Deleon-Butler,Medium,18.0,1,1,221,1,29960.0,0,0,0,1829,4,2,46,39,1,2.3,Corporate,0,8.9,1,17,66,52.0,70.4,1
2025-08-26,ML Engineer,Internship,Onsite,Marketing,Sydney,Russell Ltd,Startup,28.0,1,1,338,1,25463.0,0,1,476,1928,6,36,60,25,0,6.0,Corporate,0,18.6,1,4,25,55.4,60.0,1
2019-04-21,ML Engineer,Full-Time,Remote,Software,Bangalore,"Gallegos, Dyer and Cowan",Small,21.0,1,1,257,1,47663.0,0,0,0,2081,2,14,69,18,0,5.8,Free,1,4.0,1,15,18,65.6,34.6,0
2018-12-17,Data Science Intern,Contract,Onsite,Healthcare,San Francisco,"Mccullough, Sanders and Rivera",Enterprise,33.0,1,1,396,0,45499.0,0,1,2743,1469,4,42,65,57,0,3.4,Corporate,0,10.2,1,27,0,40.5,58.7,1
2026-11-18,AI Research Intern,Internship,Remote,EdTech,Singapore,"Campbell, Santos and Woods",Small,1.0,0,1,1,1,43175.0,0,0,0,2235,2,53,33,61,0,0.0,Free,1,18.8,1,8,31,37.1,81.1,1
2026-07-14,Cloud Engineer,Contract,Remote,Marketing,Berlin,Hodge LLC,Startup,20.0,1,1,209,0,46565.0,0,0,0,1963,2,1,54,0,0,6.9,Corporate,0,2.7,1,0,5,67.0,16.5,0
2019-09-14,Marketing Intern,Full-Time,Onsite,Marketing,Bangalore,Johnson-Chaney,Small,10.0,1,1,125,1,42990.0,0,0,0,2661,5,0,6,31,0,6.1,Corporate,0,27.7,1,27,0,66.8,0.0,0
2023-02-12,Cybersecurity Analyst,Contract,Remote,AI,Sydney,Paul Ltd,Startup,28.0,0,1,374,1,19143.0,0,0,0,1458,3,6,94,7,0,1.3,Corporate,0,28.9,1,9,53,53.5,57.2,1
2020-12-20,Data Science Intern,Part-Time,Hybrid,Gaming,Berlin,"Scott, Cross and Huang",Medium,28.0,1,1,352,1,22915.0,0,0,0,1202,5,0,52,48,0,7.9,Free,1,28.1,1,17,64,52.0,53.5,1
2024-03-08,Marketing Intern,Contract,Hybrid,Software,Sydney,Murphy PLC,Enterprise,1.0,1,1,1,1,15752.0,0,1,3101,821,2,45,74,5,0,2.6,Corporate,0,32.4,1,58,9,73.8,53.9,1
2024-07-05,Data Science Intern,Full-Time,Remote,Gaming,Bangalore,"Scott, Ramirez and Gates",Small,22.0,0,1,271,1,14586.0,0,0,0,1533,2,0,59,22,0,5.3,Corporate,0,1.0,1,23,19,68.0,20.6,0
2025-10-12,ML Engineer,Full-Time,Remote,Marketing,Dubai,Hodge-Lambert,Medium,9.0,1,0,113,1,2000.0,0,0,0,771,2,24,1,28,0,5.2,Corporate,0,11.2,1,3,24,63.1,11.1,0
2022-04-05,Cloud Engineer,Part-Time,Remote,E-Commerce,Dubai,Castillo and Sons,Medium,32.0,0,0,381,0,34489.0,0,0,0,1858,6,29,42,23,0,8.1,Corporate,0,13.3,1,15,55,17.3,81.7,1
2025-10-04,UI/UX Designer,Contract,Remote,Gaming,Dubai,"Parker, Anderson and York",Medium,27.0,1,0,311,1,34022.0,0,0,0,2186,3,62,12,34,1,4.2,Free,1,12.1,1,54,50,22.4,90.0,1
2026-04-05,Marketing Intern,Internship,Remote,Cybersecurity,Berlin,Schultz Inc,Medium,24.0,1,1,284,0,28981.0,0,0,0,3138,2,27,56,44,0,11.1,Free,1,11.4,1,0,31,69.4,51.9,1
2018-10-19,Frontend Developer,Internship,Hybrid,Cybersecurity,Singapore,"Williams, Hamilton and Ponce",Startup,,1,1,215,1,37479.0,0,0,0,2239,4,3,69,16,1,0.0,Free,1,28.2,0,10,29,66.5,51.3,1
2024-06-04,Data Science Intern,Full-Time,Remote,E-Commerce,Berlin,Kaufman PLC,Startup,24.0,1,1,280,1,23079.0,0,0,0,2280,3,32,76,23,1,3.7,Free,1,13.1,0,54,38,35.7,73.7,1
2018-04-30,Data Science Intern,Full-Time,Remote,Gaming,Toronto,"Blackwell, Morris and Hardy",Medium,39.0,0,1,461,0,13573.0,0,0,0,1686,3,26,59,46,0,5.6,Free,1,12.6,1,14,6,58.6,51.2,1
2023-03-19,Backend Developer,Contract,Onsite,EdTech,Bangalore,Martin-Dougherty,Startup,39.0,0,1,465,1,25351.0,0,1,151,1002,1,3,0,50,1,6.0,Free,1,6.5,0,35,3,86.7,59.6,1
2026-10-09,Cybersecurity Analyst,Part-Time,Hybrid,Cybersecurity,Singapore,"Bradshaw, Williams and Aguirre",Startup,21.0,1,1,221,0,35282.0,0,0,0,1521,7,24,62,33,0,5.4,Corporate,0,1.0,1,33,34,47.8,33.2,0
2025-01-30,Data Science Intern,Contract,Onsite,EdTech,Dubai,"Murray, Dickerson and Chandler",Startup,35.0,1,1,407,1,27678.0,0,1,4772,1542,2,37,16,17,0,7.3,Corporate,0,6.5,1,2,24,51.8,51.3,1
2020-04-15,Frontend Developer,Part-Time,Onsite,EdTech,Sydney,Henry-Blake,Enterprise,21.0,0,1,264,1,37133.0,0,0,0,1940,2,48,84,19,0,8.6,Free,1,1.0,1,16,62,30.9,73.4,1
2026-03-20,UI/UX Designer,Full-Time,Hybrid,Gaming,Berlin,Carpenter and Sons,Medium,29.0,1,1,363,0,32579.0,0,0,0,1676,2,33,33,17,0,4.2,Corporate,0,33.5,1,28,34,50.4,21.5,0
2020-11-29,AI Research Intern,Internship,Hybrid,Gaming,London,Hernandez-Barton,Startup,11.0,0,1,116,1,12969.0,0,0,0,644,2,28,53,54,0,4.8,Corporate,0,11.5,1,29,20,62.2,45.6,0
2026-07-17,Cybersecurity Analyst,Contract,Onsite,Healthcare,San Francisco,Fisher Inc,Startup,23.0,1,1,270,0,26007.0,0,0,0,1684,1,20,76,15,0,4.9,Corporate,0,17.9,1,61,26,62.8,15.5,0
2019-09-16,AI Research Intern,Full-Time,Hybrid,E-Commerce,Dubai,Guerrero-Nelson,Enterprise,22.0,1,1,249,1,34163.0,0,0,0,1368,5,23,36,22,0,4.1,Corporate,0,41.4,1,44,9,58.4,4.5,0
2026-01-07,UI/UX Designer,Contract,Remote,Healthcare,Singapore,"Gutierrez, Fuentes and Allen",Small,35.0,0,1,423,1,33628.0,0,0,0,1763,6,36,52,67,0,5.9,Corporate,0,34.1,1,48,0,58.8,52.7,1
2024-12-31,Data Science Intern,Internship,Hybrid,FinTech,Dubai,"Weaver, Brown and Brady",Enterprise,25.0,0,1,264,1,71399.0,0,0,0,834,1,38,38,34,0,2.4,Corporate,0,33.6,1,30,19,52.6,27.3,0
2023-04-30,Cybersecurity Analyst,Part-Time,Remote,FinTech,Dubai,Duncan-Smith,Small,2.0,1,1,16,0,52845.0,0,1,1476,1072,2,35,5,0,0,9.2,Corporate,0,28.0,0,16,0,48.1,57.4,1
2022-10-01,Cloud Engineer,Full-Time,Remote,Marketing,London,Martinez and Sons,Medium,21.0,0,0,258,1,21555.0,0,0,0,2554,1,8,59,38,0,5.9,Free,1,16.7,1,0,19,57.3,71.9,1
2023-02-17,UI/UX Designer,Full-Time,Onsite,Gaming,Dubai,Walker-Boyle,Small,7.0,1,1,92,1,28371.0,0,0,0,2300,2,69,25,40,0,2.1,Corporate,0,4.6,1,13,41,25.1,34.6,0
2023-12-09,Cloud Engineer,Internship,Onsite,Cybersecurity,New York,"Hoffman, Taylor and King",Small,16.0,0,1,225,0,43952.0,0,1,2558,2441,1,22,49,4,0,4.2,Corporate,0,20.0,0,47,60,13.3,79.7,1
2020-12-15,AI Research Intern,Part-Time,Onsite,EdTech,San Francisco,Neal Inc,Medium,37.0,1,1,434,1,27578.0,0,0,0,1398,3,23,39,25,1,2.3,Corporate,0,16.6,1,6,12,63.7,34.3,0
2025-05-10,Frontend Developer,Contract,Remote,Gaming,Berlin,Medina-Henderson,Medium,22.0,0,1,242,1,27837.0,0,0,0,2539,2,23,24,12,0,4.6,Corporate,0,27.3,1,56,29,54.8,18.6,0
2026-05-05,ML Engineer,Internship,Remote,E-Commerce,Singapore,Page-Sullivan,Small,13.0,1,1,163,1,48832.0,0,0,0,1816,8,31,51,40,0,0.0,Corporate,0,16.8,1,38,19,41.2,39.3,0
2026-03-09,Marketing Intern,Internship,Remote,Healthcare,Dubai,"Vargas, Harper and Harris",Startup,9.0,0,0,115,0,40360.0,0,0,0,1350,2,86,55,50,0,1.2,Corporate,0,16.8,1,32,45,10.4,81.5,1
2025-03-22,Backend Developer,Contract,Remote,EdTech,Toronto,Medina-Anderson,Small,39.0,1,1,457,0,23316.0,0,0,0,1452,3,11,26,4,0,8.6,Corporate,0,33.0,1,45,25,54.1,13.5,0
2023-08-17,ML Engineer,Full-Time,Remote,E-Commerce,San Francisco,Brown and Sons,Enterprise,9.0,1,1,104,0,,0,0,0,2103,5,14,52,17,0,12.6,Corporate,0,34.4,1,8,33,36.2,28.9,0
2023-04-06,Cybersecurity Analyst,Full-Time,Remote,Marketing,Berlin,"Hammond, Long and Sullivan",Startup,9.0,1,0,87,1,37022.0,0,0,0,2818,1,69,12,0,0,1.9,Free,1,20.3,1,0,33,66.0,43.3,0
2018-01-31,UI/UX Designer,Part-Time,Hybrid,Software,Berlin,Santos-Miller,Startup,7.0,0,1,68,1,43956.0,0,0,0,1409,0,0,11,17,0,8.5,Corporate,0,22.6,1,25,31,70.0,16.3,0
2025-11-20,UI/UX Designer,Part-Time,Remote,Marketing,Bangalore,Cox Ltd,Small,14.0,1,1,147,1,18066.0,0,1,1379,2487,4,19,45,42,0,4.5,Corporate,0,15.6,0,34,0,75.4,56.4,1
2021-12-31,Data Science Intern,Full-Time,Remote,AI,New York,"Flores, Thompson and Silva",Small,37.0,1,0,421,1,43996.0,0,0,0,1891,3,24,0,22,0,2.1,Free,1,11.3,0,39,21,61.9,46.1,0
2024-09-19,Cloud Engineer,Full-Time,Remote,EdTech,San Francisco,Hernandez PLC,Small,10.0,0,1,120,1,41037.0,0,0,0,431,4,19,29,58,0,4.7,Corporate,0,19.6,1,9,8,51.3,35.0,0
2024-12-12,ML Engineer,Part-Time,Hybrid,AI,Sydney,Brooks-Burns,Enterprise,21.0,1,1,244,0,,0,1,4112,1932,4,0,53,22,0,12.0,Free,1,24.6,0,41,49,62.0,72.3,1
2019-09-14,Cloud Engineer,Internship,Hybrid,EdTech,Singapore,Blankenship Inc,Startup,33.0,1,1,408,0,44914.0,0,0,0,1366,4,70,46,19,0,8.4,Free,1,16.2,1,28,52,6.5,68.1,1
2023-05-08,AI Research Intern,Internship,Hybrid,FinTech,Dubai,Sanders-Martin,Startup,19.0,1,1,224,0,27496.0,0,0,0,2140,1,0,53,34,1,11.4,Free,1,18.5,1,1,29,72.8,51.9,1
2019-11-27,AI Research Intern,Contract,Hybrid,Gaming,London,Thomas and Sons,Small,34.0,1,1,405,1,51941.0,0,0,0,262,1,57,63,2,0,8.8,Corporate,0,1.0,1,31,11,85.4,6.8,0
2018-02-06,Cybersecurity Analyst,Full-Time,Hybrid,Software,San Francisco,"Little, Hood and Campbell",Small,37.0,1,1,422,1,35468.0,0,1,986,1221,4,26,65,6,0,8.3,Free,1,18.5,1,17,0,55.3,68.0,1
2020-08-10,ML Engineer,Part-Time,Remote,Healthcare,Singapore,Davis-Schmidt,Small,17.0,0,0,207,1,7180.0,0,0,0,2268,4,25,53,57,0,0.6,Corporate,0,1.0,1,28,11,57.8,60.5,1
2026-07-16,Cybersecurity Analyst,Part-Time,Hybrid,AI,Sydney,"Chapman, Nunez and Shaw",Startup,25.0,1,0,328,1,16567.0,0,0,0,1762,6,12,59,48,0,6.9,Free,1,26.7,1,58,9,65.4,59.2,1
2024-08-26,Backend Developer,Full-Time,Onsite,AI,Berlin,Lucas and Sons,Startup,12.0,1,1,138,1,13940.0,0,1,158,2292,1,71,68,33,0,4.1,Corporate,0,20.3,1,53,47,22.8,85.8,1
2024-05-19,Frontend Developer,Part-Time,Hybrid,Cybersecurity,Singapore,Vincent LLC,Enterprise,36.0,0,1,429,0,19106.0,0,0,0,1201,1,48,66,44,0,5.4,Corporate,0,16.2,0,23,51,50.8,60.2,1
2021-06-24,Marketing Intern,Part-Time,Onsite,Gaming,Bangalore,Smith PLC,Small,38.0,1,1,477,1,53567.0,0,1,4320,1335,2,29,0,49,0,5.2,Free,1,25.0,0,44,3,80.8,53.4,1
2024-01-15,ML Engineer,Full-Time,Hybrid,FinTech,San Francisco,Morales-Bailey,Medium,9.0,0,1,109,1,24628.0,0,1,3972,538,3,24,85,43,0,5.9,Free,1,8.3,1,0,9,56.4,83.4,1
2021-10-14,ML Engineer,Contract,Hybrid,Cybersecurity,New York,Thomas-Greene,Small,17.0,1,1,188,1,21168.0,0,0,0,2139,6,23,37,36,0,5.0,Corporate,0,9.2,1,10,24,50.1,27.7,0
2026-06-12,Cloud Engineer,Contract,Onsite,FinTech,London,Flores PLC,Startup,32.0,1,1,386,1,34173.0,0,0,0,1202,3,57,16,16,0,8.1,Free,1,15.3,1,0,2,60.8,34.5,0
2019-11-24,Data Science Intern,Full-Time,Remote,Marketing,London,Flores Ltd,Enterprise,22.0,1,0,249,1,24663.0,0,0,0,1029,1,23,63,24,0,11.1,Corporate,0,11.9,1,0,7,77.6,33.7,0
2019-05-20,Marketing Intern,Contract,Hybrid,FinTech,Berlin,"Cannon, Burnett and Jenkins",Small,27.0,1,0,318,0,57562.0,0,0,0,2665,1,66,53,8,0,7.0,Corporate,0,1.9,1,49,32,37.0,63.6,1
2022-06-30,UI/UX Designer,Full-Time,Remote,Healthcare,New York,"Riley, Moore and Davis",Small,32.0,1,1,404,1,45716.0,0,0,0,1793,5,30,85,48,0,7.4,Free,1,20.0,1,43,27,59.5,58.7,1
2025-12-06,Backend Developer,Internship,Remote,Marketing,Dubai,"Hurst, Douglas and Lucero",Small,29.0,1,1,333,1,43246.0,0,0,0,1220,6,31,73,0,1,6.3,Free,1,2.6,1,32,17,72.3,58.3,1
2024-05-07,Data Science Intern,Part-Time,Remote,Cybersecurity,San Francisco,Barrett Ltd,Small,11.0,0,1,126,0,35711.0,0,0,0,1234,1,16,40,33,0,2.7,Corporate,0,22.6,1,16,30,64.6,40.0,0
2022-10-01,Cybersecurity Analyst,Full-Time,Remote,EdTech,Bangalore,"Patterson, Frank and Boyd",Enterprise,7.0,1,1,88,1,14064.0,0,1,2568,2670,1,39,57,56,0,8.8,Corporate,0,15.2,1,10,25,58.7,61.4,1
2025-12-26,Cloud Engineer,Internship,Remote,Gaming,Toronto,"Young, Cardenas and Green",Medium,39.0,1,1,492,0,15431.0,0,0,0,2075,1,8,29,14,0,7.0,Corporate,0,13.7,1,56,46,56.5,12.1,0
2019-03-25,Marketing Intern,Part-Time,Remote,Cybersecurity,Bangalore,Zuniga Inc,Enterprise,4.0,1,1,27,1,28501.0,0,0,0,2013,3,52,28,29,0,4.4,Corporate,0,23.0,1,28,0,55.8,18.4,0
2025-05-18,ML Engineer,Contract,Hybrid,Marketing,New York,Rice-Obrien,Startup,17.0,1,1,186,1,33082.0,0,1,4172,1602,5,29,48,39,0,8.3,Corporate,0,6.8,1,28,62,38.1,72.9,1
2021-05-19,Marketing Intern,Contract,Remote,Software,New York,Mack-Schneider,Startup,12.0,1,0,144,1,11300.0,0,0,0,2089,3,47,75,8,0,4.4,Corporate,0,4.8,1,0,8,64.2,55.3,1
2023-10-08,UI/UX Designer,Contract,Onsite,Gaming,Toronto,Hardin Group,Startup,18.0,1,0,223,0,53102.0,0,0,0,2695,4,47,84,0,0,6.0,Free,1,36.2,0,29,4,44.9,41.3,0
2022-01-23,AI Research Intern,Full-Time,Remote,AI,Bangalore,Dean Ltd,Enterprise,4.0,0,0,51,1,25058.0,0,0,0,1625,2,37,68,42,0,5.6,Corporate,0,17.3,1,70,18,32.1,70.5,1
2022-04-27,AI Research Intern,Internship,Remote,Gaming,New York,Harper-Richardson,Startup,30.0,1,1,343,0,40514.0,0,0,0,2064,1,29,17,13,0,3.5,Corporate,0,21.1,1,39,3,65.7,12.2,0
2020-04-23,Frontend Developer,Internship,Remote,Gaming,New York,"Graham, Jones and Bailey",Startup,1.0,0,0,19,1,16290.0,0,0,0,2217,7,46,6,8,0,5.4,Corporate,0,15.1,1,32,14,32.8,75.4,1
2022-08-09,Frontend Developer,Full-Time,Onsite,Healthcare,Berlin,"Johnson, Nguyen and Smith",Medium,26.0,1,1,306,0,64828.0,0,0,0,1377,1,57,44,22,0,2.5,Free,1,29.3,1,6,22,62.5,44.9,0
2022-06-24,AI Research Intern,Part-Time,Remote,FinTech,Bangalore,Bender-Campos,Enterprise,34.0,1,1,426,1,35073.0,0,0,0,2528,2,44,42,61,0,0.0,Corporate,0,31.3,1,47,27,56.4,33.7,0
2025-03-20,UI/UX Designer,Contract,Remote,Cybersecurity,Dubai,Meadows-Alvarez,Startup,18.0,1,1,209,1,43202.0,0,0,0,2024,7,44,49,60,0,5.6,Corporate,0,11.5,1,41,31,67.6,41.9,0
2023-11-09,Cloud Engineer,Internship,Remote,AI,London,Jones-Stark,Enterprise,27.0,1,1,336,1,55968.0,0,0,0,2737,2,49,31,34,0,7.3,Corporate,0,20.3,1,0,0,70.4,15.4,0
2026-03-04,AI Research Intern,Part-Time,Hybrid,EdTech,San Francisco,"Neal, Shea and Lopez",Medium,16.0,1,1,174,0,52256.0,0,0,0,2637,2,40,28,32,0,1.6,Corporate,0,21.6,1,80,31,58.8,24.4,0
2024-10-12,ML Engineer,Contract,Remote,Software,Sydney,Smith-Smith,Enterprise,32.0,1,1,402,1,18606.0,0,0,0,1987,7,67,66,6,0,2.5,Free,1,2.8,1,9,5,50.2,53.0,1
2022-04-22,ML Engineer,Contract,Remote,Software,Dubai,Obrien-Howell,Medium,2.0,1,0,9,1,50659.0,0,0,0,1926,0,33,45,42,0,3.3,Corporate,0,3.6,0,31,0,69.0,29.4,0
2021-01-17,UI/UX Designer,Full-Time,Remote,Cybersecurity,San Francisco,Lee and Sons,Medium,17.0,1,1,202,1,14516.0,0,0,0,1834,3,38,39,20,0,5.8,Corporate,0,9.7,0,40,18,60.2,6.9,0
2020-09-26,Marketing Intern,Part-Time,Onsite,AI,Toronto,Stevenson Group,Small,24.0,1,1,307,0,53036.0,0,0,0,1907,1,28,88,21,0,0.8,Corporate,0,25.5,1,38,25,51.2,35.8,0
2018-09-30,Cloud Engineer,Part-Time,Remote,Cybersecurity,Bangalore,Kennedy-Price,Small,14.0,1,1,159,1,48565.0,0,0,0,561,4,0,63,0,0,8.8,Corporate,0,36.1,1,41,4,57.0,18.9,0
2021-06-03,Cloud Engineer,Contract,Hybrid,FinTech,Bangalore,"Herring, Campbell and Lopez",Medium,5.0,1,1,41,0,20809.0,0,0,0,2393,0,54,27,40,1,9.0,Corporate,0,24.7,1,2,34,41.2,56.6,1
2021-11-28,AI Research Intern,Part-Time,Remote,Cybersecurity,Singapore,Taylor-Simmons,Small,35.0,1,1,399,1,50149.0,0,0,0,2417,4,47,27,28,0,1.6,Corporate,0,9.2,1,0,13,88.6,17.9,0
2021-12-19,ML Engineer,Contract,Hybrid,E-Commerce,Sydney,Olson-Wise,Small,9.0,1,1,82,1,38168.0,0,0,0,2393,3,56,17,51,0,4.8,Corporate,0,10.1,1,45,13,64.7,34.1,0
2026-05-18,ML Engineer,Full-Time,Remote,E-Commerce,New York,"Shaw, Anderson and Smith",Small,26.0,1,0,325,1,37564.0,0,0,0,1581,3,22,42,2,0,4.0,Corporate,0,15.7,0,0,38,42.4,52.6,1
2025-05-31,AI Research Intern,Part-Time,Remote,AI,Sydney,Trevino-Carter,Small,6.0,1,1,83,1,47155.0,0,0,0,1452,3,19,42,0,0,3.5,Corporate,0,32.0,0,0,21,67.2,11.7,0
2018-07-02,Cloud Engineer,Part-Time,Onsite,Marketing,San Francisco,"Hawkins, Schneider and Gaines",Small,26.0,1,1,295,0,67149.0,0,1,4672,2320,2,55,59,46,0,7.3,Corporate,0,33.1,1,5,0,54.9,54.0,1
2025-07-30,Cybersecurity Analyst,Part-Time,Hybrid,AI,San Francisco,Griffith and Sons,Medium,28.0,1,1,331,1,24351.0,0,0,0,1616,2,31,73,43,0,3.7,Free,1,32.3,0,19,20,72.3,43.7,0
2018-02-11,Backend Developer,Part-Time,Hybrid,FinTech,New York,"Welch, Meza and Crawford",Small,32.0,1,0,399,0,28655.0,0,1,705,1223,5,11,15,0,0,3.8,Corporate,0,8.1,1,23,34,47.3,68.3,1
2025-08-22,ML Engineer,Full-Time,Remote,Software,San Francisco,White-Arellano,Small,23.0,0,1,280,0,7080.0,0,0,0,1712,5,35,57,19,0,5.9,Free,1,19.7,1,49,33,30.2,76.7,1
2022-02-05,Marketing Intern,Part-Time,Hybrid,Cybersecurity,London,Rodriguez PLC,Medium,32.0,1,1,370,1,39037.0,0,0,0,1722,2,43,56,23,0,7.5,Corporate,0,13.6,1,45,0,62.0,10.4,0
2019-09-17,AI Research Intern,Internship,Remote,EdTech,Bangalore,Vang-Miller,Startup,27.0,1,1,378,1,31726.0,0,0,0,2767,3,7,48,7,0,6.4,Free,1,13.6,1,52,0,84.0,15.5,0
2023-11-07,Backend Developer,Part-Time,Remote,FinTech,Toronto,"Hardin, Young and Moore",Enterprise,31.0,1,1,382,1,31879.0,0,1,2315,910,1,51,44,23,0,1.3,Corporate,0,7.5,1,14,13,67.1,46.2,0
2018-02-22,AI Research Intern,Part-Time,Hybrid,Marketing,London,Hensley Inc,Medium,22.0,1,1,234,1,46595.0,0,0,0,1877,2,28,83,15,0,2.3,Corporate,0,20.3,1,19,12,80.2,8.6,0
2024-01-22,UI/UX Designer,Full-Time,Hybrid,AI,Toronto,"Austin, Mitchell and Benton",Enterprise,39.0,0,1,446,0,20307.0,0,0,0,1349,2,17,9,1,0,3.8,Free,1,2.8,1,0,21,39.6,39.1,0
2024-10-03,Frontend Developer,Part-Time,Remote,AI,Toronto,Gonzalez Group,Medium,1.0,1,1,29,0,28250.0,0,0,0,2658,4,46,27,39,0,2.1,Corporate,0,1.1,0,16,23,45.3,42.0,0
2024-12-25,ML Engineer,Part-Time,Hybrid,AI,Toronto,"Luna, Long and Torres",Enterprise,33.0,1,1,405,1,29278.0,0,0,0,1416,0,54,76,22,0,0.0,Corporate,0,18.7,1,23,29,53.5,41.0,0
2022-04-23,Frontend Developer,Contract,Remote,Cybersecurity,Toronto,"Hansen, Middleton and Castro",Small,20.0,1,0,235,1,26697.0,0,0,0,1103,2,0,4,36,0,4.5,Corporate,0,13.4,0,24,17,68.4,10.1,0
2019-02-28,AI Research Intern,Part-Time,Hybrid,Gaming,London,"Mcgee, Huff and Jones",Small,19.0,1,1,235,0,47442.0,0,1,4950,1689,2,37,2,9,0,4.0,Corporate,0,3.0,1,0,4,51.7,24.4,0
2019-03-09,Frontend Developer,Internship,Remote,Gaming,London,Mcguire-Flynn,Small,22.0,1,0,232,0,31163.0,0,0,0,1806,7,54,45,6,0,5.9,Free,1,2.9,1,20,26,36.3,80.4,1
2019-08-26,ML Engineer,Contract,Remote,Gaming,Singapore,Weber PLC,Startup,33.0,1,1,403,0,19538.0,0,0,0,1413,2,43,55,32,0,3.2,Corporate,0,23.1,0,0,25,38.8,18.5,0
2024-04-03,Cloud Engineer,Internship,Remote,FinTech,Dubai,Mack-Todd,Medium,2.0,1,1,40,0,42406.0,0,0,0,1707,2,67,37,49,0,6.3,Free,1,31.3,0,39,18,31.9,73.2,1
2023-08-19,Marketing Intern,Part-Time,Remote,Gaming,Singapore,Stuart Ltd,Small,25.0,0,1,293,1,28915.0,0,0,0,2447,1,36,31,26,0,5.5,Corporate,0,20.1,1,20,44,40.8,54.5,1
2023-12-16,Frontend Developer,Contract,Hybrid,Marketing,Dubai,"Vasquez, Collins and West",Small,15.0,1,1,162,1,28674.0,0,0,0,1329,3,30,27,46,0,5.1,Corporate,0,17.1,1,0,0,66.4,0.0,0
2021-07-15,Cloud Engineer,Part-Time,Onsite,E-Commerce,Toronto,Howard LLC,Medium,9.0,1,1,105,1,27910.0,0,0,0,2054,5,18,0,0,0,2.6,Free,1,30.9,1,41,34,71.0,6.7,0
2018-06-27,Marketing Intern,Contract,Remote,Software,Toronto,"Mora, Price and Davis",Medium,28.0,1,1,337,1,47904.0,0,0,0,2754,4,72,8,68,0,11.4,Corporate,0,25.6,1,20,14,61.8,40.1,0
2023-03-24,Backend Developer,Contract,Remote,EdTech,Toronto,Sandoval Ltd,Startup,5.0,1,1,60,0,19062.0,0,1,3300,3102,2,14,60,34,0,2.2,Free,1,27.1,0,15,17,56.5,53.1,1
2021-04-17,Cybersecurity Analyst,Contract,Remote,AI,Berlin,Smith-Patterson,Startup,3.0,1,1,31,1,32272.0,0,0,0,1392,3,0,20,49,0,6.4,Corporate,0,1.0,0,27,10,72.5,0.0,0
2023-06-28,Cybersecurity Analyst,Part-Time,Onsite,EdTech,San Francisco,Howell Inc,Small,6.0,1,1,58,1,65310.0,0,0,0,1455,3,11,55,42,0,9.3,Corporate,0,10.4,1,18,0,70.1,0.0,0
2024-10-02,AI Research Intern,Contract,Onsite,Marketing,San Francisco,"Harrington, Hutchinson and Ball",Small,8.0,0,1,91,1,32485.0,0,0,0,940,0,29,51,36,0,5.0,Free,1,27.3,0,47,0,59.0,48.0,0
2022-02-19,ML Engineer,Internship,Remote,Cybersecurity,Berlin,Smith and Sons,Medium,20.0,1,1,246,1,43874.0,0,0,0,1417,6,39,0,20,0,0.0,Corporate,0,4.7,1,73,42,23.0,30.5,0
2021-04-25,Marketing Intern,Full-Time,Remote,Cybersecurity,Sydney,"Rogers, Gomez and Harper",Small,33.0,1,1,385,1,20644.0,0,0,0,2133,5,52,61,36,0,0.0,Corporate,0,15.2,0,36,18,45.1,28.1,0
2022-05-08,AI Research Intern,Full-Time,Hybrid,Gaming,Singapore,Mason Group,Small,33.0,1,1,411,1,52272.0,0,0,0,612,3,1,24,10,0,3.8,Corporate,0,9.9,1,54,9,84.6,0.0,0
2018-04-29,Frontend Developer,Internship,Remote,AI,Berlin,George-Davis,Enterprise,30.0,1,1,365,1,36982.0,0,0,0,845,1,54,32,46,0,7.2,Free,1,18.3,1,60,43,27.5,71.3,1
2023-04-02,AI Research Intern,Internship,Onsite,Cybersecurity,Sydney,Boone Group,Startup,5.0,1,0,43,1,23777.0,0,0,0,2233,4,40,100,19,1,6.6,Corporate,0,13.2,1,34,28,61.2,76.0,1
2021-07-25,Data Science Intern,Internship,Hybrid,EdTech,Singapore,Ford Ltd,Small,38.0,1,1,463,0,56230.0,0,0,0,1214,8,47,36,34,1,4.6,Corporate,0,6.0,1,19,28,21.2,66.2,1
2019-03-10,Data Science Intern,Internship,Remote,Gaming,Dubai,Graves-Crosby,Small,24.0,1,1,270,1,48880.0,0,1,4527,2551,1,19,29,20,0,7.7,Corporate,0,16.5,1,38,48,57.8,50.9,1
2024-06-27,Frontend Developer,Full-Time,Remote,E-Commerce,Sydney,"Mills, Howard and Moore",Small,12.0,1,1,141,0,34108.0,0,0,0,773,5,39,41,0,1,4.3,Free,1,17.5,1,0,34,25.8,74.4,1
2020-02-02,Cloud Engineer,Contract,Remote,Software,Sydney,Sanchez-Jones,Enterprise,33.0,1,0,408,1,19551.0,0,0,0,1522,5,25,28,19,0,0.0,Corporate,0,21.6,1,21,2,57.9,30.1,0
2022-09-08,ML Engineer,Contract,Remote,AI,San Francisco,Butler PLC,Startup,27.0,0,1,309,1,37364.0,0,0,0,1943,4,52,21,10,0,4.2,Free,1,11.2,1,33,29,62.0,62.7,1
2023-04-05,Cybersecurity Analyst,Internship,Hybrid,Cybersecurity,Bangalore,Evans-Graham,Medium,30.0,1,1,359,1,45001.0,0,1,1524,2223,2,12,1,6,0,5.8,Corporate,0,12.8,1,50,22,76.4,19.9,0
2023-03-17,ML Engineer,Part-Time,Hybrid,Marketing,Berlin,"Wagner, Bush and Ross",Medium,31.0,1,1,355,1,51012.0,0,1,967,1034,4,37,3,34,0,6.2,Free,1,15.4,1,45,21,40.0,55.4,1
2023-07-11,Cybersecurity Analyst,Part-Time,Remote,Gaming,Berlin,Reed LLC,Startup,28.0,1,1,335,1,39269.0,0,0,0,1318,4,56,82,31,0,4.5,Free,1,25.1,1,18,51,25.3,86.8,1
2020-07-21,Cybersecurity Analyst,Part-Time,Remote,Cybersecurity,Bangalore,"Lane, Walters and Jones",Small,13.0,1,1,168,0,28612.0,0,0,0,1105,2,56,47,0,0,4.5,Free,1,21.9,1,19,19,36.3,37.9,0
2025-03-23,Cloud Engineer,Contract,Remote,AI,Dubai,Peterson PLC,Startup,9.0,1,0,116,1,24143.0,0,0,0,2373,3,50,24,58,0,9.0,Free,1,27.2,1,0,10,62.7,62.7,1
2022-11-25,Frontend Developer,Internship,Remote,EdTech,Toronto,"Martinez, Quinn and Wilkins",Small,7.0,1,1,106,0,31179.0,0,1,3217,1467,6,20,70,18,0,1.3,Corporate,0,4.7,1,50,31,52.9,65.2,1
2026-01-06,Marketing Intern,Full-Time,Hybrid,Healthcare,Berlin,"Caldwell, Olsen and Rogers",Enterprise,12.0,1,1,154,1,12944.0,0,0,0,1688,1,0,34,32,0,4.9,Corporate,0,22.2,1,3,0,85.5,0.0,0
2018-12-22,UI/UX Designer,Contract,Remote,Marketing,Toronto,Gomez LLC,Enterprise,28.0,1,0,338,1,34902.0,0,0,0,1569,3,19,43,17,0,5.0,Corporate,0,10.2,1,20,0,58.3,41.6,0
2019-09-24,Data Science Intern,Contract,Hybrid,E-Commerce,Sydney,Moore-Rangel,Small,3.0,1,1,59,1,19438.0,0,1,3159,2823,4,75,40,40,0,8.0,Free,1,3.6,0,20,22,60.6,68.2,1
2023-07-09,UI/UX Designer,Part-Time,Onsite,Marketing,Singapore,Esparza-Cooper,Medium,6.0,1,1,83,0,40557.0,0,0,0,1510,4,47,29,13,1,9.4,Corporate,0,20.4,1,0,43,36.4,60.8,1
2023-04-30,Cybersecurity Analyst,Part-Time,Onsite,E-Commerce,Singapore,Garcia-Welch,Enterprise,1.0,1,0,1,1,41403.0,0,0,0,3146,5,55,40,25,0,3.7,Corporate,0,5.8,0,64,24,52.6,56.8,1
2019-03-13,Marketing Intern,Contract,Onsite,Gaming,New York,Maldonado Group,Startup,35.0,1,1,405,1,50079.0,0,0,0,565,4,27,91,64,0,0.0,Free,1,13.4,0,17,42,31.6,58.5,1
2024-02-01,Cloud Engineer,Internship,Onsite,FinTech,Berlin,Freeman-White,Medium,34.0,0,1,401,1,35203.0,0,1,4982,1522,5,29,23,29,0,6.8,Free,1,27.2,1,19,9,48.8,57.1,1
2024-02-23,Frontend Developer,Contract,Hybrid,AI,San Francisco,"Turner, Warren and Cole",Startup,11.0,1,1,112,1,,0,0,0,1472,1,14,60,8,1,4.2,Corporate,0,1.0,1,51,50,48.6,34.2,0
2026-02-17,ML Engineer,Contract,Onsite,Healthcare,Sydney,Mitchell and Sons,Small,36.0,1,1,424,1,34155.0,0,0,0,997,3,29,46,19,1,0.9,Free,1,31.9,1,40,12,64.1,50.2,1
2024-04-12,Data Science Intern,Full-Time,Remote,Software,Sydney,Rogers-Lowe,Medium,12.0,1,1,135,1,44884.0,0,0,0,2831,1,30,63,22,0,5.9,Corporate,0,27.0,0,11,37,62.4,26.1,0
2024-09-05,Data Science Intern,Internship,Remote,AI,San Francisco,Nichols PLC,Enterprise,29.0,0,0,363,1,55634.0,0,0,0,2188,2,41,48,8,0,6.6,Corporate,0,7.1,1,0,35,43.2,55.6,1
2018-12-02,Marketing Intern,Full-Time,Hybrid,AI,Bangalore,"Lucero, Daniels and Gardner",Small,22.0,0,1,241,1,57135.0,0,0,0,813,4,66,57,39,0,7.0,Corporate,0,2.7,0,39,13,31.9,52.4,1
2021-04-05,Data Science Intern,Internship,Hybrid,Healthcare,Dubai,Jennings-Murphy,Startup,30.0,0,1,357,0,68799.0,0,0,0,1711,5,59,0,65,0,8.0,Free,1,28.3,0,13,39,0.9,74.5,1
2019-06-12,Cloud Engineer,Internship,Hybrid,FinTech,Singapore,Hebert and Sons,Medium,32.0,1,1,380,0,30013.0,0,0,0,1700,2,34,32,38,0,8.7,Corporate,0,10.8,0,29,24,53.6,14.5,0
2019-07-25,ML Engineer,Part-Time,Remote,Gaming,Bangalore,Rogers Inc,Enterprise,16.0,1,1,184,1,31078.0,0,0,0,1461,6,33,18,26,0,6.5,Corporate,0,24.0,0,29,13,68.2,15.6,0
2023-04-18,ML Engineer,Full-Time,Remote,FinTech,Toronto,Moore Group,Startup,17.0,1,1,224,0,16288.0,0,1,584,2329,2,15,17,58,0,1.8,Free,1,2.4,0,40,33,51.9,68.0,1
2025-09-25,Data Science Intern,Full-Time,Remote,Healthcare,Dubai,Snyder-Martinez,Small,8.0,1,1,127,0,15362.0,0,0,0,2011,2,43,35,24,0,3.5,Free,1,38.8,0,44,28,39.4,50.4,1
2025-07-23,Marketing Intern,Contract,Remote,Software,Sydney,"Nelson, Garcia and Cochran",Small,17.0,1,1,185,1,56105.0,0,0,0,2068,6,45,66,5,0,2.4,Corporate,0,17.1,1,29,9,49.1,43.3,0
2025-07-08,ML Engineer,Full-Time,Remote,EdTech,Singapore,Kelly-Sampson,Startup,32.0,0,1,369,1,25252.0,0,0,0,1341,4,30,26,0,0,1.2,Corporate,0,23.6,0,45,24,38.7,19.2,0
2020-01-13,Data Science Intern,Internship,Onsite,Cybersecurity,London,Walker PLC,Startup,39.0,1,0,464,0,51308.0,0,0,0,2229,1,43,0,0,0,3.6,Corporate,0,25.3,0,33,30,39.1,22.7,0
2018-11-02,Frontend Developer,Part-Time,Remote,Cybersecurity,London,Hayden Ltd,Startup,36.0,1,1,411,1,33360.0,0,0,0,2525,1,47,35,23,0,3.7,Corporate,0,29.5,1,18,33,56.4,27.5,0
2026-12-31,AI Research Intern,Contract,Remote,FinTech,Dubai,"Mitchell, Gonzales and Briggs",Medium,23.0,0,1,259,0,44041.0,0,0,0,1691,3,0,55,70,0,2.6,Corporate,0,8.1,1,0,15,51.9,28.1,0
2026-04-04,Cybersecurity Analyst,Internship,Remote,E-Commerce,San Francisco,"Long, Cook and Robbins",Medium,32.0,1,1,398,0,35169.0,0,0,0,1659,5,33,28,34,0,0.0,Free,1,14.9,1,25,2,54.4,19.7,0
2019-05-27,ML Engineer,Internship,Remote,Gaming,Toronto,"Boyd, Foley and Taylor",Startup,10.0,1,1,137,1,39787.0,0,0,0,1906,2,34,51,24,0,6.8,Free,1,9.6,0,30,26,82.5,42.0,0
2024-04-18,Backend Developer,Internship,Onsite,Software,London,"Stephens, Rodriguez and Finley",Enterprise,18.0,0,1,166,1,30457.0,0,0,0,2101,4,48,60,43,0,3.2,Corporate,0,26.8,1,38,33,29.5,58.3,1
2022-01-26,ML Engineer,Part-Time,Remote,Marketing,Dubai,Payne-Young,Medium,34.0,1,1,378,0,38642.0,0,0,0,2325,2,39,4,36,0,6.5,Corporate,0,16.6,1,20,51,29.8,34.9,0
2023-03-03,Frontend Developer,Part-Time,Remote,Cybersecurity,New York,Horton-Martin,Small,35.0,0,1,438,1,29482.0,0,0,0,1454,3,34,32,28,0,1.7,Corporate,0,8.6,1,22,0,61.1,30.7,0
2026-11-09,Cloud Engineer,Contract,Remote,Marketing,Bangalore,Cruz Inc,Small,16.0,1,0,168,0,45729.0,0,0,0,2001,4,31,40,12,0,5.9,Free,1,24.2,1,35,32,37.9,52.6,1
2021-03-14,AI Research Intern,Contract,Remote,Gaming,London,"Smith, Sanders and Eaton",Medium,1.0,1,1,5,1,41681.0,0,0,0,1852,0,6,46,32,0,6.4,Corporate,0,25.2,1,43,10,100.0,0.7,0
2022-05-19,Cybersecurity Analyst,Part-Time,Remote,AI,New York,"Thompson, Murphy and Murphy",Startup,7.0,1,0,58,1,58813.0,0,1,1873,1940,1,8,35,29,0,1.6,Free,1,20.0,1,2,9,86.5,56.1,1
2021-06-15,Cybersecurity Analyst,Internship,Remote,Gaming,Singapore,King and Sons,Startup,12.0,1,1,141,1,13072.0,0,0,0,1439,5,43,69,29,0,3.8,Corporate,0,18.2,1,43,44,50.9,50.2,1
2025-09-07,Cybersecurity Analyst,Internship,Remote,Software,Dubai,Johnson Inc,Startup,2.0,1,1,32,1,2710.0,0,0,0,2144,2,37,14,28,0,4.9,Corporate,0,17.5,1,54,21,59.2,27.4,0
2022-03-11,ML Engineer,Full-Time,Onsite,Gaming,Toronto,Martinez-Quinn,Startup,22.0,0,1,260,1,57708.0,0,0,0,2221,6,53,35,10,0,6.0,Free,1,5.0,1,22,18,49.3,51.1,1
2025-04-12,ML Engineer,Full-Time,Hybrid,AI,Berlin,"Lopez, Cole and Bird",Startup,10.0,1,1,118,1,48989.0,0,0,0,1511,5,51,25,10,0,7.6,Free,1,15.9,1,22,1,63.2,26.5,0
2021-03-31,Frontend Developer,Contract,Remote,Healthcare,Sydney,"Vega, Hunter and Pitts",Small,38.0,1,1,468,1,17449.0,0,0,0,2286,2,58,14,7,0,7.2,Corporate,0,17.5,1,37,0,64.3,0.0,0
2021-07-25,AI Research Intern,Part-Time,Remote,Software,Sydney,Hebert-Rowe,Small,27.0,1,1,326,1,35253.0,0,0,0,2420,1,4,34,19,0,1.1,Corporate,0,10.8,1,2,17,84.6,10.3,0
2025-05-22,Cloud Engineer,Full-Time,Remote,Cybersecurity,Toronto,Barrett Ltd,Medium,33.0,0,1,393,1,13774.0,0,1,2457,1873,3,37,29,49,0,0.9,Free,1,14.1,1,33,16,46.0,90.0,1
2019-11-06,Frontend Developer,Internship,Onsite,Software,London,"White, Clark and Forbes",Startup,9.0,1,1,95,1,52546.0,0,1,4633,1710,3,42,74,2,0,9.8,Corporate,0,33.1,1,6,47,51.1,73.6,1
2018-07-25,Marketing Intern,Full-Time,Onsite,Cybersecurity,Dubai,"Carlson, Fitzgerald and Trujillo",Small,22.0,0,1,284,1,40072.0,0,0,0,1328,4,55,14,0,0,1.4,Corporate,0,11.5,1,19,41,37.7,20.5,0
2018-01-11,UI/UX Designer,Internship,Remote,AI,London,Peck-Ramirez,Startup,18.0,1,1,229,1,43452.0,0,0,0,100,2,25,33,17,0,2.8,Free,1,9.2,1,45,65,40.1,44.6,0
2024-09-28,Marketing Intern,Part-Time,Remote,Software,Singapore,"Pace, Khan and Miller",Enterprise,8.0,0,1,84,0,41151.0,0,1,4774,1533,4,0,54,35,0,7.0,Corporate,0,13.3,0,13,45,36.5,87.9,1
2025-12-01,Marketing Intern,Full-Time,Remote,EdTech,Bangalore,Riley Group,Medium,6.0,0,1,75,1,31612.0,0,0,0,2006,2,6,91,11,0,3.6,Corporate,0,23.7,0,22,33,58.4,23.4,0
2022-10-17,Backend Developer,Contract,Remote,FinTech,Bangalore,"Smith, Austin and Davis",Medium,23.0,0,1,249,1,36599.0,0,0,0,3021,2,34,26,41,0,5.0,Corporate,0,30.8,0,34,0,52.4,19.6,0
2024-08-20,Cybersecurity Analyst,Full-Time,Hybrid,EdTech,San Francisco,Morgan-Romero,Startup,20.0,1,1,238,1,42983.0,0,0,0,2098,2,9,56,33,1,3.9,Free,1,25.7,1,13,41,62.7,52.5,1
2020-10-12,Backend Developer,Internship,Remote,FinTech,Berlin,"Mcclure, Hines and Berry",Startup,32.0,1,1,385,0,37980.0,0,0,0,2167,2,26,58,17,1,3.7,Corporate,0,26.6,1,16,0,57.4,38.7,0
2022-12-22,AI Research Intern,Contract,Remote,Marketing,Bangalore,Swanson-Vazquez,Startup,24.0,0,0,282,1,55646.0,0,0,0,1066,8,36,62,13,0,6.0,Corporate,0,16.7,0,13,6,38.7,42.8,0
2021-02-08,UI/UX Designer,Internship,Remote,Marketing,Berlin,"Moore, Lopez and Bush",Startup,21.0,0,1,260,0,34592.0,0,0,0,2099,5,6,17,48,1,6.4,Corporate,0,18.8,1,0,45,44.8,67.1,1
2020-03-10,Marketing Intern,Full-Time,Remote,AI,Singapore,Wheeler-Brown,Small,7.0,0,1,119,0,16146.0,0,0,0,1556,6,0,67,5,0,7.4,Corporate,0,20.3,1,21,32,44.3,33.0,0
2024-06-01,Cybersecurity Analyst,Part-Time,Onsite,FinTech,Dubai,"Lawson, Watkins and Mann",Startup,10.0,1,1,137,1,44928.0,0,0,0,2108,1,31,55,34,0,4.1,Corporate,0,6.1,1,44,22,67.1,21.9,0
2025-11-19,Cloud Engineer,Part-Time,Hybrid,Gaming,Toronto,Garcia-Garcia,Medium,23.0,1,1,250,1,18228.0,0,1,4744,1354,3,44,64,30,0,10.7,Corporate,0,3.3,1,39,6,57.6,54.6,1
2022-05-30,Marketing Intern,Full-Time,Remote,EdTech,Dubai,Gonzalez-Malone,Enterprise,21.0,1,1,250,1,41360.0,0,0,0,2030,2,0,75,0,0,9.5,Corporate,0,32.1,1,34,0,85.6,0.0,0
2026-09-11,UI/UX Designer,Part-Time,Remote,Gaming,San Francisco,"Wilson, Burnett and Porter",Startup,36.0,0,1,417,1,9453.0,0,0,0,684,2,58,5,47,0,4.0,Corporate,0,14.6,1,26,21,32.4,62.1,1
2021-06-07,Marketing Intern,Part-Time,Onsite,Marketing,Bangalore,"Haley, Humphrey and Robertson",Small,30.0,0,1,342,1,45379.0,0,0,0,1839,2,38,41,43,0,3.8,Corporate,0,33.9,1,28,23,39.5,42.4,0
2025-08-17,Data Science Intern,Part-Time,Hybrid,FinTech,Sydney,Larson-Salinas,Small,32.0,0,0,385,1,40989.0,0,0,0,2427,4,21,35,53,0,2.1,Free,1,14.9,0,27,29,44.6,54.0,1
2020-03-31,UI/UX Designer,Contract,Remote,FinTech,Singapore,Pitts Group,Enterprise,33.0,1,1,423,1,36336.0,0,1,1561,2070,3,23,84,16,0,7.8,Free,1,12.7,1,22,45,46.0,76.4,1
2021-11-04,Marketing Intern,Part-Time,Onsite,EdTech,Berlin,"Bradshaw, Ortiz and Singh",Small,7.0,1,0,67,0,18863.0,0,0,0,2758,4,95,3,33,0,7.4,Corporate,0,6.6,1,52,39,31.2,67.3,1
2023-12-20,UI/UX Designer,Full-Time,Remote,Gaming,Bangalore,Manning and Sons,Startup,29.0,1,1,356,1,39180.0,0,0,0,1772,2,55,88,14,0,3.2,Free,1,18.3,1,66,24,48.6,56.1,1
2020-07-02,AI Research Intern,Internship,Onsite,Healthcare,London,Lamb-Berg,Enterprise,7.0,1,1,71,1,25392.0,0,1,529,2197,3,39,76,23,0,8.3,Corporate,0,6.7,1,70,28,76.5,54.6,1
2018-07-15,Data Science Intern,Internship,Remote,FinTech,Dubai,Turner-Salas,Medium,9.0,1,0,123,1,19521.0,0,0,0,1233,1,49,62,39,0,3.5,Corporate,0,29.8,0,34,18,55.2,51.6,1
2019-03-21,Frontend Developer,Contract,Hybrid,EdTech,New York,Boyd PLC,Small,34.0,1,0,416,1,46187.0,0,0,0,2525,4,64,14,9,1,8.0,Free,1,7.1,1,49,40,54.7,88.0,1
2023-09-16,Cybersecurity Analyst,Contract,Remote,AI,Sydney,Oconnor-Jones,Small,,1,1,78,1,19147.0,0,0,0,1328,3,41,41,41,0,4.6,Corporate,0,19.1,1,30,0,74.7,8.9,0
2023-05-29,Marketing Intern,Contract,Onsite,Cybersecurity,Dubai,Cameron Ltd,Medium,29.0,1,0,310,0,9195.0,0,0,0,2133,1,45,57,20,0,11.6,Corporate,0,16.1,1,45,39,49.9,50.3,1
2025-07-07,Cloud Engineer,Part-Time,Hybrid,Cybersecurity,Sydney,Barajas and Sons,Startup,22.0,1,1,259,1,47100.0,0,0,0,2084,2,49,51,54,0,11.2,Corporate,0,5.4,1,11,35,50.5,35.2,0
2018-12-05,Cloud Engineer,Part-Time,Remote,EdTech,Dubai,"Peters, Phillips and Warner",Startup,26.0,1,1,291,1,33824.0,0,0,0,2152,1,0,36,25,0,4.5,Free,1,22.0,1,1,18,85.8,13.5,0
2021-05-14,Cloud Engineer,Full-Time,Remote,Gaming,Singapore,Ross and Sons,Small,26.0,1,1,293,0,53301.0,0,0,0,722,2,26,6,34,0,5.5,Corporate,0,32.1,1,29,0,72.1,0.0,0
2020-04-16,Frontend Developer,Internship,Remote,Gaming,Berlin,"Stewart, Green and Hopkins",Small,25.0,1,0,310,1,32905.0,0,1,4453,2190,1,65,35,24,0,3.0,Corporate,0,9.9,0,36,11,49.4,95.0,1
2018-11-10,Backend Developer,Part-Time,Remote,E-Commerce,Berlin,Miller-Kelley,Startup,17.0,0,1,190,0,43546.0,0,0,0,1739,0,32,42,34,0,0.3,Corporate,0,16.9,1,29,59,16.9,57.7,1
2021-07-22,AI Research Intern,Part-Time,Remote,EdTech,Dubai,Gardner-Davis,Startup,32.0,1,0,373,1,46661.0,0,0,0,1009,1,21,40,28,0,3.6,Corporate,0,1.5,1,0,30,60.0,30.8,0
2022-09-29,ML Engineer,Internship,Onsite,Gaming,New York,Raymond-Williams,Small,25.0,1,1,312,1,38827.0,0,0,0,2820,5,28,0,38,0,10.3,Corporate,0,14.0,0,7,44,58.9,23.1,0
2018-10-11,Cybersecurity Analyst,Part-Time,Remote,EdTech,New York,Young-Smith,Startup,35.0,1,0,424,1,27849.0,0,0,0,2312,3,3,27,46,0,4.4,Free,1,20.6,1,0,35,62.4,56.1,1
2019-04-11,UI/UX Designer,Full-Time,Remote,EdTech,Dubai,Mason-Medina,Medium,34.0,1,1,418,0,42007.0,0,0,0,1786,1,17,29,0,0,1.1,Corporate,0,15.3,0,14,30,49.1,20.7,0
2022-02-25,ML Engineer,Full-Time,Remote,EdTech,Bangalore,Herrera Inc,Medium,39.0,0,1,454,1,26629.0,0,0,0,1076,1,17,65,24,0,5.8,Corporate,0,18.5,1,0,21,57.3,34.4,0
2023-01-02,Marketing Intern,Part-Time,Onsite,Gaming,Berlin,Delgado and Sons,Startup,6.0,1,1,95,1,10042.0,0,1,4011,1531,1,39,60,0,0,2.8,Corporate,0,1.5,0,15,27,63.0,40.7,0
2026-01-11,Marketing Intern,Part-Time,Remote,E-Commerce,San Francisco,Thompson-Gomez,Small,13.0,1,1,166,1,47489.0,0,0,0,931,7,30,28,8,0,4.6,Corporate,0,10.9,0,17,23,33.9,40.7,0
2024-04-29,Frontend Developer,Internship,Remote,FinTech,Toronto,Stevens-Hess,Startup,37.0,1,1,442,1,47823.0,0,0,0,2076,3,4,6,28,0,4.4,Free,1,21.9,1,7,40,66.2,32.6,0
2021-12-01,Backend Developer,Internship,Remote,Marketing,Bangalore,"Owen, Daniel and Martin",Enterprise,3.0,1,0,42,1,47829.0,0,0,0,1121,4,52,35,4,0,3.2,Corporate,0,17.3,0,4,7,74.0,41.0,0
2024-12-01,Marketing Intern,Part-Time,Remote,Healthcare,New York,Willis Group,Startup,21.0,0,1,244,1,,0,1,4685,844,2,15,51,26,0,4.8,Corporate,0,49.0,1,41,12,71.3,55.8,1
2019-12-10,Data Science Intern,Full-Time,Remote,Healthcare,New York,"Guerra, Lam and Thompson",Small,19.0,1,1,229,1,,0,0,0,1945,4,21,0,34,0,4.1,Corporate,0,33.2,1,36,44,36.9,44.8,0
2022-07-03,ML Engineer,Part-Time,Remote,Software,Berlin,"Lee, Landry and Moore",Startup,5.0,1,1,27,1,35427.0,0,1,1778,2271,3,31,46,49,0,4.2,Corporate,0,10.8,1,0,34,57.9,67.9,1
2019-01-21,Marketing Intern,Internship,Remote,Gaming,Dubai,Jackson-Garcia,Medium,27.0,1,1,328,1,42774.0,0,0,0,2336,3,24,42,25,0,1.2,Corporate,0,17.8,1,9,11,52.6,29.8,0
2020-04-22,Frontend Developer,Internship,Remote,E-Commerce,Toronto,Daniels Group,Medium,26.0,1,1,310,1,36644.0,0,0,0,1174,3,22,78,50,0,8.8,Corporate,0,27.3,1,8,4,69.9,29.0,0
2019-11-13,ML Engineer,Internship,Remote,EdTech,Singapore,Adams-Parker,Medium,7.0,0,1,85,1,13549.0,0,0,0,1573,0,76,31,34,0,4.5,Corporate,0,25.8,0,38,40,30.0,50.6,1
2022-10-03,UI/UX Designer,Contract,Remote,EdTech,Sydney,Hinton Inc,Startup,23.0,1,1,278,1,,0,0,0,1970,5,26,25,56,0,5.0,Corporate,0,10.6,1,46,17,47.1,23.2,0
2019-07-25,Cybersecurity Analyst,Part-Time,Hybrid,Software,Toronto,Weber-Vaughn,Startup,10.0,1,1,101,1,32334.0,0,0,0,1427,2,50,41,4,0,0.0,Free,1,10.2,0,3,33,57.6,45.0,0
2024-06-14,Frontend Developer,Full-Time,Remote,Software,London,Marks PLC,Startup,4.0,1,1,54,0,53600.0,0,0,0,1415,2,29,59,3,0,10.1,Corporate,0,10.1,1,27,18,62.9,12.1,0
2019-03-28,ML Engineer,Internship,Remote,FinTech,Dubai,"Weaver, Silva and Smith",Medium,33.0,1,1,413,1,49359.0,0,0,0,1109,2,33,29,28,0,4.6,Corporate,0,1.0,1,4,30,77.2,14.8,0
2018-05-31,UI/UX Designer,Internship,Onsite,Software,San Francisco,Blair Ltd,Startup,29.0,1,0,358,1,43459.0,0,0,0,2113,1,71,40,18,0,3.5,Corporate,0,28.7,0,6,54,33.5,68.9,1
2022-03-03,Frontend Developer,Internship,Remote,Marketing,London,Lawrence-Terrell,Medium,32.0,0,1,371,1,22890.0,0,0,0,2180,2,59,72,29,0,1.2,Free,1,17.3,1,54,21,40.4,72.4,1
2025-02-18,ML Engineer,Internship,Remote,AI,London,Jackson LLC,Small,20.0,1,1,214,1,14891.0,0,0,0,1467,5,11,0,30,0,7.3,Free,1,32.7,1,18,7,58.8,25.1,0
2021-11-11,Cloud Engineer,Internship,Onsite,E-Commerce,Singapore,"Cannon, Ramos and Owens",Enterprise,23.0,0,1,242,0,19692.0,0,1,2477,1014,5,89,42,9,0,5.0,Corporate,0,13.7,0,0,30,0.0,96.3,1
2025-07-18,Frontend Developer,Internship,Remote,Marketing,Sydney,Johnson Inc,Medium,16.0,1,1,173,1,2000.0,0,0,0,994,3,2,46,0,0,2.8,Corporate,0,29.3,0,25,35,68.0,16.8,0
2022-01-19,Cybersecurity Analyst,Internship,Remote,FinTech,New York,"Smith, Webster and Beck",Enterprise,14.0,1,1,169,1,2000.0,0,0,0,1267,2,43,38,7,0,7.3,Corporate,0,8.1,0,0,25,56.5,15.7,0
2019-01-27,Cloud Engineer,Full-Time,Hybrid,Gaming,Sydney,Anderson PLC,Medium,11.0,1,1,150,1,49711.0,0,0,0,1589,4,9,71,26,1,3.9,Corporate,0,15.1,1,5,19,72.2,44.4,0
2026-08-21,Frontend Developer,Contract,Remote,Healthcare,Dubai,Fields-Fowler,Startup,29.0,1,1,329,1,26532.0,0,0,0,1337,5,14,74,41,0,3.0,Corporate,0,13.1,1,4,14,63.2,33.4,0
2022-10-23,Cybersecurity Analyst,Internship,Remote,FinTech,Berlin,"Shaw, Ross and Davis",Startup,39.0,0,0,498,1,50770.0,0,0,0,2252,5,23,0,34,0,8.6,Free,1,3.6,0,30,11,52.9,57.0,1
2026-02-10,AI Research Intern,Internship,Hybrid,EdTech,San Francisco,Morris-Lyons,Medium,6.0,0,1,65,1,35451.0,0,0,0,2318,6,37,33,8,0,1.9,Free,1,1.0,1,13,24,40.7,67.3,1
2018-09-14,ML Engineer,Contract,Remote,Software,Bangalore,Johnson and Sons,Medium,5.0,1,1,53,1,44887.0,0,0,0,2367,3,48,43,39,0,2.8,Corporate,0,3.9,0,69,5,47.9,26.3,0
2023-06-12,Cybersecurity Analyst,Internship,Remote,Cybersecurity,Berlin,Johnson LLC,Enterprise,35.0,1,1,429,1,10586.0,0,0,0,1810,2,43,27,47,0,3.7,Corporate,0,12.8,1,38,39,51.8,43.6,0
2024-11-12,Marketing Intern,Part-Time,Hybrid,Healthcare,Dubai,"Mullen, Brooks and Payne",Small,16.0,0,1,214,1,51102.0,0,0,0,930,2,77,0,29,0,4.6,Corporate,0,23.4,1,44,50,23.6,61.2,1
2024-08-19,Data Science Intern,Internship,Hybrid,Healthcare,San Francisco,"Rowe, Jenkins and Wagner",Startup,27.0,1,1,313,0,56286.0,0,0,0,1433,3,57,10,30,1,3.2,Corporate,0,13.8,1,22,3,38.3,26.0,0
2026-09-28,Marketing Intern,Internship,Remote,EdTech,London,Mooney-Gonzalez,Medium,26.0,1,0,319,1,20590.0,0,0,0,1853,4,50,0,24,0,5.0,Corporate,0,34.6,1,27,34,50.1,37.3,0
2021-12-18,ML Engineer,Contract,Onsite,FinTech,Sydney,Thompson Ltd,Small,17.0,1,0,204,1,22404.0,0,0,0,1431,1,1,25,48,0,6.2,Corporate,0,29.4,1,9,50,57.1,30.9,0
2020-07-30,Backend Developer,Internship,Hybrid,FinTech,Berlin,"Warren, Nunez and Lopez",Small,1.0,1,0,11,1,24066.0,0,0,0,1390,6,31,56,39,0,2.3,Corporate,0,10.2,0,56,6,66.7,56.8,1
2019-01-17,Marketing Intern,Full-Time,Onsite,EdTech,San Francisco,Henry-Kent,Medium,6.0,0,1,87,1,52363.0,0,1,355,3062,4,37,24,10,0,5.4,Free,1,14.7,1,19,16,44.0,71.1,1
2019-05-27,Cybersecurity Analyst,Internship,Remote,E-Commerce,Sydney,"Ponce, Odonnell and Miller",Startup,23.0,1,1,249,1,44825.0,0,0,0,1882,2,0,45,18,0,5.1,Corporate,0,28.3,0,32,4,100.0,0.0,0
2022-09-15,Frontend Developer,Contract,Remote,Gaming,Singapore,Duncan-Wallace,Small,15.0,1,1,183,1,37396.0,0,0,0,2166,3,19,74,7,0,5.6,Free,1,6.3,1,22,28,67.9,44.2,0
2023-07-06,AI Research Intern,Contract,Remote,FinTech,San Francisco,"Mcconnell, Mccarthy and Cantu",Small,2.0,0,1,2,0,23572.0,0,1,1480,2236,2,31,25,16,0,2.9,Free,1,15.2,1,62,0,70.8,57.7,1
2018-10-20,Cybersecurity Analyst,Full-Time,Remote,EdTech,Sydney,Mendez Inc,Startup,25.0,1,1,313,1,30863.0,0,0,0,2419,4,11,65,10,0,5.1,Corporate,0,7.7,1,51,0,81.6,0.0,0
2026-11-21,Data Science Intern,Part-Time,Remote,EdTech,London,Patterson-Lee,Small,29.0,0,1,353,0,59736.0,0,0,0,1669,2,11,35,78,0,7.1,Free,1,22.6,1,3,28,61.2,54.8,1
2022-04-17,Marketing Intern,Full-Time,Hybrid,Software,New York,"Watson, Garrett and Gardner",Medium,36.0,1,1,441,1,48017.0,0,0,0,1175,3,40,73,60,0,5.2,Free,1,11.2,0,25,20,45.6,44.8,0
2025-05-22,Marketing Intern,Internship,Hybrid,Healthcare,Berlin,"Murray, Wilson and Walters",Small,17.0,1,1,194,1,5570.0,0,1,2825,3089,1,30,24,42,0,2.1,Corporate,0,22.5,0,0,16,74.4,50.8,1
2026-09-17,Marketing Intern,Full-Time,Remote,Marketing,Toronto,Valdez PLC,Startup,26.0,1,0,329,1,33064.0,0,0,0,1176,2,74,31,0,0,0.0,Free,1,21.4,0,7,5,44.8,55.2,1
2021-08-26,UI/UX Designer,Internship,Hybrid,FinTech,Dubai,Reeves and Sons,Medium,25.0,1,1,312,1,41884.0,0,1,3272,2788,5,33,72,14,0,12.4,Free,1,23.5,0,47,0,63.2,54.9,1
2018-07-22,Cybersecurity Analyst,Internship,Onsite,Healthcare,New York,Rodriguez-Mason,Medium,11.0,1,1,137,1,44510.0,0,0,0,1981,2,42,74,42,0,3.7,Corporate,0,18.4,1,53,40,44.2,31.4,0
2018-02-17,Cloud Engineer,Full-Time,Onsite,EdTech,San Francisco,Sanders PLC,Startup,16.0,1,1,180,0,44539.0,0,0,0,1442,3,61,55,64,0,3.5,Corporate,0,1.0,1,39,0,47.4,41.2,0
2020-10-01,Marketing Intern,Full-Time,Remote,Software,Sydney,Moore PLC,Small,7.0,0,1,68,1,49485.0,0,0,0,971,2,33,49,23,0,0.7,Corporate,0,14.1,1,19,0,69.3,13.3,0
2022-09-27,ML Engineer,Part-Time,Remote,Marketing,Dubai,Graham Group,Enterprise,20.0,1,0,231,0,36681.0,0,0,0,2619,0,22,43,28,0,7.9,Corporate,0,19.1,1,12,25,52.2,31.5,0
2022-08-09,AI Research Intern,Internship,Hybrid,Marketing,Dubai,"Gallagher, Kennedy and Larson",Startup,36.0,0,1,437,1,44544.0,0,0,0,2449,1,29,76,47,0,1.5,Corporate,0,28.2,1,29,0,84.7,13.5,0
2021-11-26,Backend Developer,Internship,Remote,E-Commerce,New York,Hays-Smith,Medium,39.0,1,1,431,1,34938.0,0,0,0,1132,3,19,34,29,0,7.9,Free,1,27.5,0,0,67,41.3,52.8,1
2026-05-04,Marketing Intern,Internship,Onsite,Software,San Francisco,Lowe-Allen,Small,14.0,0,1,169,0,24794.0,0,0,0,2944,2,67,72,55,0,8.1,Corporate,0,22.8,1,20,32,30.3,60.3,1
2020-01-13,Cybersecurity Analyst,Part-Time,Remote,AI,New York,"Wheeler, Tucker and Lopez",Small,37.0,0,1,450,0,39322.0,0,0,0,2004,4,30,44,0,1,1.2,Free,1,17.6,0,17,7,47.2,64.9,1
2025-06-05,Data Science Intern,Part-Time,Remote,Healthcare,San Francisco,Bowers-Bishop,Startup,25.0,1,1,268,1,42798.0,0,0,0,2327,4,27,67,33,0,6.6,Corporate,0,3.4,1,46,71,27.8,63.9,1
2019-12-27,Data Science Intern,Full-Time,Remote,Cybersecurity,Dubai,Cooper-Kim,Small,14.0,0,1,194,1,11306.0,0,0,0,2083,4,34,60,18,0,6.7,Free,1,2.0,0,0,29,45.0,65.0,1
2025-12-08,Marketing Intern,Internship,Remote,Cybersecurity,Toronto,"Reyes, White and Cabrera",Enterprise,7.0,1,1,76,0,28852.0,0,0,0,2044,3,5,31,71,0,7.9,Free,1,23.1,0,19,54,59.5,45.2,0
2018-01-05,AI Research Intern,Part-Time,Remote,EdTech,Toronto,"Gould, Griffin and Ortega",Startup,20.0,0,0,244,1,56736.0,0,0,0,3498,5,37,51,10,0,1.3,Corporate,0,6.0,1,43,25,54.2,63.3,1
2026-01-01,Marketing Intern,Internship,Remote,FinTech,Berlin,Hicks Ltd,Startup,4.0,1,1,58,1,56060.0,0,0,0,1503,4,17,38,4,0,3.6,Corporate,0,10.0,1,13,20,65.3,10.5,0
2026-02-23,AI Research Intern,Internship,Remote,Cybersecurity,Dubai,Murphy Inc,Medium,11.0,1,0,94,1,46774.0,0,0,0,1082,5,34,8,24,1,2.3,Corporate,0,8.4,0,45,39,61.5,59.4,1
2022-10-19,AI Research Intern,Internship,Hybrid,Gaming,Bangalore,"Cabrera, Mcdonald and Johnson",Small,18.0,0,1,239,1,42503.0,0,0,0,1303,4,52,33,52,0,7.0,Corporate,0,31.1,1,4,6,55.2,37.9,0
2025-10-26,ML Engineer,Internship,Onsite,Gaming,London,Booker-Gutierrez,Enterprise,38.0,1,1,466,1,51605.0,0,0,0,1652,5,28,71,0,0,4.1,Corporate,0,8.5,1,33,29,63.9,27.7,0
2020-03-20,ML Engineer,Part-Time,Remote,Cybersecurity,Sydney,Sanchez PLC,Startup,12.0,0,1,143,0,43575.0,0,0,0,1255,1,31,53,0,0,2.3,Free,1,18.0,1,24,53,25.9,61.7,1
2026-04-08,Frontend Developer,Internship,Remote,Gaming,Sydney,"Chang, Wilson and Johnson",Small,18.0,0,0,204,1,7671.0,0,0,0,2967,1,51,61,0,0,5.8,Corporate,0,28.8,1,34,31,35.7,68.1,1
2025-06-20,AI Research Intern,Part-Time,Onsite,EdTech,London,Castro Inc,Startup,38.0,0,1,447,1,55094.0,0,0,0,1886,6,52,35,36,0,5.1,Free,1,14.9,1,24,0,45.8,45.5,0
2018-09-16,AI Research Intern,Full-Time,Hybrid,EdTech,Sydney,Taylor Ltd,Small,33.0,1,1,401,1,2000.0,0,0,0,2513,0,38,59,15,0,5.4,Corporate,0,19.3,1,23,23,57.3,15.1,0
2020-10-13,AI Research Intern,Part-Time,Remote,FinTech,Sydney,Riley-Cobb,Medium,37.0,1,1,450,1,34482.0,0,1,4271,1305,4,0,45,21,0,2.5,Corporate,0,19.8,1,13,29,74.2,42.9,0
2021-02-24,Backend Developer,Contract,Hybrid,Cybersecurity,London,Jimenez-Escobar,Small,38.0,1,1,446,1,28787.0,0,1,1638,1803,3,19,67,34,0,0.5,Corporate,0,29.8,1,55,44,57.4,75.0,1
2021-01-26,ML Engineer,Internship,Remote,EdTech,Berlin,White Group,Startup,22.0,1,0,234,1,39803.0,0,0,0,1400,3,34,23,34,0,9.4,Corporate,0,23.6,0,45,13,87.2,10.4,0
2020-01-19,Frontend Developer,Internship,Remote,Healthcare,London,Hernandez-Maddox,Small,38.0,1,0,435,1,37916.0,0,0,0,1573,0,48,52,5,0,7.2,Corporate,0,10.3,1,46,84,32.3,71.0,1
2019-10-15,Data Science Intern,Full-Time,Onsite,Marketing,London,Dean-Turner,Enterprise,17.0,1,1,190,1,44341.0,0,0,0,1639,5,32,33,31,0,3.8,Corporate,0,13.4,1,5,9,59.1,9.7,0
2019-12-01,Backend Developer,Part-Time,Hybrid,FinTech,Bangalore,Dyer-Clayton,Medium,11.0,1,1,130,1,19296.0,0,0,0,2089,2,63,28,36,0,3.2,Corporate,0,27.4,1,35,0,58.2,23.4,0
2018-02-19,Cybersecurity Analyst,Part-Time,Remote,Healthcare,Sydney,"Baldwin, Galloway and Warren",Small,18.0,1,0,192,1,49330.0,0,0,0,1653,4,1,39,14,0,0.8,Corporate,0,13.6,1,29,4,67.6,20.9,0
2022-01-06,Cybersecurity Analyst,Part-Time,Onsite,AI,Sydney,Mendoza-Brown,Startup,33.0,0,0,392,1,18308.0,0,0,0,1995,3,79,72,55,0,4.0,Corporate,0,13.5,1,47,39,32.7,75.7,1
2025-11-21,Backend Developer,Contract,Remote,Marketing,San Francisco,"Chavez, Duncan and Brown",Enterprise,8.0,0,1,85,1,25284.0,0,0,0,2092,3,34,0,33,0,9.0,Corporate,0,12.7,1,9,33,43.0,50.8,1
2018-12-28,Marketing Intern,Full-Time,Remote,E-Commerce,Berlin,Smith PLC,Startup,22.0,1,1,268,1,14630.0,0,0,0,763,4,32,40,25,0,1.0,Corporate,0,7.4,1,26,39,62.3,31.7,0
2021-08-24,AI Research Intern,Internship,Onsite,Marketing,Toronto,Dalton LLC,Enterprise,35.0,1,0,410,1,43425.0,0,0,0,3135,3,0,27,9,1,4.0,Free,1,9.8,1,27,14,81.1,40.6,0
2019-01-15,ML Engineer,Contract,Remote,E-Commerce,Sydney,Medina-Dennis,Small,26.0,1,1,318,0,93086.0,0,0,0,1990,4,55,53,38,0,6.6,Free,1,5.3,1,8,1,45.6,53.2,1
2019-09-30,Marketing Intern,Full-Time,Remote,Gaming,New York,"Perkins, Collins and Taylor",Medium,27.0,1,0,335,1,11236.0,0,0,0,2366,3,46,0,34,1,4.7,Free,1,1.0,1,6,32,45.7,93.5,1
2021-04-19,UI/UX Designer,Internship,Remote,Cybersecurity,Toronto,"Bailey, Fleming and Douglas",Small,14.0,1,1,174,1,39532.0,0,0,0,2566,3,20,79,0,0,3.6,Corporate,0,10.7,1,0,9,63.5,31.7,0
2019-01-29,Frontend Developer,Internship,Onsite,E-Commerce,Toronto,"Kirby, Kennedy and Cooper",Small,,1,1,438,0,36905.0,0,0,0,1885,5,8,0,38,0,2.5,Free,1,13.6,1,10,37,45.3,50.1,1
2018-11-26,Backend Developer,Full-Time,Remote,EdTech,Bangalore,Smith LLC,Startup,20.0,0,0,247,1,33871.0,0,0,0,1751,4,33,6,61,0,1.9,Corporate,0,13.2,1,5,28,40.6,65.5,1
2019-04-01,Marketing Intern,Full-Time,Remote,Cybersecurity,Berlin,Carter Group,Small,34.0,1,0,380,1,21736.0,0,0,0,1855,5,18,26,87,0,5.8,Free,1,16.6,1,54,34,59.7,68.9,1
2021-06-09,Cybersecurity Analyst,Internship,Hybrid,Gaming,Toronto,Bailey and Sons,Small,35.0,0,1,435,1,50888.0,0,1,3454,2239,2,42,9,57,0,7.5,Corporate,0,5.4,0,12,16,56.4,54.1,1
2019-07-24,Cloud Engineer,Internship,Remote,FinTech,Bangalore,Coleman-Nelson,Medium,7.0,0,1,86,1,36753.0,0,0,0,2264,2,33,47,58,0,7.6,Free,1,20.5,1,43,25,,66.6,1
2019-12-20,Frontend Developer,Part-Time,Hybrid,Marketing,Berlin,Ballard-Anderson,Enterprise,25.0,1,1,331,1,38893.0,0,0,0,1180,1,29,60,45,1,7.8,Free,1,27.3,1,66,26,55.8,51.8,1
2022-12-28,ML Engineer,Internship,Remote,EdTech,Toronto,Williamson-Myers,Medium,13.0,1,1,136,0,25315.0,0,0,0,2150,5,10,23,10,0,1.0,Corporate,0,25.3,0,18,0,73.7,0.0,0
2020-04-14,Cybersecurity Analyst,Internship,Remote,Software,London,Harris LLC,Startup,31.0,1,1,371,1,52212.0,0,0,0,1503,3,4,9,4,0,3.1,Corporate,0,35.9,1,13,18,69.6,3.3,0
2023-02-19,Cybersecurity Analyst,Contract,Remote,Healthcare,Sydney,"Luna, Beard and Morales",Enterprise,19.0,0,1,256,1,30061.0,0,0,0,1857,2,20,20,7,0,6.5,Free,1,18.7,1,6,0,68.8,29.3,0
2019-02-24,Frontend Developer,Internship,Remote,Cybersecurity,Sydney,Horton-Davis,Medium,8.0,0,1,135,1,34192.0,0,0,0,1575,4,45,82,47,0,1.7,Corporate,0,32.2,1,22,9,42.4,51.5,1
2024-11-13,Cybersecurity Analyst,Internship,Onsite,Marketing,San Francisco,Estrada and Sons,Medium,34.0,0,1,386,1,43210.0,0,1,4370,1617,6,54,24,1,0,7.8,Corporate,0,15.6,1,0,5,11.1,71.3,1
2023-04-13,UI/UX Designer,Part-Time,Hybrid,Software,London,Fuller Ltd,Enterprise,24.0,1,0,288,0,56249.0,0,0,0,1291,7,81,4,16,0,4.5,Corporate,0,23.7,1,26,32,7.9,60.5,1
2021-09-29,UI/UX Designer,Part-Time,Remote,Software,Toronto,"Lang, Clark and Mccoy",Startup,5.0,1,1,49,1,52553.0,0,0,0,1941,2,42,59,62,0,5.7,Corporate,0,23.8,1,17,57,57.5,55.0,1
2021-10-12,Data Science Intern,Contract,Remote,Cybersecurity,Toronto,Smith-Gonzalez,Medium,22.0,1,0,272,0,57094.0,0,0,0,1963,8,60,60,30,0,3.5,Corporate,0,5.1,1,13,17,20.4,69.7,1
2026-07-10,ML Engineer,Internship,Hybrid,Cybersecurity,New York,Ritter Group,Enterprise,9.0,1,1,103,1,28905.0,0,0,0,1691,0,24,15,14,0,4.8,Corporate,0,13.9,1,20,13,64.8,0.0,0
2020-12-07,Cybersecurity Analyst,Internship,Remote,AI,Sydney,Rogers-Ballard,Small,39.0,1,1,444,1,34535.0,0,0,0,2185,2,38,35,9,0,3.2,Corporate,0,4.2,1,34,0,60.9,8.5,0
2024-12-14,Frontend Developer,Part-Time,Remote,Marketing,London,Carter-Carroll,Medium,36.0,1,1,419,1,34923.0,0,0,0,2349,1,23,89,61,0,0.1,Corporate,0,37.9,1,54,43,62.5,47.0,0
2018-08-27,Frontend Developer,Internship,Hybrid,E-Commerce,Berlin,"Blackburn, Fox and Hinton",Enterprise,18.0,1,1,214,1,2000.0,0,1,4405,1210,3,22,29,13,1,2.7,Free,1,3.3,1,32,3,78.3,53.2,1
2024-07-13,ML Engineer,Internship,Remote,Marketing,Dubai,"Valencia, Humphrey and Mcmillan",Small,26.0,1,1,313,0,50183.0,0,0,0,914,5,9,43,7,0,3.4,Corporate,0,9.4,1,35,23,40.2,20.2,0
2025-07-14,Backend Developer,Part-Time,Hybrid,Cybersecurity,New York,Green LLC,Small,7.0,1,1,94,0,45919.0,0,0,0,969,2,30,46,8,0,2.8,Free,1,19.3,1,46,39,53.4,36.3,0
2021-11-07,Frontend Developer,Full-Time,Remote,EdTech,Berlin,"Bell, Butler and Ramirez",Small,17.0,1,1,230,1,17560.0,0,0,0,1215,1,19,10,48,0,5.0,Corporate,0,8.0,1,10,13,66.6,15.6,0
2022-03-19,Backend Developer,Full-Time,Hybrid,Gaming,Bangalore,Ortiz-Terry,Medium,3.0,0,1,50,1,2000.0,0,0,0,2492,1,38,73,15,0,6.6,Corporate,0,19.5,1,27,22,40.0,64.0,1
2023-06-05,Backend Developer,Full-Time,Remote,FinTech,Bangalore,"Burnett, Smith and Walter",Small,21.0,0,1,264,1,31546.0,0,0,0,1703,4,39,4,47,0,0.9,Corporate,0,29.0,0,25,60,17.1,64.7,1
2020-07-08,UI/UX Designer,Part-Time,Remote,Healthcare,New York,"Carrillo, Reid and Watson",Small,8.0,1,1,97,1,18041.0,0,0,0,2495,4,39,9,38,1,4.9,Free,1,1.0,1,20,48,44.3,71.2,1
2023-06-26,Cybersecurity Analyst,Internship,Remote,EdTech,San Francisco,"Massey, Parker and Wells",Small,30.0,1,0,367,0,60981.0,0,0,0,1734,1,29,0,19,0,4.0,Free,1,10.5,1,24,55,52.1,61.2,1
2019-11-13,Data Science Intern,Internship,Onsite,FinTech,Dubai,Navarro Group,Medium,11.0,0,1,123,0,14445.0,0,0,0,1327,4,33,42,20,0,6.2,Corporate,0,12.6,1,22,44,13.9,59.8,1
2021-10-14,Backend Developer,Internship,Remote,FinTech,Toronto,"Cabrera, Rios and Martin",Small,22.0,1,1,292,0,,0,0,0,1803,2,12,50,19,0,4.4,Corporate,0,23.1,0,23,3,62.5,11.4,0
2022-11-18,Backend Developer,Part-Time,Hybrid,E-Commerce,Toronto,"Hall, Stevens and Henderson",Small,16.0,1,1,214,1,32064.0,0,0,0,1906,3,8,29,8,0,7.7,Corporate,0,12.9,0,15,35,58.5,9.7,0
2024-09-20,ML Engineer,Full-Time,Onsite,Marketing,Bangalore,Spencer Ltd,Small,7.0,1,1,88,1,13641.0,0,0,0,2020,2,44,0,5,0,4.7,Corporate,0,11.3,1,37,0,61.9,0.0,0
2019-03-27,Data Science Intern,Full-Time,Hybrid,AI,Bangalore,"Barnes, Oconnell and Roach",Medium,17.0,1,1,213,1,38248.0,0,0,0,1402,0,59,72,24,0,5.4,Corporate,0,18.2,1,45,38,41.3,57.9,1
2021-10-28,Frontend Developer,Contract,Hybrid,E-Commerce,New York,Beck PLC,Enterprise,24.0,1,1,259,1,22373.0,0,0,0,1832,2,53,70,10,0,4.0,Corporate,0,32.0,0,25,29,57.5,25.5,0
2026-03-04,AI Research Intern,Part-Time,Onsite,EdTech,London,"Green, Robbins and Carson",Medium,25.0,1,0,312,1,37101.0,0,0,0,1548,4,69,36,4,0,2.5,Free,1,3.9,1,24,56,22.7,77.8,1
2023-10-21,Frontend Developer,Part-Time,Remote,Healthcare,Singapore,Taylor-Miller,Startup,19.0,1,0,215,1,34794.0,0,1,4008,2112,1,37,46,21,0,8.0,Free,1,23.7,0,27,21,60.0,95.5,1
2026-12-20,Frontend Developer,Internship,Remote,AI,New York,Moore Group,Small,2.0,1,1,23,1,26509.0,0,0,0,1699,4,73,11,52,0,0.0,Corporate,0,18.0,0,15,44,20.0,77.8,1
2025-02-02,Backend Developer,Full-Time,Remote,Marketing,Dubai,"Torres, Clark and Barton",Medium,7.0,1,1,88,1,16655.0,0,0,0,2070,5,10,69,0,0,0.0,Corporate,0,17.2,1,12,31,76.6,12.8,0
2025-02-12,Cybersecurity Analyst,Internship,Remote,EdTech,Toronto,Mckay-Barnett,Small,5.0,0,0,70,1,27813.0,0,0,0,1941,5,19,72,0,1,9.6,Corporate,0,30.7,1,39,7,67.7,58.1,1
2020-04-12,Cybersecurity Analyst,Full-Time,Remote,EdTech,Singapore,"Murphy, Jones and Zamora",Medium,3.0,1,1,41,1,43228.0,0,0,0,1293,5,60,86,0,0,3.5,Corporate,0,15.1,1,44,15,44.0,57.3,1
2024-03-28,Frontend Developer,Internship,Onsite,Cybersecurity,Sydney,Hensley-Johns,Startup,7.0,0,0,78,1,9830.0,0,0,0,2419,3,12,39,27,1,2.1,Free,1,18.2,1,39,22,62.4,77.3,1
2021-12-03,Frontend Developer,Part-Time,Remote,EdTech,London,"Diaz, Evans and Taylor",Startup,22.0,1,1,284,1,29964.0,0,0,0,1422,4,26,39,13,0,4.0,Corporate,0,17.7,1,17,38,40.9,50.2,1
2019-06-26,AI Research Intern,Part-Time,Onsite,EdTech,New York,Williams-Sanchez,Startup,4.0,1,1,36,0,56084.0,0,0,0,1526,6,63,76,23,0,6.5,Free,1,1.0,1,9,45,16.6,92.9,1
2020-06-26,Cybersecurity Analyst,Full-Time,Hybrid,Software,Berlin,Hill-Chen,Small,20.0,0,1,236,1,38237.0,0,0,0,2387,7,3,0,30,0,6.7,Corporate,0,24.6,1,4,35,50.2,9.0,0
2020-12-14,Cloud Engineer,Part-Time,Onsite,Marketing,Toronto,"Maynard, Cross and Rogers",Enterprise,23.0,1,1,270,0,26029.0,0,0,0,2567,4,45,50,5,0,0.0,Free,1,14.4,1,59,72,9.4,66.7,1
2018-07-28,UI/UX Designer,Contract,Remote,Cybersecurity,Dubai,Wells-Porter,Small,8.0,1,1,85,1,23960.0,0,0,0,1449,3,83,76,0,0,6.0,Free,1,17.8,1,27,24,41.3,66.6,1
2019-07-20,Data Science Intern,Contract,Remote,E-Commerce,Singapore,Hardy and Sons,Startup,19.0,1,1,256,1,53378.0,0,0,0,1674,5,38,43,25,0,6.3,Free,1,19.6,1,34,32,54.4,42.2,0
2026-04-15,Backend Developer,Contract,Remote,Marketing,London,"Douglas, Bush and Hanson",Startup,14.0,1,1,179,1,56836.0,0,0,0,1261,5,48,32,22,1,4.2,Corporate,0,1.0,0,0,21,52.5,67.6,1
2019-10-25,Backend Developer,Contract,Remote,Software,Singapore,Flores-Estrada,Enterprise,5.0,1,1,58,0,25674.0,0,0,0,2541,2,0,47,62,0,7.5,Corporate,0,6.6,1,31,11,60.9,12.9,0
2023-01-10,UI/UX Designer,Part-Time,Remote,Gaming,Toronto,"Mooney, Baker and Nichols",Medium,8.0,1,1,101,0,4814.0,0,0,0,1947,7,69,65,1,0,4.6,Corporate,0,14.7,1,56,77,0.0,64.0,1
2026-09-05,AI Research Intern,Internship,Onsite,FinTech,Singapore,Levy-Wallace,Small,36.0,0,1,436,1,3720.0,0,0,0,1936,7,54,64,30,1,8.7,Free,1,17.7,1,18,32,31.0,100.0,1
2025-12-17,Backend Developer,Part-Time,Hybrid,Healthcare,Sydney,Flores and Sons,Small,39.0,1,1,476,1,35890.0,0,1,2174,1413,4,25,69,24,0,5.4,Free,1,1.1,1,56,39,52.3,89.0,1
2026-10-23,Marketing Intern,Part-Time,Remote,Healthcare,Berlin,Dean-Sullivan,Enterprise,9.0,1,1,131,1,48368.0,0,0,0,1642,3,44,32,12,0,0.0,Corporate,0,14.7,1,34,20,47.2,21.3,0
2023-01-18,Marketing Intern,Contract,Hybrid,Gaming,Bangalore,"Lewis, Clayton and Calderon",Enterprise,1.0,1,1,19,1,45040.0,0,0,0,2890,4,36,31,24,0,5.6,Corporate,0,10.1,1,45,3,71.7,27.7,0
2026-08-14,Data Science Intern,Full-Time,Remote,E-Commerce,Sydney,"Woods, Spencer and Washington",Startup,19.0,1,1,219,0,30500.0,0,0,0,1498,3,69,35,18,0,1.9,Corporate,0,9.0,1,44,47,23.3,56.7,1
2024-05-23,AI Research Intern,Internship,Remote,Marketing,Sydney,Lucas-Anderson,Enterprise,34.0,1,1,432,1,32239.0,0,0,0,1756,2,21,64,37,0,1.9,Corporate,0,22.9,0,23,14,56.9,19.7,0
2020-09-06,Marketing Intern,Part-Time,Onsite,AI,Singapore,"Hampton, Thornton and George",Small,20.0,1,1,255,0,34284.0,0,0,0,1868,3,52,80,5,0,2.6,Corporate,0,9.5,1,44,12,45.2,30.5,0
2024-12-23,Marketing Intern,Internship,Remote,EdTech,London,"Smith, Torres and Ramirez",Startup,12.0,1,0,145,1,51495.0,0,1,2214,2784,5,14,11,40,0,6.0,Free,1,1.0,1,12,2,75.7,98.3,1
2021-06-17,Backend Developer,Internship,Remote,EdTech,Berlin,"Martinez, Pham and Rivera",Startup,,1,1,316,0,12340.0,0,0,0,359,0,32,24,4,0,0.2,Corporate,0,23.7,1,12,21,64.5,0.0,0
2018-04-07,Cybersecurity Analyst,Part-Time,Remote,FinTech,Bangalore,Jones-Carter,Enterprise,17.0,1,1,224,0,12498.0,0,1,893,1235,5,18,72,30,0,7.4,Corporate,0,24.1,1,44,4,69.0,58.5,1
2026-01-05,AI Research Intern,Full-Time,Remote,Cybersecurity,Sydney,Blake PLC,Medium,28.0,0,0,336,1,18806.0,0,0,0,1280,3,34,38,13,0,2.0,Free,1,1.7,1,0,19,58.2,58.7,1
2025-08-20,Cloud Engineer,Part-Time,Remote,EdTech,Dubai,Hernandez-Riddle,Enterprise,2.0,1,1,28,1,29342.0,0,0,0,1937,4,25,66,27,0,6.3,Corporate,0,6.1,1,47,33,50.4,25.6,0
2020-08-15,Backend Developer,Contract,Hybrid,AI,Bangalore,Adams PLC,Enterprise,33.0,1,1,416,1,31662.0,0,0,0,745,2,40,27,48,0,1.8,Corporate,0,1.6,1,25,18,54.4,20.8,0
2021-06-18,Backend Developer,Contract,Onsite,E-Commerce,New York,Best-Walker,Small,36.0,1,1,430,1,41359.0,0,0,0,1338,1,53,22,15,0,2.3,Corporate,0,14.1,0,0,15,52.3,6.9,0
2018-04-25,Data Science Intern,Contract,Hybrid,AI,San Francisco,Stevens-Spencer,Small,8.0,0,0,80,0,35950.0,0,0,0,1496,4,1,29,34,0,0.7,Corporate,0,20.1,1,4,0,54.5,24.9,0
2018-07-19,Cloud Engineer,Contract,Hybrid,EdTech,Toronto,Baker-Hill,Medium,7.0,1,1,90,0,35023.0,0,0,0,157,3,33,76,37,0,3.9,Corporate,0,44.7,0,13,16,62.6,19.9,0
2019-08-20,Backend Developer,Full-Time,Onsite,FinTech,Toronto,Wise PLC,Medium,27.0,1,1,311,0,20390.0,0,0,0,2028,4,16,49,27,1,9.5,Corporate,0,24.1,1,40,34,56.5,51.1,1
2026-05-05,Data Science Intern,Part-Time,Remote,Healthcare,New York,Morris-Fox,Startup,36.0,1,1,437,1,19760.0,0,0,0,2187,1,30,5,26,0,6.5,Corporate,0,4.8,1,13,14,64.9,4.8,0
2019-06-06,Marketing Intern,Contract,Remote,AI,Berlin,"Patrick, Keller and Smith",Small,29.0,0,1,348,1,49535.0,0,0,0,2741,6,44,17,18,0,7.6,Corporate,0,13.6,1,34,31,38.2,40.1,0
2019-02-13,Cloud Engineer,Internship,Onsite,FinTech,Sydney,Cooper-Crawford,Small,32.0,1,0,377,0,45448.0,0,0,0,2158,0,75,23,65,0,1.8,Corporate,0,19.9,1,26,13,44.3,56.5,1
2019-07-26,ML Engineer,Part-Time,Remote,Software,Toronto,"Hernandez, Smith and Rose",Medium,33.0,1,1,381,1,58872.0,0,0,0,1816,3,47,6,34,0,3.0,Free,1,8.0,1,35,1,80.1,34.8,0
2026-07-27,Backend Developer,Internship,Hybrid,Healthcare,San Francisco,"Peck, Yates and Johnson",Startup,10.0,0,1,119,1,26843.0,0,0,0,1228,4,18,34,7,0,3.3,Corporate,0,18.5,1,0,32,33.9,33.0,0
2018-12-13,Backend Developer,Part-Time,Remote,Software,London,Contreras LLC,Small,8.0,1,0,100,1,35202.0,0,0,0,1541,4,22,71,22,0,8.9,Free,1,11.8,1,72,29,50.3,58.1,1
2018-04-18,Marketing Intern,Part-Time,Remote,E-Commerce,Singapore,Santos Group,Startup,11.0,0,1,131,1,24588.0,0,1,1548,3163,2,0,56,31,0,6.1,Corporate,0,12.4,1,66,44,57.4,65.6,1
2020-12-26,Backend Developer,Contract,Remote,Software,Bangalore,"Garza, Martinez and Ramirez",Startup,34.0,1,0,428,0,21035.0,0,1,2405,1416,3,15,40,41,0,6.7,Corporate,0,35.1,1,0,4,59.9,55.6,1
2024-11-14,UI/UX Designer,Internship,Remote,EdTech,Toronto,"Smith, Lang and Williamson",Startup,25.0,1,1,309,1,34184.0,0,0,0,1401,3,36,64,36,0,7.0,Free,1,24.0,1,20,2,59.7,39.2,0
2018-03-31,Cybersecurity Analyst,Contract,Remote,E-Commerce,Sydney,"Miller, Gutierrez and Greene",Enterprise,21.0,1,1,283,1,61723.0,0,0,0,2361,4,5,23,7,0,2.2,Corporate,0,30.2,1,31,17,65.2,0.0,0
2024-05-18,Data Science Intern,Internship,Remote,FinTech,Berlin,"Burton, Andrade and Estrada",Medium,27.0,0,1,337,0,37391.0,0,1,1393,162,2,59,38,39,0,8.3,Corporate,0,25.9,1,22,2,36.6,70.6,1
2020-04-29,Cybersecurity Analyst,Internship,Remote,Healthcare,Dubai,Kramer LLC,Small,6.0,1,1,80,0,45525.0,0,0,0,671,2,0,18,23,0,8.4,Corporate,0,15.0,1,37,10,64.4,0.0,0
2020-06-02,Cybersecurity Analyst,Part-Time,Onsite,Marketing,Sydney,"Morrison, Salinas and Burns",Startup,33.0,0,1,417,1,42916.0,0,0,0,1882,4,30,0,38,0,6.0,Corporate,0,1.1,1,32,0,47.4,11.9,0
2024-08-11,Marketing Intern,Full-Time,Remote,FinTech,New York,Norton-Johnson,Startup,3.0,1,1,39,1,52194.0,0,0,0,2136,3,30,63,2,0,10.4,Corporate,0,14.0,1,8,21,57.8,16.9,0
2026-03-01,Marketing Intern,Contract,Hybrid,Software,Dubai,Martinez-Parker,Small,34.0,1,1,411,1,62205.0,0,0,0,2225,2,39,32,52,0,4.6,Corporate,0,39.5,1,40,0,66.3,0.0,0
2023-03-13,UI/UX Designer,Full-Time,Remote,E-Commerce,Dubai,"Palmer, Larson and Williams",Enterprise,13.0,0,0,175,1,35171.0,0,1,4383,2001,3,23,0,12,0,6.5,Free,1,22.4,1,10,3,57.9,69.3,1
2020-07-24,UI/UX Designer,Contract,Hybrid,E-Commerce,Singapore,"Yoder, Roman and Baldwin",Small,38.0,1,0,453,1,36038.0,0,1,1965,1326,4,28,0,26,0,3.6,Corporate,0,1.0,0,14,39,56.5,55.8,1
2025-10-16,AI Research Intern,Full-Time,Hybrid,Marketing,Bangalore,Gates LLC,Small,38.0,1,1,446,1,48781.0,0,0,0,2498,3,61,82,17,0,8.6,Corporate,0,11.4,0,17,9,54.5,20.0,0
2019-06-08,Data Science Intern,Full-Time,Onsite,EdTech,Singapore,"Thomas, Johnson and Turner",Small,34.0,1,1,393,0,39654.0,0,0,0,2252,4,13,49,24,1,8.8,Corporate,0,28.2,1,23,32,49.8,40.7,0
2025-11-09,Marketing Intern,Full-Time,Hybrid,Software,Dubai,"Myers, Torres and Hernandez",Startup,22.0,1,1,236,1,49596.0,0,0,0,2586,4,34,42,15,1,5.2,Free,1,33.9,1,86,22,47.5,55.7,1
2026-11-20,Cloud Engineer,Internship,Remote,Software,New York,Sutton-Cox,Enterprise,4.0,1,1,73,1,28097.0,0,0,0,2474,1,43,43,4,0,5.5,Corporate,0,18.3,1,54,17,86.2,7.5,0
2021-07-16,UI/UX Designer,Part-Time,Hybrid,E-Commerce,Singapore,"Hartman, Wilson and Juarez",Startup,18.0,1,1,202,1,44498.0,0,0,0,1657,4,83,58,40,0,0.0,Free,1,34.5,1,0,6,52.3,50.1,1
2018-08-04,Cloud Engineer,Internship,Onsite,Cybersecurity,San Francisco,Orozco Ltd,Medium,2.0,1,1,23,1,44673.0,0,0,0,2948,6,33,40,59,0,4.5,Corporate,0,22.8,0,33,42,65.7,55.6,1
2020-04-17,Data Science Intern,Contract,Hybrid,E-Commerce,Berlin,Mccoy Ltd,Medium,21.0,1,1,225,1,32627.0,0,0,0,1930,2,32,0,16,0,10.2,Free,1,32.2,1,29,43,69.1,28.1,0
2025-01-11,UI/UX Designer,Full-Time,Hybrid,E-Commerce,Singapore,"Hughes, Cox and Wilson",Small,36.0,1,1,429,1,35939.0,0,1,2874,1696,2,15,5,13,0,0.0,Free,1,24.0,0,9,54,61.8,64.9,1
2023-12-09,Backend Developer,Part-Time,Remote,FinTech,New York,"Vargas, Rose and Mendoza",Small,35.0,0,1,409,0,37665.0,0,0,0,1092,3,0,30,3,0,1.6,Corporate,0,23.8,1,15,55,42.3,28.5,0
2025-03-17,ML Engineer,Internship,Hybrid,Gaming,Singapore,"Ross, Merritt and Ayala",Small,4.0,1,1,31,1,27374.0,0,0,0,1582,7,37,31,40,0,5.3,Corporate,0,26.3,1,45,53,36.6,61.9,1
2024-01-06,Frontend Developer,Internship,Onsite,EdTech,Toronto,"Smith, Jenkins and Reilly",Medium,32.0,1,1,390,1,41284.0,0,0,0,1639,2,13,13,21,0,7.3,Corporate,0,19.0,1,38,20,79.8,0.0,0
2019-05-06,Data Science Intern,Full-Time,Remote,E-Commerce,London,Williams-Mullen,Small,31.0,0,1,384,1,25542.0,0,0,0,2057,4,0,94,45,0,6.5,Free,1,1.3,1,12,19,67.4,37.9,0
2020-03-25,Data Science Intern,Contract,Hybrid,Gaming,London,Mcclure-Flores,Small,14.0,1,1,155,0,13037.0,0,0,0,1505,2,54,40,31,0,7.8,Free,1,11.7,1,53,19,50.0,42.4,0
2022-08-11,UI/UX Designer,Part-Time,Hybrid,E-Commerce,Toronto,"Howard, Parsons and Garrett",Startup,9.0,0,1,104,1,23530.0,0,0,0,1853,3,43,50,31,0,7.1,Corporate,0,15.8,1,34,39,41.1,48.1,0
2020-03-28,ML Engineer,Part-Time,Onsite,Software,San Francisco,"Winters, Garcia and Golden",Small,9.0,1,1,90,1,35100.0,0,0,0,2327,3,40,65,0,0,0.0,Free,1,16.8,1,39,26,47.5,48.2,0
2025-08-21,Backend Developer,Full-Time,Hybrid,Gaming,New York,Thompson-Conley,Medium,22.0,1,1,285,1,16283.0,0,0,0,1406,5,35,7,10,0,8.1,Corporate,0,11.8,1,55,2,59.1,3.4,0
2022-12-12,UI/UX Designer,Part-Time,Remote,Gaming,Toronto,"Young, Sanchez and Rodriguez",Startup,36.0,1,1,444,0,61483.0,0,0,0,1876,7,0,39,14,0,5.6,Free,1,9.7,1,0,0,62.6,19.8,0
2026-03-06,Marketing Intern,Full-Time,Remote,Healthcare,Singapore,White Ltd,Medium,6.0,1,1,85,1,48751.0,0,1,4530,1334,1,62,72,17,0,3.9,Free,1,14.2,0,31,39,43.6,84.1,1
2025-02-13,Cybersecurity Analyst,Contract,Remote,Marketing,Dubai,Cabrera-Stone,Medium,5.0,1,0,72,0,29705.0,0,1,3498,1685,2,35,73,54,0,8.3,Corporate,0,10.7,1,26,18,63.6,84.5,1
2022-11-15,UI/UX Designer,Part-Time,Onsite,AI,Toronto,"Coleman, Clark and Cummings",Startup,15.0,0,1,190,1,34835.0,0,0,0,2596,5,79,7,0,0,6.0,Free,1,29.2,0,0,11,15.6,83.5,1
2025-07-29,Data Science Intern,Internship,Remote,Cybersecurity,Singapore,Frost Group,Small,23.0,1,0,276,1,2000.0,0,0,0,2675,2,32,76,5,0,5.7,Corporate,0,13.5,1,31,29,64.4,46.2,0
2020-12-09,Backend Developer,Internship,Remote,Healthcare,Singapore,"Boyer, Beasley and Porter",Enterprise,10.0,0,1,100,1,33313.0,0,0,0,1880,3,42,37,28,0,0.0,Corporate,0,31.6,1,24,13,57.6,46.0,0
2022-12-25,Backend Developer,Internship,Remote,Healthcare,Toronto,Reynolds-Rodriguez,Medium,31.0,0,1,344,1,50759.0,0,0,0,909,4,56,18,37,0,6.8,Free,1,19.6,1,19,21,28.2,69.8,1
2023-04-25,Data Science Intern,Part-Time,Remote,AI,Singapore,Fischer-Jenkins,Small,1.0,1,1,13,0,55653.0,0,1,3764,1919,2,38,70,15,0,12.8,Corporate,0,13.5,1,10,21,50.4,62.0,1
2018-06-06,Backend Developer,Part-Time,Remote,Gaming,Toronto,"Gonzalez, Carter and Williams",Startup,32.0,1,1,376,1,24383.0,0,0,0,743,10,43,76,0,0,5.2,Corporate,0,1.0,0,46,41,37.0,34.4,0
2018-11-26,Cloud Engineer,Full-Time,Hybrid,EdTech,San Francisco,Dean LLC,Startup,7.0,0,1,100,1,38254.0,0,0,0,1552,3,4,4,9,0,3.4,Corporate,0,8.5,1,47,33,66.2,21.1,0
2019-01-23,Cloud Engineer,Internship,Remote,Software,Berlin,"Solis, Hensley and Casey",Enterprise,35.0,1,1,423,1,73861.0,0,0,0,1909,2,48,6,10,0,2.9,Free,1,17.1,0,11,17,56.5,21.0,0
2021-09-09,AI Research Intern,Full-Time,Onsite,E-Commerce,San Francisco,"Leonard, Mercado and Hall",Small,36.0,1,1,434,1,49118.0,0,0,0,2204,6,49,35,23,0,7.1,Corporate,0,5.9,0,23,3,52.7,14.4,0
2023-03-02,Backend Developer,Full-Time,Remote,EdTech,Dubai,Jones-Dillon,Startup,26.0,1,1,321,1,21250.0,0,0,0,1747,4,45,27,60,0,8.2,Corporate,0,5.1,1,26,22,64.7,50.8,1
2026-05-25,Data Science Intern,Part-Time,Remote,Software,New York,"Parker, Robinson and Hoover",Startup,34.0,0,1,398,1,40397.0,0,0,0,1968,2,11,36,46,1,5.4,Corporate,0,31.2,1,0,18,62.5,47.8,0
2024-07-28,Frontend Developer,Internship,Hybrid,FinTech,New York,Williams-Wilson,Medium,35.0,1,1,436,0,35779.0,0,0,0,1732,4,39,12,60,0,0.2,Corporate,0,21.7,1,36,12,49.6,25.2,0
2021-05-15,AI Research Intern,Internship,Onsite,Software,New York,Berger-Sexton,Small,22.0,0,1,268,1,16313.0,0,0,0,2073,6,24,13,19,0,9.4,Corporate,0,33.3,1,33,0,61.8,29.6,0
2024-09-13,Marketing Intern,Full-Time,Remote,EdTech,Singapore,"Munoz, Brown and Sutton",Startup,37.0,1,1,445,1,37912.0,0,0,0,2498,2,33,43,57,0,7.6,Corporate,0,1.0,1,36,0,74.3,10.4,0
2025-02-18,Frontend Developer,Full-Time,Onsite,Marketing,New York,Brown-David,Small,16.0,0,1,194,1,34327.0,0,0,0,1867,3,48,34,28,0,4.3,Corporate,0,7.7,1,20,0,45.2,19.8,0
2019-12-13,Cloud Engineer,Full-Time,Hybrid,Cybersecurity,Toronto,"Jackson, Myers and Reeves",Small,31.0,1,1,366,1,34531.0,0,0,0,1626,5,39,24,37,0,6.8,Corporate,0,16.0,1,18,21,52.4,18.1,0
2026-12-18,ML Engineer,Contract,Hybrid,E-Commerce,Bangalore,"Burton, Vaughn and Hutchinson",Small,22.0,1,1,254,1,31838.0,0,1,3106,835,2,29,78,12,0,6.3,Free,1,12.9,1,0,26,48.2,60.8,1
2024-05-01,UI/UX Designer,Full-Time,Remote,Software,Sydney,Murillo Group,Startup,10.0,1,1,136,0,43343.0,0,1,4802,3049,5,27,54,7,0,2.4,Corporate,0,21.8,0,52,2,53.4,54.5,1
2021-05-10,Cybersecurity Analyst,Internship,Hybrid,Cybersecurity,Berlin,"Ibarra, Davis and Sosa",Small,8.0,1,1,132,0,44706.0,0,1,3089,2207,5,26,51,12,1,5.1,Corporate,0,17.7,0,14,0,53.2,55.0,1
2021-04-01,ML Engineer,Contract,Onsite,FinTech,Berlin,Ali Ltd,Startup,29.0,1,1,367,0,28010.0,0,0,0,2312,2,52,71,58,0,4.6,Free,1,23.2,0,54,6,53.5,42.0,0
2019-09-10,Cloud Engineer,Contract,Onsite,FinTech,Singapore,"Taylor, Marshall and Maxwell",Medium,39.0,1,0,458,1,39591.0,0,0,0,847,1,44,61,16,0,5.2,Corporate,0,4.1,1,27,26,49.4,54.9,1
2022-09-16,UI/UX Designer,Contract,Hybrid,Healthcare,San Francisco,"Johnson, Swanson and Manning",Small,29.0,0,1,367,0,17907.0,0,0,0,1544,6,40,36,49,0,6.0,Corporate,0,26.2,1,28,43,45.0,57.2,1
2020-11-28,Marketing Intern,Part-Time,Onsite,FinTech,Sydney,"Brewer, Fisher and Morrison",Small,31.0,1,0,361,1,26577.0,0,1,556,2440,2,0,31,14,0,1.1,Free,1,5.6,1,39,28,,77.1,1
2025-12-09,Backend Developer,Internship,Remote,EdTech,Berlin,Rodriguez Ltd,Enterprise,18.0,1,1,226,1,39476.0,0,0,0,546,3,15,22,28,0,2.0,Free,1,20.5,1,29,0,79.2,11.7,0
2023-08-04,Data Science Intern,Contract,Remote,EdTech,London,Snyder-Johnson,Small,21.0,1,1,264,1,34548.0,0,0,0,1267,3,70,62,51,0,2.9,Corporate,0,13.1,1,20,25,45.0,63.4,1
2019-07-04,Data Science Intern,Part-Time,Onsite,Healthcare,Singapore,Jones-Taylor,Startup,33.0,1,1,397,0,30497.0,0,1,4397,2201,3,27,24,49,0,2.7,Corporate,0,32.7,1,44,7,60.0,42.8,0
2018-03-14,Backend Developer,Internship,Hybrid,Gaming,Berlin,Smith Inc,Startup,20.0,0,1,252,1,54031.0,0,0,0,2377,2,50,39,17,0,8.6,Free,1,35.0,1,0,8,39.3,50.0,0
2024-08-28,Cybersecurity Analyst,Full-Time,Remote,Healthcare,Berlin,Smith Inc,Startup,4.0,0,1,64,1,10590.0,0,1,3241,1427,5,51,40,17,0,8.8,Corporate,0,17.5,1,0,33,33.0,87.7,1
2021-12-15,Marketing Intern,Part-Time,Onsite,Software,Singapore,Roman and Sons,Startup,36.0,1,0,419,1,23068.0,0,0,0,2363,3,49,4,9,0,0.0,Corporate,0,31.7,1,0,16,59.3,27.7,0
2020-12-24,Cybersecurity Analyst,Contract,Onsite,E-Commerce,Toronto,Scott Ltd,Medium,10.0,1,1,114,1,57653.0,0,0,0,1797,2,13,41,21,0,3.2,Corporate,0,4.0,1,24,33,63.8,6.1,0
2018-02-01,ML Engineer,Internship,Hybrid,EdTech,New York,Meadows-Soto,Enterprise,35.0,1,0,434,1,57295.0,0,0,0,2780,1,60,82,45,0,3.1,Free,1,17.0,1,39,30,51.6,70.2,1
2022-06-23,Marketing Intern,Internship,Remote,Software,Sydney,"Nunez, Fleming and Phillips",Startup,17.0,1,1,226,1,42845.0,0,0,0,1371,8,6,32,24,0,2.2,Corporate,0,18.0,1,75,20,73.7,10.4,0
2018-05-26,Data Science Intern,Part-Time,Remote,Gaming,Dubai,Taylor Group,Startup,24.0,0,1,291,1,60336.0,0,0,0,2927,5,51,48,0,0,4.4,Corporate,0,12.5,0,24,21,41.3,50.8,1
2018-07-10,Frontend Developer,Full-Time,Remote,FinTech,Dubai,Snyder-Gould,Enterprise,8.0,1,1,83,1,20324.0,0,1,4064,1334,4,55,22,31,0,1.6,Corporate,0,3.7,1,31,39,42.5,70.1,1
2022-11-28,UI/UX Designer,Contract,Onsite,Software,Sydney,"Cruz, Moore and Mcgee",Startup,20.0,1,1,245,0,44959.0,0,0,0,999,7,28,37,22,0,4.8,Corporate,0,28.9,1,10,9,55.6,27.6,0
2025-08-25,Cloud Engineer,Full-Time,Onsite,Cybersecurity,Bangalore,Thomas and Sons,Medium,19.0,0,1,201,1,44076.0,0,0,0,1181,1,25,50,19,0,3.1,Free,1,25.1,1,6,52,19.3,68.4,1
2022-11-26,Backend Developer,Contract,Remote,EdTech,New York,Harrison Inc,Small,26.0,0,1,320,1,23943.0,0,0,0,1815,6,9,52,10,0,4.2,Free,1,13.5,1,41,47,46.3,58.9,1
2019-02-04,Cloud Engineer,Full-Time,Remote,FinTech,Bangalore,Campbell-Roach,Startup,15.0,0,1,174,0,39649.0,0,0,0,1684,2,11,47,29,0,1.2,Free,1,30.1,0,42,40,46.7,73.0,1
2019-09-09,UI/UX Designer,Full-Time,Onsite,AI,Sydney,"Martinez, Smith and Lynch",Startup,8.0,1,1,85,1,47948.0,0,0,0,2040,4,25,71,14,0,3.9,Corporate,0,22.8,1,25,20,53.3,22.2,0
2021-12-05,Cybersecurity Analyst,Internship,Remote,AI,Toronto,Henry PLC,Small,26.0,1,1,338,1,23295.0,0,0,0,2391,1,39,22,7,0,1.5,Corporate,0,10.7,1,36,0,59.1,11.8,0
2025-04-24,Backend Developer,Full-Time,Remote,Marketing,London,"Jordan, Hines and Benson",Medium,39.0,1,1,494,1,33073.0,0,1,1467,2095,4,17,5,30,0,5.0,Corporate,0,11.3,1,5,8,77.5,40.0,0
2023-07-29,Frontend Developer,Full-Time,Remote,AI,New York,"Hurst, Wilson and Simpson",Startup,38.0,1,1,449,1,10132.0,0,0,0,1613,1,49,51,61,0,4.3,Corporate,0,13.2,1,5,0,74.9,18.4,0
2019-09-30,Cybersecurity Analyst,Full-Time,Remote,Software,London,"Miller, Greene and Solomon",Medium,5.0,1,1,55,1,31148.0,0,0,0,770,1,0,48,23,0,3.7,Free,1,10.9,1,64,42,85.1,26.3,0
2025-06-10,ML Engineer,Contract,Hybrid,E-Commerce,Sydney,"Porter, Taylor and Garcia",Enterprise,15.0,1,0,184,1,29185.0,0,1,265,1723,3,15,0,17,1,3.0,Free,1,6.6,1,34,31,63.9,98.2,1
2019-04-18,AI Research Intern,Contract,Onsite,Gaming,London,Cross-Williams,Small,16.0,1,1,213,0,41427.0,0,0,0,2820,2,31,64,7,0,2.3,Corporate,0,7.8,1,10,46,52.2,17.0,0
2021-01-29,Cloud Engineer,Contract,Remote,Software,Dubai,Benson-Young,Enterprise,6.0,1,1,53,1,31601.0,0,0,0,1179,5,55,12,5,1,5.2,Corporate,0,29.5,1,32,23,33.6,54.6,1
2019-05-09,Cloud Engineer,Internship,Onsite,EdTech,San Francisco,Bright-Levine,Medium,18.0,1,1,214,0,31129.0,0,0,0,1543,2,49,24,14,1,8.6,Corporate,0,24.6,1,9,29,42.6,63.6,1
2024-03-02,AI Research Intern,Full-Time,Remote,AI,Berlin,"Hill, Fields and Delgado",Enterprise,32.0,0,0,399,1,26104.0,0,1,1795,972,4,59,42,27,0,3.5,Corporate,0,29.8,1,0,6,35.1,83.8,1
2018-04-18,UI/UX Designer,Part-Time,Remote,AI,Dubai,Bailey Inc,Startup,16.0,1,0,193,1,25891.0,0,0,0,1539,8,45,25,24,0,2.6,Corporate,0,4.8,1,0,22,52.5,50.5,1
2021-04-29,ML Engineer,Part-Time,Remote,E-Commerce,Dubai,Moore and Sons,Enterprise,33.0,0,1,421,1,35101.0,0,1,4843,1554,1,25,58,27,0,5.4,Corporate,0,5.0,1,18,22,49.7,58.1,1
2020-07-30,Frontend Developer,Internship,Remote,Healthcare,Toronto,Vaughn-Black,Enterprise,1.0,0,1,5,1,56046.0,0,0,0,1621,2,45,72,39,0,2.9,Free,1,25.8,1,42,21,55.6,87.9,1
2026-03-07,Data Science Intern,Part-Time,Remote,Marketing,Toronto,"Castro, Love and Thornton",Startup,6.0,1,1,91,1,34549.0,0,0,0,1823,2,25,32,31,0,6.4,Free,1,29.2,0,35,5,,31.0,0
2020-06-01,UI/UX Designer,Part-Time,Remote,Healthcare,Singapore,"Hughes, Fox and Gilmore",Medium,9.0,0,1,104,1,68391.0,0,0,0,2590,6,47,70,16,0,2.1,Free,1,28.5,0,17,0,72.0,52.5,1
2018-07-16,Data Science Intern,Part-Time,Remote,Marketing,Berlin,Silva-Brown,Small,1.0,0,1,22,1,44638.0,0,0,0,2145,3,76,87,8,0,7.6,Free,1,26.0,0,20,3,53.0,81.1,1
2024-08-16,Frontend Developer,Part-Time,Hybrid,Healthcare,Bangalore,"Johnson, Armstrong and Mccarthy",Startup,36.0,1,0,444,1,48274.0,0,0,0,556,3,16,85,36,0,2.7,Corporate,0,16.4,1,66,44,42.5,61.7,1
2022-11-26,Cloud Engineer,Contract,Remote,EdTech,Singapore,Dominguez Ltd,Medium,17.0,1,0,204,1,26171.0,0,0,0,2427,2,43,25,0,0,6.1,Free,1,21.1,0,36,47,46.2,65.6,1
2021-08-08,Marketing Intern,Part-Time,Onsite,EdTech,Sydney,Massey-Anderson,Small,25.0,1,1,313,1,31014.0,0,0,0,2104,8,49,44,21,1,0.0,Corporate,0,29.8,1,37,23,46.5,65.8,1
2024-06-29,UI/UX Designer,Part-Time,Onsite,E-Commerce,Berlin,Norman-Walker,Startup,30.0,1,0,381,0,26467.0,0,1,1248,3330,4,41,42,29,0,3.6,Corporate,0,20.1,1,47,40,19.3,84.1,1
2019-01-04,Cybersecurity Analyst,Full-Time,Hybrid,FinTech,Berlin,"Conway, Oconnor and Clark",Startup,15.0,1,1,179,1,37459.0,0,0,0,2330,4,21,45,81,1,5.1,Corporate,0,26.2,0,40,13,62.8,52.0,1
2024-10-19,ML Engineer,Internship,Remote,Cybersecurity,Bangalore,"Butler, Kelly and Kennedy",Medium,27.0,0,1,322,1,42461.0,0,0,0,1577,5,35,50,2,0,7.2,Corporate,0,17.5,0,18,24,48.3,43.3,0
2023-07-06,Cybersecurity Analyst,Contract,Onsite,Software,Toronto,James-Green,Medium,18.0,1,1,196,1,28136.0,0,1,1012,2081,4,27,29,16,0,6.4,Corporate,0,12.3,1,33,14,61.5,39.0,0
2026-08-20,UI/UX Designer,Full-Time,Hybrid,AI,Bangalore,Carr LLC,Enterprise,26.0,1,1,292,1,42178.0,0,0,0,2778,1,33,33,26,0,3.7,Corporate,0,26.0,1,37,17,60.9,8.1,0
2022-01-04,Data Science Intern,Part-Time,Hybrid,AI,Sydney,Andersen-Moran,Medium,12.0,1,1,116,1,36742.0,0,1,3788,1743,3,20,70,39,0,6.7,Corporate,0,25.9,1,40,10,75.0,43.8,0
2026-02-02,Cybersecurity Analyst,Internship,Remote,EdTech,New York,Maxwell-Bailey,Small,10.0,1,1,122,1,24791.0,0,0,0,1899,1,40,0,24,1,4.0,Free,1,6.7,1,0,33,45.2,59.6,1
2024-11-03,AI Research Intern,Part-Time,Remote,FinTech,London,Schwartz PLC,Small,11.0,1,1,106,1,19992.0,0,0,0,2293,1,17,0,6,0,8.0,Free,1,25.9,1,23,54,65.9,6.8,0
2023-05-24,Backend Developer,Contract,Remote,Gaming,Singapore,Gomez Inc,Startup,24.0,1,1,295,1,26660.0,0,0,0,2460,8,28,36,42,1,6.2,Corporate,0,36.0,1,11,53,44.8,70.9,1
2023-04-07,Cloud Engineer,Full-Time,Remote,E-Commerce,Bangalore,Rocha Ltd,Enterprise,9.0,1,1,113,1,34764.0,0,0,0,1917,7,13,18,5,0,7.0,Corporate,0,13.2,1,0,9,74.2,0.0,0
2023-06-22,Backend Developer,Internship,Hybrid,Marketing,San Francisco,"Bowman, Wong and Kelly",Enterprise,25.0,1,1,297,1,53648.0,0,0,0,1577,5,10,49,55,0,7.9,Corporate,0,18.6,1,62,5,75.3,20.3,0
2020-01-19,Cybersecurity Analyst,Full-Time,Remote,Healthcare,Sydney,Long PLC,Enterprise,32.0,0,1,384,1,24728.0,0,0,0,1549,4,20,36,19,0,10.7,Corporate,0,9.0,1,22,0,56.4,39.1,0
2019-01-20,AI Research Intern,Full-Time,Hybrid,AI,Dubai,Herrera Ltd,Medium,3.0,1,1,32,0,38810.0,0,0,0,2077,2,13,59,24,0,5.7,Free,1,15.1,0,58,10,71.0,25.0,0
2022-12-19,Cloud Engineer,Internship,Hybrid,EdTech,Bangalore,Gill-Bennett,Medium,37.0,1,1,438,1,,0,0,0,2687,1,13,49,0,0,7.1,Corporate,0,19.9,0,25,5,82.0,0.0,0
2020-06-29,Cybersecurity Analyst,Part-Time,Remote,AI,Berlin,"Hodges, Johnson and Pitts",Small,20.0,1,1,250,1,48027.0,0,0,0,2679,5,5,25,45,0,1.8,Corporate,0,25.2,1,27,2,71.9,14.0,0
2025-05-03,Cloud Engineer,Internship,Hybrid,Healthcare,Sydney,"Henderson, Vargas and Castillo",Enterprise,17.0,1,1,202,1,25213.0,0,0,0,1820,3,60,0,41,0,7.5,Free,1,12.6,1,13,14,46.2,38.7,0
2026-11-03,Backend Developer,Internship,Onsite,EdTech,San Francisco,"Jones, Williams and Fisher",Small,35.0,1,1,425,1,31864.0,0,1,3101,1479,2,68,33,21,0,4.3,Corporate,0,23.7,0,36,36,47.2,65.0,1
2026-04-11,Frontend Developer,Full-Time,Remote,Gaming,Toronto,Wright Group,Small,21.0,0,1,244,1,47451.0,0,0,0,1693,1,34,40,36,0,0.0,Corporate,0,14.1,0,15,19,80.6,0.3,0
2023-01-12,Backend Developer,Contract,Remote,Gaming,Bangalore,Brown-Adams,Medium,36.0,1,1,441,0,41700.0,0,0,0,1954,0,16,87,16,0,5.1,Corporate,0,20.2,1,42,19,70.6,23.4,0
2019-07-02,Marketing Intern,Part-Time,Remote,AI,Toronto,Daniels PLC,Medium,1.0,0,1,15,0,38361.0,0,0,0,1346,7,3,55,30,0,2.9,Corporate,0,16.0,1,19,42,47.9,58.3,1
2021-11-26,Cloud Engineer,Contract,Hybrid,Software,Singapore,Rice-Gay,Medium,11.0,1,1,130,1,59140.0,0,0,0,1736,1,49,16,18,0,5.1,Corporate,0,34.3,1,57,47,41.1,27.2,0
2018-09-27,Backend Developer,Part-Time,Remote,Marketing,San Francisco,Ferguson-Gray,Enterprise,28.0,1,0,309,0,39916.0,0,0,0,2779,2,23,23,43,0,0.6,Corporate,0,21.6,0,23,27,51.9,47.4,0
2018-01-15,ML Engineer,Part-Time,Hybrid,Cybersecurity,San Francisco,Beck-Miller,Enterprise,16.0,1,1,200,1,37014.0,0,0,0,1138,2,7,65,53,0,7.2,Corporate,0,9.1,1,0,51,36.4,53.1,1
2026-10-28,Backend Developer,Part-Time,Hybrid,Healthcare,Bangalore,Ortega and Sons,Startup,2.0,1,1,46,1,36457.0,0,0,0,1689,1,21,53,45,0,7.4,Free,1,43.6,0,12,0,92.3,15.4,0
2021-07-08,Cloud Engineer,Part-Time,Onsite,Healthcare,Sydney,Castillo-Patterson,Small,,0,1,254,0,3652.0,0,0,0,1762,6,39,8,63,0,4.6,Corporate,0,20.8,0,21,5,51.2,37.1,0
2025-09-24,UI/UX Designer,Part-Time,Remote,Cybersecurity,Toronto,Mckinney-Willis,Small,8.0,0,1,77,1,33575.0,0,0,0,2204,2,52,37,42,0,8.0,Free,1,9.7,0,34,20,33.6,52.2,1
2025-10-27,Marketing Intern,Part-Time,Remote,AI,Dubai,Brown and Sons,Medium,18.0,1,1,230,0,29383.0,0,0,0,541,4,52,57,8,0,2.7,Corporate,0,30.6,1,7,60,15.7,53.8,1
2024-01-08,Frontend Developer,Contract,Hybrid,E-Commerce,London,Nelson-Taylor,Small,28.0,0,1,344,1,53981.0,0,0,0,1794,5,50,0,0,1,4.3,Corporate,0,29.7,1,40,12,78.0,38.9,0
2018-04-25,Marketing Intern,Full-Time,Hybrid,Cybersecurity,London,"Bryant, Howell and Savage",Startup,2.0,0,1,15,1,22460.0,0,1,4942,2022,2,54,13,30,0,5.1,Corporate,0,24.9,0,21,12,59.0,52.8,1
2020-09-17,Cloud Engineer,Contract,Remote,Cybersecurity,Berlin,Clayton PLC,Small,8.0,1,0,86,0,32203.0,0,0,0,1820,0,47,93,61,0,11.1,Free,1,19.0,0,39,22,48.5,81.4,1
2024-06-11,ML Engineer,Contract,Remote,Software,London,"Shaw, Davis and Weiss",Enterprise,2.0,1,1,5,1,28088.0,0,0,0,602,3,49,30,57,0,11.0,Corporate,0,16.0,0,52,38,36.6,54.9,1
2025-11-24,Marketing Intern,Contract,Hybrid,Software,New York,Baker LLC,Enterprise,7.0,0,1,70,1,72267.0,0,0,0,2358,5,26,32,38,0,3.1,Corporate,0,21.3,1,0,0,53.2,16.4,0
2021-01-19,Frontend Developer,Contract,Remote,E-Commerce,Singapore,Carter-Olsen,Startup,4.0,1,1,43,1,27759.0,0,0,0,2003,4,57,85,38,0,3.8,Corporate,0,10.8,1,0,0,46.4,25.7,0
2021-12-15,Cloud Engineer,Contract,Remote,Healthcare,New York,"Williams, Hernandez and Hampton",Medium,12.0,1,1,157,0,43178.0,0,0,0,1940,2,21,36,0,0,5.0,Corporate,0,18.0,0,19,41,51.2,20.0,0
2022-09-26,UI/UX Designer,Contract,Hybrid,Marketing,London,"Ford, Medina and Gaines",Startup,30.0,0,1,342,1,11282.0,0,1,3895,2254,2,0,57,12,1,8.9,Corporate,0,22.3,0,22,54,65.1,85.6,1
2019-10-20,AI Research Intern,Full-Time,Onsite,Healthcare,Berlin,"Williams, Hill and Brown",Small,31.0,1,1,362,1,70668.0,0,0,0,1418,3,46,74,77,0,2.1,Corporate,0,18.9,1,3,0,55.2,21.5,0
2023-12-28,Cloud Engineer,Contract,Onsite,E-Commerce,Singapore,"Cook, Woods and Perez",Small,27.0,1,1,336,0,10342.0,0,1,3594,2254,4,47,7,31,1,5.9,Free,1,23.9,1,48,34,33.2,100.0,1
2024-08-06,Data Science Intern,Full-Time,Remote,FinTech,Berlin,Smith-Reed,Medium,39.0,1,1,497,1,34488.0,0,0,0,1099,3,42,9,1,0,7.7,Corporate,0,15.0,1,9,14,70.4,20.7,0
2025-02-02,ML Engineer,Internship,Onsite,E-Commerce,Dubai,Berry-Lee,Small,23.0,1,1,299,1,39582.0,0,0,0,1554,4,63,42,0,0,3.1,Free,1,19.3,1,16,34,46.8,58.8,1
2018-08-02,AI Research Intern,Internship,Remote,Marketing,Singapore,Murillo LLC,Startup,28.0,0,0,339,0,54979.0,0,0,0,2404,1,51,44,6,0,5.6,Corporate,0,21.1,0,33,29,35.4,52.5,1
2021-09-09,AI Research Intern,Part-Time,Remote,Healthcare,Berlin,Odonnell-Velazquez,Startup,3.0,0,1,52,1,29223.0,0,0,0,1977,2,31,61,0,0,3.4,Corporate,0,5.7,1,24,52,32.9,50.6,1
2025-07-05,Marketing Intern,Internship,Onsite,E-Commerce,Bangalore,Miller Group,Small,17.0,1,1,177,0,48101.0,0,1,1390,288,1,40,22,10,0,7.5,Corporate,0,18.5,1,18,7,50.4,48.3,0
2026-05-11,Cybersecurity Analyst,Full-Time,Hybrid,E-Commerce,Singapore,White-Villanueva,Enterprise,17.0,1,0,224,1,25363.0,0,0,0,3062,2,20,30,35,0,9.2,Free,1,1.0,0,9,30,76.8,56.5,1
2024-02-11,Cybersecurity Analyst,Part-Time,Hybrid,EdTech,Berlin,"Marquez, Watson and Mccoy",Small,13.0,1,1,138,1,6797.0,0,0,0,2780,1,0,42,19,0,6.4,Corporate,0,37.8,1,22,6,92.9,0.0,0
2022-05-04,Marketing Intern,Full-Time,Hybrid,Healthcare,Dubai,Thomas-Reeves,Small,13.0,1,1,173,1,24030.0,0,0,0,1608,1,33,36,52,0,9.6,Corporate,0,13.9,1,0,27,39.4,23.0,0
2023-09-05,Backend Developer,Part-Time,Hybrid,Marketing,Toronto,Martinez-Hayes,Small,25.0,1,1,300,0,19930.0,0,0,0,2818,2,54,72,34,0,9.7,Corporate,0,29.9,1,12,17,38.8,40.9,0
2026-02-04,Backend Developer,Contract,Hybrid,E-Commerce,San Francisco,"Murphy, Campbell and Hart",Small,23.0,1,0,282,0,33906.0,0,0,0,1028,4,45,21,53,0,0.0,Free,1,24.4,1,0,29,51.2,53.9,1
2023-02-22,UI/UX Designer,Contract,Hybrid,FinTech,London,"Young, Stanley and Meyer",Startup,35.0,1,1,407,1,47000.0,0,0,0,1680,1,8,89,0,1,0.0,Corporate,0,31.7,1,38,5,79.2,23.1,0
2020-03-15,Marketing Intern,Internship,Remote,Software,Bangalore,Spencer PLC,Small,,1,0,336,1,51447.0,0,1,539,3052,4,30,57,37,1,6.7,Corporate,0,14.3,1,25,37,57.6,95.9,1
2024-06-20,Backend Developer,Internship,Remote,EdTech,Berlin,Mcknight-Alvarez,Startup,,1,1,347,1,33219.0,0,0,0,1690,5,44,40,25,0,5.9,Free,1,2.0,0,44,26,42.8,68.6,1
2021-05-26,Marketing Intern,Full-Time,Remote,Cybersecurity,Singapore,Henry-Harris,Startup,25.0,1,1,312,1,39618.0,0,0,0,1839,3,60,16,35,0,0.7,Corporate,0,31.2,1,25,24,43.8,37.3,0
2018-08-20,Cloud Engineer,Part-Time,Hybrid,Cybersecurity,London,Pearson-Rodriguez,Medium,20.0,1,1,257,1,42427.0,0,0,0,2239,4,30,60,38,1,0.0,Corporate,0,21.3,1,42,0,82.6,51.2,1
2024-03-25,Backend Developer,Internship,Remote,EdTech,Sydney,Herrera Group,Medium,38.0,1,0,451,1,31524.0,0,0,0,1110,1,34,74,12,0,2.6,Corporate,0,26.5,1,20,22,63.4,38.4,0
2018-03-09,Cybersecurity Analyst,Contract,Remote,FinTech,London,"Arias, Roberts and Brown",Startup,28.0,1,1,321,1,49019.0,0,0,0,2037,3,19,39,13,0,8.4,Free,1,25.0,1,29,37,70.6,30.7,0
2025-12-04,Marketing Intern,Contract,Remote,E-Commerce,San Francisco,Collins Inc,Small,13.0,1,1,179,1,41368.0,0,1,2775,3178,2,0,32,28,0,6.2,Corporate,0,23.3,1,2,38,82.4,33.7,0
2024-12-21,AI Research Intern,Part-Time,Hybrid,Marketing,San Francisco,Rogers-Hicks,Startup,39.0,1,1,500,1,10362.0,0,0,0,2453,3,54,47,0,0,4.6,Corporate,0,21.5,1,40,8,70.0,14.7,0
2022-02-02,AI Research Intern,Internship,Onsite,EdTech,Toronto,Long-Peck,Startup,2.0,0,1,20,1,31900.0,0,0,0,1894,2,29,59,8,0,2.8,Corporate,0,5.1,1,2,20,54.3,39.4,0
2019-02-24,Marketing Intern,Part-Time,Remote,Cybersecurity,New York,"Adams, Simmons and Lopez",Startup,11.0,1,1,145,0,30149.0,0,0,0,889,2,54,29,24,0,3.9,Corporate,0,13.9,1,42,20,37.8,28.3,0
2022-03-02,Cybersecurity Analyst,Full-Time,Hybrid,AI,London,Rodriguez-Bender,Startup,2.0,1,1,39,1,25181.0,0,0,0,2447,0,29,0,40,0,3.8,Free,1,2.6,0,0,26,65.1,28.7,0
2019-12-31,Marketing Intern,Contract,Onsite,Healthcare,New York,"Johnston, Ramos and Francis",Small,6.0,0,1,74,0,33136.0,0,0,0,1058,4,7,51,51,0,5.6,Corporate,0,1.0,1,15,76,0.0,83.6,1
2024-10-10,Data Science Intern,Internship,Remote,Software,Bangalore,Martin-Rogers,Medium,36.0,1,1,445,0,40057.0,0,0,0,2094,0,52,27,9,0,5.5,Corporate,0,20.8,0,20,44,20.5,51.3,1
2023-01-17,Cloud Engineer,Full-Time,Remote,E-Commerce,Bangalore,Johnson-Rivera,Startup,23.0,1,0,280,1,19180.0,0,0,0,786,3,23,44,7,0,2.9,Free,1,25.7,0,0,0,77.2,10.3,0
2025-11-12,UI/UX Designer,Part-Time,Onsite,EdTech,Sydney,Woods-Yoder,Medium,37.0,0,1,426,1,28787.0,0,0,0,2256,3,30,18,5,0,6.3,Free,1,33.6,0,0,7,72.4,30.7,0
2021-02-04,Cybersecurity Analyst,Part-Time,Onsite,E-Commerce,Dubai,"Wright, Roy and Brock",Startup,13.0,1,1,156,0,44960.0,0,0,0,1634,1,24,39,27,0,6.5,Corporate,0,7.8,0,47,0,94.5,0.0,0
2024-09-15,Frontend Developer,Internship,Remote,AI,Dubai,Harrison-Sanchez,Startup,10.0,1,1,91,1,37914.0,0,0,0,2936,5,47,71,6,0,1.5,Corporate,0,18.9,0,20,8,66.0,10.5,0
2026-10-07,Cybersecurity Analyst,Full-Time,Onsite,E-Commerce,London,Wang-Lopez,Medium,32.0,1,1,369,1,50133.0,0,0,0,937,4,16,42,41,0,9.5,Corporate,0,29.5,0,36,31,48.1,36.8,0
2026-03-14,Marketing Intern,Internship,Onsite,FinTech,Bangalore,"Mcdonald, Hubbard and Williams",Enterprise,33.0,1,1,376,1,43014.0,0,0,0,2451,0,58,0,11,0,4.5,Corporate,0,33.9,1,0,32,59.3,21.2,0
2021-09-12,ML Engineer,Full-Time,Remote,Healthcare,San Francisco,Hodges-Marquez,Small,32.0,1,1,391,1,32407.0,0,1,2048,2568,2,29,46,41,0,0.0,Corporate,0,23.0,1,31,44,32.4,64.5,1
2021-09-16,Marketing Intern,Internship,Onsite,Healthcare,London,Perez-Jensen,Medium,7.0,1,0,98,1,29478.0,0,0,0,1235,6,43,42,26,0,6.2,Corporate,0,10.2,1,10,48,19.9,66.1,1
2019-11-23,Frontend Developer,Full-Time,Remote,Gaming,Toronto,Gutierrez LLC,Startup,17.0,0,1,231,0,28449.0,0,0,0,1940,5,48,37,19,0,9.9,Corporate,0,17.8,1,16,8,46.7,46.2,0
2018-07-31,Frontend Developer,Full-Time,Onsite,Gaming,Toronto,Evans Ltd,Startup,2.0,1,1,16,1,68466.0,0,1,4199,1966,3,55,55,0,0,6.1,Corporate,0,11.4,1,24,33,47.0,63.2,1
2026-12-03,Cloud Engineer,Contract,Remote,Cybersecurity,San Francisco,Bradley-Calderon,Medium,3.0,1,0,36,1,35824.0,0,0,0,2533,2,37,11,39,0,0.0,Corporate,0,4.6,1,31,22,87.6,28.3,0
2019-01-23,Cybersecurity Analyst,Full-Time,Remote,FinTech,Berlin,Wilson Group,Small,37.0,1,1,423,1,35153.0,0,0,0,1023,4,41,63,15,0,4.7,Corporate,0,11.5,1,27,0,65.6,17.8,0
2026-02-03,Frontend Developer,Contract,Hybrid,FinTech,Bangalore,Randolph Inc,Medium,32.0,1,1,374,1,17322.0,0,0,0,1439,0,20,59,27,0,8.4,Free,1,43.1,1,17,8,78.7,19.4,0
2023-01-10,UI/UX Designer,Part-Time,Remote,Cybersecurity,New York,"Miller, Jenkins and Riggs",Enterprise,,1,1,145,1,53773.0,0,0,0,2152,3,8,22,15,0,8.9,Corporate,0,31.3,0,72,26,79.5,11.1,0
2018-11-25,Marketing Intern,Internship,Hybrid,EdTech,New York,Gray PLC,Small,19.0,1,1,213,1,15440.0,0,0,0,1508,4,25,91,23,0,3.3,Free,1,23.6,1,36,28,73.5,54.6,1
2019-02-22,Data Science Intern,Contract,Onsite,FinTech,San Francisco,Walker Inc,Medium,37.0,1,0,427,1,39857.0,0,0,0,831,0,38,73,40,0,9.3,Free,1,6.6,0,2,28,57.6,47.6,0
2026-09-04,Cybersecurity Analyst,Part-Time,Hybrid,Cybersecurity,Sydney,Rodriguez PLC,Enterprise,5.0,1,1,74,0,38422.0,0,0,0,1763,4,78,81,0,0,1.5,Corporate,0,14.9,1,29,30,,50.6,1
2024-01-06,Marketing Intern,Part-Time,Onsite,Gaming,Toronto,Dillon LLC,Medium,22.0,1,0,254,0,22932.0,0,0,0,1680,2,4,40,1,0,8.3,Free,1,27.4,1,0,10,71.5,25.1,0
2023-10-23,Cybersecurity Analyst,Contract,Remote,Software,San Francisco,"Richardson, Castillo and Brock",Small,28.0,1,1,321,0,24906.0,0,0,0,1754,6,23,100,25,0,6.0,Corporate,0,3.0,1,27,15,38.8,52.5,1
2024-05-22,ML Engineer,Contract,Remote,AI,New York,Parks-Flores,Small,7.0,1,1,92,1,36385.0,0,0,0,1244,4,46,39,51,0,7.4,Corporate,0,13.1,0,31,11,48.8,31.7,0
2019-12-02,Marketing Intern,Part-Time,Remote,Cybersecurity,London,Castro PLC,Medium,3.0,1,0,51,1,67514.0,0,0,0,2433,4,28,59,45,0,4.6,Corporate,0,15.7,0,9,32,66.7,65.7,1
2018-04-05,AI Research Intern,Part-Time,Hybrid,Healthcare,Berlin,"Hernandez, Rice and Bryant",Enterprise,16.0,0,1,195,0,25804.0,0,0,0,1477,3,24,82,36,0,7.9,Corporate,0,13.8,1,10,17,49.0,44.3,0
2021-09-08,Backend Developer,Contract,Remote,AI,San Francisco,Dickerson Ltd,Startup,38.0,1,0,435,0,51916.0,0,0,0,1761,4,0,12,51,0,4.6,Corporate,0,27.3,1,35,45,65.9,44.1,0
2024-06-23,ML Engineer,Internship,Onsite,Healthcare,San Francisco,"Ellis, Stone and Bryant",Medium,23.0,1,1,266,0,24123.0,0,0,0,2298,3,37,21,26,0,4.4,Corporate,0,17.7,1,1,18,47.8,18.3,0
2026-04-07,Cybersecurity Analyst,Part-Time,Remote,EdTech,Berlin,"Anthony, Powell and Barnett",Startup,29.0,1,1,324,1,36577.0,0,0,0,1722,4,53,7,22,1,7.6,Corporate,0,17.0,1,41,28,38.1,51.7,1
2019-03-31,AI Research Intern,Contract,Onsite,Software,Berlin,Carter-Johnson,Startup,6.0,0,1,53,1,40918.0,0,1,3584,2318,2,64,0,27,0,7.2,Free,1,37.6,1,27,20,48.6,100.0,1
2020-03-26,Backend Developer,Contract,Hybrid,AI,Toronto,"Moreno, Bolton and Johnson",Startup,27.0,1,1,311,1,17025.0,0,0,0,2190,2,30,12,0,1,9.4,Corporate,0,11.3,1,53,21,65.3,28.6,0
2023-05-14,Backend Developer,Contract,Remote,Cybersecurity,New York,"Johnson, Jones and Douglas",Medium,25.0,0,1,317,1,19248.0,0,0,0,2166,2,58,65,11,0,8.2,Corporate,0,14.1,0,23,29,35.3,50.8,1
2021-06-13,ML Engineer,Internship,Hybrid,Gaming,San Francisco,Watson-Calhoun,Startup,5.0,1,0,57,1,54232.0,0,0,0,2133,2,55,51,21,0,9.1,Corporate,0,27.9,1,18,74,16.0,63.1,1
2019-08-18,AI Research Intern,Full-Time,Remote,Cybersecurity,Berlin,Henderson PLC,Medium,13.0,0,0,151,1,31790.0,0,0,0,970,3,39,54,28,0,3.7,Corporate,0,30.9,1,23,13,44.9,50.0,1
2026-09-24,Backend Developer,Internship,Hybrid,Software,Toronto,Reid Ltd,Medium,31.0,1,1,381,1,16397.0,0,0,0,1800,3,67,23,0,0,6.2,Corporate,0,26.0,1,2,7,48.9,7.3,0
2025-05-23,Marketing Intern,Full-Time,Onsite,Marketing,Dubai,Cruz Ltd,Small,18.0,1,1,195,1,43371.0,0,0,0,2804,2,28,24,28,0,0.0,Corporate,0,9.6,1,24,26,57.9,18.3,0
2021-08-04,Frontend Developer,Contract,Onsite,Healthcare,Dubai,Schroeder Ltd,Startup,21.0,1,1,260,1,18672.0,0,0,0,1500,2,13,85,23,0,5.4,Corporate,0,22.6,0,41,38,61.3,15.5,0
2022-10-24,Marketing Intern,Contract,Hybrid,AI,Dubai,Jimenez-Diaz,Startup,11.0,1,1,130,1,36440.0,0,0,0,1703,3,63,41,0,0,7.6,Corporate,0,8.9,1,19,43,27.8,41.7,0
2023-10-24,UI/UX Designer,Part-Time,Remote,Marketing,Dubai,Glenn-Ward,Small,6.0,1,1,58,0,19699.0,0,1,204,1575,4,33,47,51,1,6.3,Corporate,0,24.4,1,38,56,47.5,100.0,1
2021-11-11,Frontend Developer,Internship,Remote,E-Commerce,London,Sanders-Pierce,Small,20.0,1,0,228,1,55421.0,0,0,0,2335,1,46,25,50,0,6.0,Corporate,0,42.3,0,30,4,68.6,34.4,0
2020-02-24,ML Engineer,Internship,Hybrid,FinTech,New York,Knight Inc,Enterprise,5.0,1,1,53,0,26741.0,0,0,0,1976,1,19,34,54,0,6.3,Free,1,31.9,1,24,35,55.6,50.9,1
2019-01-19,Data Science Intern,Contract,Onsite,EdTech,Toronto,"Harrington, Howe and Perez",Medium,13.0,0,1,134,1,48031.0,0,0,0,1577,5,21,100,38,0,4.7,Corporate,0,11.5,1,13,26,58.7,37.7,0
2025-07-22,Frontend Developer,Contract,Onsite,Gaming,Sydney,Humphrey Group,Startup,27.0,1,1,330,1,27834.0,0,0,0,1890,1,69,62,20,0,2.0,Free,1,18.0,0,24,31,39.2,64.8,1
2021-07-31,Marketing Intern,Contract,Remote,Healthcare,New York,Nichols and Sons,Startup,7.0,1,1,83,1,55532.0,0,0,0,3065,3,40,28,35,0,9.0,Free,1,25.0,0,43,0,67.3,24.8,0
2018-07-25,Cloud Engineer,Full-Time,Onsite,Healthcare,Sydney,Rose-Miles,Medium,16.0,1,1,218,1,33460.0,0,0,0,1730,3,30,18,0,0,5.6,Corporate,0,40.3,1,18,0,67.2,0.0,0
2026-10-21,Cybersecurity Analyst,Contract,Remote,Gaming,Bangalore,"Smith, Becker and Acosta",Medium,3.0,1,1,48,0,6909.0,0,0,0,1852,2,45,100,18,0,10.9,Corporate,0,20.8,1,58,50,40.1,55.8,1
2023-08-02,Backend Developer,Part-Time,Onsite,E-Commerce,London,Spence-Underwood,Small,17.0,0,1,213,1,49611.0,0,0,0,1462,5,6,0,48,0,5.8,Free,1,19.1,1,16,48,35.1,50.7,1
2026-07-02,Marketing Intern,Contract,Remote,Cybersecurity,Dubai,"Reed, Baldwin and Gutierrez",Enterprise,15.0,1,1,190,0,44657.0,0,0,0,2242,6,30,90,37,0,5.4,Corporate,0,6.7,1,12,36,,41.7,0
2026-10-19,Backend Developer,Part-Time,Hybrid,FinTech,Berlin,Spencer LLC,Medium,6.0,1,1,73,1,,0,0,0,1860,3,62,13,27,0,5.3,Free,1,28.7,1,30,0,72.4,13.7,0
2023-11-24,Data Science Intern,Part-Time,Onsite,Healthcare,Toronto,"Henderson, Kelly and Wade",Medium,17.0,1,1,212,1,16611.0,0,1,2377,1416,1,46,83,28,0,0.0,Corporate,0,1.0,1,21,12,72.3,63.8,1
2026-12-18,Backend Developer,Internship,Remote,Gaming,San Francisco,Everett-Miranda,Enterprise,23.0,1,1,273,1,39065.0,0,0,0,2712,2,22,33,18,1,0.2,Free,1,29.6,0,0,24,64.1,55.3,1
2019-12-24,Data Science Intern,Contract,Hybrid,EdTech,Dubai,Duncan LLC,Medium,33.0,1,1,403,1,39416.0,0,0,0,1683,1,9,10,54,1,8.3,Free,1,15.0,1,39,18,69.9,34.8,0
2019-11-24,ML Engineer,Part-Time,Remote,Software,Dubai,"Haley, Hoover and Baker",Startup,4.0,1,1,52,1,40819.0,0,0,0,2300,4,0,61,14,0,7.5,Corporate,0,1.0,1,36,19,65.6,8.2,0
2022-10-04,Frontend Developer,Part-Time,Remote,Gaming,New York,Banks Ltd,Startup,5.0,1,1,52,1,,0,0,0,1086,3,67,17,38,0,2.5,Corporate,0,9.9,1,29,37,31.4,58.7,1
2025-10-08,Data Science Intern,Internship,Remote,Gaming,Dubai,Nelson Inc,Small,31.0,0,1,385,1,41907.0,0,0,0,1168,2,51,8,67,0,4.5,Free,1,14.1,1,28,3,56.0,50.1,1
2021-06-13,UI/UX Designer,Internship,Onsite,Cybersecurity,London,Cisneros-West,Small,3.0,1,1,63,1,8562.0,0,0,0,2797,0,47,16,0,0,7.9,Corporate,0,22.6,1,34,31,45.3,13.8,0
2024-08-19,ML Engineer,Contract,Remote,E-Commerce,Singapore,"Scott, Moore and Jacobs",Small,20.0,0,1,232,1,29102.0,0,0,0,1577,3,20,86,37,0,0.9,Free,1,21.6,1,17,47,38.5,68.2,1
2026-01-31,Backend Developer,Full-Time,Remote,Healthcare,Singapore,"Washington, Sutton and Navarro",Small,34.0,0,0,423,1,44787.0,0,1,2752,1371,6,33,9,5,0,4.7,Corporate,0,1.0,0,31,13,37.3,90.0,1
2020-04-29,Cloud Engineer,Contract,Onsite,FinTech,Bangalore,Costa-Reid,Startup,2.0,1,1,39,1,35863.0,0,1,2738,1136,2,40,21,60,0,4.9,Corporate,0,21.3,1,42,33,48.2,64.5,1
2026-11-12,AI Research Intern,Full-Time,Remote,Gaming,Toronto,"Parks, Rogers and Pena",Startup,28.0,1,1,343,1,47382.0,0,1,2668,1652,2,39,46,30,1,2.2,Corporate,0,14.9,1,43,6,65.8,73.7,1
2026-07-07,Data Science Intern,Full-Time,Remote,AI,Berlin,Perry Ltd,Medium,27.0,1,1,317,1,23659.0,0,0,0,989,0,4,0,34,0,8.2,Corporate,0,1.0,1,29,45,61.7,16.2,0
2020-02-09,Marketing Intern,Full-Time,Remote,FinTech,Dubai,George Inc,Small,38.0,0,1,492,0,23714.0,0,0,0,783,3,19,48,42,0,3.6,Free,1,1.0,1,27,21,54.5,50.1,1
2026-01-10,ML Engineer,Internship,Hybrid,Gaming,San Francisco,Ochoa Inc,Small,14.0,1,1,164,0,39868.0,0,0,0,1206,5,35,50,30,0,4.0,Corporate,0,26.7,0,28,16,65.1,15.9,0
2019-09-03,Frontend Developer,Full-Time,Remote,Gaming,San Francisco,"Smith, Kim and Miranda",Startup,35.0,0,1,412,0,27525.0,0,0,0,2214,1,51,43,27,0,4.4,Free,1,22.8,1,38,32,41.4,59.7,1
2019-11-10,Data Science Intern,Full-Time,Remote,Healthcare,London,"Chavez, Oliver and Jacobs",Startup,4.0,1,1,11,0,57069.0,0,0,0,2272,4,61,53,44,0,3.0,Corporate,0,1.0,1,24,30,24.1,60.1,1
2019-12-15,Backend Developer,Internship,Onsite,E-Commerce,Bangalore,Martinez PLC,Medium,3.0,1,1,44,0,40587.0,0,0,0,2757,3,36,58,20,1,0.5,Corporate,0,29.2,1,47,18,62.5,16.9,0
2018-12-12,Backend Developer,Full-Time,Remote,Gaming,San Francisco,Lowe PLC,Enterprise,31.0,1,1,379,0,57608.0,0,0,0,1134,6,33,43,17,0,5.8,Free,1,27.3,1,29,14,36.5,57.3,1
2023-10-16,AI Research Intern,Part-Time,Hybrid,Software,New York,"Robinson, Howard and Glover",Small,3.0,1,1,56,0,49997.0,0,0,0,1688,4,13,42,53,0,9.5,Free,1,10.9,1,9,54,52.2,50.6,1
2025-06-10,Backend Developer,Internship,Remote,E-Commerce,New York,Williams-Cortez,Medium,10.0,0,1,99,1,31625.0,0,0,0,1075,3,50,59,46,0,8.7,Free,1,9.5,1,14,36,29.3,74.8,1
2019-11-30,Marketing Intern,Internship,Remote,AI,Toronto,Reid LLC,Startup,1.0,1,1,20,1,30699.0,0,0,0,2078,6,4,1,20,1,3.0,Corporate,0,14.9,1,27,42,67.1,57.6,1
2018-05-30,Cybersecurity Analyst,Contract,Remote,AI,San Francisco,Meza-Davidson,Enterprise,11.0,1,1,144,1,36046.0,0,0,0,2032,4,45,0,19,0,10.6,Corporate,0,15.8,1,27,0,43.5,6.5,0
2020-01-01,UI/UX Designer,Full-Time,Hybrid,AI,London,Lambert-Patrick,Small,27.0,1,1,309,1,53336.0,0,1,872,1804,5,33,23,54,0,1.7,Corporate,0,13.7,1,7,1,66.5,60.3,1
2020-02-24,Frontend Developer,Full-Time,Onsite,Software,Sydney,"Velasquez, Wilson and Young",Small,18.0,1,0,204,0,56087.0,0,0,0,1443,1,40,100,24,0,1.4,Free,1,14.9,1,3,46,60.5,77.1,1
2022-07-15,Backend Developer,Full-Time,Hybrid,Marketing,San Francisco,Hopkins-Warren,Enterprise,29.0,1,1,341,1,24302.0,0,1,2557,1645,4,81,60,26,0,6.1,Corporate,0,31.8,1,41,19,48.1,74.4,1
2018-01-22,Backend Developer,Part-Time,Onsite,Software,San Francisco,Huffman Group,Startup,3.0,1,1,19,1,14341.0,0,0,0,2558,3,22,51,34,0,7.6,Free,1,28.6,1,0,4,52.8,27.3,0
2024-10-20,UI/UX Designer,Full-Time,Hybrid,Software,Sydney,King LLC,Medium,7.0,1,1,92,1,27153.0,0,0,0,740,2,34,3,2,0,6.9,Corporate,0,16.7,1,7,22,50.9,0.0,0
2021-01-06,AI Research Intern,Contract,Remote,Software,Toronto,Price PLC,Small,15.0,1,1,155,0,36705.0,0,0,0,2480,8,66,24,11,0,5.3,Corporate,0,34.1,0,49,21,23.4,54.7,1
2025-01-15,Data Science Intern,Internship,Remote,E-Commerce,Singapore,Brown LLC,Medium,30.0,1,1,362,1,24230.0,0,0,0,1824,2,16,59,29,0,6.6,Corporate,0,12.5,1,1,38,56.6,28.4,0
2018-06-05,Marketing Intern,Part-Time,Remote,Marketing,Singapore,Miller Inc,Enterprise,26.0,1,1,311,1,50127.0,0,0,0,1433,2,47,29,44,0,2.8,Corporate,0,23.4,0,34,0,48.7,16.0,0
2019-04-07,ML Engineer,Internship,Hybrid,Marketing,London,Kane-Clark,Medium,24.0,0,1,279,0,49463.0,0,0,0,2441,4,22,32,17,1,3.4,Corporate,0,9.0,1,31,18,48.1,42.9,0
2020-07-02,ML Engineer,Part-Time,Onsite,FinTech,Toronto,Thomas-Mullen,Startup,25.0,1,1,304,1,27006.0,0,0,0,1803,1,43,68,79,1,6.1,Corporate,0,24.2,0,54,34,59.1,67.4,1
2022-05-29,ML Engineer,Part-Time,Hybrid,AI,Dubai,"Price, Bush and Smith",Medium,33.0,1,1,435,1,22321.0,0,0,0,2608,6,8,32,2,0,6.1,Free,1,30.5,1,22,0,63.4,22.1,0
2019-03-08,AI Research Intern,Internship,Remote,Healthcare,London,Carroll-Garcia,Small,10.0,1,1,113,1,32909.0,0,0,0,2272,2,5,80,16,0,6.0,Free,1,1.0,1,0,17,67.6,33.7,0
2021-10-28,Frontend Developer,Contract,Remote,Healthcare,Singapore,Hernandez-Mitchell,Small,17.0,1,0,194,0,20379.0,0,1,2892,1362,2,18,14,35,0,6.3,Corporate,0,1.0,1,39,16,53.3,60.8,1
2024-11-18,Data Science Intern,Part-Time,Remote,FinTech,Berlin,Green Group,Medium,24.0,1,1,282,1,55223.0,0,0,0,1898,4,28,25,25,0,1.3,Free,1,4.8,0,36,0,56.8,25.4,0
2022-05-26,Cybersecurity Analyst,Contract,Remote,Healthcare,Bangalore,"Stewart, Williams and Rivas",Small,24.0,1,0,285,1,31578.0,0,0,0,1709,3,43,73,0,0,6.4,Free,1,18.0,0,54,40,35.2,71.4,1
2026-07-06,UI/UX Designer,Internship,Remote,EdTech,Singapore,Ramsey PLC,Enterprise,37.0,0,1,447,0,40902.0,0,0,0,1683,8,18,57,25,1,2.8,Corporate,0,22.4,0,50,32,28.2,78.2,1
2025-03-09,ML Engineer,Contract,Onsite,Gaming,Dubai,Watts Inc,Small,3.0,1,1,18,1,39071.0,0,0,0,1321,6,55,96,15,0,5.1,Free,1,15.7,1,71,23,41.6,54.9,1
2026-03-05,Data Science Intern,Internship,Remote,Marketing,San Francisco,"Sanchez, Sparks and Davidson",Medium,26.0,1,1,305,1,38447.0,0,0,0,2367,3,18,61,58,0,6.5,Free,1,12.0,0,7,48,45.6,68.5,1
2025-05-30,Cloud Engineer,Part-Time,Remote,EdTech,London,Ward-Pierce,Startup,39.0,1,1,481,1,30425.0,0,1,2028,1199,2,22,68,21,0,2.8,Corporate,0,31.4,1,14,55,55.4,59.7,1
2018-08-14,ML Engineer,Part-Time,Remote,Healthcare,Toronto,Pugh Ltd,Small,1.0,1,0,1,0,32680.0,0,1,4754,2228,5,43,52,30,0,6.2,Corporate,0,21.0,1,0,27,28.5,77.4,1
2019-01-10,Cloud Engineer,Part-Time,Remote,Marketing,Berlin,"Stone, Thompson and Cameron",Medium,30.0,1,1,362,0,40953.0,0,0,0,864,3,7,64,24,0,4.5,Free,1,23.4,1,65,0,75.4,7.7,0
2024-08-26,Backend Developer,Part-Time,Remote,E-Commerce,Sydney,"Rodriguez, Cooper and Smith",Small,6.0,1,1,91,1,55767.0,0,0,0,1099,7,2,0,0,0,2.5,Corporate,0,10.2,1,13,25,66.0,0.7,0
2021-10-13,Frontend Developer,Full-Time,Hybrid,Marketing,London,"Perez, Fisher and Duncan",Startup,19.0,1,0,221,1,28666.0,0,0,0,2085,1,47,18,13,0,8.4,Corporate,0,11.4,1,61,7,42.6,36.1,0
2018-06-07,Cloud Engineer,Part-Time,Onsite,Marketing,Toronto,Scott-Hopkins,Small,27.0,1,1,352,0,17196.0,0,0,0,2059,1,0,44,60,0,7.3,Corporate,0,33.2,1,7,38,40.2,7.3,0
2019-07-06,UI/UX Designer,Internship,Remote,Software,Toronto,Shepherd LLC,Enterprise,15.0,1,1,195,1,40722.0,0,0,0,4136,2,32,34,9,0,3.9,Corporate,0,16.6,1,29,16,74.7,3.8,0
2025-08-27,Backend Developer,Part-Time,Remote,Software,Singapore,"Velez, Butler and Ferguson",Startup,23.0,1,1,259,1,40893.0,0,0,0,1236,4,53,50,0,0,4.7,Corporate,0,1.0,1,57,47,38.4,43.5,0
2024-01-30,Frontend Developer,Internship,Remote,Software,Dubai,Meyer LLC,Medium,8.0,1,1,126,1,42856.0,0,0,0,1872,2,4,12,0,0,6.2,Corporate,0,4.9,1,0,0,97.6,0.0,0
2020-12-26,Data Science Intern,Full-Time,Hybrid,Healthcare,Toronto,Davis-Kelly,Medium,14.0,1,1,188,1,41245.0,0,0,0,1944,5,42,19,12,0,2.7,Corporate,0,2.2,0,54,12,55.6,13.7,0
2018-02-09,AI Research Intern,Internship,Remote,Gaming,London,"Hall, Anderson and Wood",Enterprise,26.0,0,1,285,1,40725.0,0,0,0,1616,3,23,0,30,0,0.7,Free,1,26.3,1,13,34,38.1,63.2,1
2025-03-25,ML Engineer,Contract,Onsite,AI,Berlin,"Rangel, Ortega and Williams",Small,33.0,1,1,404,1,61612.0,0,1,1934,2443,4,16,53,26,0,3.7,Free,1,16.6,1,20,40,69.5,77.4,1
2019-01-14,Frontend Developer,Full-Time,Hybrid,Gaming,Sydney,Holt-Roberts,Medium,21.0,1,0,250,1,51615.0,0,0,0,1993,2,6,22,16,0,5.3,Corporate,0,1.0,1,15,26,74.4,10.0,0
2019-11-08,Marketing Intern,Contract,Remote,Marketing,Bangalore,Hunter Inc,Startup,14.0,0,1,183,1,48955.0,0,1,3550,2214,1,15,72,16,1,2.4,Corporate,0,29.2,0,38,15,67.9,57.1,1
2021-09-04,Backend Developer,Full-Time,Onsite,Gaming,Bangalore,"Guzman, Sanchez and Compton",Small,16.0,0,1,188,0,36263.0,0,1,3273,2178,5,37,0,33,0,6.7,Free,1,24.1,1,27,30,38.3,81.6,1
2025-06-11,Cloud Engineer,Full-Time,Remote,Marketing,Sydney,Garcia-Curry,Startup,18.0,0,1,218,1,44086.0,0,0,0,1416,4,28,46,27,0,8.7,Corporate,0,5.3,0,33,62,18.9,65.1,1
2018-01-02,ML Engineer,Internship,Hybrid,Gaming,Singapore,Lee-Torres,Startup,2.0,1,1,17,1,49240.0,0,0,0,815,5,24,47,0,0,12.0,Free,1,7.5,0,30,27,55.4,42.5,0
2025-01-14,ML Engineer,Full-Time,Remote,AI,New York,Curtis-Griffin,Startup,21.0,1,0,273,1,56547.0,0,0,0,1878,3,37,52,33,0,5.7,Corporate,0,7.2,0,17,0,71.6,32.8,0
2026-07-03,Marketing Intern,Part-Time,Hybrid,FinTech,New York,Payne LLC,Medium,20.0,1,1,255,1,28886.0,0,0,0,2984,1,11,58,47,0,5.9,Corporate,0,15.7,1,25,34,76.1,15.0,0
2022-02-27,Frontend Developer,Contract,Remote,Gaming,Bangalore,"Rogers, Smith and Huff",Startup,4.0,0,1,57,0,28357.0,0,0,0,910,3,29,71,52,0,2.2,Corporate,0,23.0,1,43,34,25.7,63.0,1
2026-10-17,Data Science Intern,Full-Time,Remote,Software,Singapore,Black and Sons,Startup,15.0,1,1,184,1,14541.0,0,0,0,2455,9,12,29,30,0,3.6,Corporate,0,23.9,1,14,0,70.5,5.7,0
2026-09-26,Frontend Developer,Contract,Onsite,Marketing,Bangalore,Mcdonald-Jones,Medium,27.0,1,1,333,1,34890.0,0,0,0,2639,2,17,55,31,0,2.4,Corporate,0,15.2,1,33,18,84.3,11.9,0
2019-08-13,Data Science Intern,Internship,Hybrid,AI,Sydney,Campbell-Nguyen,Startup,25.0,0,1,304,1,31923.0,0,0,0,1365,4,58,48,12,0,5.0,Corporate,0,44.8,1,33,13,47.8,32.7,0
2026-10-02,Marketing Intern,Contract,Remote,AI,Toronto,Bauer-Moore,Startup,2.0,0,1,2,1,36266.0,0,0,0,2619,4,22,8,65,0,4.2,Free,1,29.1,0,16,19,44.3,57.5,1
2024-09-05,ML Engineer,Contract,Onsite,Gaming,San Francisco,"Stevens, Ward and Williams",Small,24.0,1,1,302,0,55410.0,0,0,0,1490,6,15,0,30,0,5.7,Corporate,0,20.9,1,1,0,69.4,0.0,0
2018-05-22,UI/UX Designer,Contract,Remote,Cybersecurity,Toronto,"Rogers, Brown and Hernandez",Medium,6.0,0,0,67,1,12174.0,0,0,0,1796,3,61,0,27,0,5.9,Corporate,0,37.4,1,38,15,53.1,70.4,1
2020-07-10,Backend Developer,Full-Time,Remote,Software,Berlin,Jones Inc,Enterprise,2.0,0,0,32,0,45973.0,0,0,0,2020,5,26,27,1,1,6.4,Corporate,0,36.3,1,10,54,25.0,98.9,1
2026-11-02,Cloud Engineer,Part-Time,Remote,Software,Singapore,Morris PLC,Small,6.0,1,0,64,1,35430.0,0,0,0,2417,3,41,60,21,0,5.0,Free,1,20.5,0,16,40,52.3,61.0,1
2021-11-12,ML Engineer,Full-Time,Onsite,Marketing,Singapore,Adams LLC,Startup,38.0,1,0,433,1,28469.0,0,0,0,961,8,27,65,37,0,10.5,Free,1,22.3,1,1,0,61.4,59.9,1
2020-01-26,Backend Developer,Internship,Hybrid,FinTech,Sydney,"Rice, Pace and Morrison",Medium,5.0,1,1,83,1,28858.0,0,0,0,663,1,48,55,31,0,6.2,Free,1,22.8,1,37,12,63.2,38.5,0
2019-06-11,ML Engineer,Contract,Hybrid,E-Commerce,Dubai,Peterson PLC,Startup,12.0,1,0,126,1,48310.0,0,0,0,2537,3,0,46,7,0,9.3,Free,1,13.9,1,17,0,88.0,15.6,0
2018-03-29,Data Science Intern,Internship,Onsite,Cybersecurity,Sydney,"Pearson, Cross and Haley",Startup,20.0,1,1,225,1,48426.0,0,0,0,1781,4,70,31,37,0,3.3,Corporate,0,32.2,1,23,59,25.7,62.0,1
2025-11-08,AI Research Intern,Full-Time,Remote,Healthcare,Dubai,"Dennis, Gonzalez and Gutierrez",Small,1.0,1,1,1,1,5682.0,0,0,0,3121,1,25,47,22,0,2.2,Corporate,0,20.4,1,27,14,69.2,21.6,0
2026-11-14,Backend Developer,Full-Time,Remote,Gaming,Dubai,"Boyd, Tucker and Wise",Startup,29.0,1,1,348,1,42087.0,0,0,0,1098,3,50,0,11,0,9.4,Free,1,19.9,1,57,0,66.1,23.3,0
2018-10-05,AI Research Intern,Internship,Onsite,Software,Bangalore,"Wolfe, Graves and Clark",Enterprise,30.0,1,1,351,1,16111.0,0,0,0,2038,5,13,47,10,0,3.8,Corporate,0,29.0,1,67,49,49.7,27.0,0
2022-03-29,UI/UX Designer,Part-Time,Onsite,E-Commerce,Bangalore,"Bradley, Hall and Moreno",Medium,34.0,1,1,399,1,40070.0,0,1,4610,2164,1,12,59,18,0,4.1,Corporate,0,25.3,0,54,0,91.9,12.9,0
2023-10-04,AI Research Intern,Contract,Remote,Healthcare,Toronto,Malone Ltd,Small,8.0,1,1,110,0,45756.0,0,1,2116,2116,2,5,53,33,0,10.4,Corporate,0,1.0,0,17,36,46.2,60.4,1
2021-04-20,AI Research Intern,Internship,Remote,E-Commerce,Sydney,Smith-Stout,Medium,18.0,0,0,190,1,7649.0,0,0,0,2444,10,5,80,65,0,8.0,Corporate,0,35.1,1,37,0,65.4,50.0,0
2021-05-30,Frontend Developer,Part-Time,Onsite,Software,Sydney,Stone-Santana,Enterprise,37.0,1,0,419,0,38102.0,0,0,0,2197,6,35,22,21,0,3.4,Corporate,0,30.7,1,14,35,21.1,53.0,1
2022-02-01,Frontend Developer,Full-Time,Remote,FinTech,Bangalore,"Leon, Ford and Jones",Small,8.0,0,0,109,1,54774.0,0,0,0,1821,5,19,55,8,0,3.1,Corporate,0,30.1,1,10,10,56.4,51.1,1
2020-03-17,UI/UX Designer,Part-Time,Onsite,EdTech,Toronto,Roberts Group,Startup,24.0,0,1,264,1,34200.0,0,1,3658,1738,5,17,42,42,0,7.2,Free,1,7.2,1,23,46,45.1,86.3,1
2023-06-09,ML Engineer,Internship,Remote,Cybersecurity,Dubai,"Davis, Mckenzie and Stevens",Medium,10.0,0,1,136,1,38554.0,0,0,0,1366,3,16,47,54,0,6.7,Corporate,0,23.8,1,59,35,38.5,63.8,1
2025-05-25,Cybersecurity Analyst,Contract,Onsite,Healthcare,London,Mcguire Group,Enterprise,22.0,1,1,239,0,29147.0,0,0,0,2147,3,53,56,43,0,9.8,Corporate,0,25.5,0,19,37,32.1,51.7,1
2018-08-05,UI/UX Designer,Full-Time,Remote,AI,Sydney,"Jackson, Trevino and Lopez",Enterprise,34.0,1,1,409,1,41756.0,0,0,0,2345,0,85,36,15,1,1.4,Corporate,0,21.9,1,37,32,54.0,64.9,1
2024-01-02,Data Science Intern,Full-Time,Hybrid,Gaming,New York,Davis Ltd,Small,19.0,1,1,225,1,42492.0,0,1,3161,1271,2,28,77,18,1,7.7,Free,1,21.5,1,30,5,67.8,71.3,1
2026-07-08,Cybersecurity Analyst,Full-Time,Onsite,Marketing,New York,"Webster, Mcbride and Merritt",Small,4.0,1,0,58,0,11264.0,0,0,0,1804,2,5,59,23,1,6.5,Free,1,7.7,1,8,0,69.1,55.3,1
2020-01-21,ML Engineer,Contract,Remote,EdTech,Sydney,Hurst-Johnson,Startup,2.0,1,1,21,1,17881.0,0,0,0,793,4,71,0,33,0,6.1,Free,1,24.3,1,37,10,61.3,52.7,1
2021-05-18,Frontend Developer,Part-Time,Remote,EdTech,New York,Lang-Middleton,Medium,31.0,1,1,409,1,44239.0,0,0,0,1660,3,11,57,20,0,4.1,Corporate,0,22.7,0,16,2,63.7,5.6,0
2021-08-08,Cybersecurity Analyst,Full-Time,Hybrid,Software,Bangalore,Smith Inc,Small,6.0,0,1,72,1,32249.0,0,0,0,1824,1,42,0,31,0,5.2,Corporate,0,25.8,1,12,14,73.9,24.6,0
2021-11-27,UI/UX Designer,Part-Time,Remote,AI,New York,"Bonilla, Freeman and Diaz",Small,3.0,1,1,30,1,32938.0,0,1,2904,1726,7,37,26,37,0,1.7,Corporate,0,26.0,1,22,31,53.2,64.0,1
2023-10-21,ML Engineer,Part-Time,Onsite,Cybersecurity,Dubai,Spencer and Sons,Small,37.0,1,1,448,1,15381.0,0,0,0,1372,2,54,6,37,0,4.8,Corporate,0,9.9,1,55,25,59.8,10.8,0
2023-01-18,Backend Developer,Contract,Remote,E-Commerce,Berlin,Baker Ltd,Small,17.0,1,1,209,0,44675.0,0,0,0,1884,5,53,67,28,0,5.9,Free,1,12.1,1,29,15,26.8,68.3,1
2018-05-17,Data Science Intern,Part-Time,Remote,Gaming,Dubai,Gomez-Martin,Enterprise,22.0,1,1,268,1,45574.0,0,0,0,1514,1,3,34,23,0,9.4,Corporate,0,18.7,1,0,36,81.5,0.0,0
2026-01-25,Frontend Developer,Full-Time,Remote,EdTech,New York,Wright Inc,Medium,38.0,1,1,471,1,71833.0,0,1,4150,2603,3,68,67,12,0,0.0,Corporate,0,30.5,1,53,12,50.8,71.4,1
2018-11-25,UI/UX Designer,Internship,Remote,Gaming,New York,"Johnson, Johnson and Owens",Small,35.0,1,1,414,1,55945.0,0,0,0,2647,3,2,25,21,0,2.5,Corporate,0,10.8,1,31,42,75.1,19.8,0
2018-07-29,Backend Developer,Part-Time,Onsite,Marketing,New York,Gay-Dunn,Startup,,1,1,139,1,64262.0,0,0,0,2184,1,52,71,14,0,3.8,Corporate,0,20.3,1,7,25,39.8,40.3,0
2020-07-22,AI Research Intern,Internship,Remote,EdTech,New York,Morales Inc,Medium,13.0,1,0,146,0,8451.0,0,0,0,1990,4,18,14,0,0,8.1,Free,1,31.9,1,34,54,32.2,50.8,1
2020-07-31,AI Research Intern,Internship,Remote,Cybersecurity,Toronto,"Allen, Davis and Martinez",Medium,19.0,1,1,232,1,17431.0,0,0,0,2808,1,24,0,65,1,0.0,Corporate,0,30.1,1,54,21,71.1,20.0,0
2019-05-21,Marketing Intern,Contract,Remote,EdTech,London,Thomas PLC,Small,37.0,1,1,459,1,27547.0,0,0,0,2345,3,67,57,45,0,5.0,Free,1,40.4,0,20,31,37.6,61.6,1
2024-12-16,ML Engineer,Contract,Remote,Marketing,New York,Brewer Inc,Startup,21.0,0,1,237,1,32017.0,0,0,0,579,4,19,71,13,0,0.5,Corporate,0,28.5,1,9,31,55.4,33.0,0
2018-08-15,Frontend Developer,Part-Time,Remote,Cybersecurity,San Francisco,"Aguilar, Sandoval and Miller",Small,25.0,0,1,287,0,,0,0,0,2126,3,55,78,0,0,6.9,Corporate,0,24.7,1,0,27,33.8,63.0,1
2026-10-08,AI Research Intern,Internship,Hybrid,Software,Bangalore,Morrow LLC,Medium,9.0,1,1,73,1,13443.0,0,0,0,1512,3,9,34,46,0,1.4,Corporate,0,16.2,1,46,32,67.4,18.2,0
2023-12-05,Cloud Engineer,Contract,Remote,FinTech,Toronto,"Spencer, Morgan and Lewis",Enterprise,33.0,1,1,399,0,27614.0,0,0,0,1214,2,0,47,55,0,6.7,Corporate,0,15.1,1,32,41,41.7,51.1,1
2025-09-08,Marketing Intern,Part-Time,Remote,Healthcare,Dubai,"Hernandez, Smith and Blake",Small,1.0,1,1,15,1,40749.0,0,0,0,1760,4,32,27,25,0,7.3,Corporate,0,10.6,1,52,29,56.1,41.9,0
2019-02-28,Marketing Intern,Contract,Remote,Software,San Francisco,Flynn LLC,Startup,5.0,0,1,59,1,44681.0,0,0,0,1627,5,22,9,0,0,0.0,Corporate,0,17.0,1,25,15,57.0,13.0,0
2018-02-28,UI/UX Designer,Part-Time,Remote,E-Commerce,Dubai,Green LLC,Enterprise,12.0,1,1,109,1,22657.0,0,1,2961,1297,5,31,37,56,0,7.3,Corporate,0,33.8,1,4,3,51.6,54.6,1
2023-01-12,Frontend Developer,Internship,Remote,AI,Berlin,"Rodriguez, Herring and Garcia",Startup,33.0,1,1,386,1,35885.0,0,0,0,1326,1,47,52,17,0,2.0,Corporate,0,24.1,1,6,0,76.4,10.0,0
2020-03-03,Data Science Intern,Part-Time,Onsite,Healthcare,Toronto,Dawson-Martinez,Startup,8.0,0,1,86,1,27904.0,0,0,0,1932,3,18,84,49,0,4.7,Corporate,0,16.4,1,35,23,65.0,43.8,0
2018-07-21,Marketing Intern,Part-Time,Remote,Healthcare,London,Petersen Inc,Enterprise,16.0,1,1,153,1,54078.0,0,1,2313,1816,1,46,63,47,0,0.0,Corporate,0,27.6,1,59,0,67.6,51.3,1
2025-04-18,Backend Developer,Full-Time,Hybrid,Healthcare,Berlin,Green-Grimes,Startup,19.0,1,1,217,1,46508.0,0,0,0,1804,0,50,39,42,0,6.4,Corporate,0,16.8,1,0,0,71.6,0.9,0
2020-11-19,ML Engineer,Internship,Remote,E-Commerce,New York,Schaefer-Fernandez,Enterprise,20.0,1,1,233,1,37860.0,0,0,0,1272,3,85,34,29,0,2.5,Corporate,0,23.4,0,41,35,7.8,65.5,1
2023-05-05,Cybersecurity Analyst,Internship,Remote,FinTech,Dubai,Davis-Garcia,Small,6.0,1,0,64,1,54901.0,0,0,0,2003,2,75,52,43,0,5.7,Free,1,28.3,1,36,51,15.6,77.7,1
2024-05-12,AI Research Intern,Contract,Remote,Gaming,Dubai,Waller-Potter,Medium,36.0,0,1,424,1,38078.0,0,0,0,3131,1,74,56,0,1,2.4,Corporate,0,22.4,1,0,18,26.7,82.1,1
2023-12-09,ML Engineer,Contract,Onsite,FinTech,Berlin,Aguilar-Wheeler,Startup,35.0,1,1,443,1,9911.0,0,0,0,1314,4,58,44,29,0,7.9,Corporate,0,24.8,1,6,27,24.7,40.3,0
2021-03-03,Cloud Engineer,Full-Time,Remote,AI,Singapore,"Rodriguez, Carter and Hill",Startup,30.0,0,1,370,0,14834.0,0,0,0,2211,5,13,40,47,0,4.2,Corporate,0,13.2,1,14,31,55.5,42.5,0
2026-05-06,ML Engineer,Internship,Remote,Healthcare,Dubai,Cunningham Group,Enterprise,3.0,1,1,24,0,25767.0,0,0,0,991,6,35,55,20,1,4.6,Free,1,10.1,1,6,51,30.7,86.5,1
2026-06-22,Backend Developer,Internship,Remote,EdTech,Berlin,Harris-Dawson,Medium,18.0,1,0,218,1,12747.0,0,0,0,1515,3,29,17,22,0,0.0,Corporate,0,29.1,1,31,30,61.5,9.8,0
2020-08-20,ML Engineer,Contract,Remote,Software,Toronto,"Miller, Hawkins and Solis",Small,16.0,1,1,199,1,48118.0,0,0,0,1367,4,19,50,31,0,7.0,Corporate,0,8.7,1,57,2,80.2,0.6,0
2018-05-13,AI Research Intern,Internship,Onsite,Software,Singapore,"Reed, Hall and Dean",Startup,4.0,1,1,39,1,72298.0,0,0,0,1188,3,43,49,10,0,4.6,Corporate,0,20.4,0,50,0,66.5,6.1,0
2019-05-23,Marketing Intern,Internship,Remote,Healthcare,Berlin,Colon-Wilson,Enterprise,36.0,0,1,439,1,40753.0,0,0,0,1667,1,51,44,24,1,1.1,Corporate,0,19.6,1,63,34,26.4,64.4,1
2022-01-11,Cloud Engineer,Internship,Remote,Gaming,Toronto,Hubbard-Fuentes,Medium,30.0,1,1,380,1,30497.0,0,0,0,1888,5,35,42,22,1,5.4,Corporate,0,17.8,1,38,34,45.3,62.0,1
2023-02-18,Backend Developer,Internship,Remote,AI,Toronto,"Bell, Bennett and Steele",Small,29.0,0,0,346,1,20726.0,0,0,0,1272,5,0,20,21,0,1.4,Corporate,0,29.2,1,66,0,77.3,6.0,0
2023-09-14,Cybersecurity Analyst,Full-Time,Remote,EdTech,Berlin,Adams-Turner,Startup,1.0,1,0,9,1,62352.0,0,0,0,1146,4,36,31,60,0,8.5,Corporate,0,33.4,1,23,28,62.6,52.1,1
2026-09-03,Data Science Intern,Internship,Hybrid,Software,Sydney,Mcneil-Bartlett,Small,33.0,0,1,374,1,35517.0,0,0,0,2255,5,38,19,32,0,5.6,Free,1,24.0,1,4,43,36.6,58.5,1
2024-08-15,Cloud Engineer,Full-Time,Onsite,Software,Toronto,Jones-Reed,Small,27.0,1,1,307,0,21783.0,0,0,0,1536,0,96,92,14,0,6.7,Corporate,0,16.1,1,5,16,36.8,52.5,1
2021-11-29,ML Engineer,Internship,Remote,Software,Dubai,"Sanchez, Perez and Bernard",Small,7.0,0,1,71,1,20172.0,0,1,3205,357,0,41,36,46,0,3.8,Corporate,0,16.3,0,0,11,53.1,59.5,1
2023-08-29,Cybersecurity Analyst,Contract,Remote,Marketing,Singapore,Kelly-Carroll,Enterprise,22.0,1,1,266,0,35931.0,0,0,0,975,1,27,64,27,1,4.0,Corporate,0,6.3,1,49,22,38.1,53.5,1
2020-12-24,ML Engineer,Contract,Remote,AI,Sydney,Rangel Ltd,Small,31.0,1,1,382,1,40502.0,0,0,0,2334,4,33,53,22,0,9.1,Free,1,15.1,1,23,45,43.2,54.8,1
2023-09-09,Data Science Intern,Full-Time,Remote,Marketing,Bangalore,"Brown, Brown and Griffin",Startup,33.0,0,1,383,0,41955.0,0,0,0,1820,1,45,70,13,0,8.4,Corporate,0,14.0,0,71,29,47.1,39.1,0
2019-09-01,Data Science Intern,Full-Time,Hybrid,Software,Singapore,Lee-Wheeler,Medium,6.0,0,0,73,1,21252.0,0,0,0,2356,8,0,32,58,0,6.1,Corporate,0,18.9,1,42,27,58.9,39.0,0
2023-02-27,UI/UX Designer,Contract,Remote,Cybersecurity,Toronto,Mayo-Campbell,Small,36.0,1,0,450,1,21100.0,0,0,0,2467,5,54,8,21,0,8.0,Corporate,0,23.3,1,51,20,54.8,57.0,1
2020-03-01,Marketing Intern,Contract,Remote,Cybersecurity,San Francisco,Johnson-Ferguson,Medium,7.0,1,1,89,0,49467.0,0,0,0,1755,3,0,59,4,0,1.4,Corporate,0,26.1,1,0,16,69.4,0.0,0
2023-04-11,ML Engineer,Contract,Remote,Healthcare,San Francisco,Ross Inc,Medium,22.0,1,0,254,1,48225.0,0,0,0,788,5,43,85,24,0,0.5,Corporate,0,19.1,1,26,30,50.5,65.1,1
2026-12-01,Cloud Engineer,Contract,Hybrid,EdTech,London,"Villegas, Golden and Watson",Startup,4.0,1,0,48,0,42547.0,0,0,0,1784,4,41,51,6,0,10.5,Corporate,0,15.0,0,13,24,36.8,60.8,1
2019-03-03,AI Research Intern,Full-Time,Remote,Cybersecurity,London,Anderson-Wright,Small,20.0,0,1,236,1,35005.0,0,0,0,736,5,70,57,19,0,2.3,Free,1,1.0,1,0,26,14.8,94.5,1
2025-11-09,Cybersecurity Analyst,Full-Time,Remote,Software,New York,Green-Smith,Small,2.0,1,1,15,1,35887.0,0,0,0,2049,4,32,10,0,0,7.3,Corporate,0,10.9,1,57,4,53.3,21.2,0
2018-09-28,AI Research Intern,Contract,Remote,E-Commerce,Bangalore,Dominguez-Rodriguez,Startup,33.0,1,1,422,1,10619.0,0,1,782,1988,1,36,50,22,0,6.9,Corporate,0,18.0,1,72,12,83.4,30.8,0
2023-03-11,Cybersecurity Analyst,Full-Time,Remote,EdTech,Toronto,Hays-Clay,Startup,8.0,1,1,79,1,25802.0,0,1,2527,1426,5,20,29,19,1,6.2,Free,1,10.8,0,39,5,61.2,84.9,1
2025-12-01,Frontend Developer,Part-Time,Remote,EdTech,London,Schultz Ltd,Small,25.0,1,1,294,1,36613.0,0,0,0,2302,5,45,10,4,0,0.7,Free,1,25.6,1,6,61,37.9,51.9,1
2019-03-27,AI Research Intern,Contract,Onsite,Healthcare,Toronto,Potter LLC,Medium,19.0,1,1,230,0,20744.0,0,0,0,1472,2,36,9,30,0,3.1,Corporate,0,5.2,1,36,66,8.8,55.9,1
2022-10-14,Backend Developer,Full-Time,Hybrid,E-Commerce,Toronto,Cruz-Kent,Enterprise,28.0,0,1,371,0,84925.0,0,0,0,2355,5,28,65,16,0,3.6,Free,1,13.6,1,18,32,36.0,56.3,1
2026-12-26,Marketing Intern,Full-Time,Remote,Software,Sydney,"Johnston, Jimenez and Rogers",Medium,12.0,1,1,117,0,43119.0,0,0,0,1958,3,16,7,16,0,9.2,Corporate,0,26.5,1,12,39,43.8,11.9,0
2025-11-21,Cybersecurity Analyst,Full-Time,Onsite,E-Commerce,Sydney,Lopez-Smith,Startup,37.0,1,0,438,0,45514.0,0,0,0,2188,2,0,53,6,0,6.9,Corporate,0,14.0,0,0,14,72.5,19.0,0
2021-12-22,AI Research Intern,Full-Time,Remote,E-Commerce,Sydney,Bryant Inc,Enterprise,15.0,0,1,172,0,40079.0,0,0,0,2088,5,23,47,40,0,4.3,Corporate,0,15.2,1,16,32,49.3,45.9,0
2025-09-25,Marketing Intern,Internship,Remote,AI,Dubai,White-Avery,Startup,2.0,1,1,1,1,36532.0,0,0,0,565,2,58,10,10,1,1.6,Corporate,0,13.5,1,14,28,41.4,72.9,1
2022-04-10,Marketing Intern,Full-Time,Onsite,FinTech,Sydney,"Lewis, Campbell and Hubbard",Medium,13.0,1,1,160,0,20692.0,0,0,0,1492,7,21,70,41,0,0.9,Free,1,1.0,1,24,33,42.6,60.2,1
2025-08-06,Backend Developer,Full-Time,Onsite,E-Commerce,Dubai,Ashley-Roberts,Enterprise,25.0,1,1,292,1,46011.0,0,0,0,1722,3,19,64,4,0,2.7,Corporate,0,2.1,1,10,6,68.0,8.3,0
2023-07-27,Data Science Intern,Contract,Remote,E-Commerce,London,Cardenas-Anderson,Startup,26.0,1,0,335,0,46602.0,0,1,1447,1643,3,19,29,54,0,7.6,Corporate,0,17.1,1,17,0,60.6,31.7,0
2019-09-20,Frontend Developer,Internship,Onsite,Software,Berlin,Rogers-Jones,Medium,13.0,1,1,167,1,31716.0,0,0,0,1565,4,34,61,57,0,0.8,Corporate,0,28.1,1,21,42,56.4,33.0,0
2018-03-28,Cloud Engineer,Contract,Remote,E-Commerce,Bangalore,"Wood, Sullivan and Cook",Medium,13.0,1,1,161,0,21808.0,0,0,0,1675,0,3,19,54,0,5.4,Free,1,13.8,1,41,7,80.2,6.6,0
2022-12-15,Data Science Intern,Internship,Remote,Gaming,Sydney,Jones-Ramirez,Startup,29.0,1,1,343,1,55488.0,0,0,0,1563,2,19,30,26,0,4.9,Corporate,0,10.8,1,10,28,54.7,21.5,0
2023-11-16,Marketing Intern,Full-Time,Remote,Cybersecurity,Berlin,Avery PLC,Small,39.0,1,1,467,0,39024.0,0,1,2705,1836,2,65,47,0,0,5.4,Free,1,5.0,0,12,6,52.9,56.5,1
2024-03-10,Cybersecurity Analyst,Internship,Remote,Marketing,Dubai,Gray Inc,Medium,28.0,0,1,317,1,46118.0,0,0,0,1860,1,46,44,34,0,8.2,Free,1,9.0,1,57,43,43.1,62.6,1
2023-12-21,Marketing Intern,Full-Time,Remote,Software,New York,Shepard Inc,Medium,26.0,1,1,316,0,41565.0,0,0,0,1411,6,72,44,33,0,1.5,Corporate,0,1.0,1,54,31,14.4,62.1,1
2019-11-20,UI/UX Designer,Contract,Onsite,Healthcare,London,Snyder-Atkinson,Medium,3.0,0,1,62,1,48200.0,0,0,0,1683,3,37,45,22,1,3.3,Corporate,0,24.7,1,19,29,21.6,77.1,1
2018-01-22,Backend Developer,Full-Time,Hybrid,EdTech,Singapore,"Rosales, Rocha and Avila",Small,3.0,1,1,13,1,18584.0,0,1,1828,1687,4,60,66,27,1,6.5,Free,1,11.8,1,56,21,41.4,100.0,1
2025-06-13,Marketing Intern,Part-Time,Remote,Software,San Francisco,"Charles, Johnson and Mahoney",Startup,24.0,1,1,287,1,46828.0,0,0,0,861,7,42,39,21,1,0.7,Corporate,0,15.4,1,0,19,54.5,52.6,1
2025-05-13,UI/UX Designer,Contract,Remote,E-Commerce,Bangalore,"Thomas, Brown and Freeman",Small,6.0,1,1,58,1,13743.0,0,0,0,1832,2,14,48,38,0,2.1,Corporate,0,48.0,1,17,40,32.7,27.3,0
2020-03-05,Data Science Intern,Internship,Remote,FinTech,Berlin,"Sloan, Anderson and Baker",Small,22.0,1,0,293,1,26711.0,0,0,0,1715,3,59,79,31,1,0.7,Corporate,0,10.4,1,12,27,59.5,85.0,1
2023-01-15,Data Science Intern,Full-Time,Onsite,AI,Singapore,Harris Ltd,Small,10.0,1,1,78,1,37524.0,0,1,4229,741,5,79,13,50,0,5.4,Corporate,0,1.0,1,9,14,56.7,66.2,1
2026-03-19,Backend Developer,Internship,Onsite,Software,London,"Reid, Johnson and Hamilton",Small,37.0,1,1,444,1,10707.0,0,0,0,2275,1,0,74,9,1,2.0,Corporate,0,6.0,0,0,16,70.5,31.1,0
2022-09-24,ML Engineer,Part-Time,Remote,Software,San Francisco,Walker-Hanna,Small,7.0,1,1,77,0,2000.0,0,0,0,1299,0,37,27,23,1,4.1,Corporate,0,30.2,1,15,33,50.1,56.5,1
2021-01-02,UI/UX Designer,Internship,Hybrid,FinTech,Bangalore,Schaefer Ltd,Small,18.0,1,1,210,1,24716.0,0,0,0,2546,2,17,41,37,1,2.3,Corporate,0,23.0,0,28,21,76.9,29.7,0
2025-03-05,Cybersecurity Analyst,Part-Time,Remote,Cybersecurity,New York,"Allen, Smith and Romero",Enterprise,10.0,1,1,95,1,51914.0,0,1,1719,1750,2,42,52,36,0,7.4,Free,1,12.3,0,0,19,52.6,67.0,1
2025-03-12,UI/UX Designer,Contract,Remote,FinTech,New York,Carlson-Dennis,Startup,35.0,0,1,435,1,19666.0,0,1,3526,2329,3,69,69,42,1,0.0,Corporate,0,9.8,1,50,47,12.8,100.0,1
2020-05-09,ML Engineer,Full-Time,Remote,Healthcare,Sydney,Carroll-Griffith,Startup,26.0,1,1,331,1,48634.0,0,0,0,2029,3,49,76,2,1,3.6,Corporate,0,16.0,0,0,2,56.7,28.2,0
2023-11-17,Marketing Intern,Part-Time,Remote,Marketing,Bangalore,"York, Kramer and Bishop",Small,9.0,1,1,106,1,42645.0,0,0,0,1838,4,41,51,14,0,5.6,Free,1,2.3,1,24,45,36.3,41.2,0
2021-10-02,ML Engineer,Internship,Onsite,Marketing,Toronto,"Drake, Acosta and Wright",Medium,7.0,1,0,82,1,37608.0,0,0,0,1284,2,52,48,0,0,5.0,Corporate,0,27.6,0,29,43,44.5,51.9,1
2025-07-02,Cybersecurity Analyst,Contract,Hybrid,Cybersecurity,Berlin,Vega Group,Small,3.0,0,0,39,0,18085.0,0,0,0,2554,1,23,50,46,0,1.4,Corporate,0,30.4,1,29,40,34.8,65.6,1
2023-01-08,AI Research Intern,Contract,Hybrid,AI,New York,Thompson Inc,Startup,28.0,0,1,351,0,19889.0,0,1,2680,2846,3,0,74,6,0,8.2,Corporate,0,9.2,1,26,0,73.4,55.2,1
2020-08-16,ML Engineer,Contract,Onsite,E-Commerce,Dubai,"Brown, Hart and Simpson",Small,29.0,1,1,331,0,13117.0,0,1,2770,1508,3,33,62,0,0,5.4,Corporate,0,10.3,1,47,26,49.5,58.8,1
2022-02-07,Cloud Engineer,Contract,Remote,Cybersecurity,Dubai,Thomas-Small,Medium,30.0,1,1,355,1,15857.0,0,0,0,2901,2,73,31,27,0,1.1,Corporate,0,23.5,1,15,19,53.8,25.1,0
2026-10-03,Marketing Intern,Internship,Hybrid,FinTech,San Francisco,"Kaiser, Williams and Stewart",Startup,23.0,0,1,263,1,8090.0,0,0,0,2394,1,56,37,14,0,9.0,Free,1,17.0,0,20,6,32.0,63.4,1
2023-02-09,Backend Developer,Full-Time,Onsite,Cybersecurity,San Francisco,Allen LLC,Startup,19.0,1,1,237,1,30046.0,0,0,0,1621,1,0,0,24,0,7.4,Free,1,8.1,1,44,4,82.6,5.0,0
2024-08-20,ML Engineer,Internship,Remote,Gaming,Singapore,Williams and Sons,Small,30.0,1,1,343,1,44771.0,0,0,0,2045,3,8,34,41,0,3.6,Corporate,0,23.9,0,44,20,67.8,7.9,0
2018-09-08,Cybersecurity Analyst,Internship,Remote,Software,Singapore,Ferguson Group,Startup,6.0,1,0,62,0,17984.0,0,0,0,1649,4,0,48,20,0,2.1,Corporate,0,11.7,0,58,0,72.8,18.5,0
2025-10-02,AI Research Intern,Full-Time,Remote,Gaming,Singapore,"Coleman, Johnson and Davis",Startup,32.0,1,1,388,1,58108.0,0,1,3066,2588,3,5,52,19,0,4.6,Corporate,0,25.7,0,12,0,92.0,15.7,0
2021-01-21,Cybersecurity Analyst,Full-Time,Remote,FinTech,Berlin,Cook LLC,Startup,3.0,1,1,38,1,53570.0,0,0,0,2121,1,31,52,37,0,9.8,Corporate,0,27.3,1,12,14,60.4,23.9,0
2025-09-15,Backend Developer,Full-Time,Remote,Software,San Francisco,Haynes Group,Startup,37.0,1,1,433,0,14379.0,0,0,0,1279,2,24,43,25,0,3.2,Corporate,0,13.7,1,22,0,63.8,16.2,0
2026-08-13,Frontend Developer,Internship,Remote,Marketing,Singapore,Smith and Sons,Startup,7.0,0,1,75,1,63676.0,0,1,3274,1478,1,25,13,0,0,5.6,Corporate,0,36.5,1,28,41,41.2,68.3,1
2019-02-01,Marketing Intern,Internship,Remote,EdTech,Sydney,"Porter, Lewis and Vasquez",Enterprise,23.0,1,1,263,1,42246.0,0,0,0,1952,5,40,29,3,0,6.4,Corporate,0,28.0,1,27,49,40.8,21.5,0
2018-02-05,ML Engineer,Contract,Remote,Healthcare,Toronto,Goodman PLC,Medium,24.0,1,1,286,0,35625.0,0,0,0,1100,1,47,52,18,0,3.6,Free,1,25.3,1,46,5,56.3,41.3,0
2018-07-03,UI/UX Designer,Full-Time,Remote,EdTech,London,Johnson-Goodman,Small,24.0,1,1,269,1,41913.0,0,0,0,1833,4,36,0,50,0,6.8,Corporate,0,12.7,1,0,21,76.0,14.0,0
2024-11-21,Cloud Engineer,Part-Time,Remote,Software,Singapore,"Kane, Moore and Carlson",Small,16.0,1,1,199,0,50254.0,0,0,0,940,6,38,51,17,0,3.8,Corporate,0,22.6,1,0,32,28.8,57.5,1
2024-02-21,Backend Developer,Full-Time,Hybrid,AI,London,Bradley-Castillo,Small,2.0,1,1,8,1,43377.0,0,0,0,1403,1,41,59,64,0,4.8,Corporate,0,11.1,1,44,32,49.2,59.6,1
2022-03-31,AI Research Intern,Part-Time,Remote,Software,Bangalore,"Waller, Edwards and Castillo",Small,13.0,1,1,151,0,31632.0,0,1,4167,2055,5,23,57,21,0,3.9,Corporate,0,16.0,1,23,18,54.1,58.1,1
2021-10-14,UI/UX Designer,Contract,Remote,Healthcare,Dubai,Cannon and Sons,Startup,18.0,1,0,212,1,2633.0,0,0,0,2289,4,33,43,42,0,3.2,Corporate,0,19.6,1,63,27,41.6,54.8,1
2020-01-17,ML Engineer,Internship,Remote,FinTech,Bangalore,Morris-Johnson,Startup,14.0,1,1,182,1,40530.0,0,0,0,1649,1,44,52,22,0,3.5,Corporate,0,10.9,1,0,21,,19.4,0
2019-12-17,ML Engineer,Full-Time,Remote,Cybersecurity,San Francisco,Rivera-Snyder,Medium,15.0,1,1,179,1,23273.0,0,0,0,1954,3,43,24,0,0,0.3,Corporate,0,35.0,0,53,41,46.9,29.9,0
2025-10-29,Backend Developer,Part-Time,Remote,Software,Bangalore,Black LLC,Small,15.0,1,0,180,0,21723.0,0,0,0,1094,4,40,96,47,0,7.1,Corporate,0,16.6,1,54,27,40.1,75.6,1
2026-08-02,Frontend Developer,Full-Time,Hybrid,Gaming,Dubai,Hunt Group,Startup,7.0,1,1,66,0,24493.0,0,0,0,1335,0,9,24,9,0,4.7,Corporate,0,8.1,0,39,52,48.7,13.9,0
2024-06-19,ML Engineer,Contract,Remote,Software,London,"Nguyen, Phillips and Garcia",Small,28.0,1,1,374,1,41797.0,0,0,0,2038,5,54,63,42,0,5.1,Free,1,31.1,1,1,66,17.6,77.3,1
2022-01-09,Frontend Developer,Part-Time,Onsite,EdTech,Dubai,Walker Ltd,Small,9.0,1,1,104,1,18567.0,0,0,0,1332,8,27,50,47,0,3.5,Free,1,9.8,1,0,33,48.2,55.2,1
2026-04-18,Backend Developer,Internship,Remote,Cybersecurity,Sydney,Ford-Morris,Small,10.0,1,0,133,1,55801.0,0,0,0,2293,1,27,53,26,0,4.7,Corporate,0,16.1,0,16,31,55.8,40.0,0
2026-12-22,Marketing Intern,Internship,Remote,Gaming,Bangalore,Mitchell Ltd,Small,23.0,0,1,308,1,45990.0,0,0,0,1140,1,38,57,39,0,13.2,Corporate,0,13.9,1,0,29,43.1,32.2,0
2026-05-10,AI Research Intern,Full-Time,Hybrid,EdTech,New York,Leonard-Santiago,Small,26.0,1,0,320,1,57468.0,0,0,0,1896,1,75,36,20,0,9.3,Free,1,13.2,1,11,27,41.6,74.1,1
2020-03-14,UI/UX Designer,Full-Time,Hybrid,Software,Singapore,Rangel Inc,Startup,32.0,1,1,378,0,22006.0,0,0,0,2885,5,36,51,30,0,7.3,Corporate,0,18.6,1,17,51,23.9,47.4,0
2025-05-23,Marketing Intern,Part-Time,Remote,EdTech,London,Anderson Group,Enterprise,11.0,1,1,130,1,22093.0,0,1,2675,1739,5,8,27,1,0,3.0,Free,1,36.3,1,21,21,59.4,68.6,1
2022-05-23,UI/UX Designer,Part-Time,Onsite,Gaming,London,Hernandez LLC,Small,19.0,0,1,246,1,36789.0,0,0,0,1533,6,37,54,9,0,12.9,Corporate,0,35.9,0,51,42,16.1,58.8,1
2023-07-30,Cloud Engineer,Part-Time,Remote,Marketing,Toronto,"Berry, Chan and Bell",Small,9.0,1,1,118,0,16722.0,0,0,0,1671,3,1,10,0,0,7.3,Corporate,0,16.2,0,14,26,63.4,8.6,0
2023-03-13,AI Research Intern,Contract,Onsite,Cybersecurity,San Francisco,Barnes-Matthews,Small,3.0,1,1,19,0,29287.0,0,1,4349,2116,1,39,39,45,0,0.1,Corporate,0,31.9,1,7,38,36.9,71.7,1
2025-05-04,Cloud Engineer,Part-Time,Remote,Marketing,Bangalore,Schneider-Walker,Medium,20.0,1,1,245,1,50376.0,0,0,0,2496,3,37,25,33,0,6.8,Corporate,0,31.1,1,22,25,45.3,21.3,0
2023-12-03,UI/UX Designer,Full-Time,Hybrid,Healthcare,Berlin,Phillips-Silva,Startup,36.0,1,1,442,1,61335.0,0,0,0,1852,4,16,53,61,1,3.7,Free,1,4.0,1,46,7,71.9,43.1,0
2026-10-30,Cybersecurity Analyst,Full-Time,Onsite,Healthcare,Singapore,Porter-Flores,Small,14.0,1,1,157,1,65920.0,0,0,0,2276,3,49,45,6,0,2.0,Corporate,0,14.6,1,5,6,64.2,13.7,0
2025-08-16,AI Research Intern,Contract,Remote,EdTech,San Francisco,"Rogers, Johnson and Burch",Small,5.0,1,1,56,1,31711.0,0,0,0,2674,1,31,27,51,0,8.7,Corporate,0,12.6,1,25,7,54.8,12.2,0
2025-02-28,Cloud Engineer,Full-Time,Remote,Healthcare,Toronto,Mccoy LLC,Enterprise,33.0,1,1,374,1,40667.0,0,0,0,829,3,26,38,18,0,6.6,Free,1,14.6,1,26,27,74.3,40.5,0
2018-10-19,Data Science Intern,Contract,Remote,Cybersecurity,Bangalore,Vargas-Pope,Startup,9.0,1,1,104,1,7264.0,0,0,0,954,3,28,100,8,0,5.1,Corporate,0,16.4,1,0,27,52.9,33.2,0
2025-09-04,Backend Developer,Full-Time,Remote,Gaming,Bangalore,Sherman Group,Enterprise,8.0,0,1,117,1,36843.0,0,1,553,2033,0,22,58,42,0,6.3,Corporate,0,9.2,0,37,13,53.7,54.4,1
2018-04-07,AI Research Intern,Part-Time,Remote,Gaming,Dubai,Gilbert-Parker,Enterprise,1.0,1,1,28,0,37219.0,0,1,2498,1298,4,33,65,48,0,1.5,Free,1,16.3,1,31,5,42.4,92.7,1
2024-10-08,Marketing Intern,Internship,Remote,FinTech,San Francisco,Moore-Lane,Enterprise,37.0,1,0,457,1,52521.0,0,0,0,1472,2,55,30,5,1,3.4,Corporate,0,21.6,0,12,12,53.5,45.2,0
2018-06-01,Frontend Developer,Contract,Remote,E-Commerce,New York,Thomas-Harris,Enterprise,22.0,1,1,264,1,11441.0,0,0,0,1779,1,48,5,37,0,6.7,Corporate,0,30.0,1,38,3,66.8,12.7,0
2025-06-20,UI/UX Designer,Contract,Hybrid,Gaming,London,Lawson-Barr,Small,10.0,0,1,116,1,55833.0,0,0,0,1510,2,63,29,8,0,0.7,Free,1,37.9,1,29,67,6.3,92.1,1
2018-03-02,Cloud Engineer,Part-Time,Onsite,Healthcare,Bangalore,"Lewis, Richardson and Fletcher",Startup,25.0,1,1,298,0,12984.0,0,0,0,588,3,0,48,50,1,0.0,Free,1,22.9,1,37,30,48.5,48.3,0
2019-10-26,Backend Developer,Part-Time,Remote,Software,Toronto,"Lewis, Mullen and Thomas",Medium,17.0,1,1,222,0,22896.0,0,1,3928,807,2,63,8,5,1,5.1,Free,1,4.5,0,75,38,29.6,100.0,1
2026-01-26,Cloud Engineer,Contract,Hybrid,FinTech,Dubai,"Robertson, Perez and Daniel",Medium,37.0,1,1,438,1,31873.0,0,0,0,629,4,20,52,24,0,7.6,Corporate,0,18.4,1,0,4,88.2,14.3,0
2021-05-06,Backend Developer,Internship,Remote,Gaming,Singapore,Glenn PLC,Small,5.0,1,1,53,1,63372.0,0,0,0,1557,2,20,46,12,0,4.0,Corporate,0,28.1,0,33,33,47.4,27.8,0
2024-04-15,Marketing Intern,Part-Time,Onsite,FinTech,San Francisco,Tucker-Ross,Small,4.0,1,0,60,1,3131.0,0,0,0,1136,5,58,10,0,0,0.0,Corporate,0,26.5,1,23,28,36.8,44.3,0
2020-06-27,ML Engineer,Part-Time,Remote,Marketing,Sydney,"Garcia, Crosby and Davis",Startup,18.0,1,1,196,1,33542.0,0,0,0,2861,6,7,66,34,0,6.4,Corporate,0,20.0,0,24,62,39.6,57.3,1
2024-02-17,ML Engineer,Part-Time,Remote,Cybersecurity,Dubai,Richardson and Sons,Small,16.0,1,0,197,1,64779.0,0,0,0,1410,2,42,77,22,0,2.2,Corporate,0,22.0,1,11,28,54.6,48.3,0
2022-09-18,Data Science Intern,Internship,Remote,FinTech,Bangalore,"Bailey, Stevenson and Davis",Enterprise,16.0,1,1,191,1,35319.0,0,0,0,1799,2,42,30,56,0,8.4,Corporate,0,22.1,1,5,16,66.2,28.5,0
2019-02-28,Data Science Intern,Contract,Remote,EdTech,New York,"Nelson, Chambers and Cameron",Enterprise,19.0,1,1,240,1,21320.0,0,0,0,2068,6,52,20,37,0,10.0,Free,1,30.4,1,0,49,30.2,75.1,1
2020-11-04,Data Science Intern,Full-Time,Hybrid,EdTech,Singapore,"Alexander, Ashley and Martin",Startup,9.0,1,1,122,1,37503.0,0,0,0,1537,3,11,37,13,0,6.5,Corporate,0,28.8,1,42,9,93.8,0.0,0
2025-03-16,ML Engineer,Part-Time,Onsite,Software,Toronto,"Pearson, Jones and Leonard",Enterprise,33.0,1,1,408,1,54491.0,0,0,0,2049,7,49,39,3,0,6.5,Corporate,0,21.8,1,13,37,44.5,39.0,0
2024-10-14,Marketing Intern,Full-Time,Onsite,FinTech,Toronto,Watson and Sons,Medium,2.0,1,1,41,1,30686.0,0,0,0,1445,1,68,28,21,0,0.0,Free,1,11.7,1,42,35,46.4,50.1,1
2021-11-20,Marketing Intern,Part-Time,Remote,AI,Toronto,Thompson and Sons,Medium,38.0,1,1,459,0,41006.0,0,0,0,2123,5,27,27,46,1,7.0,Free,1,20.5,1,18,9,38.7,75.5,1
2023-02-15,Frontend Developer,Full-Time,Remote,E-Commerce,Sydney,Lowe-Johnson,Medium,36.0,1,1,414,1,24323.0,0,0,0,1073,7,38,8,13,0,3.3,Free,1,20.2,0,6,17,59.3,22.1,0
2024-12-04,ML Engineer,Part-Time,Remote,EdTech,New York,Ballard Group,Small,1.0,1,1,1,1,47643.0,0,0,0,2252,2,21,54,60,0,1.8,Corporate,0,4.1,1,44,25,73.7,38.9,0
2024-06-28,UI/UX Designer,Contract,Onsite,Cybersecurity,Toronto,"Cantrell, Kelley and Lee",Medium,19.0,0,1,234,0,28597.0,0,0,0,2351,5,5,89,43,0,7.4,Free,1,11.3,1,37,12,72.5,53.8,1
2022-06-27,ML Engineer,Contract,Remote,Healthcare,Bangalore,Johnson-Weaver,Startup,9.0,1,1,112,0,22732.0,0,1,2544,2621,4,92,5,16,0,9.5,Free,1,20.0,1,35,6,29.6,84.1,1
2024-06-26,Marketing Intern,Contract,Remote,FinTech,San Francisco,Peters-White,Startup,34.0,1,1,378,1,50356.0,0,0,0,2225,2,0,37,2,0,0.0,Corporate,0,1.0,1,75,10,87.1,1.7,0
2024-05-17,AI Research Intern,Internship,Onsite,Healthcare,London,Smith LLC,Small,23.0,1,1,263,1,46370.0,0,0,0,1306,1,0,12,29,0,2.9,Corporate,0,25.1,1,11,39,64.8,18.7,0
2024-03-20,Data Science Intern,Contract,Remote,AI,London,Smith and Sons,Enterprise,16.0,1,1,196,1,17608.0,0,0,0,2639,3,82,64,10,0,0.6,Corporate,0,16.6,0,16,0,56.4,16.1,0
2022-12-23,UI/UX Designer,Contract,Hybrid,FinTech,San Francisco,Williams-Davis,Small,37.0,0,0,466,0,52184.0,0,0,0,2016,5,2,15,67,0,4.1,Corporate,0,25.2,1,22,25,45.3,51.8,1
2022-06-29,Cloud Engineer,Internship,Hybrid,AI,New York,"Wolf, Price and Aguirre",Medium,30.0,0,0,355,1,37599.0,0,1,1141,2167,3,37,4,36,0,7.9,Corporate,0,13.2,1,17,13,63.9,61.4,1
2024-04-04,Cloud Engineer,Internship,Remote,FinTech,Sydney,Campbell Ltd,Enterprise,8.0,1,1,99,1,43977.0,0,1,3206,1631,2,25,66,60,0,5.5,Free,1,18.2,1,51,28,82.8,70.8,1
2019-10-02,Data Science Intern,Full-Time,Remote,Healthcare,Berlin,Petersen-Walker,Small,34.0,0,1,402,1,33749.0,0,0,0,1623,2,42,34,35,0,6.4,Corporate,0,10.3,0,0,29,39.6,46.7,0
2026-06-20,Marketing Intern,Part-Time,Hybrid,AI,London,Willis LLC,Enterprise,21.0,0,1,244,0,46340.0,0,0,0,1083,2,43,69,22,0,4.2,Free,1,21.7,1,25,6,30.2,56.8,1
2021-10-11,Cybersecurity Analyst,Part-Time,Remote,Software,Bangalore,Hood-Flores,Enterprise,15.0,0,1,191,0,23391.0,0,1,795,2676,3,23,0,75,0,5.0,Free,1,32.1,1,63,23,44.6,73.5,1
2026-10-23,Frontend Developer,Part-Time,Hybrid,EdTech,Toronto,Mccoy-Alvarez,Startup,30.0,0,1,354,1,29377.0,0,1,2508,1975,2,3,0,10,0,2.8,Corporate,0,9.3,1,4,33,66.6,43.9,0
2024-06-18,Data Science Intern,Contract,Remote,Marketing,Dubai,Jenkins-Reed,Startup,36.0,1,1,441,1,46484.0,0,0,0,500,2,17,27,47,1,0.5,Corporate,0,21.6,1,49,0,82.5,31.8,0
2023-01-19,Backend Developer,Internship,Hybrid,AI,Sydney,Hayes-Riley,Medium,19.0,1,1,239,1,22000.0,0,1,4829,1263,3,50,26,13,0,3.4,Corporate,0,11.8,0,37,1,74.9,32.1,0
2021-03-31,AI Research Intern,Part-Time,Hybrid,Marketing,Toronto,Green Group,Startup,14.0,1,1,180,1,41486.0,0,0,0,1942,1,11,53,10,0,1.5,Corporate,0,14.7,0,14,17,66.0,16.6,0
2018-02-03,UI/UX Designer,Part-Time,Onsite,FinTech,Bangalore,Henderson-Berry,Startup,33.0,1,1,416,1,53682.0,0,0,0,1495,2,44,34,58,0,2.9,Corporate,0,8.9,1,0,52,47.5,54.2,1
2026-03-25,Cybersecurity Analyst,Contract,Hybrid,Software,Dubai,Stewart-Smith,Enterprise,8.0,1,1,98,0,59067.0,0,0,0,2639,4,55,28,36,0,8.9,Corporate,0,15.0,1,33,0,50.9,30.9,0
2018-07-14,Backend Developer,Part-Time,Remote,Cybersecurity,Singapore,Myers Ltd,Medium,29.0,1,1,362,1,31369.0,0,0,0,2518,1,22,46,10,0,7.0,Corporate,0,22.7,1,16,27,73.2,0.2,0
2021-03-01,Cybersecurity Analyst,Internship,Hybrid,E-Commerce,Berlin,"Barnett, Ponce and Harrington",Small,21.0,0,0,234,1,42398.0,0,0,0,2310,4,21,23,11,0,7.1,Free,1,12.4,1,45,31,41.2,58.4,1
2023-05-15,Marketing Intern,Full-Time,Remote,AI,Dubai,"Flores, Ramirez and Garcia",Medium,23.0,1,1,267,0,26954.0,0,1,3770,876,1,50,0,42,0,2.8,Free,1,12.2,1,7,20,38.6,61.3,1
2024-05-05,Frontend Developer,Contract,Hybrid,E-Commerce,New York,Young PLC,Small,3.0,1,1,6,1,18948.0,0,1,3262,2523,1,52,7,25,0,6.5,Corporate,0,31.8,0,0,34,58.4,43.7,0
2018-11-18,Cybersecurity Analyst,Internship,Onsite,Cybersecurity,Singapore,"Sutton, Foley and Ryan",Enterprise,33.0,1,0,381,1,44708.0,0,0,0,1369,2,47,69,31,0,3.6,Corporate,0,26.2,0,16,37,49.3,62.4,1
2021-01-12,Backend Developer,Internship,Remote,EdTech,Bangalore,Smith LLC,Medium,5.0,0,0,56,0,45257.0,0,0,0,1560,3,38,35,31,0,7.4,Corporate,0,37.3,1,26,45,28.7,61.0,1
2018-10-18,Marketing Intern,Internship,Onsite,Cybersecurity,Dubai,Davis Group,Small,21.0,1,1,233,1,25138.0,0,0,0,2298,2,27,32,23,1,11.3,Corporate,0,11.1,1,27,22,70.2,31.3,0
2019-07-23,Data Science Intern,Contract,Remote,Software,Bangalore,Russell PLC,Medium,1.0,0,1,14,1,35470.0,0,1,3135,738,3,7,52,15,0,0.0,Corporate,0,16.4,0,30,23,65.2,61.6,1
2023-01-05,UI/UX Designer,Full-Time,Hybrid,Healthcare,New York,Peters Group,Small,33.0,1,1,383,1,30179.0,0,0,0,1376,3,58,11,36,0,6.5,Corporate,0,37.2,1,30,42,37.1,49.0,0
2025-02-16,Cybersecurity Analyst,Full-Time,Remote,Software,London,Bean Ltd,Small,39.0,0,0,499,0,29665.0,0,0,0,1297,2,33,13,58,0,3.8,Free,1,1.0,1,31,2,67.4,54.1,1
2026-02-20,UI/UX Designer,Part-Time,Hybrid,Software,Singapore,Williams-Washington,Medium,1.0,1,0,3,0,28062.0,0,0,0,1718,3,56,33,0,0,5.0,Corporate,0,6.7,0,30,21,49.0,57.9,1
2021-03-28,Frontend Developer,Contract,Remote,AI,Berlin,"Jones, Aguirre and Brooks",Small,37.0,0,1,451,0,58178.0,0,0,0,1555,3,55,37,17,0,9.3,Free,1,37.6,1,42,45,10.3,88.0,1
2024-10-26,AI Research Intern,Internship,Remote,Gaming,Sydney,Taylor-Vega,Enterprise,11.0,1,1,131,1,19974.0,0,0,0,1170,6,65,2,50,1,8.0,Corporate,0,32.3,1,30,11,43.6,51.4,1
2022-09-05,Cloud Engineer,Contract,Remote,EdTech,Berlin,Garcia-Salazar,Medium,16.0,1,1,212,1,24545.0,0,0,0,1334,2,32,27,26,0,4.6,Corporate,0,18.4,1,68,0,72.4,0.0,0
2022-09-29,ML Engineer,Internship,Onsite,Cybersecurity,Bangalore,Hamilton-Garcia,Startup,9.0,1,1,94,1,28370.0,0,0,0,2054,3,16,21,28,0,1.0,Corporate,0,17.2,1,14,0,80.0,0.0,0
2025-07-26,Frontend Developer,Internship,Remote,Healthcare,New York,Floyd Ltd,Startup,1.0,1,1,6,1,26857.0,0,0,0,1612,6,41,62,26,0,10.7,Corporate,0,13.1,1,0,27,51.1,44.1,0
2025-08-06,Frontend Developer,Part-Time,Hybrid,FinTech,Sydney,Nelson-Simpson,Small,31.0,1,0,367,0,42718.0,0,0,0,1742,5,42,40,30,1,2.1,Corporate,0,23.1,1,22,15,48.0,56.9,1
2023-07-31,AI Research Intern,Contract,Remote,Healthcare,New York,Cruz-Weaver,Startup,33.0,1,0,415,0,51051.0,0,1,800,1578,4,66,43,13,0,4.8,Free,1,11.7,0,10,30,36.8,95.3,1
2020-09-28,Frontend Developer,Part-Time,Hybrid,Software,Dubai,"Dean, Duran and Anderson",Small,17.0,0,1,207,1,4057.0,0,0,0,1234,5,30,54,24,0,4.3,Corporate,0,7.4,1,21,60,24.7,65.4,1
2023-10-14,Cybersecurity Analyst,Full-Time,Remote,Marketing,Berlin,Christensen-Salinas,Medium,15.0,1,1,162,1,35463.0,0,0,0,2373,3,20,42,16,0,6.8,Corporate,0,10.0,1,53,21,57.3,5.7,0
2025-06-11,ML Engineer,Contract,Hybrid,FinTech,London,"Montgomery, Campbell and Decker",Medium,24.0,1,1,290,1,66862.0,0,0,0,1437,3,45,72,35,0,7.7,Corporate,0,18.3,0,20,11,54.8,26.2,0
2025-09-22,AI Research Intern,Contract,Hybrid,Healthcare,Singapore,Ward PLC,Small,3.0,1,1,41,1,35512.0,0,0,0,2554,1,19,35,13,0,9.8,Corporate,0,8.5,1,58,30,68.2,12.0,0
2024-01-12,Backend Developer,Contract,Remote,Software,New York,Bailey-Brown,Small,31.0,1,1,384,1,,0,1,3415,1761,0,44,0,12,0,0.0,Corporate,0,22.2,1,12,21,58.6,39.1,0
2023-08-11,Data Science Intern,Full-Time,Hybrid,E-Commerce,Toronto,Fisher Group,Startup,14.0,1,1,151,1,61295.0,0,0,0,1066,2,48,61,42,0,0.5,Corporate,0,5.2,1,22,38,41.8,43.9,0
2022-02-04,ML Engineer,Internship,Remote,Software,Bangalore,Sweeney-Clayton,Startup,30.0,1,0,354,1,32331.0,0,0,0,594,2,22,21,4,1,1.8,Free,1,14.8,1,28,0,86.3,59.0,1
2021-02-09,Frontend Developer,Contract,Remote,Software,Bangalore,Casey LLC,Small,31.0,1,1,375,1,69138.0,0,0,0,1968,5,54,78,39,0,7.6,Free,1,1.0,0,22,21,43.8,65.7,1
2020-10-24,ML Engineer,Full-Time,Hybrid,E-Commerce,Singapore,Flores LLC,Medium,12.0,1,1,163,1,40941.0,0,1,1038,1709,4,37,0,6,0,9.0,Corporate,0,21.7,0,23,39,44.9,52.6,1
2023-09-07,Data Science Intern,Full-Time,Remote,Marketing,London,Medina-Ruiz,Medium,24.0,1,1,272,1,49507.0,0,1,1630,938,2,37,34,40,0,2.7,Corporate,0,27.5,0,33,13,58.1,52.4,1
2018-08-16,Cybersecurity Analyst,Contract,Remote,AI,Berlin,Peters-Campbell,Medium,34.0,1,1,430,1,35586.0,0,0,0,435,8,39,55,8,0,0.9,Free,1,13.7,0,18,7,58.1,38.4,0
2025-02-17,Data Science Intern,Internship,Hybrid,Gaming,New York,Clark Inc,Small,26.0,0,1,293,1,31647.0,0,0,0,2720,4,46,35,42,0,0.5,Free,1,21.8,0,53,34,48.9,57.5,1
2021-09-25,Backend Developer,Part-Time,Remote,Software,San Francisco,"Ibarra, Gilbert and Thompson",Startup,1.0,0,1,18,1,49865.0,0,0,0,2355,4,56,81,20,0,1.0,Corporate,0,19.6,1,0,3,49.8,53.0,1
2019-01-04,AI Research Intern,Part-Time,Remote,Gaming,Singapore,Hall Inc,Enterprise,12.0,1,0,142,1,26527.0,0,0,0,2572,3,54,67,74,1,3.5,Corporate,0,9.5,0,2,9,50.8,67.6,1
2018-10-02,Cloud Engineer,Part-Time,Remote,Software,Bangalore,"Hansen, Gibson and Pratt",Small,14.0,1,0,186,1,28803.0,0,0,0,1943,7,21,30,26,0,8.9,Corporate,0,24.2,0,22,23,42.1,55.6,1
2024-12-08,Cloud Engineer,Full-Time,Remote,Cybersecurity,Toronto,"Turner, Bailey and Levy",Startup,4.0,0,0,32,0,49066.0,0,0,0,1065,3,15,25,61,0,3.7,Corporate,0,15.3,1,33,46,30.5,51.5,1
2020-02-01,Marketing Intern,Part-Time,Remote,EdTech,Dubai,Robinson Inc,Medium,29.0,0,1,361,1,33461.0,0,0,0,1363,1,55,30,40,0,5.5,Free,1,19.8,1,5,3,65.9,47.1,0
2021-12-07,UI/UX Designer,Contract,Remote,EdTech,Dubai,Williams LLC,Small,22.0,0,1,259,0,41593.0,0,0,0,1972,3,31,17,55,0,7.8,Free,1,26.2,1,28,30,47.4,57.0,1
2021-12-05,Data Science Intern,Part-Time,Hybrid,Cybersecurity,New York,"Luna, Frank and Wilkinson",Startup,34.0,1,1,426,1,20015.0,0,0,0,1528,1,9,10,11,0,1.0,Free,1,14.3,1,1,0,81.9,11.3,0
2020-11-29,Marketing Intern,Internship,Remote,AI,New York,Clark and Sons,Enterprise,33.0,1,1,411,1,2000.0,0,0,0,1680,2,0,38,46,0,6.1,Free,1,21.8,0,6,2,83.1,4.6,0
2019-05-23,Marketing Intern,Contract,Remote,EdTech,Berlin,Flores-Hardy,Startup,17.0,1,1,186,1,41875.0,0,1,2625,1849,3,35,75,11,0,7.2,Free,1,19.7,1,33,24,40.8,77.2,1
2025-09-01,Backend Developer,Full-Time,Remote,E-Commerce,London,Reed-Garcia,Small,29.0,1,0,315,1,44183.0,0,0,0,1515,5,0,35,11,0,3.5,Free,1,23.8,0,0,56,66.7,57.1,1
2025-06-27,Backend Developer,Contract,Onsite,Gaming,Dubai,Jones-Riley,Small,2.0,1,1,1,0,28067.0,0,0,0,2335,3,14,45,17,1,6.4,Corporate,0,10.7,0,60,37,39.4,60.5,1
2026-12-12,Marketing Intern,Internship,Remote,EdTech,Singapore,Lane-Taylor,Startup,11.0,1,1,123,0,50375.0,0,0,0,1923,0,39,69,12,0,0.3,Corporate,0,9.4,1,6,18,46.7,10.7,0
2019-07-04,Backend Developer,Internship,Remote,Healthcare,San Francisco,"Perez, Moore and Reynolds",Medium,28.0,1,0,354,1,31347.0,0,0,0,1032,1,34,75,23,0,7.9,Corporate,0,5.1,1,0,6,43.5,32.4,0
2026-09-23,Data Science Intern,Part-Time,Remote,Healthcare,San Francisco,"Baker, Collins and Lopez",Startup,30.0,1,1,362,0,56039.0,0,0,0,811,1,41,23,38,0,1.7,Corporate,0,4.5,0,26,25,55.2,29.2,0
2026-01-09,Data Science Intern,Full-Time,Remote,AI,Sydney,Page-Underwood,Small,31.0,1,1,376,1,35724.0,0,0,0,1636,2,53,56,14,0,3.0,Free,1,16.0,1,16,56,31.8,72.7,1
2023-01-10,ML Engineer,Full-Time,Onsite,E-Commerce,London,Adams LLC,Startup,29.0,0,1,363,1,19851.0,0,0,0,1485,5,41,32,12,0,2.1,Free,1,12.6,0,4,28,45.6,61.5,1
2025-07-27,Backend Developer,Part-Time,Remote,Marketing,Bangalore,Ayers Inc,Enterprise,11.0,1,0,124,1,3932.0,0,0,0,1745,4,58,24,19,0,7.3,Free,1,14.8,0,25,0,50.9,61.9,1
2023-07-11,Cloud Engineer,Internship,Remote,Marketing,Toronto,Ramsey-Mckinney,Medium,2.0,0,1,25,1,14436.0,0,1,3157,557,3,18,26,21,0,4.6,Corporate,0,21.5,1,3,23,50.4,82.4,1
2022-04-08,Marketing Intern,Full-Time,Remote,Healthcare,San Francisco,Wilson and Sons,Startup,14.0,1,0,151,1,20813.0,0,0,0,1691,2,19,0,10,0,3.9,Corporate,0,9.1,1,17,23,50.3,18.1,0
2022-07-22,UI/UX Designer,Full-Time,Hybrid,Gaming,Bangalore,Rice Group,Small,18.0,1,1,183,1,30731.0,0,0,0,2041,2,54,25,27,1,1.2,Corporate,0,24.8,0,17,16,48.7,36.3,0
2018-07-28,Marketing Intern,Full-Time,Remote,FinTech,New York,Johnson Ltd,Medium,4.0,0,1,39,1,32827.0,0,1,1906,1856,1,0,11,51,0,4.0,Free,1,8.8,1,19,10,84.9,53.6,1
2025-04-24,Data Science Intern,Internship,Onsite,Gaming,New York,Vincent-Wu,Small,35.0,0,1,407,1,42610.0,0,0,0,1656,6,61,54,40,0,7.4,Corporate,0,11.7,1,26,0,40.9,55.7,1
2019-04-16,Cloud Engineer,Contract,Remote,Gaming,Dubai,Nguyen-Fisher,Enterprise,34.0,1,1,428,0,39865.0,0,0,0,2156,1,0,19,27,0,6.0,Free,1,17.8,1,40,41,69.5,19.7,0
2020-04-07,Backend Developer,Full-Time,Remote,Healthcare,Bangalore,Jones LLC,Startup,18.0,1,0,244,0,43003.0,0,0,0,1651,5,0,55,32,0,2.0,Free,1,12.7,0,5,14,66.7,43.3,0
2020-02-23,AI Research Intern,Full-Time,Hybrid,AI,Toronto,"Carlson, Nichols and Estes",Startup,2.0,0,0,10,1,18263.0,0,0,0,1661,2,20,27,28,0,1.7,Corporate,0,13.9,1,51,24,66.0,43.8,0
2019-10-26,Data Science Intern,Internship,Remote,Gaming,Singapore,Dixon-Wiley,Startup,30.0,0,1,347,1,47956.0,0,0,0,1543,4,41,46,0,0,1.5,Free,1,31.4,1,7,33,40.5,74.1,1
2026-05-04,Data Science Intern,Part-Time,Onsite,Software,San Francisco,Shepherd Inc,Small,23.0,0,1,280,1,8111.0,0,0,0,1992,3,29,90,16,0,7.1,Free,1,22.2,1,35,31,49.7,61.4,1
2018-11-09,Cloud Engineer,Contract,Onsite,Gaming,London,"Ramirez, Perez and Fuller",Medium,13.0,0,1,153,1,53550.0,0,0,0,1530,2,36,54,9,0,4.7,Free,1,27.2,1,80,52,46.1,64.6,1
2023-03-20,Cloud Engineer,Internship,Onsite,AI,Dubai,Washington-Clark,Small,29.0,1,1,344,0,27651.0,0,0,0,2285,1,15,60,46,0,4.5,Free,1,28.9,1,64,42,48.1,51.1,1
2019-10-29,Backend Developer,Contract,Remote,AI,Sydney,"Hunt, Martinez and Friedman",Small,3.0,1,1,36,1,28146.0,0,0,0,1204,2,16,45,0,0,2.5,Corporate,0,14.0,0,7,26,59.5,2.8,0
2026-07-06,ML Engineer,Contract,Onsite,Healthcare,New York,Schmidt-Ramos,Small,11.0,1,1,128,1,27385.0,0,0,0,1978,2,52,6,12,1,6.8,Corporate,0,21.4,1,26,0,67.7,11.2,0
2022-09-25,ML Engineer,Contract,Remote,Healthcare,Berlin,Lowery-Ferguson,Medium,22.0,1,1,280,1,31657.0,0,0,0,865,6,60,2,43,0,4.3,Free,1,29.3,0,30,14,46.6,41.4,0
2025-03-13,Frontend Developer,Full-Time,Hybrid,Marketing,London,"Dorsey, Welch and Torres",Small,11.0,1,0,123,1,51822.0,0,0,0,1415,3,55,40,25,0,4.3,Corporate,0,11.8,1,9,28,29.5,56.1,1
2021-05-29,Backend Developer,Contract,Hybrid,Marketing,Toronto,Thomas-Duke,Small,11.0,0,1,136,1,35489.0,0,0,0,1686,2,31,100,33,0,3.2,Corporate,0,27.9,0,34,29,33.1,60.2,1
2025-08-26,AI Research Intern,Contract,Remote,Gaming,Toronto,Preston-Martin,Startup,7.0,0,1,82,0,39207.0,0,0,0,2576,4,8,29,33,0,0.0,Corporate,0,26.8,1,15,0,62.0,14.9,0
2024-05-07,Cloud Engineer,Part-Time,Remote,EdTech,San Francisco,"Obrien, Silva and Evans",Medium,8.0,1,1,98,1,41170.0,0,0,0,1688,2,27,34,40,0,5.2,Corporate,0,7.5,1,31,40,52.9,33.7,0
2021-01-28,Frontend Developer,Full-Time,Remote,Healthcare,Toronto,Bruce-Arias,Enterprise,21.0,0,1,228,1,41819.0,0,0,0,1034,3,0,47,11,0,0.0,Corporate,0,13.5,1,17,44,50.1,36.4,0
2021-11-02,Cybersecurity Analyst,Internship,Remote,Healthcare,Sydney,Bradford Inc,Small,26.0,0,1,320,1,23354.0,0,1,1489,1078,6,36,68,52,0,0.0,Free,1,36.1,1,17,24,22.5,100.0,1
2024-03-11,Data Science Intern,Internship,Remote,EdTech,San Francisco,Stanton-Garcia,Enterprise,19.0,1,1,230,1,46539.0,0,0,0,526,3,59,0,64,0,2.8,Corporate,0,7.3,1,8,25,41.3,31.7,0
2026-04-24,ML Engineer,Internship,Remote,Marketing,San Francisco,Ortiz-Valdez,Small,25.0,1,1,288,1,57777.0,0,0,0,2607,2,58,64,38,0,5.3,Corporate,0,16.2,0,52,0,69.9,38.1,0
2020-11-09,Cloud Engineer,Part-Time,Remote,Healthcare,Bangalore,"Powell, Bautista and Clark",Small,23.0,1,0,281,1,14997.0,0,0,0,376,2,52,45,4,0,8.3,Corporate,0,25.1,1,22,11,59.4,22.3,0
2022-01-11,AI Research Intern,Contract,Hybrid,FinTech,New York,Harper-Osborne,Small,25.0,0,0,310,1,25929.0,0,0,0,2257,2,48,21,0,0,10.1,Corporate,0,14.7,1,21,35,47.1,36.7,0
2023-02-24,AI Research Intern,Contract,Remote,E-Commerce,Berlin,Russo Ltd,Startup,5.0,0,1,36,1,27896.0,0,0,0,1614,3,30,15,16,0,0.0,Corporate,0,26.0,1,50,0,57.2,4.2,0
2020-05-24,ML Engineer,Internship,Remote,Cybersecurity,London,"Carney, Solis and Baker",Enterprise,20.0,1,1,208,1,31886.0,0,0,0,1718,0,24,10,0,0,5.6,Corporate,0,24.2,0,6,14,88.7,0.0,0
2020-03-11,ML Engineer,Internship,Remote,Cybersecurity,Sydney,Johnson-Horne,Small,5.0,0,1,73,1,36324.0,0,0,0,2382,2,48,41,2,0,6.9,Corporate,0,14.1,1,8,0,63.1,20.7,0
2025-02-17,Marketing Intern,Part-Time,Remote,E-Commerce,Dubai,Wright-Thomas,Medium,24.0,0,1,311,1,45253.0,0,0,0,716,3,47,34,15,0,3.3,Free,1,23.0,1,27,21,31.3,41.7,0
2020-07-03,Frontend Developer,Contract,Hybrid,E-Commerce,London,Mason Group,Enterprise,1.0,0,1,11,1,34249.0,0,1,4947,2179,2,30,27,16,0,4.4,Free,1,20.7,1,12,14,73.3,66.4,1
2021-12-09,Cloud Engineer,Internship,Remote,Gaming,Toronto,"King, Navarro and Jones",Medium,14.0,1,1,151,0,32144.0,0,1,2339,2550,3,46,30,42,1,7.5,Corporate,0,20.4,1,81,0,53.8,68.1,1
2018-02-24,AI Research Intern,Part-Time,Remote,E-Commerce,San Francisco,Martinez-Molina,Startup,4.0,1,1,39,1,49443.0,0,1,2440,1952,2,14,68,39,0,6.2,Free,1,6.3,0,24,1,83.4,40.5,0
2022-04-06,Backend Developer,Contract,Hybrid,Marketing,New York,"Miller, Jones and Williams",Enterprise,1.0,1,1,22,1,44749.0,0,0,0,2058,5,41,54,27,1,3.0,Corporate,0,17.3,1,45,0,61.0,36.0,0
2019-03-05,Backend Developer,Contract,Remote,Healthcare,London,Rodriguez Group,Small,19.0,1,1,229,0,59199.0,0,0,0,2520,1,27,58,17,0,6.0,Corporate,0,28.3,1,28,41,42.6,21.8,0
2023-03-31,AI Research Intern,Internship,Onsite,Software,Singapore,Sherman-Velez,Enterprise,11.0,1,1,130,1,53231.0,0,0,0,2300,4,67,54,29,0,1.0,Free,1,10.6,0,77,15,38.7,55.3,1
2019-07-22,ML Engineer,Contract,Remote,Software,Bangalore,Phillips and Sons,Medium,18.0,1,0,214,1,23528.0,0,1,1795,1954,2,14,41,2,0,2.9,Free,1,15.4,1,52,28,65.3,86.8,1
2019-06-20,Marketing Intern,Internship,Remote,FinTech,Dubai,Barr-Gonzalez,Small,9.0,1,1,127,1,40154.0,0,0,0,1904,2,17,52,20,0,5.3,Corporate,0,3.5,1,17,46,45.2,38.5,0
2022-11-22,Backend Developer,Part-Time,Remote,Software,Bangalore,Martin-Leach,Medium,7.0,0,0,84,1,39577.0,0,0,0,982,3,8,87,15,0,3.5,Free,1,35.0,1,0,27,47.1,67.0,1
2022-11-22,Data Science Intern,Internship,Remote,EdTech,Sydney,Ramirez Inc,Startup,2.0,1,1,5,1,39280.0,0,0,0,1461,4,29,33,66,0,3.5,Free,1,45.4,1,46,19,58.1,57.5,1
2020-06-21,UI/UX Designer,Full-Time,Remote,E-Commerce,Dubai,"Wallace, Reed and Reed",Startup,35.0,1,1,414,1,26677.0,0,0,0,1598,4,37,45,31,0,3.4,Corporate,0,24.4,1,14,0,73.1,13.9,0
2025-03-25,Frontend Developer,Internship,Onsite,FinTech,Berlin,Blankenship LLC,Small,26.0,1,0,341,1,28488.0,0,0,0,866,6,35,38,19,0,3.0,Free,1,20.2,1,33,7,52.8,58.0,1
2026-10-21,Data Science Intern,Part-Time,Remote,E-Commerce,Singapore,Gibson LLC,Small,10.0,1,1,129,0,29430.0,0,1,1279,1258,4,51,17,20,0,0.0,Free,1,12.5,1,35,18,47.4,82.1,1
2022-06-28,ML Engineer,Internship,Remote,Gaming,Toronto,Walker-Griffith,Small,6.0,0,1,65,0,21097.0,0,0,0,556,5,5,42,15,0,3.9,Corporate,0,19.6,1,36,25,49.1,41.3,0
2018-12-23,UI/UX Designer,Internship,Hybrid,Marketing,Berlin,White and Sons,Startup,29.0,0,0,352,0,57385.0,0,0,0,1902,6,13,43,61,1,8.5,Free,1,22.8,1,0,0,57.2,92.2,1
2020-12-27,ML Engineer,Contract,Remote,FinTech,Sydney,Robinson Inc,Enterprise,1.0,0,1,12,1,54462.0,0,0,0,1649,4,53,75,25,0,3.8,Free,1,23.5,1,6,18,63.3,81.4,1
2023-05-12,Frontend Developer,Part-Time,Remote,Healthcare,Dubai,"Nelson, Colon and Gardner",Enterprise,38.0,1,1,457,1,,0,0,0,1898,3,44,40,20,0,3.2,Corporate,0,12.2,0,23,29,47.2,21.7,0
2021-01-27,ML Engineer,Contract,Onsite,Healthcare,New York,Reed LLC,Medium,1.0,1,1,2,1,48716.0,0,0,0,2301,1,36,63,38,0,6.3,Free,1,1.3,1,15,65,41.1,66.2,1
2021-08-03,UI/UX Designer,Contract,Hybrid,FinTech,San Francisco,Johnson and Sons,Startup,2.0,1,0,24,1,62464.0,0,0,0,1226,4,10,30,5,0,1.8,Corporate,0,40.2,1,9,34,65.8,26.2,0
2018-10-28,Cybersecurity Analyst,Full-Time,Remote,Gaming,London,"Schneider, West and Allen",Startup,8.0,0,1,77,1,43622.0,0,0,0,1744,1,28,12,40,0,4.9,Free,1,28.1,0,74,8,36.6,55.3,1
2025-03-10,AI Research Intern,Internship,Remote,Healthcare,Bangalore,Weber Inc,Medium,13.0,0,1,140,0,2000.0,0,0,0,2549,2,48,19,42,0,5.5,Free,1,17.8,1,39,50,2.0,86.5,1
2021-01-25,Data Science Intern,Contract,Remote,Cybersecurity,Dubai,Fitzpatrick-Gonzalez,Medium,14.0,1,1,166,1,53219.0,0,0,0,1340,2,28,40,20,0,7.3,Corporate,0,15.7,1,48,0,76.0,11.3,0
2024-08-28,Marketing Intern,Contract,Remote,Cybersecurity,Dubai,"Jones, Hudson and Chase",Medium,38.0,1,1,471,1,56778.0,0,0,0,1904,7,55,68,5,0,5.4,Corporate,0,24.6,0,12,43,20.0,46.9,0
2025-11-02,Marketing Intern,Full-Time,Remote,Gaming,Berlin,"Houston, Bentley and Dean",Startup,28.0,0,0,336,0,17626.0,0,1,114,1031,1,20,52,29,0,6.3,Corporate,0,22.6,0,46,23,66.3,66.5,1
2023-10-19,AI Research Intern,Contract,Onsite,Healthcare,San Francisco,Contreras and Sons,Small,8.0,1,1,79,1,35764.0,0,0,0,963,2,68,60,67,1,0.3,Corporate,0,23.0,1,12,43,43.3,65.6,1
2025-10-22,AI Research Intern,Part-Time,Hybrid,E-Commerce,Toronto,Brown-Soto,Startup,11.0,1,1,141,1,41604.0,0,0,0,1247,2,2,57,16,0,8.6,Free,1,20.6,1,0,32,83.8,21.1,0
2023-06-09,ML Engineer,Part-Time,Remote,AI,Toronto,"Brown, Chase and Martinez",Small,24.0,1,1,289,0,54052.0,0,0,0,1571,5,39,47,27,0,1.9,Free,1,13.7,1,31,13,54.3,29.0,0
2019-07-31,Frontend Developer,Contract,Hybrid,Marketing,Sydney,Barnett-Schroeder,Medium,22.0,1,0,250,1,34873.0,0,1,3642,1464,6,3,58,0,1,1.2,Corporate,0,14.2,1,33,12,73.4,62.8,1
2019-10-14,Cloud Engineer,Full-Time,Remote,Cybersecurity,San Francisco,Miranda-Bell,Startup,17.0,1,1,204,1,77271.0,0,0,0,1783,3,11,44,0,0,7.8,Corporate,0,20.4,0,0,23,67.0,0.0,0
2025-03-29,Data Science Intern,Part-Time,Remote,Healthcare,Singapore,"Evans, Young and Mendoza",Startup,36.0,1,1,439,1,46068.0,0,0,0,1043,1,4,48,56,0,4.5,Corporate,0,41.6,1,25,32,62.9,19.5,0
2018-06-19,UI/UX Designer,Internship,Onsite,EdTech,San Francisco,Crawford-Patterson,Medium,27.0,1,1,347,0,35239.0,0,0,0,1020,4,40,56,34,0,5.1,Free,1,15.4,0,0,22,57.8,52.1,1
2022-03-10,ML Engineer,Part-Time,Onsite,E-Commerce,Berlin,"Buck, Sims and Johnson",Medium,17.0,0,1,234,0,63956.0,0,0,0,1608,6,60,21,0,0,0.6,Corporate,0,27.6,1,16,31,15.8,50.3,1
2018-09-18,AI Research Intern,Full-Time,Remote,Gaming,London,King-Gregory,Enterprise,5.0,1,1,70,0,33054.0,0,1,1523,1966,5,30,32,43,0,7.7,Corporate,0,18.3,1,32,33,61.6,57.0,1
2020-06-26,UI/UX Designer,Part-Time,Hybrid,EdTech,London,Harris-Salazar,Small,8.0,0,0,108,1,39266.0,0,0,0,2886,1,23,84,40,0,8.7,Corporate,0,27.7,1,50,9,55.2,39.1,0
2020-01-18,Backend Developer,Full-Time,Onsite,Marketing,Toronto,Moore Inc,Small,11.0,1,1,122,1,32367.0,0,0,0,1692,2,31,42,1,0,4.8,Corporate,0,12.8,1,0,0,74.1,0.0,0
2022-05-01,ML Engineer,Full-Time,Remote,AI,San Francisco,Morgan-West,Small,12.0,1,1,151,1,31095.0,0,0,0,2000,5,0,32,11,0,5.3,Corporate,0,12.1,1,53,2,97.9,0.0,0
2026-01-08,Frontend Developer,Contract,Hybrid,Healthcare,Bangalore,Clayton Ltd,Startup,24.0,0,1,258,1,55512.0,0,0,0,1904,4,2,10,12,0,5.1,Corporate,0,26.0,1,33,11,73.8,0.0,0
2021-01-09,Marketing Intern,Full-Time,Hybrid,Gaming,San Francisco,"Miller, Knight and Smith",Startup,27.0,1,1,329,1,,0,0,0,920,1,56,20,28,0,10.6,Free,1,23.1,0,22,16,59.4,43.0,0
2019-10-22,Cybersecurity Analyst,Contract,Remote,E-Commerce,Bangalore,Wu Inc,Startup,21.0,1,1,245,0,10499.0,0,0,0,2060,3,41,52,33,1,5.0,Corporate,0,26.5,1,39,0,61.4,43.1,0
2022-06-25,AI Research Intern,Part-Time,Remote,Gaming,Singapore,"Lang, Cantu and Clark",Small,35.0,1,1,444,1,28662.0,0,0,0,1025,3,49,36,59,0,9.0,Corporate,0,19.0,1,23,36,53.1,35.9,0
2024-12-22,ML Engineer,Contract,Hybrid,E-Commerce,San Francisco,Valencia-Bryant,Small,20.0,1,1,235,1,29982.0,0,0,0,1705,5,48,52,34,0,0.0,Corporate,0,19.5,1,19,0,55.2,22.8,0
2023-05-13,AI Research Intern,Full-Time,Onsite,Healthcare,London,"Jones, Smith and Blake",Startup,26.0,1,1,304,1,52755.0,0,0,0,1668,4,8,31,17,0,4.9,Corporate,0,23.4,1,4,21,62.3,0.0,0
2022-05-24,Cybersecurity Analyst,Part-Time,Remote,Cybersecurity,Bangalore,Kane and Sons,Small,39.0,1,1,461,1,49571.0,0,0,0,2572,3,11,57,0,0,7.1,Corporate,0,23.1,1,25,25,54.3,18.9,0
2020-02-06,Cloud Engineer,Part-Time,Hybrid,Healthcare,Berlin,"Griffith, Park and Thompson",Medium,17.0,0,1,205,1,13634.0,0,1,2045,2237,6,34,68,31,0,2.4,Corporate,0,16.1,1,0,42,44.5,87.3,1
2024-12-28,Marketing Intern,Internship,Hybrid,Cybersecurity,Singapore,Chan Inc,Medium,19.0,1,1,215,1,36774.0,0,0,0,2221,3,34,84,22,0,4.3,Free,1,32.8,1,33,10,77.7,30.9,0
2021-02-21,Cloud Engineer,Contract,Remote,Gaming,Singapore,Davis Inc,Medium,32.0,0,1,408,1,61763.0,0,1,581,1541,2,44,92,9,0,4.4,Corporate,0,15.6,1,5,18,51.4,62.0,1
2023-04-15,Frontend Developer,Part-Time,Hybrid,Healthcare,Berlin,Adams-Hart,Medium,8.0,1,1,103,1,29465.0,0,0,0,1736,2,33,91,21,0,5.3,Corporate,0,21.5,1,31,3,70.0,15.3,0
2026-01-16,ML Engineer,Full-Time,Remote,Healthcare,Sydney,"Lowe, Love and Thompson",Startup,28.0,0,1,349,1,27659.0,0,0,0,827,4,38,26,4,0,4.8,Corporate,0,19.1,0,0,38,50.7,34.9,0
2025-08-19,ML Engineer,Internship,Remote,Gaming,Toronto,"Moreno, Mason and Wilkinson",Small,25.0,1,0,283,1,50853.0,0,0,0,2007,3,16,50,22,0,2.9,Corporate,0,22.3,1,42,35,75.7,29.2,0
2025-09-01,Frontend Developer,Part-Time,Hybrid,Cybersecurity,Sydney,Gardner-Anderson,Medium,10.0,0,1,117,1,12845.0,0,0,0,460,1,8,57,36,0,9.9,Corporate,0,13.4,1,24,10,51.5,23.8,0
2026-03-05,Marketing Intern,Contract,Hybrid,Cybersecurity,San Francisco,"Stewart, Wade and Farrell",Medium,25.0,0,1,290,1,38613.0,0,1,2304,1986,2,53,29,42,0,6.3,Free,1,13.0,1,38,27,42.8,89.4,1
2024-07-13,Backend Developer,Contract,Remote,EdTech,Sydney,Miller-Ware,Small,15.0,1,0,170,1,2000.0,0,0,0,2071,6,31,62,34,0,0.0,Corporate,0,29.3,1,6,24,54.9,50.8,1
2023-10-04,ML Engineer,Contract,Remote,Healthcare,New York,"Wood, Lawrence and Brewer",Startup,23.0,1,0,254,1,68552.0,0,1,1310,1844,3,41,51,0,0,4.7,Corporate,0,18.5,1,1,50,11.1,99.6,1
2023-04-15,Backend Developer,Full-Time,Hybrid,Cybersecurity,San Francisco,Gordon Group,Startup,22.0,1,1,251,1,41367.0,0,0,0,828,1,15,49,18,0,6.2,Corporate,0,3.6,0,71,41,54.9,28.9,0
2025-06-28,ML Engineer,Internship,Remote,AI,Sydney,Williams-Moss,Small,39.0,0,1,471,1,33469.0,0,0,0,2148,6,7,27,31,0,4.2,Free,1,21.3,0,80,49,40.2,58.8,1
2026-07-12,Cybersecurity Analyst,Full-Time,Remote,Software,Sydney,"Davis, Wilson and Cummings",Startup,29.0,1,0,356,1,37030.0,0,0,0,2155,6,47,43,16,0,8.0,Corporate,0,22.2,1,7,41,30.2,56.7,1
2019-10-01,Frontend Developer,Internship,Hybrid,Healthcare,Singapore,Garcia PLC,Small,15.0,1,1,196,1,43672.0,0,0,0,2914,1,55,66,54,0,10.9,Corporate,0,16.9,1,29,0,61.5,25.6,0
2020-06-08,AI Research Intern,Contract,Remote,AI,Berlin,"Carter, Michael and Meyer",Medium,20.0,1,1,241,0,25333.0,0,1,1574,1069,6,6,13,19,0,0.0,Free,1,20.7,1,18,25,61.2,66.7,1
2020-09-08,ML Engineer,Full-Time,Remote,Cybersecurity,Sydney,"Anderson, Aguilar and Smith",Small,36.0,1,1,404,1,60618.0,0,1,3907,2827,2,7,28,0,0,9.4,Corporate,0,14.0,1,43,0,90.3,4.3,0
2021-11-15,Backend Developer,Part-Time,Onsite,Marketing,Singapore,Carrillo Ltd,Small,1.0,1,1,19,0,30195.0,0,0,0,2007,3,7,73,0,0,3.2,Corporate,0,16.1,1,0,8,51.8,22.8,0
2026-01-01,Marketing Intern,Full-Time,Onsite,Cybersecurity,Toronto,Benjamin-Perry,Startup,3.0,1,1,54,1,43556.0,0,0,0,2359,1,71,67,25,0,2.3,Corporate,0,17.9,0,26,0,69.2,19.6,0
2020-10-10,Data Science Intern,Internship,Remote,E-Commerce,Berlin,Davis-Robinson,Startup,28.0,1,1,311,1,22549.0,0,0,0,1777,7,51,62,15,0,3.6,Corporate,0,22.0,0,19,5,59.4,28.9,0
2022-11-23,Cybersecurity Analyst,Internship,Remote,Marketing,Bangalore,Christensen Ltd,Medium,4.0,1,0,34,0,46251.0,0,0,0,1904,5,56,56,35,0,10.3,Corporate,0,14.5,0,23,3,51.3,56.8,1
2018-11-05,Cybersecurity Analyst,Internship,Remote,Cybersecurity,Sydney,Young Group,Startup,10.0,1,1,129,0,60412.0,0,0,0,817,2,13,72,32,0,6.9,Free,1,11.4,1,30,10,58.4,22.6,0
2023-04-01,Backend Developer,Part-Time,Remote,Cybersecurity,Sydney,Garcia LLC,Medium,22.0,1,1,278,1,29386.0,0,1,2227,2373,2,0,79,18,0,4.9,Corporate,0,28.7,0,52,50,67.8,48.1,0
2019-08-13,Marketing Intern,Part-Time,Remote,E-Commerce,Bangalore,Powell Ltd,Startup,25.0,1,1,312,1,6699.0,0,0,0,2220,2,54,58,20,0,3.8,Free,1,8.2,0,25,16,57.8,52.8,1
2021-01-03,Data Science Intern,Full-Time,Hybrid,Cybersecurity,Berlin,Garrison-Mccoy,Small,32.0,1,1,378,1,18340.0,0,0,0,1854,6,6,0,35,0,5.3,Corporate,0,1.8,1,0,12,77.6,0.0,0
2022-08-21,Frontend Developer,Full-Time,Hybrid,E-Commerce,Singapore,Thompson-Cross,Startup,19.0,0,1,239,1,23139.0,0,0,0,1395,5,46,62,15,0,0.3,Free,1,9.5,1,55,12,26.5,66.2,1
2024-02-15,UI/UX Designer,Contract,Remote,Gaming,Sydney,Rivera-Harris,Medium,19.0,1,0,215,0,42310.0,0,0,0,2158,4,4,38,8,0,7.2,Corporate,0,16.8,0,20,3,75.0,5.0,0
2022-03-09,AI Research Intern,Contract,Hybrid,Gaming,Sydney,Jones-Sanchez,Medium,8.0,1,1,96,0,67733.0,0,0,0,2342,2,18,21,15,1,6.8,Corporate,0,16.5,1,37,10,60.8,23.6,0
2023-11-07,Backend Developer,Full-Time,Hybrid,Gaming,Toronto,Harris-Morgan,Startup,27.0,1,1,344,1,44568.0,0,0,0,2178,1,34,47,31,1,2.5,Corporate,0,33.5,1,51,50,49.6,59.8,1
2025-12-28,Cybersecurity Analyst,Contract,Hybrid,Cybersecurity,Dubai,Brewer-Gutierrez,Small,17.0,1,1,219,1,31594.0,0,0,0,1918,2,38,62,67,0,6.7,Free,1,11.9,1,15,38,52.9,56.7,1
2020-04-05,Marketing Intern,Full-Time,Hybrid,Cybersecurity,Bangalore,Colon Group,Startup,11.0,1,1,142,1,55534.0,0,0,0,836,2,54,54,44,0,0.9,Corporate,0,18.1,1,9,42,27.6,52.8,1
2019-07-22,Marketing Intern,Internship,Hybrid,Cybersecurity,London,"Davis, Scott and Austin",Small,31.0,1,1,379,1,26274.0,0,0,0,2265,3,54,29,0,0,7.5,Free,1,31.1,1,37,5,59.8,28.9,0
2019-08-24,Cybersecurity Analyst,Part-Time,Remote,Marketing,Singapore,Malone-Snyder,Small,33.0,1,1,391,1,22111.0,0,0,0,1445,6,23,70,30,0,1.6,Corporate,0,28.4,0,1,16,56.9,14.5,0
2021-10-27,Cybersecurity Analyst,Contract,Remote,EdTech,London,Daniel and Sons,Startup,14.0,1,1,186,1,61839.0,0,0,0,911,2,48,33,72,1,0.4,Free,1,12.2,1,34,14,43.8,68.7,1
2019-03-18,Cloud Engineer,Contract,Remote,AI,Toronto,Woods-Carter,Small,35.0,1,1,392,0,12528.0,0,0,0,957,3,0,62,76,0,6.3,Corporate,0,17.1,1,29,45,64.2,38.3,0
2022-07-03,Cloud Engineer,Part-Time,Remote,Healthcare,New York,"Hall, Ramirez and Cunningham",Small,19.0,1,1,236,1,20506.0,0,0,0,1879,1,45,59,43,1,1.7,Corporate,0,11.0,1,7,26,54.9,88.6,1
2020-02-29,Backend Developer,Part-Time,Remote,AI,New York,Cook and Sons,Medium,38.0,1,1,450,1,24840.0,0,0,0,1452,2,41,57,24,0,12.9,Corporate,0,22.6,1,21,1,44.6,25.3,0
2025-07-04,Data Science Intern,Internship,Remote,Marketing,Toronto,Hubbard-Davis,Medium,15.0,0,1,180,1,66508.0,0,0,0,2313,3,24,27,24,0,2.8,Corporate,0,19.1,1,1,23,54.7,51.2,1
2023-02-25,Cloud Engineer,Full-Time,Remote,AI,New York,Evans-Doyle,Small,31.0,0,1,379,1,24899.0,0,1,4626,2311,3,0,72,1,0,8.5,Corporate,0,14.3,0,23,7,71.3,52.7,1
2024-05-05,Data Science Intern,Full-Time,Onsite,E-Commerce,Singapore,Saunders-Anderson,Small,30.0,0,1,367,1,31418.0,0,0,0,1519,2,28,91,39,0,3.4,Corporate,0,1.0,0,24,21,57.6,37.0,0
2023-10-24,Cloud Engineer,Full-Time,Remote,Marketing,Toronto,Cruz-Wright,Startup,13.0,1,1,159,1,62815.0,0,0,0,1383,2,0,7,31,0,3.9,Corporate,0,23.5,0,22,0,79.1,0.0,0
2020-04-27,Data Science Intern,Full-Time,Hybrid,Cybersecurity,Dubai,Braun LLC,Medium,4.0,1,1,74,1,28745.0,0,0,0,1799,3,28,65,1,0,8.3,Corporate,0,11.2,1,62,11,64.3,0.5,0
2021-09-27,Frontend Developer,Internship,Remote,Healthcare,London,Brown-Freeman,Startup,37.0,1,0,442,1,31342.0,0,0,0,1652,2,70,0,9,0,9.2,Corporate,0,11.1,1,35,19,55.7,43.5,0
2025-09-01,Cloud Engineer,Contract,Remote,Gaming,Bangalore,Collins Group,Startup,16.0,1,1,216,1,41491.0,0,1,4646,519,4,24,48,23,0,2.1,Free,1,31.6,1,32,4,73.7,51.7,1
2018-11-16,Cloud Engineer,Internship,Hybrid,Marketing,Toronto,Bennett-Wright,Medium,20.0,0,0,272,1,6859.0,0,0,0,1876,4,38,59,31,1,6.4,Corporate,0,27.9,1,0,59,25.9,96.0,1
2022-01-11,AI Research Intern,Internship,Remote,AI,Bangalore,Coleman-Williams,Startup,16.0,0,1,196,1,23679.0,0,0,0,689,2,27,30,52,0,4.5,Free,1,22.9,1,21,15,32.9,51.7,1
2023-06-01,Cybersecurity Analyst,Contract,Remote,AI,Sydney,Gonzalez-Shepard,Small,16.0,0,1,211,1,43260.0,0,0,0,972,1,68,40,14,0,6.4,Free,1,10.1,0,2,58,13.5,81.0,1
2021-12-25,Marketing Intern,Part-Time,Hybrid,FinTech,Berlin,"Pham, Dodson and Bradley",Startup,37.0,1,0,450,1,36311.0,0,0,0,673,4,15,61,28,0,8.6,Corporate,0,20.0,1,23,7,78.5,38.4,0
2019-01-16,Cybersecurity Analyst,Full-Time,Remote,Cybersecurity,Bangalore,"Marshall, Hernandez and Smith",Small,5.0,0,1,53,1,40046.0,0,0,0,437,2,67,82,55,0,1.3,Corporate,0,29.8,1,0,23,56.0,59.4,1
2018-03-23,AI Research Intern,Internship,Remote,Marketing,Bangalore,Schmidt LLC,Startup,15.0,0,1,158,0,15091.0,0,0,0,2345,2,33,11,35,0,3.3,Corporate,0,31.4,1,37,40,31.5,53.9,1
2022-10-27,AI Research Intern,Part-Time,Onsite,Marketing,Berlin,Brown-Hodges,Startup,32.0,0,1,394,1,32000.0,0,0,0,1576,4,36,35,43,0,2.7,Corporate,0,19.7,1,24,0,63.7,13.0,0
2025-01-05,Cloud Engineer,Internship,Remote,FinTech,Toronto,Flores-Randolph,Small,10.0,0,1,126,1,17120.0,0,0,0,2879,1,19,56,23,0,5.6,Corporate,0,11.6,1,61,12,57.3,33.0,0
2026-11-25,AI Research Intern,Full-Time,Remote,Cybersecurity,London,Johnson-Tucker,Medium,39.0,0,1,495,1,34457.0,0,1,2739,1728,4,30,23,23,0,2.4,Corporate,0,15.1,1,58,26,48.7,68.9,1
2018-06-11,ML Engineer,Contract,Remote,Software,Toronto,Nelson Group,Enterprise,19.0,1,0,219,1,44225.0,0,0,0,2257,1,66,41,51,0,8.8,Corporate,0,28.8,0,31,25,51.4,64.7,1
2018-11-20,Cloud Engineer,Contract,Remote,Marketing,Berlin,Golden Group,Medium,1.0,1,0,33,1,25390.0,0,0,0,1791,3,38,10,1,0,5.6,Free,1,23.9,1,28,10,69.0,44.5,0
2021-03-20,UI/UX Designer,Part-Time,Remote,Healthcare,Bangalore,"Johnson, Sanchez and Mason",Small,12.0,1,1,171,0,2000.0,0,0,0,1887,5,56,82,0,1,6.7,Free,1,24.0,1,28,41,41.5,72.1,1
2024-04-03,ML Engineer,Contract,Remote,Healthcare,New York,Vaughn-Hill,Small,2.0,0,1,18,1,22045.0,0,0,0,2139,3,33,67,0,0,6.1,Corporate,0,23.2,1,57,36,34.2,58.5,1
2019-03-28,Marketing Intern,Contract,Remote,EdTech,Dubai,Fischer-Stein,Small,17.0,0,1,217,1,32118.0,0,0,0,1186,3,46,68,34,0,3.9,Corporate,0,21.4,1,11,9,44.5,50.0,1
2021-06-13,Cloud Engineer,Internship,Onsite,Cybersecurity,Sydney,Cooper-Rodriguez,Small,30.0,1,1,353,1,16597.0,0,0,0,1415,0,0,0,22,0,5.3,Corporate,0,6.8,1,0,20,68.0,0.0,0
2022-05-11,Cloud Engineer,Part-Time,Remote,Marketing,Berlin,Hale Group,Medium,10.0,1,1,96,0,44132.0,0,0,0,1685,4,71,68,7,0,5.8,Free,1,18.6,0,30,58,35.1,80.6,1
2023-05-17,UI/UX Designer,Internship,Remote,EdTech,Toronto,Galvan-Brown,Medium,29.0,1,1,356,0,46543.0,0,0,0,2666,3,15,13,51,0,7.1,Corporate,0,13.3,1,16,0,71.2,0.0,0
2021-12-08,AI Research Intern,Contract,Hybrid,Cybersecurity,Bangalore,Rice-Garrison,Enterprise,14.0,0,1,170,1,12918.0,0,0,0,1592,3,70,58,9,0,4.3,Corporate,0,17.0,1,57,38,44.2,58.1,1
2025-02-21,Data Science Intern,Full-Time,Remote,E-Commerce,Bangalore,"Cook, Brown and Griffin",Medium,32.0,1,1,374,0,31420.0,0,1,3463,777,1,24,60,0,0,9.2,Corporate,0,20.8,1,0,22,52.4,51.9,1
2020-07-03,UI/UX Designer,Internship,Hybrid,AI,San Francisco,Burns-Robinson,Small,13.0,1,1,157,1,43682.0,0,0,0,1218,7,32,0,22,0,6.1,Free,1,3.1,1,18,59,31.8,56.1,1
2024-07-06,Marketing Intern,Internship,Remote,EdTech,London,"Rodriguez, Olson and Chambers",Small,39.0,1,0,465,0,54585.0,0,0,0,2206,7,59,55,32,0,3.7,Corporate,0,9.3,1,29,27,20.9,68.2,1
2019-04-08,Cloud Engineer,Part-Time,Onsite,E-Commerce,London,Gardner PLC,Medium,33.0,1,1,389,0,30539.0,0,0,0,2018,1,35,4,0,0,7.8,Corporate,0,18.0,1,37,36,38.0,17.9,0
2025-02-13,AI Research Intern,Part-Time,Hybrid,EdTech,Sydney,"Smith, Ward and Henderson",Enterprise,22.0,0,1,274,0,21139.0,0,0,0,1856,4,26,54,39,0,8.0,Corporate,0,20.5,0,0,6,35.9,51.6,1
2023-05-13,Frontend Developer,Full-Time,Remote,Marketing,Sydney,Burton PLC,Startup,23.0,1,1,302,0,2874.0,0,0,0,1835,2,18,39,23,0,3.6,Corporate,0,3.7,1,0,0,87.9,0.0,0
2020-10-03,ML Engineer,Full-Time,Hybrid,E-Commerce,San Francisco,Roberts-Washington,Medium,16.0,1,1,189,1,29413.0,0,0,0,1849,4,9,52,39,0,7.3,Corporate,0,12.9,1,13,13,69.3,11.1,0
2020-01-09,Data Science Intern,Internship,Onsite,Cybersecurity,Berlin,Barnes and Sons,Medium,29.0,0,1,366,1,36530.0,0,0,0,2030,3,44,100,31,0,3.9,Free,1,27.8,0,0,0,66.9,55.1,1
2022-04-19,ML Engineer,Full-Time,Remote,Gaming,New York,Pena-Smith,Enterprise,38.0,0,1,469,1,,0,0,0,2205,0,0,17,23,0,7.6,Free,1,19.1,1,4,0,79.0,23.2,0
2022-11-16,ML Engineer,Internship,Remote,Software,San Francisco,"Harper, Cunningham and Harrison",Enterprise,35.0,0,1,423,1,37077.0,0,0,0,1707,2,1,37,45,0,5.1,Corporate,0,18.1,1,0,8,92.3,8.8,0
2018-03-26,Backend Developer,Full-Time,Onsite,AI,San Francisco,Montoya PLC,Small,10.0,1,1,125,1,38393.0,0,0,0,1924,2,40,34,17,0,5.5,Free,1,3.4,1,32,30,31.5,57.0,1
2018-12-27,Marketing Intern,Internship,Remote,E-Commerce,San Francisco,Sparks Inc,Small,10.0,1,1,119,1,19675.0,0,0,0,2794,3,53,18,61,0,5.1,Corporate,0,17.4,1,14,41,29.5,48.7,0
2024-11-02,Frontend Developer,Internship,Hybrid,Gaming,Singapore,Cooke Inc,Small,11.0,0,0,124,0,28751.0,0,0,0,869,1,51,6,53,0,5.5,Free,1,13.4,1,37,3,56.0,50.9,1
2024-08-30,Cybersecurity Analyst,Full-Time,Remote,Cybersecurity,San Francisco,Campbell-Carr,Medium,32.0,1,1,378,1,57353.0,0,0,0,2285,4,56,5,30,0,0.0,Free,1,17.7,1,34,12,41.5,51.5,1
2018-10-16,UI/UX Designer,Part-Time,Remote,Cybersecurity,Berlin,Moore PLC,Small,17.0,1,1,210,1,30031.0,0,0,0,1053,2,21,45,17,0,6.6,Free,1,28.8,1,49,0,75.5,32.6,0
2021-03-20,Cybersecurity Analyst,Full-Time,Remote,Software,Toronto,"Davis, Beard and Stout",Small,12.0,1,1,125,0,10630.0,0,0,0,1939,2,16,50,35,0,5.1,Corporate,0,1.0,1,15,20,62.5,20.5,0
2025-03-16,Frontend Developer,Internship,Hybrid,E-Commerce,Sydney,"Stein, Stewart and Walter",Small,31.0,1,1,378,1,64107.0,0,0,0,3219,3,51,27,9,0,11.9,Corporate,0,9.4,1,24,7,52.4,13.5,0
2018-12-31,Backend Developer,Internship,Hybrid,Software,New York,"Valencia, Fernandez and Singh",Small,39.0,1,0,484,1,43205.0,0,0,0,1519,4,43,28,60,1,6.3,Free,1,5.2,1,32,26,68.3,76.9,1
2022-06-02,Frontend Developer,Contract,Onsite,Healthcare,Toronto,Luna-Green,Small,20.0,1,1,241,1,28022.0,0,0,0,1856,3,44,61,12,1,3.3,Free,1,7.4,1,22,34,52.1,63.7,1
2022-01-24,Data Science Intern,Part-Time,Remote,Software,Toronto,"Stevens, Sparks and Wang",Small,2.0,1,1,1,1,14991.0,0,1,149,1466,2,8,46,35,0,3.0,Corporate,0,17.8,1,56,43,65.2,49.2,0
2020-05-04,AI Research Intern,Full-Time,Hybrid,Marketing,London,Short-Joseph,Small,11.0,1,1,128,0,37374.0,0,0,0,2147,5,42,18,6,1,8.0,Free,1,26.4,1,25,16,45.2,54.8,1
2019-02-20,Cloud Engineer,Part-Time,Remote,E-Commerce,Bangalore,Thomas PLC,Enterprise,33.0,1,0,422,0,51475.0,0,0,0,1374,1,36,65,72,0,5.5,Free,1,28.1,1,21,22,62.8,75.2,1
2020-09-24,Backend Developer,Full-Time,Onsite,Gaming,New York,Patterson-Mcintyre,Small,19.0,0,1,205,1,52958.0,0,0,0,1879,4,46,38,9,1,2.9,Corporate,0,3.9,1,41,0,58.9,39.0,0
2019-07-20,Frontend Developer,Full-Time,Remote,Cybersecurity,Berlin,Allen-Hernandez,Small,29.0,1,0,356,1,27274.0,0,0,0,1384,2,26,52,18,1,5.7,Corporate,0,2.4,0,14,44,62.1,59.3,1
2025-07-16,Frontend Developer,Full-Time,Hybrid,E-Commerce,Bangalore,Zuniga Ltd,Medium,39.0,1,1,478,1,32041.0,0,0,0,1619,4,10,33,59,0,6.0,Corporate,0,1.0,1,26,0,87.9,6.4,0
2020-08-02,AI Research Intern,Full-Time,Onsite,Marketing,Bangalore,"Burns, Barr and Williams",Startup,38.0,1,0,457,1,16635.0,0,1,3422,2019,4,37,48,51,1,9.4,Corporate,0,11.7,1,41,5,55.6,78.3,1
2018-03-07,Cloud Engineer,Internship,Remote,Healthcare,Berlin,"Thornton, Hernandez and Mills",Startup,3.0,0,1,63,1,31934.0,0,0,0,1159,2,32,63,21,1,8.0,Corporate,0,12.8,1,50,60,8.5,90.1,1
2020-07-06,UI/UX Designer,Part-Time,Onsite,AI,San Francisco,Walker-Olsen,Medium,11.0,1,1,140,0,9837.0,0,0,0,2551,4,64,100,46,0,3.1,Corporate,0,36.0,1,29,46,22.2,63.3,1
2024-12-20,AI Research Intern,Full-Time,Remote,Healthcare,Berlin,Torres Ltd,Small,5.0,1,1,37,0,64771.0,0,1,1615,2532,3,7,79,59,0,0.0,Free,1,22.8,1,13,10,55.2,85.5,1
2021-02-18,Cloud Engineer,Contract,Remote,Healthcare,London,"Mullins, Adams and Parrish",Medium,6.0,1,1,52,1,31077.0,0,0,0,1773,4,64,19,35,0,6.5,Free,1,15.4,0,65,20,52.8,54.1,1
2024-11-13,Frontend Developer,Full-Time,Remote,Healthcare,San Francisco,Knight Ltd,Startup,10.0,1,1,114,0,7264.0,0,1,4655,1995,9,27,43,45,0,10.8,Corporate,0,14.5,1,35,31,39.4,79.4,1
2018-03-28,ML Engineer,Contract,Remote,Marketing,Singapore,"Simpson, Love and Obrien",Small,19.0,0,1,235,0,39786.0,0,0,0,2027,5,51,23,0,0,8.0,Corporate,0,28.2,1,35,52,30.6,56.8,1
2020-01-09,Cloud Engineer,Internship,Onsite,E-Commerce,Dubai,Martinez Inc,Medium,5.0,1,1,58,1,,0,0,0,3340,2,59,44,20,0,5.2,Free,1,36.0,1,24,0,37.7,53.0,1
2023-10-15,Cloud Engineer,Full-Time,Remote,Marketing,Toronto,"Adams, Miller and Le",Medium,15.0,1,1,164,1,2000.0,0,0,0,1067,2,65,34,0,0,2.3,Corporate,0,22.5,1,32,8,47.8,29.3,0
2022-07-10,Frontend Developer,Internship,Remote,AI,San Francisco,Perez-Parker,Startup,30.0,1,0,370,0,31866.0,0,0,0,649,5,30,29,29,0,5.1,Free,1,29.3,0,58,37,51.9,69.6,1
2020-08-04,Marketing Intern,Part-Time,Remote,Healthcare,San Francisco,Turner Ltd,Small,15.0,1,1,180,0,51760.0,0,0,0,1985,1,15,100,19,0,10.5,Corporate,0,25.8,0,42,27,79.0,24.4,0
2023-04-03,Marketing Intern,Contract,Hybrid,Software,San Francisco,"Freeman, Jennings and Roberts",Medium,9.0,1,1,110,0,33130.0,0,0,0,1207,6,22,38,50,0,3.0,Corporate,0,27.5,1,43,15,52.3,12.5,0
2019-08-27,Marketing Intern,Full-Time,Remote,E-Commerce,San Francisco,Henson-Hobbs,Enterprise,32.0,1,0,392,1,31222.0,0,0,0,2643,6,40,38,0,0,0.0,Free,1,22.4,1,31,31,58.8,58.6,1
2018-03-01,Backend Developer,Contract,Remote,Cybersecurity,Dubai,Huber Ltd,Medium,17.0,1,1,220,0,32730.0,0,0,0,1963,3,32,29,68,0,4.1,Corporate,0,2.7,0,13,41,38.4,43.5,0
2025-07-23,AI Research Intern,Contract,Onsite,Gaming,Toronto,"Boyd, Cox and Davis",Startup,36.0,0,0,453,1,23187.0,0,0,0,915,4,75,39,5,0,6.7,Corporate,0,12.8,1,4,34,33.9,62.2,1
2019-10-08,Cloud Engineer,Full-Time,Onsite,Healthcare,Singapore,"Wilson, Brown and Tran",Small,22.0,0,1,261,1,55136.0,0,0,0,1835,2,35,10,23,0,4.5,Corporate,0,31.9,0,0,44,39.7,33.4,0
2022-08-08,Cloud Engineer,Part-Time,Remote,Gaming,Bangalore,Wolfe-Harris,Startup,31.0,1,1,348,1,25173.0,0,0,0,1357,3,23,28,53,0,3.3,Corporate,0,19.4,0,35,17,85.0,1.6,0
2022-01-03,Cloud Engineer,Contract,Remote,AI,Singapore,Johnson-Moore,Enterprise,10.0,1,1,131,1,34649.0,0,0,0,2877,2,49,36,20,0,9.3,Corporate,0,26.0,0,40,16,71.4,19.8,0
2018-09-30,Cloud Engineer,Contract,Remote,E-Commerce,Dubai,"Townsend, Johnson and Roberts",Small,6.0,0,1,92,1,36302.0,0,1,3634,1744,4,3,83,7,1,5.4,Corporate,0,31.9,1,20,26,66.7,96.5,1
2022-06-28,UI/UX Designer,Part-Time,Onsite,Healthcare,Dubai,Juarez-Miranda,Startup,6.0,1,1,82,0,20580.0,0,1,3138,2162,2,43,76,42,0,9.0,Corporate,0,12.8,0,21,32,39.0,70.2,1
2025-06-18,Backend Developer,Full-Time,Hybrid,AI,Bangalore,Thomas Group,Small,28.0,1,1,326,1,29194.0,0,0,0,2061,3,38,44,11,0,7.7,Free,1,20.8,0,17,33,55.9,31.7,0
2018-03-09,Frontend Developer,Internship,Hybrid,Marketing,Bangalore,Wood-Singleton,Enterprise,17.0,1,1,207,0,73137.0,0,1,4508,3008,3,24,63,29,0,5.4,Free,1,19.3,0,53,24,37.6,73.8,1
2022-11-05,Marketing Intern,Full-Time,Remote,Cybersecurity,New York,Ward-Holder,Startup,24.0,0,0,304,1,28793.0,0,0,0,2211,7,35,42,24,0,7.8,Corporate,0,16.4,0,46,29,38.1,68.0,1
2026-06-18,Backend Developer,Internship,Remote,Marketing,Sydney,Stewart and Sons,Small,39.0,1,1,464,1,40318.0,0,0,0,2472,7,46,8,52,0,4.7,Free,1,7.5,1,43,60,21.9,84.5,1
2021-02-18,UI/UX Designer,Full-Time,Onsite,Healthcare,Singapore,Nguyen-West,Small,33.0,1,1,426,1,9162.0,0,1,4266,2160,2,10,79,10,0,4.7,Free,1,25.8,0,9,2,79.4,40.8,0
2018-02-18,ML Engineer,Full-Time,Remote,Marketing,Bangalore,Howell LLC,Startup,34.0,0,1,400,0,17272.0,0,1,4655,2648,4,46,35,37,0,6.0,Free,1,1.0,1,3,0,47.0,79.4,1
2024-08-17,ML Engineer,Internship,Remote,Gaming,Toronto,"Berry, Glass and Nguyen",Enterprise,39.0,1,1,459,1,31965.0,0,0,0,718,5,28,100,0,0,0.0,Corporate,0,22.2,0,51,33,53.7,53.2,1
2021-03-06,ML Engineer,Contract,Onsite,Cybersecurity,Toronto,Powell-Rodriguez,Startup,16.0,1,1,204,0,16708.0,0,0,0,1939,7,25,45,21,0,6.7,Free,1,17.8,1,25,3,62.1,32.5,0
2022-09-07,ML Engineer,Full-Time,Remote,Software,Singapore,"Andersen, Johnston and Lee",Small,33.0,1,0,391,1,32039.0,0,0,0,2482,4,25,71,15,1,2.5,Free,1,3.1,0,37,11,67.4,68.7,1
2022-10-22,ML Engineer,Full-Time,Remote,Healthcare,Sydney,"Phillips, Townsend and Flynn",Startup,28.0,1,1,344,1,28015.0,0,0,0,2758,5,58,26,65,0,9.3,Corporate,0,15.9,1,13,38,35.6,60.9,1
2026-01-23,Backend Developer,Full-Time,Hybrid,E-Commerce,London,Hall-Hoffman,Small,14.0,1,1,179,1,43311.0,0,0,0,2308,5,30,20,27,0,2.8,Corporate,0,33.0,0,16,5,88.9,5.1,0
2023-02-10,Data Science Intern,Contract,Remote,FinTech,Berlin,Johnston Ltd,Small,33.0,1,1,402,0,27392.0,0,0,0,1519,2,34,8,52,0,5.8,Free,1,13.6,0,72,16,73.7,33.6,0
2020-07-21,AI Research Intern,Internship,Onsite,FinTech,Berlin,Sims-Henderson,Startup,31.0,1,1,376,1,19587.0,0,0,0,3029,3,17,0,50,0,2.4,Corporate,0,10.9,1,30,43,51.4,14.9,0
2018-12-13,Cybersecurity Analyst,Part-Time,Hybrid,Gaming,Berlin,Campbell-Ryan,Medium,36.0,0,1,416,1,26378.0,0,0,0,1601,2,32,100,13,0,1.0,Corporate,0,1.0,1,0,20,32.5,52.1,1
2024-02-25,Cloud Engineer,Full-Time,Remote,E-Commerce,Bangalore,Hill-Nichols,Small,4.0,1,1,59,1,39169.0,0,0,0,177,4,20,15,25,0,4.2,Corporate,0,33.3,1,0,37,52.7,29.7,0
2026-11-29,Cybersecurity Analyst,Full-Time,Remote,AI,Sydney,Mclean Group,Medium,1.0,1,1,5,1,61488.0,0,0,0,2319,2,62,72,35,0,4.4,Free,1,41.1,1,31,25,53.3,73.6,1
2023-03-02,Cloud Engineer,Part-Time,Hybrid,AI,Singapore,Castaneda LLC,Startup,1.0,1,1,3,0,46608.0,0,0,0,1717,4,28,24,24,1,6.2,Free,1,10.1,1,24,24,37.3,77.9,1
2019-03-25,UI/UX Designer,Part-Time,Onsite,Gaming,San Francisco,Underwood-Rodriguez,Medium,5.0,0,1,79,1,54802.0,0,0,0,1789,5,38,60,42,0,6.6,Free,1,14.3,1,20,60,14.7,89.1,1
2018-04-08,Frontend Developer,Contract,Hybrid,EdTech,Toronto,Greene-Martinez,Medium,34.0,0,0,392,0,25333.0,0,0,0,2088,3,8,54,3,0,1.8,Corporate,0,16.1,1,46,24,56.7,39.6,0
2018-02-02,Data Science Intern,Internship,Hybrid,AI,Toronto,"Pope, Harris and Elliott",Medium,24.0,1,1,273,1,2000.0,0,0,0,1387,6,54,63,26,0,5.1,Corporate,0,20.5,1,57,13,39.3,61.2,1
2018-09-27,Cloud Engineer,Full-Time,Onsite,FinTech,Bangalore,"Washington, Sandoval and Myers",Medium,17.0,1,0,194,1,26030.0,0,1,2710,1572,3,32,74,44,1,4.7,Free,1,27.8,1,7,21,57.0,100.0,1
2019-12-21,Cybersecurity Analyst,Contract,Remote,AI,Sydney,Sanders Inc,Startup,36.0,1,1,452,1,36414.0,0,1,3387,1894,3,4,37,23,0,6.7,Free,1,14.6,1,0,36,72.7,59.1,1
2020-12-04,Cloud Engineer,Part-Time,Remote,Healthcare,Bangalore,Simmons PLC,Small,7.0,1,1,95,1,47605.0,0,0,0,1673,2,58,19,12,0,12.6,Corporate,0,16.3,1,0,29,60.2,13.6,0
2020-12-12,UI/UX Designer,Contract,Hybrid,Gaming,Toronto,"Odom, Alexander and Medina",Enterprise,27.0,0,1,339,1,39160.0,0,0,0,1762,1,22,53,11,0,4.3,Corporate,0,9.7,1,1,33,,29.9,0
2019-03-30,UI/UX Designer,Internship,Onsite,Gaming,Singapore,"Dennis, Sparks and Guzman",Enterprise,27.0,1,1,324,1,40925.0,0,1,4497,1901,7,27,57,24,0,9.0,Free,1,25.4,0,30,31,45.7,90.4,1
2021-01-09,Data Science Intern,Contract,Remote,Healthcare,London,Pearson-Campos,Small,38.0,0,1,462,1,19297.0,0,0,0,436,1,23,52,0,0,7.4,Free,1,13.6,1,17,4,66.1,10.7,0
2019-08-07,Data Science Intern,Contract,Hybrid,Marketing,Bangalore,Jackson PLC,Small,24.0,1,1,290,1,28657.0,0,0,0,267,6,52,49,44,0,6.5,Corporate,0,18.3,1,0,41,18.3,52.1,1
2023-04-16,Frontend Developer,Part-Time,Hybrid,EdTech,Dubai,Cooley and Sons,Enterprise,20.0,1,1,247,1,47966.0,0,0,0,1070,2,30,65,26,0,4.1,Free,1,11.5,1,33,27,79.1,33.7,0
2023-12-30,Data Science Intern,Part-Time,Onsite,Marketing,New York,Tucker Inc,Small,4.0,1,0,65,1,47685.0,0,0,0,2231,1,53,42,27,1,4.7,Corporate,0,14.6,1,42,4,65.8,54.7,1
2020-02-22,Frontend Developer,Full-Time,Onsite,AI,London,King-White,Medium,9.0,1,1,79,1,33410.0,0,0,0,1783,1,6,0,56,1,1.0,Corporate,0,17.9,0,19,37,37.6,55.0,1
2022-09-05,Cloud Engineer,Internship,Onsite,FinTech,Sydney,Lee-Lester,Enterprise,26.0,1,1,320,1,51057.0,0,0,0,2381,1,41,38,5,1,4.0,Corporate,0,11.1,1,17,10,73.9,32.0,0
2025-10-24,Frontend Developer,Internship,Remote,FinTech,Bangalore,"Gallegos, Jackson and Bennett",Startup,31.0,1,0,379,0,32260.0,0,0,0,2379,2,12,49,0,0,8.1,Free,1,8.3,1,25,47,36.5,49.5,0
2020-10-28,Data Science Intern,Full-Time,Remote,Healthcare,Berlin,Dyer Ltd,Enterprise,11.0,1,1,156,0,14826.0,0,0,0,723,7,38,94,7,0,9.5,Corporate,0,15.7,1,20,28,33.7,52.8,1
2026-09-07,Data Science Intern,Part-Time,Remote,FinTech,Toronto,Brown Ltd,Startup,22.0,1,1,256,1,47204.0,0,0,0,2011,4,50,51,24,0,4.6,Corporate,0,24.4,1,21,51,28.3,45.7,0
2019-04-27,ML Engineer,Part-Time,Remote,AI,Toronto,Marks-King,Medium,30.0,0,1,337,1,51633.0,0,0,0,322,4,53,39,24,0,1.6,Free,1,20.9,0,21,17,35.8,70.4,1
2022-09-02,Frontend Developer,Part-Time,Remote,Healthcare,Dubai,Bennett Ltd,Medium,30.0,1,1,352,1,40235.0,0,0,0,1283,2,31,60,38,1,3.9,Free,1,33.6,1,49,33,59.3,80.7,1
2020-10-15,ML Engineer,Part-Time,Remote,Marketing,New York,Brown-Dalton,Small,19.0,0,0,220,1,33375.0,0,0,0,2099,2,40,20,45,0,2.9,Corporate,0,21.3,1,0,40,41.5,60.1,1
2026-06-29,UI/UX Designer,Full-Time,Remote,Marketing,Berlin,Roth Group,Startup,12.0,0,1,139,1,37013.0,0,0,0,2647,2,37,13,41,0,7.6,Free,1,22.1,0,12,29,41.7,49.9,0
2024-12-28,Data Science Intern,Full-Time,Remote,Healthcare,San Francisco,Jordan-Hancock,Startup,22.0,1,1,263,1,59997.0,0,0,0,2509,4,37,0,23,0,0.9,Corporate,0,25.7,1,27,13,62.2,14.5,0
2025-04-21,Backend Developer,Contract,Remote,AI,Toronto,"Mack, Sawyer and Fox",Small,3.0,1,1,40,1,8358.0,0,0,0,1705,1,15,12,23,0,1.0,Corporate,0,1.0,1,35,36,69.0,32.0,0
2020-03-07,ML Engineer,Full-Time,Onsite,Marketing,Berlin,Burton Inc,Medium,36.0,0,0,437,1,24096.0,0,0,0,2290,2,25,42,0,0,3.2,Corporate,0,12.8,1,0,33,33.4,53.3,1
2021-12-13,ML Engineer,Internship,Onsite,Cybersecurity,Sydney,Tucker-Washington,Medium,33.0,1,0,429,0,33625.0,0,0,0,1695,4,25,58,36,0,4.4,Corporate,0,18.6,0,11,32,45.1,60.0,1
2019-04-04,UI/UX Designer,Internship,Remote,EdTech,Dubai,Brown LLC,Enterprise,1.0,1,1,1,1,21482.0,0,0,0,2241,6,17,16,0,0,1.8,Corporate,0,13.7,1,23,11,45.7,15.0,0
2024-12-21,ML Engineer,Full-Time,Remote,AI,Sydney,Fuller LLC,Enterprise,14.0,1,0,178,0,38681.0,0,0,0,2507,2,18,0,52,1,1.9,Corporate,0,1.0,1,34,48,45.3,57.9,1
2018-04-16,UI/UX Designer,Full-Time,Remote,Cybersecurity,London,Joseph PLC,Startup,3.0,1,0,35,0,36821.0,0,0,0,1457,6,19,22,24,0,1.9,Corporate,0,23.3,1,29,34,31.4,41.0,0
2018-04-30,Cybersecurity Analyst,Part-Time,Hybrid,EdTech,Berlin,Holland-Miller,Startup,8.0,1,1,83,1,52542.0,0,0,0,904,2,7,0,32,1,4.5,Corporate,0,27.8,0,2,13,82.8,15.4,0
2019-12-22,Cloud Engineer,Part-Time,Remote,E-Commerce,Dubai,"Taylor, Morris and Burgess",Enterprise,23.0,1,1,279,0,39817.0,0,0,0,2464,3,24,49,0,0,5.9,Free,1,2.4,1,0,45,36.5,56.9,1
2019-06-01,Marketing Intern,Part-Time,Remote,Healthcare,Dubai,Phillips-Patel,Startup,3.0,1,0,14,0,32290.0,0,1,4015,2173,1,24,95,32,0,3.4,Free,1,16.3,1,25,18,53.5,85.7,1
2022-01-20,UI/UX Designer,Full-Time,Hybrid,Marketing,Dubai,"Potts, Hamilton and Frederick",Small,30.0,1,1,329,0,32989.0,0,0,0,1552,5,46,10,40,0,0.0,Corporate,0,19.1,1,31,20,28.1,34.4,0
2020-09-18,Backend Developer,Full-Time,Hybrid,E-Commerce,Bangalore,Preston LLC,Startup,14.0,1,1,156,1,35198.0,0,0,0,1773,1,71,32,27,0,4.3,Corporate,0,1.0,1,48,52,37.6,53.9,1
2019-10-11,Cybersecurity Analyst,Contract,Onsite,FinTech,Bangalore,"Wagner, Garcia and Webb",Startup,,0,1,167,1,62238.0,0,0,0,553,3,46,92,34,1,5.4,Corporate,0,15.9,1,32,3,56.4,55.6,1
2025-03-01,Backend Developer,Contract,Onsite,Software,Sydney,Ferguson Group,Medium,15.0,1,1,172,0,38393.0,0,0,0,2021,2,9,100,0,0,3.1,Corporate,0,8.7,1,11,14,64.8,2.9,0
2024-07-31,Cloud Engineer,Part-Time,Onsite,E-Commerce,Berlin,Taylor Ltd,Medium,31.0,1,1,396,1,44472.0,0,0,0,2579,4,54,39,56,0,4.7,Free,1,8.9,1,32,18,38.1,49.2,0
2026-01-02,Frontend Developer,Internship,Remote,Marketing,Berlin,"Young, Baker and Collins",Startup,28.0,0,1,348,1,33146.0,0,0,0,971,3,44,0,17,0,2.6,Corporate,0,20.7,1,23,51,31.6,58.7,1
2022-12-20,Cloud Engineer,Full-Time,Hybrid,FinTech,Sydney,Harmon-Miller,Enterprise,37.0,1,0,431,1,13679.0,0,0,0,3164,2,59,38,0,0,5.5,Free,1,20.9,0,27,0,53.9,46.7,0
2022-04-10,AI Research Intern,Internship,Remote,FinTech,New York,Peters Group,Small,26.0,1,1,302,0,59781.0,0,1,2950,2415,1,12,44,56,0,7.8,Corporate,0,17.7,0,36,7,61.6,69.0,1
2018-04-04,AI Research Intern,Internship,Onsite,AI,Sydney,White-Gibson,Medium,7.0,1,1,66,1,55489.0,0,0,0,2230,2,57,22,35,0,7.6,Corporate,0,24.2,1,12,31,48.4,31.3,0
2020-02-16,Backend Developer,Part-Time,Remote,Healthcare,Sydney,"Wilson, Jones and Juarez",Startup,2.0,0,1,6,1,23910.0,0,1,4324,1562,5,13,61,43,0,6.9,Free,1,16.4,1,0,48,49.2,100.0,1
2018-02-21,Cloud Engineer,Part-Time,Remote,Healthcare,San Francisco,Mason-Johnson,Enterprise,31.0,1,1,382,0,10658.0,0,0,0,1871,5,7,0,16,0,8.2,Corporate,0,23.1,1,48,1,43.0,10.1,0
2021-04-08,Cybersecurity Analyst,Full-Time,Remote,Marketing,New York,Hoffman LLC,Startup,27.0,1,0,340,1,6478.0,0,0,0,1530,2,29,38,25,1,3.6,Corporate,0,25.4,1,7,0,63.5,55.0,1
2021-05-10,Backend Developer,Contract,Remote,AI,Dubai,"Daugherty, Hernandez and Mason",Medium,22.0,0,1,250,1,54040.0,0,0,0,3722,4,62,69,45,0,0.0,Free,1,14.9,1,14,5,45.3,69.8,1
2023-03-13,Cybersecurity Analyst,Full-Time,Remote,Healthcare,San Francisco,"Mills, Miller and Roberts",Enterprise,3.0,1,1,20,1,10051.0,0,0,0,1599,4,6,26,43,0,0.9,Corporate,0,10.6,1,0,3,60.1,17.7,0
2022-12-01,UI/UX Designer,Contract,Remote,Cybersecurity,Toronto,Turner-Vargas,Small,20.0,1,0,225,0,27537.0,0,0,0,1346,2,45,11,34,0,4.8,Corporate,0,30.4,1,21,16,56.9,32.2,0
2020-03-28,AI Research Intern,Internship,Hybrid,E-Commerce,Toronto,Navarro Inc,Small,7.0,1,1,93,1,27886.0,0,0,0,1321,2,43,46,18,0,0.0,Corporate,0,26.5,1,0,17,57.2,12.5,0
2023-07-04,UI/UX Designer,Part-Time,Hybrid,Marketing,San Francisco,Reyes and Sons,Small,3.0,0,0,1,1,45590.0,0,0,0,2566,2,39,65,19,0,6.9,Corporate,0,22.6,1,26,50,,57.9,1
2021-05-06,Cybersecurity Analyst,Internship,Hybrid,Marketing,Bangalore,Mcdonald-Rich,Startup,4.0,1,1,57,1,,0,0,0,1486,5,26,37,22,0,4.3,Corporate,0,16.7,1,33,0,75.2,8.7,0
2019-06-22,UI/UX Designer,Full-Time,Remote,Marketing,Dubai,"Henderson, Rodriguez and Green",Medium,17.0,1,1,221,1,50786.0,0,0,0,1947,4,16,5,49,0,4.9,Corporate,0,23.6,1,23,11,96.6,0.0,0
2018-06-18,Frontend Developer,Contract,Remote,E-Commerce,Bangalore,Townsend LLC,Small,26.0,1,1,316,1,30295.0,0,1,3744,2295,2,51,46,29,0,0.0,Corporate,0,32.1,0,8,31,41.3,56.4,1
2023-12-10,Frontend Developer,Full-Time,Onsite,Marketing,Bangalore,Butler-Mcclure,Startup,12.0,1,1,171,0,42148.0,0,0,0,2068,5,11,16,16,0,1.4,Corporate,0,12.1,1,24,51,41.8,36.4,0
2018-08-25,UI/UX Designer,Contract,Remote,Marketing,Berlin,Clarke Group,Startup,4.0,1,1,21,1,23979.0,0,0,0,2263,2,17,51,41,0,9.6,Corporate,0,28.9,1,0,24,73.9,26.9,0
2023-06-18,Frontend Developer,Internship,Remote,Software,San Francisco,Matthews-Soto,Enterprise,4.0,1,1,51,1,37476.0,0,0,0,2194,4,14,68,61,0,6.6,Corporate,0,8.8,0,15,40,70.6,25.9,0
2021-01-16,Marketing Intern,Internship,Remote,Marketing,Toronto,Pitts PLC,Small,35.0,0,1,425,1,49652.0,0,0,0,2361,2,52,74,36,0,6.6,Corporate,0,29.6,1,19,28,27.6,59.1,1
2019-08-26,Cybersecurity Analyst,Contract,Hybrid,Healthcare,Toronto,Levine-Fowler,Startup,25.0,1,1,304,0,36718.0,0,1,2899,2419,4,46,3,61,0,1.2,Corporate,0,29.5,0,15,17,52.5,39.0,0
2024-03-22,Cloud Engineer,Contract,Remote,Cybersecurity,Dubai,Medina Group,Small,5.0,1,1,79,1,47984.0,0,0,0,1078,3,38,31,0,0,6.0,Corporate,0,22.2,1,38,0,72.1,0.2,0
2019-07-15,Data Science Intern,Full-Time,Hybrid,FinTech,Bangalore,Good and Sons,Medium,29.0,1,1,377,1,66146.0,0,0,0,2141,3,21,59,18,1,1.1,Free,1,14.0,1,0,33,60.2,61.0,1
2021-10-25,ML Engineer,Contract,Remote,Cybersecurity,Singapore,Johnson and Sons,Small,4.0,1,1,78,0,28821.0,0,0,0,1349,5,37,67,41,0,3.4,Corporate,0,25.9,1,26,38,29.8,39.4,0
2022-01-15,Cybersecurity Analyst,Full-Time,Remote,Marketing,San Francisco,Davis-Blake,Enterprise,9.0,1,1,79,1,45368.0,0,1,3974,1005,3,37,32,69,0,6.1,Free,1,14.2,1,24,37,54.5,69.1,1
2021-06-01,Frontend Developer,Contract,Hybrid,EdTech,San Francisco,Kim-Huff,Small,16.0,1,1,205,1,52268.0,0,0,0,940,2,60,67,41,0,3.5,Corporate,0,9.7,1,16,0,54.5,14.0,0
2022-09-30,Marketing Intern,Internship,Onsite,Marketing,Bangalore,Ramsey Inc,Enterprise,7.0,1,1,88,1,35276.0,0,0,0,1510,4,8,53,0,0,9.8,Corporate,0,19.0,1,31,0,81.5,0.0,0
2025-01-14,AI Research Intern,Internship,Remote,Software,San Francisco,"Jordan, Fry and Hernandez",Startup,26.0,1,1,293,0,9456.0,0,0,0,2683,4,49,41,21,0,5.5,Free,1,27.0,1,52,20,33.9,72.5,1
2026-10-12,Marketing Intern,Contract,Onsite,Gaming,Sydney,Williams Ltd,Small,8.0,1,1,109,0,39672.0,0,0,0,1088,5,65,12,48,1,7.3,Corporate,0,21.9,1,7,26,22.2,59.2,1
2025-10-24,UI/UX Designer,Internship,Remote,AI,London,Moore Ltd,Enterprise,11.0,1,1,143,0,45518.0,0,0,0,2073,2,83,83,0,1,10.1,Free,1,5.0,1,21,4,46.9,73.7,1
2019-09-05,Cloud Engineer,Contract,Hybrid,FinTech,Singapore,"Rocha, Yoder and Pugh",Enterprise,32.0,0,1,392,1,24050.0,0,0,0,2079,5,32,40,0,0,1.2,Corporate,0,1.0,1,13,56,18.5,50.4,1
2025-08-21,Cybersecurity Analyst,Contract,Remote,Cybersecurity,San Francisco,Harrison-Perez,Small,27.0,1,1,292,1,43172.0,0,1,2191,1169,6,39,48,53,0,13.0,Free,1,22.7,0,23,33,21.0,93.5,1
2019-06-25,Backend Developer,Part-Time,Hybrid,Marketing,Dubai,"Williams, Johnson and Goodwin",Startup,36.0,1,0,428,1,30229.0,0,0,0,1063,3,58,38,19,1,7.8,Corporate,0,20.7,1,2,26,44.5,69.2,1
2024-07-21,Marketing Intern,Part-Time,Remote,Cybersecurity,Sydney,"Hill, Cooper and Stokes",Medium,35.0,0,1,410,1,47258.0,0,0,0,2568,3,56,25,0,0,7.7,Corporate,0,26.5,1,5,35,12.4,56.0,1
2025-11-14,Cybersecurity Analyst,Internship,Remote,Gaming,Berlin,"Crawford, Robinson and Hansen",Small,24.0,1,1,281,0,21678.0,0,1,2735,1585,1,16,56,10,0,5.2,Corporate,0,1.0,1,40,19,59.1,50.1,1
2023-04-20,Frontend Developer,Contract,Hybrid,Software,London,Bruce PLC,Startup,4.0,1,1,37,1,47863.0,0,0,0,1275,4,12,53,15,0,2.1,Free,1,21.4,1,34,17,61.2,38.0,0
2022-05-26,Cloud Engineer,Contract,Remote,Software,Dubai,Strickland PLC,Small,4.0,1,1,50,1,33847.0,0,0,0,1939,3,42,15,42,0,9.4,Free,1,24.1,0,32,39,43.4,54.7,1
2018-10-21,ML Engineer,Contract,Onsite,FinTech,Berlin,Jensen Inc,Small,22.0,0,1,233,1,11271.0,0,0,0,1808,3,28,62,15,0,8.9,Corporate,0,8.5,1,12,5,63.8,15.8,0
2021-10-01,Cybersecurity Analyst,Internship,Remote,FinTech,New York,Wilkerson-Bates,Startup,33.0,0,0,387,1,66027.0,0,0,0,2202,4,33,0,22,1,4.1,Corporate,0,22.4,1,26,13,46.5,66.7,1
2022-10-04,Backend Developer,Contract,Hybrid,Gaming,Berlin,"Graham, Estrada and Cook",Small,16.0,1,1,191,1,48149.0,0,0,0,1780,5,0,0,13,0,6.1,Corporate,0,5.4,1,43,17,93.2,0.0,0
2018-04-13,Frontend Developer,Contract,Remote,FinTech,Singapore,Palmer LLC,Small,16.0,1,1,222,1,16462.0,0,0,0,2580,5,35,54,31,0,8.8,Corporate,0,3.2,1,33,6,45.8,30.1,0
2026-07-11,UI/UX Designer,Contract,Remote,Gaming,San Francisco,Nelson-Anderson,Startup,36.0,1,1,436,1,42425.0,0,0,0,1529,1,10,59,4,1,3.3,Corporate,0,6.4,0,17,11,69.7,21.3,0
2025-06-07,AI Research Intern,Internship,Remote,Cybersecurity,Dubai,Mccarthy Group,Startup,39.0,1,1,473,0,50520.0,0,0,0,645,2,32,24,10,0,0.7,Free,1,4.0,1,17,3,70.1,25.8,0
2025-04-29,Cloud Engineer,Contract,Remote,FinTech,Dubai,Howell Group,Startup,19.0,1,1,231,1,30116.0,0,0,0,2702,3,33,4,9,0,1.0,Corporate,0,9.3,1,0,4,62.6,0.0,0
2024-03-21,ML Engineer,Contract,Remote,Cybersecurity,London,"Lopez, Williams and White",Startup,12.0,1,1,152,1,4857.0,0,1,1883,2211,2,70,52,15,0,9.8,Corporate,0,12.1,1,10,10,68.7,58.8,1
2018-10-17,Data Science Intern,Contract,Remote,Cybersecurity,Berlin,Andrews Ltd,Enterprise,36.0,1,1,394,1,47376.0,0,0,0,1700,3,50,82,30,0,10.8,Corporate,0,39.2,0,16,0,46.1,37.0,0
2019-06-21,UI/UX Designer,Full-Time,Remote,AI,Bangalore,Little Group,Small,9.0,1,1,96,1,45850.0,0,0,0,2364,2,37,63,40,0,8.0,Corporate,0,9.4,1,28,54,28.4,65.0,1
2022-09-08,ML Engineer,Internship,Remote,Healthcare,Toronto,Gomez-Murray,Startup,2.0,0,0,34,0,31276.0,0,0,0,1871,7,48,65,28,0,7.4,Corporate,0,17.5,1,33,40,4.0,100.0,1
2018-05-01,ML Engineer,Full-Time,Remote,FinTech,Singapore,Montes Inc,Medium,23.0,0,0,305,0,27824.0,0,0,0,2578,8,54,53,2,1,9.2,Corporate,0,23.9,0,40,0,36.7,82.1,1
2020-03-27,ML Engineer,Contract,Onsite,Healthcare,Sydney,Cruz Inc,Medium,20.0,1,0,243,1,35440.0,0,1,3245,981,3,55,22,1,0,4.5,Free,1,46.7,1,9,22,54.7,85.7,1
2023-04-29,AI Research Intern,Part-Time,Remote,Marketing,Toronto,Brock LLC,Enterprise,4.0,0,1,57,1,75483.0,0,0,0,1938,3,36,53,21,0,1.1,Free,1,28.3,1,56,27,56.3,59.8,1
2020-12-14,Data Science Intern,Full-Time,Hybrid,EdTech,Berlin,Perez-Wilson,Startup,8.0,0,1,103,0,37051.0,0,1,2343,2614,3,37,21,32,0,5.2,Corporate,0,18.7,1,34,1,37.2,55.6,1
2020-10-26,UI/UX Designer,Internship,Hybrid,EdTech,Toronto,"Brown, Cochran and Gray",Medium,24.0,0,0,270,1,29873.0,0,0,0,1214,3,0,70,20,1,4.2,Corporate,0,17.1,1,6,24,45.6,74.6,1
2023-01-08,AI Research Intern,Full-Time,Onsite,FinTech,Berlin,Richardson Group,Small,4.0,1,1,42,1,47793.0,0,1,2707,1068,8,31,55,0,0,3.7,Free,1,32.7,1,31,48,36.9,86.4,1
2021-02-15,Frontend Developer,Part-Time,Remote,Marketing,Dubai,"Stewart, Vargas and Nicholson",Startup,4.0,1,1,50,0,33052.0,0,0,0,1567,3,26,26,28,0,1.5,Free,1,19.5,1,19,27,30.7,34.5,0
2019-01-18,UI/UX Designer,Internship,Hybrid,FinTech,San Francisco,"Lynch, Hodge and Stewart",Small,10.0,1,0,129,1,,0,0,0,1752,7,49,56,3,0,10.3,Free,1,31.5,1,10,33,44.7,65.9,1
2020-10-27,Backend Developer,Full-Time,Remote,Cybersecurity,Sydney,Fowler-Walter,Startup,31.0,1,0,385,0,48590.0,0,0,0,2686,3,39,38,49,0,4.5,Corporate,0,15.9,1,35,44,34.4,68.4,1
2018-05-02,UI/UX Designer,Internship,Onsite,FinTech,Sydney,Garcia PLC,Medium,11.0,0,1,117,1,54453.0,0,1,1430,1623,0,52,52,0,0,1.5,Free,1,22.2,1,1,16,51.2,65.8,1
2018-10-17,Cloud Engineer,Contract,Hybrid,EdTech,Toronto,Willis-Fox,Medium,25.0,1,1,299,1,25566.0,0,0,0,1008,4,38,97,40,0,4.5,Corporate,0,15.5,1,58,57,30.6,60.0,1
2019-03-11,Marketing Intern,Contract,Remote,Healthcare,New York,"Kline, Williams and Martinez",Medium,33.0,0,1,419,1,26900.0,0,0,0,1095,3,63,48,43,1,3.2,Corporate,0,18.4,1,51,10,45.0,69.6,1
2021-04-03,Data Science Intern,Part-Time,Onsite,E-Commerce,Berlin,Brady Ltd,Small,8.0,1,1,95,0,47514.0,0,0,0,1954,1,38,45,28,1,4.6,Corporate,0,6.5,0,3,44,37.5,58.2,1
2025-01-09,Data Science Intern,Full-Time,Remote,Healthcare,Dubai,Livingston and Sons,Medium,38.0,0,1,479,1,50515.0,0,0,0,2818,5,39,21,7,0,2.3,Free,1,16.4,1,33,23,43.9,68.9,1
2024-01-31,Cybersecurity Analyst,Full-Time,Remote,AI,Singapore,"Hanson, Pittman and Anderson",Enterprise,6.0,1,1,64,0,18780.0,0,0,0,2040,3,31,67,39,0,6.6,Free,1,29.8,1,23,25,45.1,54.7,1
2022-07-23,Frontend Developer,Full-Time,Onsite,Software,San Francisco,"Austin, Lindsey and Nolan",Small,15.0,1,1,204,1,18422.0,0,0,0,1423,4,34,47,39,0,1.1,Corporate,0,28.2,1,8,11,59.3,16.7,0
2026-08-28,Data Science Intern,Part-Time,Remote,EdTech,Singapore,Warren Ltd,Medium,36.0,1,1,469,1,27951.0,0,1,4744,1830,7,34,7,25,0,4.6,Free,1,25.5,1,22,36,48.3,64.5,1
2025-03-31,ML Engineer,Contract,Onsite,Gaming,Bangalore,"Chung, Robinson and Parrish",Small,19.0,1,0,214,1,28699.0,0,0,0,753,3,61,55,35,1,9.2,Free,1,26.0,0,67,18,60.2,73.8,1
2022-03-17,Cybersecurity Analyst,Part-Time,Remote,Marketing,Sydney,"Hall, Mckee and Bennett",Medium,25.0,0,1,298,0,26295.0,0,1,3235,2060,4,35,40,12,0,5.4,Corporate,0,15.1,1,58,19,43.0,61.2,1
2024-04-17,Cloud Engineer,Internship,Onsite,Marketing,Bangalore,Cochran-Reynolds,Small,5.0,1,1,49,0,26735.0,0,1,2985,1782,2,0,0,38,1,3.8,Free,1,24.0,1,0,9,81.5,66.5,1
2022-08-31,Data Science Intern,Internship,Remote,Gaming,London,Reynolds-Frey,Startup,26.0,1,1,318,1,30720.0,0,0,0,3130,0,27,53,42,0,5.2,Free,1,22.8,1,16,44,51.9,49.1,0
2021-06-07,Frontend Developer,Contract,Remote,AI,Singapore,"Williams, Taylor and Rogers",Small,11.0,1,1,124,0,33257.0,0,0,0,2105,5,15,43,50,0,5.4,Corporate,0,19.3,1,41,0,55.1,11.5,0
2025-01-06,ML Engineer,Contract,Onsite,EdTech,Berlin,"Cline, Choi and Spears",Small,29.0,1,1,340,0,8950.0,0,0,0,1088,5,75,52,49,0,2.1,Free,1,27.1,1,33,0,31.4,60.7,1
2023-02-25,Cloud Engineer,Internship,Remote,Cybersecurity,Toronto,"Reed, Winters and Lopez",Startup,8.0,1,1,79,0,42420.0,0,1,4476,1280,3,64,68,34,0,9.8,Corporate,0,30.6,1,34,50,26.6,100.0,1
2020-08-23,Data Science Intern,Part-Time,Hybrid,AI,New York,"Gomez, Thornton and Meyers",Startup,31.0,1,0,376,1,39908.0,0,0,0,1505,3,20,10,7,0,0.0,Corporate,0,29.2,1,40,7,89.6,8.4,0
2022-12-08,ML Engineer,Internship,Remote,Marketing,Berlin,Boyle PLC,Small,28.0,0,1,315,1,39182.0,0,0,0,2128,3,53,37,16,0,2.5,Corporate,0,5.6,1,41,52,36.0,77.4,1
2024-04-06,Data Science Intern,Internship,Onsite,EdTech,Bangalore,Gonzalez-Duran,Medium,2.0,1,1,21,1,26743.0,0,0,0,2318,3,51,41,18,0,4.1,Free,1,31.9,1,0,18,50.2,55.4,1
2019-12-26,Cloud Engineer,Full-Time,Hybrid,FinTech,Berlin,Hess-Mckenzie,Small,33.0,1,1,392,1,37857.0,0,0,0,1898,1,41,47,38,0,9.6,Free,1,27.2,1,3,7,62.7,24.4,0
2020-02-03,ML Engineer,Internship,Remote,Marketing,Singapore,Waller Ltd,Small,5.0,1,1,69,1,39963.0,0,0,0,2510,2,23,33,17,0,2.8,Corporate,0,33.0,1,0,39,47.2,25.2,0
2024-05-31,Cybersecurity Analyst,Full-Time,Onsite,AI,Toronto,Oneal Group,Medium,1.0,1,1,7,1,39005.0,0,0,0,971,1,25,25,27,0,8.3,Corporate,0,7.8,1,9,22,66.8,27.7,0
2025-06-29,Data Science Intern,Internship,Hybrid,E-Commerce,Bangalore,"Baker, Houston and Gutierrez",Startup,31.0,1,1,329,1,52026.0,0,1,1615,202,4,11,52,5,0,3.1,Free,1,13.9,1,34,32,64.5,67.5,1
2023-12-25,Marketing Intern,Internship,Remote,Healthcare,London,Hernandez-Spencer,Small,38.0,0,1,457,1,48018.0,0,0,0,1735,10,5,92,70,0,4.6,Corporate,0,14.4,1,0,48,48.8,70.4,1
2022-12-13,Data Science Intern,Part-Time,Remote,Cybersecurity,Bangalore,"Carr, Hall and Cabrera",Small,,0,1,34,0,20012.0,0,0,0,2012,5,36,21,55,1,2.1,Corporate,0,14.1,1,29,0,44.9,61.9,1
2023-05-05,AI Research Intern,Part-Time,Hybrid,AI,Berlin,"Hartman, Williams and Medina",Small,11.0,0,1,161,1,12851.0,0,0,0,722,5,27,44,7,1,4.1,Corporate,0,23.3,1,2,12,46.3,70.3,1
2018-05-05,Cloud Engineer,Full-Time,Hybrid,Healthcare,Sydney,Johnson LLC,Startup,25.0,0,0,307,1,32991.0,0,1,2940,2096,8,17,5,26,0,1.9,Corporate,0,9.5,1,23,31,58.6,58.7,1
2024-12-02,Frontend Developer,Full-Time,Hybrid,AI,Berlin,Smith-Smith,Startup,2.0,1,1,30,0,26336.0,0,0,0,2245,4,52,56,28,0,5.9,Free,1,3.9,0,51,42,36.7,70.0,1
2018-06-23,Cloud Engineer,Internship,Hybrid,Gaming,Sydney,"Johnson, Smith and Hunter",Enterprise,25.0,1,1,305,0,20514.0,0,1,2988,2403,1,60,9,29,0,1.0,Corporate,0,11.3,1,25,16,50.2,53.3,1
2020-02-19,ML Engineer,Contract,Remote,AI,San Francisco,Williams-Hill,Startup,37.0,1,0,412,1,49011.0,0,0,0,1357,2,40,83,57,0,4.3,Free,1,22.7,1,27,31,60.5,88.4,1
2020-03-24,Marketing Intern,Full-Time,Onsite,Gaming,San Francisco,Banks Group,Startup,3.0,0,1,45,1,27333.0,0,0,0,1392,3,31,64,21,0,8.0,Corporate,0,16.4,0,0,57,36.3,60.8,1
2020-11-29,Backend Developer,Contract,Hybrid,Healthcare,New York,Lopez LLC,Startup,14.0,1,0,167,0,47933.0,0,0,0,3270,4,67,39,48,0,4.9,Corporate,0,26.7,0,35,56,21.0,74.3,1
2025-06-02,Marketing Intern,Part-Time,Remote,Marketing,Bangalore,Hoffman-Mcgee,Small,30.0,1,1,347,0,28797.0,0,1,1803,1472,1,45,28,9,0,2.6,Corporate,0,31.4,1,34,8,55.1,54.4,1
2025-04-01,Frontend Developer,Part-Time,Remote,Gaming,Bangalore,Green PLC,Small,20.0,1,1,227,1,31016.0,0,0,0,1729,2,43,35,19,0,5.3,Free,1,20.2,0,8,48,50.2,54.7,1
2024-07-06,Frontend Developer,Contract,Remote,FinTech,Bangalore,"Parrish, Parks and Harrington",Startup,1.0,0,0,5,0,42763.0,0,1,225,1704,7,27,76,28,0,3.2,Corporate,0,10.5,1,9,0,48.0,100.0,1
2018-11-22,Marketing Intern,Contract,Remote,Cybersecurity,New York,Johnson-Meyer,Medium,12.0,1,1,131,0,37717.0,0,1,323,977,0,13,46,3,0,7.9,Free,1,13.9,1,20,39,58.0,64.7,1
2022-06-18,Frontend Developer,Contract,Remote,Healthcare,Singapore,Davila PLC,Medium,28.0,0,0,345,0,46480.0,0,0,0,895,2,31,61,0,0,7.9,Corporate,0,12.3,0,11,36,31.8,70.5,1
2022-11-28,Frontend Developer,Internship,Onsite,Marketing,Dubai,Ward Ltd,Enterprise,24.0,1,1,296,1,42538.0,0,0,0,2097,5,70,32,10,0,7.1,Corporate,0,1.0,1,10,4,63.9,33.6,0
2018-01-29,Cloud Engineer,Internship,Remote,Healthcare,San Francisco,Chambers Group,Small,19.0,1,1,230,1,36670.0,0,0,0,1679,2,37,13,43,0,6.3,Corporate,0,18.3,0,27,6,78.2,5.1,0
2025-01-21,Marketing Intern,Internship,Onsite,Software,Berlin,Alexander-Aguilar,Medium,23.0,1,0,264,0,28513.0,0,0,0,2172,4,43,100,47,0,5.1,Corporate,0,1.0,0,0,52,30.5,76.1,1
2018-05-28,Data Science Intern,Part-Time,Remote,Healthcare,Berlin,Smith Ltd,Enterprise,26.0,0,1,323,0,17411.0,0,0,0,1786,3,19,57,54,0,6.9,Corporate,0,21.0,1,6,38,36.0,55.3,1
2019-10-19,Frontend Developer,Contract,Onsite,EdTech,Dubai,"Ortiz, Holmes and Hutchinson",Medium,19.0,1,1,210,1,33990.0,0,0,0,1307,3,37,25,0,0,10.7,Corporate,0,9.1,1,5,34,49.4,18.5,0
2025-06-07,AI Research Intern,Contract,Remote,Healthcare,Berlin,"Ortega, Hughes and Walters",Startup,2.0,1,1,1,1,40143.0,0,0,0,2947,3,33,37,6,0,7.9,Corporate,0,2.7,1,29,39,39.2,27.6,0
2021-07-02,Data Science Intern,Full-Time,Hybrid,Cybersecurity,Berlin,Smith-Choi,Small,39.0,1,1,473,1,38670.0,0,0,0,1654,3,24,19,26,0,5.2,Corporate,0,25.1,1,0,23,58.6,0.6,0
2022-11-09,Cloud Engineer,Contract,Onsite,FinTech,Toronto,Jimenez-Evans,Medium,34.0,1,1,396,1,29781.0,0,1,1577,2072,4,23,51,66,0,3.4,Free,1,33.8,1,28,0,68.6,66.3,1
2023-07-18,AI Research Intern,Contract,Remote,E-Commerce,Singapore,Rogers PLC,Medium,31.0,0,1,359,1,12120.0,0,0,0,2471,0,27,29,34,1,4.6,Corporate,0,18.5,1,0,47,35.0,70.7,1
2022-12-12,ML Engineer,Internship,Hybrid,FinTech,Bangalore,"Mitchell, Fuentes and Thomas",Startup,38.0,1,1,471,1,38917.0,0,1,1027,1644,1,36,60,61,1,8.4,Free,1,14.0,1,25,0,75.8,72.5,1
2026-11-23,Marketing Intern,Full-Time,Remote,Marketing,Dubai,Martinez-French,Startup,26.0,1,0,294,1,41062.0,0,0,0,1464,5,62,50,35,0,7.0,Free,1,1.0,1,15,0,40.0,58.7,1
2023-11-15,Frontend Developer,Full-Time,Remote,Marketing,Dubai,"Clark, Branch and Williams",Small,11.0,1,1,158,0,33954.0,0,0,0,1997,6,59,66,24,0,2.3,Corporate,0,18.0,1,32,0,21.4,34.1,0
2021-01-20,Data Science Intern,Contract,Hybrid,FinTech,Bangalore,Parker PLC,Medium,24.0,0,1,276,0,32427.0,0,0,0,1628,3,52,47,13,0,8.2,Corporate,0,13.9,0,33,61,0.0,95.5,1
2025-02-20,ML Engineer,Contract,Hybrid,Cybersecurity,Dubai,"Brown, Pollard and Mckinney",Startup,4.0,1,1,27,1,11053.0,0,0,0,2517,2,44,0,0,0,6.0,Corporate,0,12.0,1,18,17,73.6,0.0,0
2024-09-17,ML Engineer,Internship,Remote,EdTech,Sydney,Martinez-Koch,Small,24.0,0,1,295,1,26675.0,0,1,4390,1695,2,34,22,17,0,7.0,Corporate,0,21.0,1,24,21,41.8,67.4,1
2025-06-24,UI/UX Designer,Part-Time,Remote,E-Commerce,San Francisco,"Moore, Keith and Green",Startup,26.0,0,1,298,0,36452.0,0,1,831,1537,1,59,29,19,0,4.6,Corporate,0,18.9,0,0,5,56.1,54.6,1
2018-08-08,Backend Developer,Contract,Remote,Healthcare,New York,Frye-Bailey,Startup,37.0,1,1,429,1,36232.0,0,0,0,1203,4,27,5,0,0,8.9,Corporate,0,24.6,1,45,10,73.9,5.0,0
2022-03-19,Marketing Intern,Contract,Onsite,Marketing,New York,Proctor-Johnson,Enterprise,9.0,1,1,104,0,49527.0,0,0,0,2366,7,57,59,0,0,6.4,Corporate,0,19.6,1,34,30,23.9,53.2,1
2021-07-01,Marketing Intern,Contract,Remote,Software,Singapore,"Kim, Wilson and Rodriguez",Small,22.0,1,1,269,1,35686.0,0,0,0,1540,3,60,51,56,0,8.2,Corporate,0,8.2,1,8,26,54.9,55.6,1
2023-09-26,UI/UX Designer,Internship,Remote,Marketing,Sydney,Stafford Ltd,Medium,18.0,0,1,219,0,43833.0,0,0,0,1720,3,29,45,34,0,8.8,Corporate,0,7.7,1,52,20,47.9,33.6,0
2019-01-03,Frontend Developer,Internship,Onsite,Marketing,San Francisco,Odonnell Group,Small,26.0,1,1,287,0,18290.0,0,0,0,2852,4,29,35,41,0,0.0,Corporate,0,33.3,1,21,52,26.0,53.2,1
2020-12-27,Backend Developer,Internship,Hybrid,FinTech,Dubai,Salinas-Smith,Medium,26.0,1,1,325,1,60858.0,0,0,0,1633,7,34,23,46,0,0.6,Corporate,0,7.4,1,40,0,61.8,7.1,0
2024-12-03,AI Research Intern,Full-Time,Remote,AI,New York,Phillips and Sons,Small,35.0,0,1,432,1,,0,0,0,1939,1,44,48,9,0,6.1,Free,1,18.9,1,17,42,53.8,66.7,1
2025-05-22,Cybersecurity Analyst,Internship,Remote,E-Commerce,New York,Cox Group,Small,4.0,0,1,50,0,37396.0,0,0,0,1315,6,0,59,43,0,10.0,Corporate,0,6.2,1,24,6,37.7,42.2,0
2021-03-20,Cybersecurity Analyst,Internship,Remote,Gaming,San Francisco,Harrell-Guerrero,Small,22.0,0,1,263,1,41657.0,0,0,0,1633,3,46,44,0,0,2.9,Free,1,15.8,1,6,32,54.8,59.7,1
2021-10-04,ML Engineer,Part-Time,Remote,Cybersecurity,Toronto,Farmer LLC,Small,26.0,0,1,309,1,58926.0,0,0,0,2096,3,30,55,23,0,10.4,Corporate,0,17.6,1,2,4,72.3,34.9,0
2021-11-11,AI Research Intern,Full-Time,Remote,AI,New York,Martinez Ltd,Startup,19.0,1,1,237,0,48118.0,0,0,0,2185,2,8,57,59,0,7.4,Corporate,0,36.7,0,52,25,61.0,11.4,0
2018-04-06,Frontend Developer,Part-Time,Remote,FinTech,Singapore,Anderson-Cooper,Small,24.0,1,1,268,1,2000.0,0,1,2251,2476,2,57,24,18,0,8.6,Free,1,3.4,1,34,65,29.1,100.0,1
2018-03-30,ML Engineer,Part-Time,Remote,Marketing,Toronto,"Hill, Fernandez and Frye",Startup,13.0,0,1,140,1,46833.0,0,0,0,1624,1,47,71,29,0,9.5,Corporate,0,17.2,1,32,21,39.6,50.9,1
2020-01-31,Cloud Engineer,Full-Time,Remote,Healthcare,Singapore,Morgan Inc,Small,22.0,1,1,248,1,38437.0,0,0,0,1427,3,48,46,16,0,6.2,Free,1,14.4,1,25,53,46.5,67.1,1
2018-10-30,Data Science Intern,Part-Time,Remote,Cybersecurity,Singapore,Fisher and Sons,Enterprise,14.0,1,1,165,1,28681.0,0,0,0,1467,4,29,39,11,0,4.2,Free,1,18.7,1,0,49,45.4,44.6,0
2018-09-01,Frontend Developer,Internship,Remote,Marketing,New York,"Taylor, Martinez and Washington",Medium,23.0,0,1,288,1,24407.0,0,0,0,1614,2,55,41,31,0,6.1,Free,1,18.5,1,45,26,48.4,79.4,1
2025-07-07,Frontend Developer,Part-Time,Onsite,FinTech,Dubai,Miller-Reynolds,Medium,35.0,1,1,410,0,32677.0,0,0,0,564,9,39,81,30,1,7.5,Corporate,0,15.7,1,27,52,7.1,82.2,1
2022-10-14,Backend Developer,Part-Time,Hybrid,Marketing,Toronto,Phillips Ltd,Medium,34.0,1,1,414,1,25470.0,0,0,0,3073,3,30,99,17,0,7.4,Corporate,0,11.3,1,0,19,71.4,15.2,0
2025-09-24,AI Research Intern,Full-Time,Hybrid,Gaming,Toronto,"Combs, Aguilar and Powers",Startup,31.0,1,1,389,0,24347.0,0,0,0,2751,3,8,16,18,0,8.7,Corporate,0,38.7,0,3,26,51.5,2.6,0
2025-01-13,Cybersecurity Analyst,Internship,Remote,Healthcare,Toronto,"Contreras, Woodard and Green",Medium,15.0,1,1,173,1,2000.0,0,0,0,1954,0,43,43,28,0,5.7,Corporate,0,8.5,1,15,37,52.2,26.0,0
2021-01-06,Cloud Engineer,Full-Time,Remote,Marketing,San Francisco,"Harvey, Hernandez and Jackson",Startup,25.0,0,1,294,1,6594.0,0,0,0,2281,1,6,13,39,1,3.4,Corporate,0,1.0,1,15,0,71.4,35.0,0
2019-03-14,Cybersecurity Analyst,Full-Time,Onsite,FinTech,Dubai,"Fields, Duke and Ellison",Startup,37.0,1,1,439,1,43297.0,0,0,0,2524,6,5,48,23,0,3.7,Corporate,0,1.0,1,29,5,70.1,8.1,0
2025-01-06,ML Engineer,Contract,Remote,Marketing,Berlin,Taylor-Scott,Small,27.0,1,0,317,1,24051.0,0,0,0,1140,0,47,24,25,0,8.5,Corporate,0,17.5,1,45,16,30.1,40.3,0
2025-12-14,AI Research Intern,Full-Time,Hybrid,Cybersecurity,Bangalore,Williams PLC,Startup,4.0,0,1,36,1,26864.0,0,1,3350,779,5,40,41,21,0,0.6,Free,1,23.4,0,26,14,39.0,79.7,1
2023-05-30,UI/UX Designer,Part-Time,Remote,Marketing,Dubai,Moss and Sons,Medium,28.0,0,0,333,1,54117.0,0,0,0,2464,3,5,36,30,0,5.0,Free,1,18.3,1,29,31,72.8,52.6,1
2020-09-24,Cloud Engineer,Internship,Remote,EdTech,London,"Hunter, Day and Buckley",Startup,5.0,0,0,72,0,19949.0,0,1,2223,2071,2,17,54,0,0,2.0,Corporate,0,34.0,1,0,3,77.5,51.3,1
2026-05-18,Frontend Developer,Full-Time,Onsite,Marketing,New York,Taylor-Hopkins,Small,2.0,1,1,15,0,45954.0,0,1,3729,1383,2,24,48,12,1,5.0,Corporate,0,38.9,1,0,0,75.7,69.0,1
2023-01-03,ML Engineer,Contract,Remote,E-Commerce,Singapore,Rodriguez-Murphy,Startup,19.0,1,1,207,1,44384.0,0,0,0,1898,2,19,15,23,0,3.4,Corporate,0,34.4,1,2,4,66.7,7.5,0
2023-08-19,Cybersecurity Analyst,Full-Time,Remote,AI,Singapore,"Salazar, Holloway and Wilson",Enterprise,25.0,0,1,278,1,45016.0,0,0,0,2481,1,22,22,8,1,7.1,Corporate,0,30.5,1,28,42,69.4,61.1,1
2019-03-08,UI/UX Designer,Contract,Hybrid,Gaming,Berlin,Chang-Smith,Startup,30.0,1,1,360,1,24858.0,0,0,0,1912,1,23,49,26,1,0.0,Corporate,0,1.0,1,19,25,71.8,33.7,0
2019-03-31,Frontend Developer,Full-Time,Remote,EdTech,San Francisco,"Taylor, Hicks and Acevedo",Small,15.0,1,0,229,1,25164.0,0,0,0,1047,1,37,82,35,0,0.0,Free,1,24.2,1,26,41,47.2,61.1,1
2021-12-27,Cybersecurity Analyst,Internship,Onsite,Gaming,San Francisco,Martin-Sullivan,Small,14.0,1,1,186,0,49154.0,0,0,0,1639,4,30,0,7,0,3.3,Free,1,20.6,1,19,43,30.0,35.6,0
2023-12-02,UI/UX Designer,Full-Time,Onsite,Software,Sydney,Smith LLC,Small,34.0,1,1,398,1,48913.0,0,1,1140,2443,2,42,0,50,1,9.3,Corporate,0,38.6,1,15,3,57.4,56.6,1
2020-03-12,Frontend Developer,Internship,Remote,E-Commerce,Dubai,Gates-Bradley,Medium,17.0,1,1,234,1,47194.0,0,0,0,1416,5,36,73,37,0,6.1,Corporate,0,24.0,1,24,10,60.1,22.1,0
2026-04-07,Marketing Intern,Contract,Hybrid,Gaming,Berlin,"Adams, Shaw and Trujillo",Enterprise,10.0,1,1,134,1,21882.0,0,0,0,719,3,11,1,36,0,7.3,Corporate,0,10.6,0,25,11,81.2,0.0,0
2021-11-24,Frontend Developer,Contract,Hybrid,EdTech,London,"Ellison, Sullivan and Smith",Small,10.0,1,1,115,1,3768.0,0,0,0,2047,3,53,86,54,0,7.8,Corporate,0,18.8,1,32,1,63.3,27.2,0
2019-01-17,Cybersecurity Analyst,Part-Time,Hybrid,Marketing,Toronto,Huynh-Gonzalez,Small,39.0,1,1,459,1,28333.0,0,0,0,1343,7,11,34,16,0,0.0,Corporate,0,13.1,1,5,0,77.2,1.3,0
2026-08-20,UI/UX Designer,Internship,Remote,Healthcare,New York,Hooper Group,Enterprise,17.0,1,1,180,1,19695.0,0,1,3942,2179,4,45,25,20,0,6.5,Corporate,0,45.2,1,32,33,26.7,77.3,1
2021-11-20,AI Research Intern,Part-Time,Onsite,Cybersecurity,Bangalore,Hall-Mclean,Small,16.0,1,0,173,1,14044.0,0,0,0,1948,1,36,69,0,0,1.7,Free,1,10.9,1,16,26,42.2,51.9,1
2021-03-18,ML Engineer,Contract,Hybrid,Healthcare,Dubai,Franco-Carter,Small,6.0,1,0,46,1,42558.0,0,0,0,967,2,35,17,33,0,2.4,Corporate,0,28.0,1,65,0,49.7,22.6,0
2018-03-28,Frontend Developer,Part-Time,Remote,Healthcare,New York,Davis Group,Enterprise,4.0,1,1,63,0,14804.0,0,0,0,2156,3,53,31,48,0,2.2,Corporate,0,1.0,1,22,13,60.6,36.1,0
2024-09-30,Backend Developer,Full-Time,Remote,Cybersecurity,Toronto,Scott-Small,Enterprise,34.0,1,1,427,0,49958.0,0,0,0,1530,6,50,1,0,0,1.3,Free,1,9.4,1,1,45,27.4,55.1,1
2026-05-19,Cybersecurity Analyst,Part-Time,Remote,AI,Toronto,"Dixon, Bennett and Rodriguez",Small,25.0,1,1,292,1,23441.0,0,1,4288,622,3,23,66,46,0,12.4,Corporate,0,21.2,1,45,37,55.9,61.0,1
2025-07-18,AI Research Intern,Internship,Onsite,E-Commerce,Bangalore,"Wright, Kent and Grant",Startup,12.0,0,1,160,1,30650.0,0,0,0,1625,4,30,29,21,0,3.5,Corporate,0,21.0,1,36,29,38.7,37.0,0
2019-07-24,Marketing Intern,Internship,Onsite,EdTech,Singapore,"Wyatt, Pierce and Nichols",Startup,37.0,1,1,426,0,32982.0,0,1,4488,1526,5,21,0,0,0,4.6,Corporate,0,33.1,1,29,24,41.7,25.6,0
2026-02-04,Backend Developer,Full-Time,Hybrid,E-Commerce,Toronto,"Orr, Stephens and Edwards",Medium,23.0,0,1,275,1,61602.0,0,0,0,708,5,30,61,19,0,9.8,Corporate,0,29.4,1,3,25,59.2,26.3,0
2019-09-24,AI Research Intern,Contract,Remote,Gaming,New York,Lopez Ltd,Startup,7.0,1,1,76,1,66177.0,0,0,0,1174,3,37,23,18,0,8.1,Free,1,10.9,1,16,2,59.6,18.1,0
2024-09-03,Data Science Intern,Contract,Onsite,Gaming,San Francisco,"Buckley, Cook and Walter",Enterprise,8.0,1,1,81,0,40046.0,0,0,0,1081,4,62,76,9,0,8.8,Corporate,0,12.3,1,32,27,6.0,57.7,1
2026-08-07,AI Research Intern,Contract,Onsite,Healthcare,Dubai,Calderon-Fitzpatrick,Startup,33.0,1,0,413,1,40421.0,0,0,0,1848,5,8,32,5,0,13.3,Corporate,0,9.3,1,42,49,67.2,23.8,0
2022-09-06,Data Science Intern,Internship,Remote,EdTech,Toronto,Kelley-Williams,Startup,23.0,1,0,259,0,29948.0,0,0,0,1823,2,53,53,21,0,6.9,Corporate,0,11.4,1,17,44,41.8,58.7,1
2019-12-05,Cloud Engineer,Contract,Hybrid,AI,Dubai,"Orr, Johnson and Mccarty",Startup,15.0,1,1,170,1,44072.0,0,0,0,3007,3,54,30,29,0,5.1,Corporate,0,21.0,1,33,26,43.8,33.2,0
2024-09-10,Cloud Engineer,Contract,Hybrid,Software,Berlin,Travis-Moran,Medium,32.0,0,0,397,0,44580.0,0,0,0,1688,2,13,73,19,0,4.2,Corporate,0,20.9,0,0,36,42.0,55.1,1
2018-12-20,Frontend Developer,Full-Time,Remote,E-Commerce,New York,"Mason, Cervantes and Ortiz",Small,9.0,0,1,111,1,,0,0,0,2517,5,63,69,15,0,6.5,Free,1,19.0,0,27,0,37.5,59.0,1
2021-04-20,Cybersecurity Analyst,Part-Time,Remote,Healthcare,Dubai,"Clark, Goodwin and Kelly",Startup,33.0,1,1,393,0,10267.0,0,0,0,309,9,0,48,0,0,6.4,Corporate,0,26.0,1,31,50,63.9,20.5,0
2019-03-13,Marketing Intern,Part-Time,Hybrid,Cybersecurity,New York,Nelson LLC,Enterprise,11.0,1,1,142,0,9058.0,0,0,0,2356,2,33,67,33,0,2.3,Corporate,0,21.8,1,37,21,73.3,9.0,0
2024-03-16,Cybersecurity Analyst,Internship,Remote,E-Commerce,London,Brady and Sons,Startup,8.0,1,1,70,1,34423.0,0,0,0,1546,2,18,37,18,0,8.2,Corporate,0,19.6,1,51,2,80.2,0.0,0
2024-04-15,UI/UX Designer,Internship,Onsite,Marketing,Berlin,"Rodriguez, Mason and Park",Startup,24.0,1,1,292,0,68993.0,0,0,0,1860,4,62,85,22,1,3.7,Corporate,0,18.4,1,3,0,41.4,50.9,1
2022-09-29,Marketing Intern,Full-Time,Remote,FinTech,Berlin,Williams-Green,Startup,30.0,1,1,374,1,55241.0,0,0,0,100,3,54,27,3,0,4.8,Free,1,27.0,0,47,51,52.6,49.3,0
2022-03-31,Marketing Intern,Internship,Hybrid,EdTech,Bangalore,"Young, Howard and Barber",Startup,6.0,1,1,86,1,36855.0,0,0,0,2387,3,48,64,55,0,6.5,Free,1,19.5,1,25,42,54.1,43.8,0
2021-01-10,Marketing Intern,Contract,Hybrid,Cybersecurity,Sydney,Thornton Inc,Small,37.0,1,1,430,0,30704.0,0,1,4841,1857,3,83,22,35,0,5.1,Corporate,0,8.7,0,10,35,26.4,70.2,1
2022-08-15,Cybersecurity Analyst,Full-Time,Remote,Marketing,Toronto,"Callahan, Mendez and Barnes",Small,25.0,0,0,324,0,43594.0,0,0,0,1827,5,24,94,8,1,3.9,Corporate,0,18.0,1,0,0,62.6,55.5,1
2023-02-04,AI Research Intern,Full-Time,Remote,AI,Singapore,"Roth, Thomas and Castro",Startup,9.0,1,1,96,1,64874.0,0,1,2040,1948,4,7,51,73,0,4.0,Corporate,0,31.0,1,33,33,35.1,72.4,1
2026-11-27,Backend Developer,Full-Time,Remote,Cybersecurity,Singapore,"Murray, Larson and Gutierrez",Startup,35.0,1,1,424,0,43079.0,0,0,0,2793,5,30,59,43,0,0.1,Corporate,0,7.6,0,19,61,29.8,56.4,1
2019-12-13,Cloud Engineer,Internship,Remote,Gaming,Toronto,Jones-Tucker,Startup,26.0,1,1,299,0,53311.0,0,0,0,2803,3,21,47,56,0,5.2,Corporate,0,12.6,1,42,10,41.7,15.0,0
2023-08-26,AI Research Intern,Contract,Remote,Healthcare,Bangalore,Paul and Sons,Enterprise,23.0,1,1,284,1,20596.0,0,0,0,1952,3,42,66,12,1,6.4,Free,1,8.8,1,34,63,37.2,97.2,1
2023-08-24,AI Research Intern,Part-Time,Hybrid,Marketing,Sydney,Myers-Smith,Enterprise,12.0,0,1,118,0,18347.0,0,1,4172,1770,3,66,41,8,0,4.0,Corporate,0,3.9,1,45,38,18.1,90.9,1
2021-06-16,ML Engineer,Contract,Remote,E-Commerce,Dubai,Odom LLC,Startup,29.0,1,1,355,1,7636.0,0,0,0,1874,4,56,24,34,0,3.3,Corporate,0,32.2,1,41,11,,40.2,0
2022-10-28,AI Research Intern,Internship,Remote,Cybersecurity,London,Atkins-Cummings,Medium,16.0,0,1,180,0,22016.0,0,0,0,1612,1,40,54,5,1,5.5,Corporate,0,21.2,1,9,15,43.5,60.6,1
2023-06-11,AI Research Intern,Contract,Remote,Gaming,New York,Ramirez-Baker,Medium,32.0,1,1,385,1,30371.0,0,1,3659,2728,1,20,48,23,0,1.6,Corporate,0,31.0,0,18,23,88.8,34.7,0
2022-08-26,Marketing Intern,Contract,Remote,EdTech,Toronto,Ochoa-Watts,Medium,10.0,0,1,140,1,25637.0,0,0,0,1788,3,29,33,21,0,6.5,Free,1,27.6,1,14,14,29.5,53.9,1
2026-04-16,Marketing Intern,Part-Time,Onsite,Software,London,David Ltd,Medium,12.0,1,1,115,1,16387.0,0,0,0,1040,2,4,12,15,0,9.5,Corporate,0,21.3,1,46,2,82.7,0.0,0
2024-02-16,Backend Developer,Part-Time,Remote,E-Commerce,San Francisco,"Richard, Webster and White",Small,15.0,1,1,166,0,40936.0,0,1,1165,1334,2,43,54,29,0,9.9,Corporate,0,26.6,1,52,29,36.1,64.4,1
2026-06-18,Data Science Intern,Full-Time,Hybrid,E-Commerce,San Francisco,Rhodes-Ross,Small,28.0,1,0,296,0,18544.0,0,0,0,2368,2,36,12,63,0,2.2,Corporate,0,18.8,1,18,44,45.0,52.9,1
2018-10-09,ML Engineer,Contract,Remote,Software,Singapore,Miller-Rivera,Medium,7.0,1,1,84,1,23457.0,0,0,0,2003,4,0,41,18,0,0.5,Corporate,0,15.9,1,0,18,83.0,1.5,0
2021-05-08,Marketing Intern,Part-Time,Hybrid,E-Commerce,Dubai,Stephens Inc,Small,15.0,1,1,183,1,16482.0,0,0,0,1834,2,15,82,57,0,7.0,Corporate,0,6.8,1,23,32,81.0,21.0,0
2024-02-25,Marketing Intern,Full-Time,Remote,Software,San Francisco,Parker and Sons,Startup,11.0,1,1,127,1,23245.0,0,0,0,1398,3,57,49,0,0,7.5,Corporate,0,5.1,1,14,11,52.5,26.0,0
2021-03-13,UI/UX Designer,Contract,Hybrid,EdTech,Bangalore,Hood-Massey,Small,13.0,1,1,144,1,25782.0,0,0,0,1580,3,4,76,11,0,3.9,Corporate,0,29.3,0,0,16,90.6,2.4,0
2018-02-08,Marketing Intern,Part-Time,Hybrid,FinTech,Toronto,Buchanan-Miles,Small,27.0,1,1,342,1,30664.0,0,0,0,836,2,3,25,8,0,3.8,Corporate,0,1.0,1,37,16,61.4,0.0,0
2024-11-29,Backend Developer,Part-Time,Remote,AI,Toronto,"Robertson, Diaz and Hood",Startup,35.0,1,1,415,1,48464.0,0,0,0,1649,1,9,13,53,0,2.0,Corporate,0,5.6,1,38,1,79.0,9.8,0
2022-12-20,Cloud Engineer,Contract,Remote,Gaming,New York,Mayer LLC,Startup,26.0,1,0,309,0,2000.0,0,0,0,1120,3,16,32,25,1,6.3,Corporate,0,25.9,1,22,34,40.7,56.6,1
2022-11-03,Cloud Engineer,Part-Time,Hybrid,Marketing,Berlin,Miller Group,Startup,25.0,1,0,301,0,20356.0,0,0,0,1572,2,9,2,54,0,10.4,Corporate,0,14.6,0,40,29,63.5,21.5,0
2020-08-18,Cloud Engineer,Full-Time,Remote,AI,Singapore,Price and Sons,Enterprise,32.0,1,1,373,1,19855.0,0,0,0,2445,3,38,16,0,0,7.7,Free,1,1.0,1,54,17,46.5,33.0,0
2025-06-30,Marketing Intern,Part-Time,Remote,Cybersecurity,Bangalore,Moss-Frost,Startup,2.0,1,1,14,0,12124.0,0,1,3350,1311,1,39,34,8,0,1.6,Free,1,12.4,0,3,17,61.3,67.5,1
2018-10-05,Marketing Intern,Part-Time,Remote,Marketing,London,Adams Group,Small,18.0,1,1,216,0,22100.0,0,0,0,2914,4,65,63,0,0,6.1,Corporate,0,41.1,1,23,26,29.5,42.0,0
2024-01-17,UI/UX Designer,Contract,Onsite,EdTech,London,David-Collins,Small,5.0,0,1,57,1,59835.0,0,1,3535,1677,3,23,0,11,1,5.4,Free,1,32.9,0,0,19,65.0,76.4,1
2024-08-18,UI/UX Designer,Contract,Onsite,Software,New York,Carr LLC,Enterprise,9.0,0,1,117,1,40404.0,0,0,0,2610,1,54,16,0,0,6.8,Corporate,0,10.2,1,33,74,30.9,48.4,0
2026-07-29,AI Research Intern,Full-Time,Remote,Software,London,Turner PLC,Startup,18.0,0,1,208,0,39557.0,0,0,0,1645,4,46,12,38,0,1.2,Free,1,1.0,1,27,38,0.1,69.0,1
2024-05-16,Frontend Developer,Full-Time,Remote,E-Commerce,Singapore,Carter-Hopkins,Medium,23.0,0,1,259,1,29997.0,0,0,0,1671,2,22,28,35,0,7.3,Corporate,0,20.0,0,37,37,37.3,50.2,1
2023-09-27,AI Research Intern,Part-Time,Remote,FinTech,New York,"Davenport, Terry and Parker",Enterprise,19.0,0,1,219,1,45228.0,0,0,0,1928,4,44,25,15,1,5.1,Corporate,0,22.8,1,29,21,54.5,50.8,1
2020-02-09,ML Engineer,Contract,Remote,Gaming,Bangalore,Tran-Davis,Startup,33.0,0,0,382,0,35351.0,0,0,0,209,2,37,92,8,0,3.3,Corporate,0,22.5,0,13,5,43.9,51.1,1
2020-07-23,Frontend Developer,Internship,Hybrid,AI,Berlin,"Thomas, Smith and Perez",Medium,9.0,1,1,122,0,8331.0,0,0,0,1613,1,47,48,30,1,2.5,Corporate,0,16.2,0,9,26,47.6,52.3,1
2025-11-15,UI/UX Designer,Full-Time,Hybrid,FinTech,Sydney,Abbott Inc,Medium,21.0,1,1,222,1,53225.0,0,0,0,2479,6,35,4,28,0,3.8,Free,1,19.4,0,24,37,31.0,47.4,0
2024-02-07,ML Engineer,Part-Time,Hybrid,E-Commerce,San Francisco,Smith-Obrien,Startup,12.0,1,1,146,0,2000.0,0,1,1953,1681,4,51,7,49,0,10.4,Corporate,0,14.6,1,28,10,27.0,62.9,1
2019-02-28,Marketing Intern,Contract,Remote,Marketing,San Francisco,Anderson Group,Small,25.0,0,1,294,1,32132.0,0,0,0,1989,3,0,53,11,0,9.9,Corporate,0,15.7,0,33,0,86.6,7.5,0
2022-05-01,UI/UX Designer,Internship,Remote,Marketing,Berlin,Tate-Collins,Small,11.0,1,1,122,1,19677.0,0,1,2138,1873,2,41,32,43,0,5.5,Corporate,0,22.2,1,42,15,62.3,61.3,1
2021-07-18,Frontend Developer,Part-Time,Remote,FinTech,Berlin,"Meyer, Ryan and Clayton",Medium,24.0,0,1,296,1,30194.0,0,0,0,564,0,47,62,43,0,12.2,Corporate,0,24.9,1,6,4,69.6,39.0,0
2021-11-16,AI Research Intern,Full-Time,Hybrid,Healthcare,London,Gray Inc,Medium,11.0,1,1,132,0,51164.0,0,0,0,1305,2,12,42,36,0,9.5,Free,1,25.3,1,44,1,60.1,12.4,0
2019-12-30,Marketing Intern,Internship,Remote,EdTech,Singapore,Chase-Rivera,Startup,27.0,1,1,315,1,36641.0,0,0,0,793,4,14,67,49,0,5.5,Corporate,0,5.3,1,28,32,64.8,22.4,0
2024-05-22,Frontend Developer,Contract,Hybrid,AI,Berlin,"Liu, York and Castillo",Startup,3.0,1,1,38,1,26068.0,0,0,0,1954,5,13,25,15,0,8.4,Free,1,3.3,0,6,25,57.6,14.2,0
2021-03-18,Cloud Engineer,Internship,Onsite,Software,Toronto,Thomas-Martinez,Medium,34.0,1,1,396,0,51125.0,0,1,1647,1603,3,46,46,81,0,10.3,Corporate,0,15.7,0,34,30,36.6,75.6,1
2023-04-13,Cloud Engineer,Contract,Remote,Cybersecurity,Singapore,"Fowler, Ellis and Henderson",Startup,36.0,1,1,434,1,26574.0,0,0,0,1909,3,16,75,58,1,3.5,Corporate,0,18.5,1,21,16,72.3,34.5,0
2024-01-24,Marketing Intern,Full-Time,Hybrid,Software,Sydney,"Rivera, Paul and Santos",Startup,23.0,1,1,275,1,79678.0,0,0,0,1846,2,5,17,17,0,3.9,Corporate,0,35.3,1,35,8,64.1,0.0,0
2025-06-07,UI/UX Designer,Part-Time,Onsite,EdTech,Dubai,Cooper-Hill,Small,12.0,1,0,128,1,45223.0,0,0,0,2090,1,48,4,6,0,1.7,Corporate,0,7.0,1,32,41,68.1,42.8,0
2023-10-27,ML Engineer,Part-Time,Onsite,Software,Sydney,"Moreno, Adams and Cooper",Medium,18.0,0,0,219,0,49647.0,0,1,1583,1642,3,58,6,37,0,6.6,Free,1,10.6,1,21,5,56.5,85.7,1
2018-09-09,Cybersecurity Analyst,Part-Time,Remote,AI,Singapore,Anderson LLC,Small,39.0,1,1,494,1,21846.0,0,1,879,2657,2,26,46,36,0,11.5,Free,1,27.9,0,7,18,77.6,62.4,1
2022-09-13,ML Engineer,Contract,Onsite,Gaming,Bangalore,"Richardson, Gomez and Hernandez",Small,28.0,0,0,324,1,31713.0,0,1,2970,2227,6,16,57,44,1,1.4,Corporate,0,28.5,1,15,40,41.5,100.0,1
2018-06-16,Frontend Developer,Contract,Remote,FinTech,Sydney,"Miller, Mosley and Sanchez",Enterprise,13.0,1,1,160,1,18484.0,0,1,782,2364,1,37,56,24,0,6.9,Corporate,0,8.9,0,12,53,74.9,73.0,1
2024-03-18,Data Science Intern,Full-Time,Hybrid,Software,Berlin,Craig Ltd,Startup,3.0,0,1,26,0,34524.0,0,0,0,1884,1,29,56,10,1,2.1,Corporate,0,20.8,1,0,23,58.3,48.9,0
2023-11-24,Cybersecurity Analyst,Part-Time,Remote,EdTech,Berlin,"Novak, Bonilla and Williams",Small,29.0,1,1,333,1,61867.0,0,0,0,1485,5,82,35,21,0,3.4,Corporate,0,12.4,1,17,28,,53.0,1
2022-09-23,Backend Developer,Full-Time,Hybrid,FinTech,Sydney,Johnson-Bradley,Startup,,1,1,239,1,39800.0,0,1,2621,1280,3,24,0,34,0,9.4,Free,1,14.8,0,33,60,37.0,74.7,1
2025-09-08,Backend Developer,Internship,Hybrid,Software,Berlin,Morgan Inc,Medium,7.0,1,1,49,1,26799.0,0,0,0,1706,3,47,28,12,1,6.6,Free,1,11.7,1,45,38,29.8,69.4,1
2025-11-10,UI/UX Designer,Internship,Hybrid,Gaming,Toronto,Alexander PLC,Startup,36.0,0,1,427,1,45988.0,0,1,1667,1531,6,14,37,8,0,5.5,Corporate,0,33.2,1,0,20,45.5,55.6,1
2023-03-17,Cybersecurity Analyst,Part-Time,Remote,Cybersecurity,Singapore,Pearson-Gonzalez,Startup,35.0,1,0,430,1,45491.0,0,0,0,1356,4,51,42,24,0,4.8,Corporate,0,24.5,1,23,40,39.8,55.1,1
2022-02-27,Backend Developer,Full-Time,Hybrid,E-Commerce,Dubai,Mccarthy-Estrada,Startup,11.0,1,1,138,1,53781.0,0,1,3897,1133,2,38,35,44,0,8.5,Free,1,10.7,1,47,27,49.8,58.9,1
2018-04-04,Cloud Engineer,Part-Time,Remote,EdTech,New York,Perkins Ltd,Small,32.0,1,1,373,1,37990.0,0,0,0,1006,3,29,78,29,0,7.5,Free,1,18.8,1,20,22,52.1,56.5,1
2023-12-10,Backend Developer,Full-Time,Onsite,E-Commerce,London,Garcia-Rodgers,Small,2.0,0,1,49,1,44205.0,0,0,0,1140,2,0,29,0,0,2.2,Corporate,0,1.0,0,7,22,52.8,22.9,0
2020-05-31,Frontend Developer,Internship,Remote,E-Commerce,Toronto,"Wright, Young and Davis",Medium,22.0,1,1,255,1,33223.0,0,0,0,1921,5,42,94,22,0,0.0,Corporate,0,8.0,1,19,0,68.2,22.4,0
2026-05-20,UI/UX Designer,Internship,Onsite,FinTech,Bangalore,"Hughes, Lambert and Thompson",Startup,10.0,1,1,125,0,46803.0,0,0,0,1974,2,44,47,24,0,2.1,Corporate,0,11.1,1,0,32,56.3,31.3,0
2023-03-20,Marketing Intern,Internship,Remote,E-Commerce,Dubai,Clarke Group,Small,14.0,1,0,155,1,37586.0,0,0,0,2544,4,0,44,19,0,3.4,Corporate,0,17.0,1,6,33,74.6,23.9,0
2024-03-03,Frontend Developer,Part-Time,Remote,Cybersecurity,Berlin,Peck-Ortiz,Small,9.0,1,0,132,1,38677.0,0,1,4828,996,5,52,90,33,0,5.3,Free,1,24.4,1,17,7,73.3,98.3,1
2023-09-20,Frontend Developer,Contract,Onsite,Marketing,New York,Aguilar-Sanchez,Small,6.0,0,1,115,1,52556.0,0,0,0,725,7,49,53,51,0,7.9,Corporate,0,11.9,1,1,25,29.7,68.5,1
2022-02-02,ML Engineer,Contract,Remote,FinTech,Singapore,Owens-Davis,Medium,29.0,0,1,348,0,16671.0,0,0,0,2145,2,52,53,14,0,2.5,Corporate,0,1.0,1,21,31,25.0,58.6,1
2025-11-26,Cybersecurity Analyst,Full-Time,Remote,Cybersecurity,Sydney,Rodgers-Evans,Enterprise,36.0,1,1,404,1,39474.0,0,0,0,2726,2,66,33,8,0,6.0,Free,1,28.7,1,10,14,70.9,53.3,1
2026-02-07,UI/UX Designer,Contract,Onsite,Marketing,Sydney,"Campbell, Burns and Adkins",Startup,12.0,1,1,127,1,32989.0,0,0,0,1444,6,46,42,51,0,4.3,Corporate,0,20.5,1,53,26,55.4,46.4,0
2023-09-03,Backend Developer,Full-Time,Remote,Marketing,Berlin,Wise-Robinson,Medium,31.0,0,1,367,1,17608.0,0,0,0,1169,4,57,37,65,0,1.3,Free,1,14.6,1,27,26,27.8,81.4,1
2018-10-22,Marketing Intern,Contract,Remote,Software,Singapore,Cruz and Sons,Medium,5.0,1,1,51,1,24280.0,0,0,0,1084,0,59,9,15,0,1.2,Corporate,0,40.2,0,35,0,65.6,10.9,0
2019-03-22,UI/UX Designer,Full-Time,Remote,Cybersecurity,New York,"Mcpherson, Smith and Briggs",Medium,22.0,0,1,280,1,56346.0,0,0,0,1678,2,50,49,10,0,3.9,Corporate,0,8.4,0,0,0,52.9,38.9,0
2021-12-21,Cloud Engineer,Full-Time,Remote,E-Commerce,San Francisco,"Martinez, Evans and Villegas",Small,37.0,0,1,426,0,42001.0,0,0,0,2070,4,44,56,10,0,3.9,Free,1,14.2,1,29,0,24.4,55.5,1
2024-07-03,Cloud Engineer,Full-Time,Remote,Marketing,Sydney,"Ali, Duarte and Smith",Medium,12.0,1,1,164,0,14673.0,0,0,0,1463,2,51,9,43,0,10.1,Corporate,0,25.5,1,4,61,27.5,47.4,0
2020-03-12,Marketing Intern,Contract,Onsite,E-Commerce,London,Banks-Aguirre,Medium,21.0,1,1,263,1,25572.0,0,0,0,1787,4,44,41,52,0,4.1,Free,1,12.3,1,5,33,45.9,40.9,0
2019-10-12,Marketing Intern,Contract,Remote,Marketing,Bangalore,"Boone, Bradford and Daniels",Startup,26.0,1,1,307,1,64671.0,0,0,0,800,5,33,0,14,0,7.0,Corporate,0,9.5,1,54,31,47.9,16.3,0
2021-04-25,UI/UX Designer,Contract,Onsite,E-Commerce,San Francisco,"Goodwin, Berry and Sanford",Small,11.0,0,1,129,1,24461.0,0,0,0,1394,6,25,29,1,0,5.9,Corporate,0,18.6,0,20,34,38.9,35.1,0
2021-12-23,Backend Developer,Internship,Remote,E-Commerce,Bangalore,Jackson Group,Medium,38.0,1,1,447,1,33235.0,0,0,0,2069,2,28,18,7,0,0.0,Corporate,0,30.7,1,0,9,73.0,1.3,0
2025-07-25,Frontend Developer,Internship,Onsite,Cybersecurity,Singapore,"Elliott, Schultz and Wilson",Startup,1.0,1,1,10,0,47120.0,0,0,0,2050,3,18,37,27,0,7.8,Corporate,0,20.0,1,23,15,52.4,24.6,0
2022-03-21,UI/UX Designer,Contract,Remote,FinTech,Bangalore,Perry and Sons,Startup,23.0,1,1,289,1,31372.0,0,0,0,1178,4,5,32,32,0,1.7,Corporate,0,26.3,1,43,71,39.9,51.1,1
2024-10-23,AI Research Intern,Contract,Remote,AI,London,"Thomas, Brady and Hawkins",Small,12.0,1,0,147,1,36810.0,0,0,0,1767,5,0,40,28,0,6.4,Corporate,0,2.6,1,35,1,81.6,10.9,0
2018-08-29,Backend Developer,Contract,Remote,Marketing,London,"King, Castillo and Olsen",Startup,1.0,1,1,9,1,38063.0,0,0,0,2146,1,21,43,20,0,4.5,Corporate,0,4.7,1,0,13,74.6,8.3,0
2023-07-28,Frontend Developer,Contract,Remote,Gaming,Dubai,Benson Group,Startup,27.0,1,1,361,0,39884.0,0,0,0,2143,4,35,49,0,0,5.5,Corporate,0,29.7,1,22,30,31.4,32.0,0
2020-02-17,Cloud Engineer,Contract,Remote,Gaming,Singapore,Snyder-Hays,Medium,36.0,1,1,425,1,36641.0,0,0,0,1634,2,35,9,11,0,7.9,Corporate,0,4.8,1,45,0,74.5,0.0,0
2019-05-18,AI Research Intern,Contract,Onsite,Marketing,Toronto,"Holland, Anderson and Armstrong",Small,12.0,1,0,153,1,47407.0,0,1,3684,2611,2,43,0,32,0,8.5,Free,1,1.0,1,37,41,58.3,69.1,1
2018-02-24,AI Research Intern,Full-Time,Onsite,Cybersecurity,Sydney,"Johnson, Smith and Reese",Medium,6.0,1,1,69,1,22011.0,0,1,3206,2208,3,23,76,32,0,6.2,Corporate,0,1.0,1,35,56,55.3,66.4,1
2022-07-10,AI Research Intern,Part-Time,Hybrid,E-Commerce,Sydney,Tyler-White,Startup,38.0,1,1,451,1,20455.0,0,1,729,1994,3,7,29,0,0,2.3,Free,1,13.3,1,19,22,65.5,61.0,1
2018-04-21,ML Engineer,Contract,Hybrid,Marketing,Sydney,Cabrera LLC,Medium,30.0,0,1,370,1,36243.0,0,1,4348,949,2,33,79,8,0,3.1,Free,1,19.7,0,8,24,35.8,89.9,1
2021-12-21,Backend Developer,Full-Time,Hybrid,AI,Bangalore,Coffey-Thompson,Small,18.0,0,1,208,0,39711.0,0,0,0,1177,3,24,11,43,0,3.5,Corporate,0,28.8,1,31,17,50.7,18.3,0
2019-12-22,Cloud Engineer,Contract,Remote,FinTech,Singapore,Mclaughlin-Lee,Enterprise,17.0,1,0,216,1,24505.0,0,0,0,1813,3,68,35,10,0,0.0,Free,1,1.0,0,13,39,38.9,69.5,1
2020-12-24,Backend Developer,Part-Time,Onsite,Healthcare,London,"Johnson, Simmons and Rowe",Startup,,1,1,1,1,55161.0,0,1,2708,1989,3,0,34,19,0,10.2,Corporate,0,13.4,1,44,29,71.6,59.0,1
2019-12-19,Data Science Intern,Contract,Onsite,EdTech,London,Gonzalez Inc,Medium,9.0,1,1,121,0,77081.0,0,0,0,1420,5,39,51,38,0,1.3,Corporate,0,8.1,1,50,38,26.5,53.9,1
2022-06-08,Frontend Developer,Internship,Hybrid,AI,New York,Harris LLC,Medium,32.0,1,1,396,1,12463.0,0,0,0,764,4,39,64,38,0,4.7,Corporate,0,14.9,0,19,4,65.2,14.1,0
2026-03-23,Data Science Intern,Contract,Remote,Marketing,Berlin,Mitchell-Brown,Startup,32.0,0,1,374,1,31465.0,0,1,1313,1756,5,29,83,41,1,6.4,Corporate,0,20.2,1,26,0,60.4,88.6,1
2021-06-03,Backend Developer,Contract,Remote,FinTech,Berlin,Bell and Sons,Small,15.0,1,1,195,1,53978.0,0,0,0,1800,5,41,35,17,0,7.1,Corporate,0,4.1,0,22,59,47.3,44.9,0
2020-07-25,ML Engineer,Full-Time,Hybrid,Cybersecurity,New York,Dennis-Martinez,Enterprise,18.0,1,0,215,1,25636.0,0,0,0,2618,2,32,18,25,0,4.0,Corporate,0,5.6,1,16,3,80.9,12.9,0
2019-01-17,ML Engineer,Full-Time,Onsite,Healthcare,San Francisco,"Nixon, Nichols and Mcdonald",Medium,23.0,1,0,274,1,58507.0,0,0,0,1950,1,54,21,33,0,9.0,Corporate,0,40.3,1,33,19,63.1,33.3,0
2023-07-13,Cloud Engineer,Internship,Onsite,Cybersecurity,London,Stewart Ltd,Startup,11.0,0,0,157,1,8062.0,0,0,0,2093,5,62,0,45,0,5.1,Corporate,0,18.0,0,16,20,36.6,57.1,1
2020-09-22,AI Research Intern,Part-Time,Onsite,E-Commerce,Singapore,Oconnor Inc,Startup,20.0,1,1,233,1,24336.0,0,0,0,2104,0,58,43,20,0,9.1,Corporate,0,14.6,1,0,11,50.6,23.4,0
2020-07-28,Frontend Developer,Internship,Hybrid,EdTech,San Francisco,"Cruz, Dickerson and Beard",Medium,1.0,0,0,1,1,23893.0,0,0,0,2502,3,55,6,0,0,6.3,Corporate,0,25.4,0,19,1,68.1,42.2,0
2020-08-27,ML Engineer,Part-Time,Remote,E-Commerce,London,Wolfe-Allen,Small,26.0,1,0,312,1,37050.0,0,0,0,1433,1,19,51,63,0,9.2,Free,1,9.5,1,15,0,83.5,51.4,1
2018-10-24,Backend Developer,Contract,Onsite,Software,San Francisco,"Ward, Cannon and Evans",Startup,15.0,0,0,159,1,7446.0,0,0,0,1932,3,47,29,54,0,7.5,Corporate,0,24.1,0,12,0,56.7,57.1,1
2021-07-20,ML Engineer,Part-Time,Onsite,Cybersecurity,Berlin,Roberts-Martinez,Small,23.0,1,1,272,1,31155.0,0,0,0,1960,7,12,57,20,0,6.3,Free,1,39.2,1,13,1,63.9,29.7,0
2024-01-20,AI Research Intern,Contract,Onsite,E-Commerce,Sydney,Mccall Group,Startup,39.0,0,1,497,0,34388.0,0,0,0,2989,4,73,67,49,0,2.9,Corporate,0,7.3,1,38,38,13.3,88.1,1
2022-05-11,Cybersecurity Analyst,Full-Time,Onsite,Marketing,Dubai,Garcia-Hernandez,Small,7.0,0,1,104,1,35289.0,0,0,0,1911,2,46,35,50,0,2.1,Corporate,0,18.8,1,36,12,39.6,34.3,0
2026-10-25,Frontend Developer,Contract,Onsite,Healthcare,London,Taylor-Bonilla,Medium,15.0,1,0,190,1,31498.0,0,0,0,2096,4,26,52,34,1,11.2,Free,1,10.6,1,36,50,46.1,83.2,1
2026-01-22,Backend Developer,Part-Time,Hybrid,E-Commerce,Berlin,"Flores, Patterson and Gonzalez",Medium,35.0,1,1,388,1,40513.0,0,0,0,1061,5,9,14,18,0,5.9,Corporate,0,8.8,1,31,37,62.2,17.8,0
2020-10-27,Backend Developer,Full-Time,Onsite,FinTech,Dubai,Evans-Jones,Medium,12.0,1,1,140,1,16968.0,0,0,0,842,1,10,11,4,1,8.7,Corporate,0,13.8,0,11,8,69.0,0.0,0
2018-06-22,UI/UX Designer,Internship,Remote,AI,Singapore,Nguyen-Scott,Small,11.0,1,1,120,1,58680.0,0,0,0,1599,4,20,14,41,0,8.6,Free,1,31.5,1,35,26,48.6,31.6,0
2019-05-15,Frontend Developer,Full-Time,Remote,Gaming,San Francisco,"Carlson, Sullivan and Villarreal",Startup,20.0,1,1,237,0,38421.0,0,0,0,1438,3,51,18,23,0,5.1,Free,1,8.8,1,40,6,50.4,36.8,0
2019-06-02,ML Engineer,Contract,Hybrid,E-Commerce,Toronto,Woods-Wagner,Startup,18.0,1,1,203,1,42648.0,0,0,0,1843,3,67,93,17,0,1.9,Free,1,17.3,1,51,14,31.8,67.6,1
2023-09-14,UI/UX Designer,Contract,Onsite,EdTech,Berlin,Mcdaniel-Reilly,Medium,9.0,1,0,82,1,20000.0,0,0,0,1401,3,46,41,23,0,8.1,Corporate,0,22.9,1,33,9,60.5,31.9,0
2023-07-03,Data Science Intern,Contract,Onsite,Gaming,Singapore,Gomez and Sons,Medium,29.0,1,1,370,1,34970.0,0,0,0,1727,3,33,38,58,1,2.9,Corporate,0,20.1,1,32,34,35.6,58.6,1
2020-08-28,AI Research Intern,Contract,Remote,Cybersecurity,London,George PLC,Enterprise,5.0,0,1,33,1,35752.0,0,0,0,1379,3,62,51,23,0,2.9,Corporate,0,12.6,1,38,21,48.4,48.2,0
2019-10-29,Cloud Engineer,Internship,Remote,AI,New York,Myers LLC,Small,37.0,1,1,463,1,51297.0,0,0,0,2090,7,62,44,9,0,6.4,Corporate,0,25.8,0,15,23,42.9,40.9,0
2023-06-05,AI Research Intern,Internship,Remote,Marketing,San Francisco,Mccall LLC,Small,37.0,1,1,449,0,24293.0,0,1,1766,1932,3,38,30,0,0,9.1,Free,1,6.6,0,25,0,55.4,56.4,1
2025-09-29,Cybersecurity Analyst,Full-Time,Hybrid,Cybersecurity,Toronto,"Evans, Smith and Mcdowell",Medium,11.0,0,1,121,1,,0,0,0,1549,4,20,10,2,0,4.3,Corporate,0,11.8,1,16,44,46.2,38.8,0
2018-01-13,AI Research Intern,Contract,Remote,Gaming,Sydney,"Salas, Moore and Washington",Startup,38.0,1,1,431,1,38091.0,0,0,0,1191,3,31,76,13,0,6.1,Corporate,0,22.0,1,67,28,66.2,28.4,0
2020-04-28,UI/UX Designer,Internship,Onsite,Cybersecurity,Toronto,Young-Price,Startup,6.0,1,1,76,1,42046.0,0,0,0,323,4,33,58,59,1,4.5,Corporate,0,28.1,1,41,23,60.5,55.8,1
2024-11-27,UI/UX Designer,Contract,Remote,Software,San Francisco,Stone Group,Small,28.0,1,0,339,0,36229.0,0,1,3958,1202,0,34,61,21,0,8.3,Corporate,0,23.8,1,36,28,45.9,87.0,1
2026-07-10,AI Research Intern,Part-Time,Remote,Healthcare,Toronto,Perry-Ferguson,Startup,24.0,1,0,291,1,53446.0,0,0,0,2730,2,34,52,38,0,2.7,Corporate,0,40.0,1,31,15,75.1,37.0,0
2022-11-27,Cybersecurity Analyst,Contract,Remote,Healthcare,New York,"Mendoza, Thomas and Sullivan",Startup,4.0,1,1,57,1,33259.0,0,0,0,1723,4,65,86,9,0,3.7,Corporate,0,24.6,0,75,0,58.1,28.3,0
2025-12-08,Marketing Intern,Internship,Onsite,Gaming,San Francisco,Schmidt and Sons,Small,21.0,0,1,231,0,45844.0,0,0,0,1232,5,37,43,35,0,3.3,Free,1,26.7,1,9,45,16.8,69.9,1
2021-07-07,Cybersecurity Analyst,Part-Time,Hybrid,Cybersecurity,Dubai,"Martinez, Robertson and Martin",Startup,17.0,1,1,181,1,13271.0,0,0,0,2322,5,38,25,35,1,3.4,Free,1,17.3,1,21,39,38.6,71.4,1
2021-11-17,UI/UX Designer,Contract,Hybrid,FinTech,Singapore,"Arias, Wells and Alexander",Medium,1.0,1,1,1,0,35397.0,0,0,0,1968,4,47,30,28,0,4.4,Corporate,0,32.8,1,21,0,54.2,14.1,0
2021-04-05,AI Research Intern,Contract,Remote,E-Commerce,London,"Hampton, Keith and Fields",Startup,11.0,1,1,121,0,40111.0,0,0,0,1091,9,52,39,56,0,2.8,Corporate,0,26.2,1,32,33,22.0,53.4,1
2025-04-20,UI/UX Designer,Full-Time,Onsite,Marketing,Toronto,Browning and Sons,Startup,32.0,1,1,390,1,76827.0,0,0,0,1806,4,39,30,0,0,1.2,Corporate,0,23.8,1,0,32,36.9,27.5,0
2018-01-24,Data Science Intern,Internship,Remote,Software,New York,Morales-Patel,Medium,15.0,1,0,181,1,12888.0,0,1,3788,1671,5,25,14,58,0,10.5,Corporate,0,23.9,1,15,36,55.4,75.6,1
2022-04-01,Data Science Intern,Full-Time,Onsite,EdTech,New York,Mcdonald Inc,Medium,39.0,1,1,479,1,51640.0,0,1,554,790,3,21,53,62,0,2.8,Free,1,21.5,0,32,53,60.4,94.4,1
2026-10-18,Cloud Engineer,Internship,Remote,E-Commerce,Singapore,Flynn Ltd,Small,32.0,1,1,361,1,38713.0,0,0,0,2071,2,47,72,0,0,1.9,Corporate,0,5.3,1,34,0,61.8,24.7,0
2018-04-04,UI/UX Designer,Full-Time,Remote,EdTech,San Francisco,Peck Ltd,Medium,26.0,1,0,319,1,20967.0,0,1,390,908,1,13,30,34,0,3.7,Free,1,11.0,1,53,8,82.7,62.9,1
2020-04-05,Cybersecurity Analyst,Full-Time,Remote,Gaming,Dubai,Turner-Hart,Startup,18.0,0,1,205,1,18545.0,0,0,0,1502,1,12,32,13,0,5.8,Corporate,0,5.9,1,19,1,64.0,13.2,0
2025-06-11,ML Engineer,Part-Time,Onsite,AI,Singapore,Oliver-Miranda,Medium,36.0,1,1,424,1,14315.0,0,0,0,1739,3,53,63,23,0,4.1,Corporate,0,12.6,1,0,48,30.8,51.1,1
2022-07-12,Data Science Intern,Full-Time,Remote,Software,Berlin,Horton LLC,Enterprise,13.0,1,1,153,1,22734.0,0,0,0,1270,0,80,42,35,0,6.4,Corporate,0,24.6,0,38,12,40.2,21.4,0
2026-04-12,AI Research Intern,Contract,Remote,Marketing,Singapore,Williams-Marquez,Enterprise,34.0,1,1,402,1,70735.0,0,0,0,2114,1,26,18,0,0,1.3,Corporate,0,10.0,0,40,15,62.5,5.8,0
2022-03-20,UI/UX Designer,Internship,Onsite,AI,Berlin,"Rodriguez, Miller and Hunter",Small,20.0,1,1,269,1,25207.0,0,0,0,1732,3,7,48,77,1,5.2,Corporate,0,14.9,1,31,39,49.1,56.7,1
2018-06-14,Cloud Engineer,Contract,Onsite,Gaming,New York,Perez-Wilkerson,Enterprise,5.0,0,1,66,0,28529.0,0,0,0,1493,2,35,6,69,0,7.2,Corporate,0,11.3,1,37,47,25.4,54.2,1
2025-05-29,Cloud Engineer,Full-Time,Remote,FinTech,Sydney,Davis-Mckinney,Startup,2.0,0,1,17,1,32411.0,0,0,0,937,0,41,55,41,1,2.5,Corporate,0,21.3,0,16,20,55.8,63.3,1
2020-06-14,AI Research Intern,Full-Time,Hybrid,AI,San Francisco,Sweeney Inc,Small,24.0,1,1,284,0,41827.0,0,0,0,2503,4,11,92,38,0,3.5,Free,1,20.9,1,23,52,27.1,55.6,1
2023-11-08,UI/UX Designer,Part-Time,Onsite,AI,New York,Peterson PLC,Medium,12.0,1,1,126,0,37671.0,0,0,0,2616,2,60,62,16,0,0.4,Free,1,23.2,1,24,35,34.9,55.3,1
2026-09-15,ML Engineer,Internship,Remote,AI,Toronto,Clark Group,Enterprise,30.0,1,1,336,0,41449.0,0,1,3737,881,2,30,46,66,0,2.8,Free,1,16.9,1,18,15,58.8,87.7,1
2021-02-21,Backend Developer,Full-Time,Hybrid,Gaming,Bangalore,"Chen, Hill and Rodriguez",Medium,24.0,1,1,269,0,36835.0,0,0,0,2820,4,35,50,26,0,4.1,Corporate,0,28.6,0,11,19,33.2,36.7,0
2021-01-07,Data Science Intern,Full-Time,Onsite,AI,Toronto,Smith-Bell,Medium,8.0,1,1,98,1,20695.0,0,0,0,614,2,42,27,14,0,4.4,Free,1,28.3,1,9,23,47.5,50.1,1
2024-10-30,Data Science Intern,Contract,Onsite,Marketing,Bangalore,Swanson Inc,Small,15.0,1,1,165,0,31126.0,0,1,3771,1722,1,40,49,20,0,12.8,Corporate,0,6.9,0,38,44,33.4,69.3,1
