{
    "loss": 0.4874950647354126,
    "accuracy": 0.9137930870056152
}