Disease,Contagious,Cause_of_Disease,Medication_Required,Hospitalisation_Needed,Care_Recommendations,Chronic_Condition,Average_Recovery_Time_Weeks
Gestational Cholestasis,FALSE,Hormonal and physiological changes during pregnancy,Medication only under obstetric supervision,No,"Eat iron and calcium-rich foods, stay hydrated, avoid stress and heavy physical activity",No,6
Injury to Internal Organ,FALSE,Physical trauma or accident,"Pain relievers, antibiotics, or surgery depending on severity",Yes,"Rest the affected area, consume protein and calcium-rich food, avoid heavy activity, and follow rehabilitation advice",No,8
Scabies,FALSE,"Skin irritation, infection, allergy, or autoimmune response","Topical creams, antihistamines, or prescribed dermatological medication",No,"Keep skin clean, avoid harsh soaps and allergens, eat vitamin-rich food, and avoid scratching affected areas",Yes,12
Congenital Glaucoma,FALSE,"Increased eye pressure, genetics, or age-related degeneration","Eye drops, surgery, or ophthalmic medication",No,"Protect eyes from strain, maintain vitamin A-rich diet, avoid excessive screen time",Yes,12
Avoidant/Restrictive Food Intake Disorder (ARFID),FALSE,"Psychological, neurological, genetic, or environmental factors","Therapy, counseling, or psychiatric medication if prescribed",No,"Maintain healthy routine, sleep properly, avoid stress triggers, eat balanced meals, and engage in mild physical activity",Yes,24
Subdural hemorrhage,FALSE,"Various factors including infections, genetics, lifestyle, or environmental triggers",Consult physician; medication depends on severity and diagnosis,No,"Maintain hydration, eat balanced nutritious food, avoid junk food and alcohol, take adequate rest, and avoid strenuous physical activity until recovery",Yes,12
Poisoning due to Antidepressants,FALSE,"Cardiovascular dysfunction, blocked arteries, or high blood pressure","Blood pressure medication, anticoagulants, or cardiac medication",Yes,"Low-salt diet, avoid fatty foods and smoking, perform light exercise only under medical guidance",Yes,12
Mittelschmerz,FALSE,"Various factors including infections, genetics, lifestyle, or environmental triggers",Consult physician; medication depends on severity and diagnosis,No,"Maintain hydration, eat balanced nutritious food, avoid junk food and alcohol, take adequate rest, and avoid strenuous physical activity until recovery",Yes,12
Cornea Infection,FALSE,"Increased eye pressure, genetics, or age-related degeneration","Eye drops, surgery, or ophthalmic medication",No,"Protect eyes from strain, maintain vitamin A-rich diet, avoid excessive screen time",Yes,12
Myopia,FALSE,"Increased eye pressure, genetics, or age-related degeneration","Eye drops, surgery, or ophthalmic medication",No,"Protect eyes from strain, maintain vitamin A-rich diet, avoid excessive screen time",Yes,12
Abscess of the Lung,TRUE,"Various factors including infections, genetics, lifestyle, or environmental triggers",Consult physician; medication depends on severity and diagnosis,No,"Maintain hydration, eat balanced nutritious food, avoid junk food and alcohol, take adequate rest, and avoid strenuous physical activity until recovery",No,4
Congenital rubella,FALSE,"Increased eye pressure, genetics, or age-related degeneration","Eye drops, surgery, or ophthalmic medication",No,"Protect eyes from strain, maintain vitamin A-rich diet, avoid excessive screen time",Yes,12
Intertrigo,FALSE,"Skin irritation, infection, allergy, or autoimmune response","Topical creams, antihistamines, or prescribed dermatological medication",No,"Keep skin clean, avoid harsh soaps and allergens, eat vitamin-rich food, and avoid scratching affected areas",No,3
Insect Bites,FALSE,Viral or bacterial infection,Antibiotics or antiviral medication as prescribed by a doctor,No,"Drink plenty of fluids, consume light nutritious meals, avoid oily food, rest adequately, and avoid strenuous activity",No,2
Complex Regional Pain Syndrome,FALSE,"Skin irritation, infection, allergy, or autoimmune response","Topical creams, antihistamines, or prescribed dermatological medication",No,"Keep skin clean, avoid harsh soaps and allergens, eat vitamin-rich food, and avoid scratching affected areas",Yes,12
Anxiety,FALSE,"Psychological, neurological, genetic, or environmental factors","Therapy, counseling, or psychiatric medication if prescribed",No,"Maintain healthy routine, sleep properly, avoid stress triggers, eat balanced meals, and engage in mild physical activity",Yes,24
Gastroesophageal Reflux Disease (GERD),FALSE,"Cardiovascular dysfunction, blocked arteries, or high blood pressure","Blood pressure medication, anticoagulants, or cardiac medication",Yes,"Low-salt diet, avoid fatty foods and smoking, perform light exercise only under medical guidance",Yes,12
Crushing Injury,FALSE,Physical trauma or accident,"Pain relievers, antibiotics, or surgery depending on severity",Yes,"Rest the affected area, consume protein and calcium-rich food, avoid heavy activity, and follow rehabilitation advice",Yes,12
Cellulitis,FALSE,"Skin irritation, infection, allergy, or autoimmune response","Topical creams, antihistamines, or prescribed dermatological medication",No,"Keep skin clean, avoid harsh soaps and allergens, eat vitamin-rich food, and avoid scratching affected areas",No,3
Anal Fissure,FALSE,Physical trauma or accident,"Pain relievers, antibiotics, or surgery depending on severity",Yes,"Rest the affected area, consume protein and calcium-rich food, avoid heavy activity, and follow rehabilitation advice",No,8
Neuropathic Pain,FALSE,"Various factors including infections, genetics, lifestyle, or environmental triggers",Consult physician; medication depends on severity and diagnosis,No,"Maintain hydration, eat balanced nutritious food, avoid junk food and alcohol, take adequate rest, and avoid strenuous physical activity until recovery",Yes,12
Common Cold,TRUE,Viral or bacterial infection,Antibiotics or antiviral medication as prescribed by a doctor,No,"Drink plenty of fluids, consume light nutritious meals, avoid oily food, rest adequately, and avoid strenuous activity",Yes,12
Food Allergy,FALSE,"Skin irritation, infection, allergy, or autoimmune response","Topical creams, antihistamines, or prescribed dermatological medication",No,"Keep skin clean, avoid harsh soaps and allergens, eat vitamin-rich food, and avoid scratching affected areas",No,3
Pulmonary Fibrosis,TRUE,"Various factors including infections, genetics, lifestyle, or environmental triggers",Consult physician; medication depends on severity and diagnosis,No,"Maintain hydration, eat balanced nutritious food, avoid junk food and alcohol, take adequate rest, and avoid strenuous physical activity until recovery",Yes,12
Hyperosmotic Hyperketotic State,TRUE,Insulin resistance or insufficient insulin production,Insulin or oral antidiabetic medication,No,"Follow a low-sugar balanced diet, exercise moderately, avoid sugary foods, monitor blood sugar regularly",Yes,12
Overflow Incontinence,FALSE,"Various factors including infections, genetics, lifestyle, or environmental triggers",Consult physician; medication depends on severity and diagnosis,No,"Maintain hydration, eat balanced nutritious food, avoid junk food and alcohol, take adequate rest, and avoid strenuous physical activity until recovery",Yes,12
Abdominal Injury,FALSE,Physical trauma or accident,"Pain relievers, antibiotics, or surgery depending on severity",Yes,"Rest the affected area, consume protein and calcium-rich food, avoid heavy activity, and follow rehabilitation advice",No,8
Hirsutism,FALSE,"Various factors including infections, genetics, lifestyle, or environmental triggers",Consult physician; medication depends on severity and diagnosis,No,"Maintain hydration, eat balanced nutritious food, avoid junk food and alcohol, take adequate rest, and avoid strenuous physical activity until recovery",Yes,12
Neuralgia,FALSE,"Various factors including infections, genetics, lifestyle, or environmental triggers",Consult physician; medication depends on severity and diagnosis,No,"Maintain hydration, eat balanced nutritious food, avoid junk food and alcohol, take adequate rest, and avoid strenuous physical activity until recovery",Yes,12
Warthin tumor,FALSE,Abnormal uncontrolled cell growth due to genetic and environmental factors,"Chemotherapy, targeted therapy, or pain management medication",Yes,"High-protein nutritious diet, regular follow-up care, avoid smoking and alcohol, limit strenuous activity during treatment",Yes,52
Presbycusis,FALSE,"Various factors including infections, genetics, lifestyle, or environmental triggers",Consult physician; medication depends on severity and diagnosis,No,"Maintain hydration, eat balanced nutritious food, avoid junk food and alcohol, take adequate rest, and avoid strenuous physical activity until recovery",No,4
Opioid Use Disorder,FALSE,"Psychological, neurological, genetic, or environmental factors","Therapy, counseling, or psychiatric medication if prescribed",No,"Maintain healthy routine, sleep properly, avoid stress triggers, eat balanced meals, and engage in mild physical activity",Yes,24
Panic disorder,FALSE,"Psychological, neurological, genetic, or environmental factors","Therapy, counseling, or psychiatric medication if prescribed",No,"Maintain healthy routine, sleep properly, avoid stress triggers, eat balanced meals, and engage in mild physical activity",Yes,24
Esophageal Cancer,FALSE,Abnormal uncontrolled cell growth due to genetic and environmental factors,"Chemotherapy, targeted therapy, or pain management medication",Yes,"High-protein nutritious diet, regular follow-up care, avoid smoking and alcohol, limit strenuous activity during treatment",Yes,52
Alcohol Intoxication,FALSE,"Various factors including infections, genetics, lifestyle, or environmental triggers",Consult physician; medication depends on severity and diagnosis,No,"Maintain hydration, eat balanced nutritious food, avoid junk food and alcohol, take adequate rest, and avoid strenuous physical activity until recovery",Yes,12
Pilonidal Cyst,FALSE,Viral or bacterial infection,Antibiotics or antiviral medication as prescribed by a doctor,No,"Drink plenty of fluids, consume light nutritious meals, avoid oily food, rest adequately, and avoid strenuous activity",Yes,12
Gestational Diabetes,FALSE,Hormonal and physiological changes during pregnancy,Medication only under obstetric supervision,No,"Eat iron and calcium-rich foods, stay hydrated, avoid stress and heavy physical activity",Yes,12
Drug Withdrawal,FALSE,"Increased eye pressure, genetics, or age-related degeneration","Eye drops, surgery, or ophthalmic medication",No,"Protect eyes from strain, maintain vitamin A-rich diet, avoid excessive screen time",Yes,12
Fetal Alcohol Syndrome,FALSE,"Various factors including infections, genetics, lifestyle, or environmental triggers",Consult physician; medication depends on severity and diagnosis,No,"Maintain hydration, eat balanced nutritious food, avoid junk food and alcohol, take adequate rest, and avoid strenuous physical activity until recovery",Yes,12
Polycythemia Vera,TRUE,"Various factors including infections, genetics, lifestyle, or environmental triggers",Consult physician; medication depends on severity and diagnosis,No,"Maintain hydration, eat balanced nutritious food, avoid junk food and alcohol, take adequate rest, and avoid strenuous physical activity until recovery",Yes,12
Osteoarthritis,FALSE,"Various factors including infections, genetics, lifestyle, or environmental triggers",Consult physician; medication depends on severity and diagnosis,No,"Maintain hydration, eat balanced nutritious food, avoid junk food and alcohol, take adequate rest, and avoid strenuous physical activity until recovery",Yes,12
Fracture of the Neck,FALSE,Physical trauma or accident,"Pain relievers, antibiotics, or surgery depending on severity",Yes,"Rest the affected area, consume protein and calcium-rich food, avoid heavy activity, and follow rehabilitation advice",No,8
Myoclonus,FALSE,"Various factors including infections, genetics, lifestyle, or environmental triggers",Consult physician; medication depends on severity and diagnosis,No,"Maintain hydration, eat balanced nutritious food, avoid junk food and alcohol, take adequate rest, and avoid strenuous physical activity until recovery",Yes,12
Foreign Body in the Gastrointestinal Tract,TRUE,Physical trauma or accident,"Pain relievers, antibiotics, or surgery depending on severity",Yes,"Rest the affected area, consume protein and calcium-rich food, avoid heavy activity, and follow rehabilitation advice",Yes,12
Coronary Atherosclerosis,TRUE,"Cardiovascular dysfunction, blocked arteries, or high blood pressure","Blood pressure medication, anticoagulants, or cardiac medication",Yes,"Low-salt diet, avoid fatty foods and smoking, perform light exercise only under medical guidance",Yes,12
Hypertensive Heart Disease,TRUE,"Cardiovascular dysfunction, blocked arteries, or high blood pressure","Blood pressure medication, anticoagulants, or cardiac medication",Yes,"Low-salt diet, avoid fatty foods and smoking, perform light exercise only under medical guidance",Yes,12
Mumps,TRUE,"Various factors including infections, genetics, lifestyle, or environmental triggers",Consult physician; medication depends on severity and diagnosis,No,"Maintain hydration, eat balanced nutritious food, avoid junk food and alcohol, take adequate rest, and avoid strenuous physical activity until recovery",No,4
Cholesteatoma,FALSE,Viral or bacterial infection,Antibiotics or antiviral medication as prescribed by a doctor,No,"Drink plenty of fluids, consume light nutritious meals, avoid oily food, rest adequately, and avoid strenuous activity",No,2
Polycystic Kidney Disease,FALSE,"Various factors including infections, genetics, lifestyle, or environmental triggers",Consult physician; medication depends on severity and diagnosis,No,"Maintain hydration, eat balanced nutritious food, avoid junk food and alcohol, take adequate rest, and avoid strenuous physical activity until recovery",No,4
Juvenile Rheumatoid Arthritis,TRUE,"Skin irritation, infection, allergy, or autoimmune response","Topical creams, antihistamines, or prescribed dermatological medication",No,"Keep skin clean, avoid harsh soaps and allergens, eat vitamin-rich food, and avoid scratching affected areas",Yes,12
Hypospadias,FALSE,"Various factors including infections, genetics, lifestyle, or environmental triggers",Consult physician; medication depends on severity and diagnosis,No,"Maintain hydration, eat balanced nutritious food, avoid junk food and alcohol, take adequate rest, and avoid strenuous physical activity until recovery",Yes,12
Parotid stones,FALSE,"Various factors including infections, genetics, lifestyle, or environmental triggers",Consult physician; medication depends on severity and diagnosis,No,"Maintain hydration, eat balanced nutritious food, avoid junk food and alcohol, take adequate rest, and avoid strenuous physical activity until recovery",No,4
Achalasia,FALSE,"Various factors including infections, genetics, lifestyle, or environmental triggers",Consult physician; medication depends on severity and diagnosis,No,"Maintain hydration, eat balanced nutritious food, avoid junk food and alcohol, take adequate rest, and avoid strenuous physical activity until recovery",Yes,12
Rumination Disorder,FALSE,"Psychological, neurological, genetic, or environmental factors","Therapy, counseling, or psychiatric medication if prescribed",No,"Maintain healthy routine, sleep properly, avoid stress triggers, eat balanced meals, and engage in mild physical activity",Yes,24
Bronchitis,TRUE,Viral or bacterial infection,Antibiotics or antiviral medication as prescribed by a doctor,No,"Drink plenty of fluids, consume light nutritious meals, avoid oily food, rest adequately, and avoid strenuous activity",No,2
Balanitis,FALSE,Viral or bacterial infection,Antibiotics or antiviral medication as prescribed by a doctor,No,"Drink plenty of fluids, consume light nutritious meals, avoid oily food, rest adequately, and avoid strenuous activity",No,2
Ectopic Pregnancy,FALSE,Hormonal and physiological changes during pregnancy,Medication only under obstetric supervision,No,"Eat iron and calcium-rich foods, stay hydrated, avoid stress and heavy physical activity",Yes,12
Atelectasis,FALSE,Viral or bacterial infection,Antibiotics or antiviral medication as prescribed by a doctor,No,"Drink plenty of fluids, consume light nutritious meals, avoid oily food, rest adequately, and avoid strenuous activity",Yes,12
Anorexia Nervosa,FALSE,"Various factors including infections, genetics, lifestyle, or environmental triggers",Consult physician; medication depends on severity and diagnosis,No,"Maintain hydration, eat balanced nutritious food, avoid junk food and alcohol, take adequate rest, and avoid strenuous physical activity until recovery",Yes,12
Hypergammaglobulinemia,FALSE,"Various factors including infections, genetics, lifestyle, or environmental triggers",Consult physician; medication depends on severity and diagnosis,No,"Maintain hydration, eat balanced nutritious food, avoid junk food and alcohol, take adequate rest, and avoid strenuous physical activity until recovery",Yes,12
Pregnancy-Induced Hypertension,FALSE,Hormonal and physiological changes during pregnancy,Medication only under obstetric supervision,No,"Eat iron and calcium-rich foods, stay hydrated, avoid stress and heavy physical activity",Yes,12
Chorioretinitis,FALSE,"Increased eye pressure, genetics, or age-related degeneration","Eye drops, surgery, or ophthalmic medication",No,"Protect eyes from strain, maintain vitamin A-rich diet, avoid excessive screen time",Yes,12
Open-Angle Glaucoma,FALSE,"Increased eye pressure, genetics, or age-related degeneration","Eye drops, surgery, or ophthalmic medication",No,"Protect eyes from strain, maintain vitamin A-rich diet, avoid excessive screen time",Yes,12
Cranial Nerve Palsy,FALSE,"Increased eye pressure, genetics, or age-related degeneration","Eye drops, surgery, or ophthalmic medication",No,"Protect eyes from strain, maintain vitamin A-rich diet, avoid excessive screen time",Yes,12
Corneal Abrasion,FALSE,"Increased eye pressure, genetics, or age-related degeneration","Eye drops, surgery, or ophthalmic medication",No,"Protect eyes from strain, maintain vitamin A-rich diet, avoid excessive screen time",Yes,12
Hiatal Hernia,FALSE,"Cardiovascular dysfunction, blocked arteries, or high blood pressure","Blood pressure medication, anticoagulants, or cardiac medication",Yes,"Low-salt diet, avoid fatty foods and smoking, perform light exercise only under medical guidance",Yes,12
Type 2 Diabetes,TRUE,Insulin resistance or insufficient insulin production,Insulin or oral antidiabetic medication,No,"Follow a low-sugar balanced diet, exercise moderately, avoid sugary foods, monitor blood sugar regularly",Yes,12
Uterine Fibroids,FALSE,"Various factors including infections, genetics, lifestyle, or environmental triggers",Consult physician; medication depends on severity and diagnosis,No,"Maintain hydration, eat balanced nutritious food, avoid junk food and alcohol, take adequate rest, and avoid strenuous physical activity until recovery",Yes,12
Angle-Closure Glaucoma,FALSE,"Increased eye pressure, genetics, or age-related degeneration","Eye drops, surgery, or ophthalmic medication",No,"Protect eyes from strain, maintain vitamin A-rich diet, avoid excessive screen time",Yes,12
Chronic Headache,FALSE,"Various factors including infections, genetics, lifestyle, or environmental triggers",Consult physician; medication depends on severity and diagnosis,No,"Maintain hydration, eat balanced nutritious food, avoid junk food and alcohol, take adequate rest, and avoid strenuous physical activity until recovery",Yes,12
Acute Kidney Injury,TRUE,Physical trauma or accident,"Pain relievers, antibiotics, or surgery depending on severity",Yes,"Rest the affected area, consume protein and calcium-rich food, avoid heavy activity, and follow rehabilitation advice",Yes,12
Scarlet Fever,TRUE,"Skin irritation, infection, allergy, or autoimmune response","Topical creams, antihistamines, or prescribed dermatological medication",No,"Keep skin clean, avoid harsh soaps and allergens, eat vitamin-rich food, and avoid scratching affected areas",No,3
Thoracic Aortic Aneurysm,FALSE,"Various factors including infections, genetics, lifestyle, or environmental triggers",Consult physician; medication depends on severity and diagnosis,No,"Maintain hydration, eat balanced nutritious food, avoid junk food and alcohol, take adequate rest, and avoid strenuous physical activity until recovery",Yes,12
Scleroderma,FALSE,"Skin irritation, infection, allergy, or autoimmune response","Topical creams, antihistamines, or prescribed dermatological medication",No,"Keep skin clean, avoid harsh soaps and allergens, eat vitamin-rich food, and avoid scratching affected areas",Yes,12
Bone Spur of the Calcaneus,FALSE,"Various factors including infections, genetics, lifestyle, or environmental triggers",Consult physician; medication depends on severity and diagnosis,No,"Maintain hydration, eat balanced nutritious food, avoid junk food and alcohol, take adequate rest, and avoid strenuous physical activity until recovery",Yes,12
Ethylene glycol poisoning-2,FALSE,"Cardiovascular dysfunction, blocked arteries, or high blood pressure","Blood pressure medication, anticoagulants, or cardiac medication",Yes,"Low-salt diet, avoid fatty foods and smoking, perform light exercise only under medical guidance",Yes,12
Pica,FALSE,"Various factors including infections, genetics, lifestyle, or environmental triggers",Consult physician; medication depends on severity and diagnosis,No,"Maintain hydration, eat balanced nutritious food, avoid junk food and alcohol, take adequate rest, and avoid strenuous physical activity until recovery",Yes,12
Induced Abortion,TRUE,Hormonal and physiological changes during pregnancy,Medication only under obstetric supervision,No,"Eat iron and calcium-rich foods, stay hydrated, avoid stress and heavy physical activity",Yes,12
Tension Headache,FALSE,"Various factors including infections, genetics, lifestyle, or environmental triggers",Consult physician; medication depends on severity and diagnosis,No,"Maintain hydration, eat balanced nutritious food, avoid junk food and alcohol, take adequate rest, and avoid strenuous physical activity until recovery",No,4
Tuberculosis,TRUE,"Various factors including infections, genetics, lifestyle, or environmental triggers",Consult physician; medication depends on severity and diagnosis,No,"Maintain hydration, eat balanced nutritious food, avoid junk food and alcohol, take adequate rest, and avoid strenuous physical activity until recovery",Yes,12
Urethral Valves,FALSE,Viral or bacterial infection,Antibiotics or antiviral medication as prescribed by a doctor,No,"Drink plenty of fluids, consume light nutritious meals, avoid oily food, rest adequately, and avoid strenuous activity",Yes,12
Hashimoto Thyroiditis,TRUE,"Psychological, neurological, genetic, or environmental factors","Therapy, counseling, or psychiatric medication if prescribed",No,"Maintain healthy routine, sleep properly, avoid stress triggers, eat balanced meals, and engage in mild physical activity",Yes,24
Parkinson Disease,FALSE,"Various factors including infections, genetics, lifestyle, or environmental triggers",Consult physician; medication depends on severity and diagnosis,No,"Maintain hydration, eat balanced nutritious food, avoid junk food and alcohol, take adequate rest, and avoid strenuous physical activity until recovery",Yes,12
Cryptorchidism,FALSE,"Various factors including infections, genetics, lifestyle, or environmental triggers",Consult physician; medication depends on severity and diagnosis,No,"Maintain hydration, eat balanced nutritious food, avoid junk food and alcohol, take adequate rest, and avoid strenuous physical activity until recovery",Yes,12
Mucocele,FALSE,Viral or bacterial infection,Antibiotics or antiviral medication as prescribed by a doctor,No,"Drink plenty of fluids, consume light nutritious meals, avoid oily food, rest adequately, and avoid strenuous activity",No,2
Empyema,TRUE,"Various factors including infections, genetics, lifestyle, or environmental triggers",Consult physician; medication depends on severity and diagnosis,No,"Maintain hydration, eat balanced nutritious food, avoid junk food and alcohol, take adequate rest, and avoid strenuous physical activity until recovery",No,4
Abdominal Hernia,FALSE,"Various factors including infections, genetics, lifestyle, or environmental triggers",Consult physician; medication depends on severity and diagnosis,No,"Maintain hydration, eat balanced nutritious food, avoid junk food and alcohol, take adequate rest, and avoid strenuous physical activity until recovery",Yes,12
Hemarthrosis,FALSE,"Various factors including infections, genetics, lifestyle, or environmental triggers",Consult physician; medication depends on severity and diagnosis,No,"Maintain hydration, eat balanced nutritious food, avoid junk food and alcohol, take adequate rest, and avoid strenuous physical activity until recovery",No,4
Pregnancy-Related Back Pain,FALSE,Hormonal and physiological changes during pregnancy,Medication only under obstetric supervision,No,"Eat iron and calcium-rich foods, stay hydrated, avoid stress and heavy physical activity",Yes,12
Muscle Spasm,FALSE,Viral or bacterial infection,Antibiotics or antiviral medication as prescribed by a doctor,No,"Drink plenty of fluids, consume light nutritious meals, avoid oily food, rest adequately, and avoid strenuous activity",Yes,12
Diverticulosis,FALSE,"Various factors including infections, genetics, lifestyle, or environmental triggers",Consult physician; medication depends on severity and diagnosis,No,"Maintain hydration, eat balanced nutritious food, avoid junk food and alcohol, take adequate rest, and avoid strenuous physical activity until recovery",Yes,12
Dry Skin,FALSE,"Skin irritation, infection, allergy, or autoimmune response","Topical creams, antihistamines, or prescribed dermatological medication",No,"Keep skin clean, avoid harsh soaps and allergens, eat vitamin-rich food, and avoid scratching affected areas",No,3
Alcohol Use Disorder,FALSE,"Psychological, neurological, genetic, or environmental factors","Therapy, counseling, or psychiatric medication if prescribed",No,"Maintain healthy routine, sleep properly, avoid stress triggers, eat balanced meals, and engage in mild physical activity",Yes,24
Muscular Dystrophy,FALSE,"Various factors including infections, genetics, lifestyle, or environmental triggers",Consult physician; medication depends on severity and diagnosis,No,"Maintain hydration, eat balanced nutritious food, avoid junk food and alcohol, take adequate rest, and avoid strenuous physical activity until recovery",Yes,12
Vaginal Yeast Infection,FALSE,"Skin irritation, infection, allergy, or autoimmune response","Topical creams, antihistamines, or prescribed dermatological medication",No,"Keep skin clean, avoid harsh soaps and allergens, eat vitamin-rich food, and avoid scratching affected areas",Yes,12
Osteoporosis,FALSE,Physical trauma or accident,"Pain relievers, antibiotics, or surgery depending on severity",Yes,"Rest the affected area, consume protein and calcium-rich food, avoid heavy activity, and follow rehabilitation advice",Yes,12
Syndrome of Inappropriate Secretion of ADH (SIADH),FALSE,Viral or bacterial infection,Antibiotics or antiviral medication as prescribed by a doctor,No,"Drink plenty of fluids, consume light nutritious meals, avoid oily food, rest adequately, and avoid strenuous activity",Yes,12
Myasthenia Gravis,TRUE,"Various factors including infections, genetics, lifestyle, or environmental triggers",Consult physician; medication depends on severity and diagnosis,No,"Maintain hydration, eat balanced nutritious food, avoid junk food and alcohol, take adequate rest, and avoid strenuous physical activity until recovery",Yes,12
Torticollis,FALSE,"Various factors including infections, genetics, lifestyle, or environmental triggers",Consult physician; medication depends on severity and diagnosis,No,"Maintain hydration, eat balanced nutritious food, avoid junk food and alcohol, take adequate rest, and avoid strenuous physical activity until recovery",Yes,12
Complex Regional Pain Syndrome (CRPS),FALSE,"Skin irritation, infection, allergy, or autoimmune response","Topical creams, antihistamines, or prescribed dermatological medication",No,"Keep skin clean, avoid harsh soaps and allergens, eat vitamin-rich food, and avoid scratching affected areas",Yes,12
Gastroenteritis (Stomach Flu),TRUE,Viral or bacterial infection,Antibiotics or antiviral medication as prescribed by a doctor,No,"Drink plenty of fluids, consume light nutritious meals, avoid oily food, rest adequately, and avoid strenuous activity",Yes,12
Scleritis,FALSE,"Increased eye pressure, genetics, or age-related degeneration","Eye drops, surgery, or ophthalmic medication",No,"Protect eyes from strain, maintain vitamin A-rich diet, avoid excessive screen time",Yes,12
Cirrhosis,TRUE,Physical trauma or accident,"Pain relievers, antibiotics, or surgery depending on severity",Yes,"Rest the affected area, consume protein and calcium-rich food, avoid heavy activity, and follow rehabilitation advice",Yes,12
Lung Contusion,TRUE,Physical trauma or accident,"Pain relievers, antibiotics, or surgery depending on severity",Yes,"Rest the affected area, consume protein and calcium-rich food, avoid heavy activity, and follow rehabilitation advice",Yes,12
Corneal Disorder,FALSE,"Increased eye pressure, genetics, or age-related degeneration","Eye drops, surgery, or ophthalmic medication",No,"Protect eyes from strain, maintain vitamin A-rich diet, avoid excessive screen time",Yes,12
Mucoepidermoid carcinoma,FALSE,"Various factors including infections, genetics, lifestyle, or environmental triggers",Consult physician; medication depends on severity and diagnosis,No,"Maintain hydration, eat balanced nutritious food, avoid junk food and alcohol, take adequate rest, and avoid strenuous physical activity until recovery",Yes,12
Carpal Tunnel Syndrome,FALSE,Viral or bacterial infection,Antibiotics or antiviral medication as prescribed by a doctor,No,"Drink plenty of fluids, consume light nutritious meals, avoid oily food, rest adequately, and avoid strenuous activity",No,2
Macular Degeneration,FALSE,"Increased eye pressure, genetics, or age-related degeneration","Eye drops, surgery, or ophthalmic medication",No,"Protect eyes from strain, maintain vitamin A-rich diet, avoid excessive screen time",Yes,12
Atrophic vaginitis,FALSE,Viral or bacterial infection,Antibiotics or antiviral medication as prescribed by a doctor,No,"Drink plenty of fluids, consume light nutritious meals, avoid oily food, rest adequately, and avoid strenuous activity",Yes,12
Osteochondrosis,FALSE,"Various factors including infections, genetics, lifestyle, or environmental triggers",Consult physician; medication depends on severity and diagnosis,No,"Maintain hydration, eat balanced nutritious food, avoid junk food and alcohol, take adequate rest, and avoid strenuous physical activity until recovery",Yes,12
Chronic Inflammatory Demyelinating Polyneuropathy (CIDP),FALSE,"Various factors including infections, genetics, lifestyle, or environmental triggers",Consult physician; medication depends on severity and diagnosis,No,"Maintain hydration, eat balanced nutritious food, avoid junk food and alcohol, take adequate rest, and avoid strenuous physical activity until recovery",Yes,12
Parasitic Infections,FALSE,Viral or bacterial infection,Antibiotics or antiviral medication as prescribed by a doctor,No,"Drink plenty of fluids, consume light nutritious meals, avoid oily food, rest adequately, and avoid strenuous activity",Yes,12
Normal Pressure Hydrocephalus,FALSE,"Various factors including infections, genetics, lifestyle, or environmental triggers",Consult physician; medication depends on severity and diagnosis,No,"Maintain hydration, eat balanced nutritious food, avoid junk food and alcohol, take adequate rest, and avoid strenuous physical activity until recovery",Yes,12
Kidney Stone,FALSE,Viral or bacterial infection,Antibiotics or antiviral medication as prescribed by a doctor,No,"Drink plenty of fluids, consume light nutritious meals, avoid oily food, rest adequately, and avoid strenuous activity",Yes,12
Pituitary Disorder,FALSE,"Psychological, neurological, genetic, or environmental factors","Therapy, counseling, or psychiatric medication if prescribed",No,"Maintain healthy routine, sleep properly, avoid stress triggers, eat balanced meals, and engage in mild physical activity",Yes,24
Pinguecula,FALSE,"Increased eye pressure, genetics, or age-related degeneration","Eye drops, surgery, or ophthalmic medication",No,"Protect eyes from strain, maintain vitamin A-rich diet, avoid excessive screen time",Yes,12
Influenza (Flu),TRUE,Viral or bacterial infection,Antibiotics or antiviral medication as prescribed by a doctor,No,"Drink plenty of fluids, consume light nutritious meals, avoid oily food, rest adequately, and avoid strenuous activity",Yes,12
Cat Scratch Disease,TRUE,"Skin irritation, infection, allergy, or autoimmune response","Topical creams, antihistamines, or prescribed dermatological medication",No,"Keep skin clean, avoid harsh soaps and allergens, eat vitamin-rich food, and avoid scratching affected areas",No,3
Hyperemesis Gravidarum,FALSE,Hormonal and physiological changes during pregnancy,Medication only under obstetric supervision,No,"Eat iron and calcium-rich foods, stay hydrated, avoid stress and heavy physical activity",Yes,12
Diabetic retinopathy,FALSE,"Increased eye pressure, genetics, or age-related degeneration","Eye drops, surgery, or ophthalmic medication",No,"Protect eyes from strain, maintain vitamin A-rich diet, avoid excessive screen time",Yes,12
Aplastic Anemia,TRUE,Physical trauma or accident,"Pain relievers, antibiotics, or surgery depending on severity",Yes,"Rest the affected area, consume protein and calcium-rich food, avoid heavy activity, and follow rehabilitation advice",Yes,12
Wilson Disease,TRUE,"Various factors including infections, genetics, lifestyle, or environmental triggers",Consult physician; medication depends on severity and diagnosis,No,"Maintain hydration, eat balanced nutritious food, avoid junk food and alcohol, take adequate rest, and avoid strenuous physical activity until recovery",Yes,12
Drug Abuse (Barbiturates),FALSE,"Psychological, neurological, genetic, or environmental factors","Therapy, counseling, or psychiatric medication if prescribed",No,"Maintain healthy routine, sleep properly, avoid stress triggers, eat balanced meals, and engage in mild physical activity",No,8
Primary Insomnia,FALSE,"Various factors including infections, genetics, lifestyle, or environmental triggers",Consult physician; medication depends on severity and diagnosis,No,"Maintain hydration, eat balanced nutritious food, avoid junk food and alcohol, take adequate rest, and avoid strenuous physical activity until recovery",Yes,12
Mastoiditis,TRUE,Viral or bacterial infection,Antibiotics or antiviral medication as prescribed by a doctor,No,"Drink plenty of fluids, consume light nutritious meals, avoid oily food, rest adequately, and avoid strenuous activity",Yes,12
Acinic cell carcinoma,FALSE,"Various factors including infections, genetics, lifestyle, or environmental triggers",Consult physician; medication depends on severity and diagnosis,No,"Maintain hydration, eat balanced nutritious food, avoid junk food and alcohol, take adequate rest, and avoid strenuous physical activity until recovery",Yes,12
Arthritis,FALSE,"Various factors including infections, genetics, lifestyle, or environmental triggers",Consult physician; medication depends on severity and diagnosis,No,"Maintain hydration, eat balanced nutritious food, avoid junk food and alcohol, take adequate rest, and avoid strenuous physical activity until recovery",Yes,12
Wharton's duct stones,FALSE,"Various factors including infections, genetics, lifestyle, or environmental triggers",Consult physician; medication depends on severity and diagnosis,No,"Maintain hydration, eat balanced nutritious food, avoid junk food and alcohol, take adequate rest, and avoid strenuous physical activity until recovery",No,4
Pharyngitis,TRUE,Viral or bacterial infection,Antibiotics or antiviral medication as prescribed by a doctor,No,"Drink plenty of fluids, consume light nutritious meals, avoid oily food, rest adequately, and avoid strenuous activity",No,2
Pericarditis,TRUE,Viral or bacterial infection,Antibiotics or antiviral medication as prescribed by a doctor,No,"Drink plenty of fluids, consume light nutritious meals, avoid oily food, rest adequately, and avoid strenuous activity",Yes,12
Antihypertensives Poisoning,FALSE,"Cardiovascular dysfunction, blocked arteries, or high blood pressure","Blood pressure medication, anticoagulants, or cardiac medication",Yes,"Low-salt diet, avoid fatty foods and smoking, perform light exercise only under medical guidance",Yes,12
Hypothyroidism,TRUE,"Psychological, neurological, genetic, or environmental factors","Therapy, counseling, or psychiatric medication if prescribed",No,"Maintain healthy routine, sleep properly, avoid stress triggers, eat balanced meals, and engage in mild physical activity",Yes,24
Oral Leukoplakia,FALSE,"Various factors including infections, genetics, lifestyle, or environmental triggers",Consult physician; medication depends on severity and diagnosis,No,"Maintain hydration, eat balanced nutritious food, avoid junk food and alcohol, take adequate rest, and avoid strenuous physical activity until recovery",Yes,12
Seborrheic Dermatitis,FALSE,"Skin irritation, infection, allergy, or autoimmune response","Topical creams, antihistamines, or prescribed dermatological medication",No,"Keep skin clean, avoid harsh soaps and allergens, eat vitamin-rich food, and avoid scratching affected areas",No,3
Hydrocephalus,FALSE,Viral or bacterial infection,Antibiotics or antiviral medication as prescribed by a doctor,No,"Drink plenty of fluids, consume light nutritious meals, avoid oily food, rest adequately, and avoid strenuous activity",Yes,12
Marijuana Abuse,FALSE,"Psychological, neurological, genetic, or environmental factors","Therapy, counseling, or psychiatric medication if prescribed",No,"Maintain healthy routine, sleep properly, avoid stress triggers, eat balanced meals, and engage in mild physical activity",Yes,24
Chronic Otitis Media,FALSE,Viral or bacterial infection,Antibiotics or antiviral medication as prescribed by a doctor,No,"Drink plenty of fluids, consume light nutritious meals, avoid oily food, rest adequately, and avoid strenuous activity",No,2
Pterygium,FALSE,"Increased eye pressure, genetics, or age-related degeneration","Eye drops, surgery, or ophthalmic medication",No,"Protect eyes from strain, maintain vitamin A-rich diet, avoid excessive screen time",Yes,12
Hepatic Encephalopathy,FALSE,"Various factors including infections, genetics, lifestyle, or environmental triggers",Consult physician; medication depends on severity and diagnosis,No,"Maintain hydration, eat balanced nutritious food, avoid junk food and alcohol, take adequate rest, and avoid strenuous physical activity until recovery",Yes,12
Tietze Syndrome,FALSE,"Various factors including infections, genetics, lifestyle, or environmental triggers",Consult physician; medication depends on severity and diagnosis,No,"Maintain hydration, eat balanced nutritious food, avoid junk food and alcohol, take adequate rest, and avoid strenuous physical activity until recovery",Yes,12
Nose Disorder,TRUE,"Psychological, neurological, genetic, or environmental factors","Therapy, counseling, or psychiatric medication if prescribed",No,"Maintain healthy routine, sleep properly, avoid stress triggers, eat balanced meals, and engage in mild physical activity",Yes,24
Exfoliation Glaucoma,FALSE,"Increased eye pressure, genetics, or age-related degeneration","Eye drops, surgery, or ophthalmic medication",No,"Protect eyes from strain, maintain vitamin A-rich diet, avoid excessive screen time",Yes,12
Protein Deficiency,TRUE,"Various factors including infections, genetics, lifestyle, or environmental triggers",Consult physician; medication depends on severity and diagnosis,No,"Maintain hydration, eat balanced nutritious food, avoid junk food and alcohol, take adequate rest, and avoid strenuous physical activity until recovery",No,4
Thrombocytopenia,FALSE,Physical trauma or accident,"Pain relievers, antibiotics, or surgery depending on severity",Yes,"Rest the affected area, consume protein and calcium-rich food, avoid heavy activity, and follow rehabilitation advice",Yes,12
Alopecia,FALSE,"Various factors including infections, genetics, lifestyle, or environmental triggers",Consult physician; medication depends on severity and diagnosis,No,"Maintain hydration, eat balanced nutritious food, avoid junk food and alcohol, take adequate rest, and avoid strenuous physical activity until recovery",Yes,12
Polymyalgia Rheumatica,TRUE,"Various factors including infections, genetics, lifestyle, or environmental triggers",Consult physician; medication depends on severity and diagnosis,No,"Maintain hydration, eat balanced nutritious food, avoid junk food and alcohol, take adequate rest, and avoid strenuous physical activity until recovery",No,4
Bone Cancer,TRUE,Physical trauma or accident,"Pain relievers, antibiotics, or surgery depending on severity",Yes,"Rest the affected area, consume protein and calcium-rich food, avoid heavy activity, and follow rehabilitation advice",Yes,12
Preeclampsia,FALSE,"Various factors including infections, genetics, lifestyle, or environmental triggers",Consult physician; medication depends on severity and diagnosis,No,"Maintain hydration, eat balanced nutritious food, avoid junk food and alcohol, take adequate rest, and avoid strenuous physical activity until recovery",Yes,12
Hypertrophic Obstructive Cardiomyopathy (HOCM),TRUE,"Cardiovascular dysfunction, blocked arteries, or high blood pressure","Blood pressure medication, anticoagulants, or cardiac medication",Yes,"Low-salt diet, avoid fatty foods and smoking, perform light exercise only under medical guidance",Yes,12
Nonalcoholic Liver Disease (NASH),TRUE,"Various factors including infections, genetics, lifestyle, or environmental triggers",Consult physician; medication depends on severity and diagnosis,No,"Maintain hydration, eat balanced nutritious food, avoid junk food and alcohol, take adequate rest, and avoid strenuous physical activity until recovery",Yes,12
Amyloidosis,TRUE,"Various factors including infections, genetics, lifestyle, or environmental triggers",Consult physician; medication depends on severity and diagnosis,No,"Maintain hydration, eat balanced nutritious food, avoid junk food and alcohol, take adequate rest, and avoid strenuous physical activity until recovery",No,4
Ethylene glycol poisoning-3,FALSE,Viral or bacterial infection,Antibiotics or antiviral medication as prescribed by a doctor,No,"Drink plenty of fluids, consume light nutritious meals, avoid oily food, rest adequately, and avoid strenuous activity",No,2
Fracture of the Rib,FALSE,Physical trauma or accident,"Pain relievers, antibiotics, or surgery depending on severity",Yes,"Rest the affected area, consume protein and calcium-rich food, avoid heavy activity, and follow rehabilitation advice",Yes,12
Breast Cancer,FALSE,Abnormal uncontrolled cell growth due to genetic and environmental factors,"Chemotherapy, targeted therapy, or pain management medication",Yes,"High-protein nutritious diet, regular follow-up care, avoid smoking and alcohol, limit strenuous activity during treatment",Yes,52
Neuromyelitis Optica,FALSE,"Increased eye pressure, genetics, or age-related degeneration","Eye drops, surgery, or ophthalmic medication",No,"Protect eyes from strain, maintain vitamin A-rich diet, avoid excessive screen time",Yes,12
Eye alignment disorder,TRUE,"Increased eye pressure, genetics, or age-related degeneration","Eye drops, surgery, or ophthalmic medication",No,"Protect eyes from strain, maintain vitamin A-rich diet, avoid excessive screen time",Yes,12
Meniere Disease,FALSE,"Various factors including infections, genetics, lifestyle, or environmental triggers",Consult physician; medication depends on severity and diagnosis,No,"Maintain hydration, eat balanced nutritious food, avoid junk food and alcohol, take adequate rest, and avoid strenuous physical activity until recovery",Yes,12
Pituitary Adenoma,TRUE,"Increased eye pressure, genetics, or age-related degeneration","Eye drops, surgery, or ophthalmic medication",No,"Protect eyes from strain, maintain vitamin A-rich diet, avoid excessive screen time",Yes,12
Ischemia of the Bowel,TRUE,"Cardiovascular dysfunction, blocked arteries, or high blood pressure","Blood pressure medication, anticoagulants, or cardiac medication",Yes,"Low-salt diet, avoid fatty foods and smoking, perform light exercise only under medical guidance",Yes,12
Hydrocele of the Testicle,FALSE,"Various factors including infections, genetics, lifestyle, or environmental triggers",Consult physician; medication depends on severity and diagnosis,No,"Maintain hydration, eat balanced nutritious food, avoid junk food and alcohol, take adequate rest, and avoid strenuous physical activity until recovery",No,4
Endometrial Cancer,FALSE,Physical trauma or accident,"Pain relievers, antibiotics, or surgery depending on severity",Yes,"Rest the affected area, consume protein and calcium-rich food, avoid heavy activity, and follow rehabilitation advice",Yes,12
Endometriosis,FALSE,"Various factors including infections, genetics, lifestyle, or environmental triggers",Consult physician; medication depends on severity and diagnosis,No,"Maintain hydration, eat balanced nutritious food, avoid junk food and alcohol, take adequate rest, and avoid strenuous physical activity until recovery",Yes,12
Hydronephrosis,FALSE,"Various factors including infections, genetics, lifestyle, or environmental triggers",Consult physician; medication depends on severity and diagnosis,No,"Maintain hydration, eat balanced nutritious food, avoid junk food and alcohol, take adequate rest, and avoid strenuous physical activity until recovery",Yes,12
Bell Palsy,FALSE,"Increased eye pressure, genetics, or age-related degeneration","Eye drops, surgery, or ophthalmic medication",No,"Protect eyes from strain, maintain vitamin A-rich diet, avoid excessive screen time",Yes,12
Abscess of Nose,FALSE,"Various factors including infections, genetics, lifestyle, or environmental triggers",Consult physician; medication depends on severity and diagnosis,No,"Maintain hydration, eat balanced nutritious food, avoid junk food and alcohol, take adequate rest, and avoid strenuous physical activity until recovery",No,4
Bladder Disorder,FALSE,"Psychological, neurological, genetic, or environmental factors","Therapy, counseling, or psychiatric medication if prescribed",No,"Maintain healthy routine, sleep properly, avoid stress triggers, eat balanced meals, and engage in mild physical activity",Yes,24
Emphysema,TRUE,Viral or bacterial infection,Antibiotics or antiviral medication as prescribed by a doctor,No,"Drink plenty of fluids, consume light nutritious meals, avoid oily food, rest adequately, and avoid strenuous activity",Yes,12
Extrapyramidal Effect of Drugs,FALSE,"Various factors including infections, genetics, lifestyle, or environmental triggers",Consult physician; medication depends on severity and diagnosis,No,"Maintain hydration, eat balanced nutritious food, avoid junk food and alcohol, take adequate rest, and avoid strenuous physical activity until recovery",Yes,12
Vasculitis,TRUE,"Skin irritation, infection, allergy, or autoimmune response","Topical creams, antihistamines, or prescribed dermatological medication",No,"Keep skin clean, avoid harsh soaps and allergens, eat vitamin-rich food, and avoid scratching affected areas",Yes,12
Female Infertility of Unknown Cause,FALSE,"Various factors including infections, genetics, lifestyle, or environmental triggers",Consult physician; medication depends on severity and diagnosis,No,"Maintain hydration, eat balanced nutritious food, avoid junk food and alcohol, take adequate rest, and avoid strenuous physical activity until recovery",Yes,12
Syringomyelia,FALSE,"Various factors including infections, genetics, lifestyle, or environmental triggers",Consult physician; medication depends on severity and diagnosis,No,"Maintain hydration, eat balanced nutritious food, avoid junk food and alcohol, take adequate rest, and avoid strenuous physical activity until recovery",Yes,12
Von Hippel-Lindau Disease,FALSE,Abnormal uncontrolled cell growth due to genetic and environmental factors,"Chemotherapy, targeted therapy, or pain management medication",Yes,"High-protein nutritious diet, regular follow-up care, avoid smoking and alcohol, limit strenuous activity during treatment",Yes,52
Hemorrhoids,FALSE,"Various factors including infections, genetics, lifestyle, or environmental triggers",Consult physician; medication depends on severity and diagnosis,No,"Maintain hydration, eat balanced nutritious food, avoid junk food and alcohol, take adequate rest, and avoid strenuous physical activity until recovery",No,4
Bursitis,FALSE,"Various factors including infections, genetics, lifestyle, or environmental triggers",Consult physician; medication depends on severity and diagnosis,No,"Maintain hydration, eat balanced nutritious food, avoid junk food and alcohol, take adequate rest, and avoid strenuous physical activity until recovery",Yes,12
Cannabis Use Disorder,FALSE,"Increased eye pressure, genetics, or age-related degeneration","Eye drops, surgery, or ophthalmic medication",No,"Protect eyes from strain, maintain vitamin A-rich diet, avoid excessive screen time",Yes,12
Heart Block,TRUE,"Cardiovascular dysfunction, blocked arteries, or high blood pressure","Blood pressure medication, anticoagulants, or cardiac medication",Yes,"Low-salt diet, avoid fatty foods and smoking, perform light exercise only under medical guidance",Yes,12
Hemolytic Anemia,TRUE,"Skin irritation, infection, allergy, or autoimmune response","Topical creams, antihistamines, or prescribed dermatological medication",No,"Keep skin clean, avoid harsh soaps and allergens, eat vitamin-rich food, and avoid scratching affected areas",Yes,12
Benzodiazepine Use Disorder,FALSE,"Increased eye pressure, genetics, or age-related degeneration","Eye drops, surgery, or ophthalmic medication",No,"Protect eyes from strain, maintain vitamin A-rich diet, avoid excessive screen time",Yes,12
Mitral Valve Disease,TRUE,"Cardiovascular dysfunction, blocked arteries, or high blood pressure","Blood pressure medication, anticoagulants, or cardiac medication",Yes,"Low-salt diet, avoid fatty foods and smoking, perform light exercise only under medical guidance",Yes,12
Varicose Veins,FALSE,"Various factors including infections, genetics, lifestyle, or environmental triggers",Consult physician; medication depends on severity and diagnosis,No,"Maintain hydration, eat balanced nutritious food, avoid junk food and alcohol, take adequate rest, and avoid strenuous physical activity until recovery",No,4
Recurrent salivary stones,FALSE,"Various factors including infections, genetics, lifestyle, or environmental triggers",Consult physician; medication depends on severity and diagnosis,No,"Maintain hydration, eat balanced nutritious food, avoid junk food and alcohol, take adequate rest, and avoid strenuous physical activity until recovery",No,4
Ocular Hypertension,FALSE,"Increased eye pressure, genetics, or age-related degeneration","Eye drops, surgery, or ophthalmic medication",No,"Protect eyes from strain, maintain vitamin A-rich diet, avoid excessive screen time",Yes,12
Colonic Polyp,FALSE,Physical trauma or accident,"Pain relievers, antibiotics, or surgery depending on severity",Yes,"Rest the affected area, consume protein and calcium-rich food, avoid heavy activity, and follow rehabilitation advice",Yes,12
Indigestion,FALSE,"Cardiovascular dysfunction, blocked arteries, or high blood pressure","Blood pressure medication, anticoagulants, or cardiac medication",Yes,"Low-salt diet, avoid fatty foods and smoking, perform light exercise only under medical guidance",Yes,12
Acute Glaucoma,FALSE,"Increased eye pressure, genetics, or age-related degeneration","Eye drops, surgery, or ophthalmic medication",No,"Protect eyes from strain, maintain vitamin A-rich diet, avoid excessive screen time",Yes,12
Hypoglycemia,FALSE,"Various factors including infections, genetics, lifestyle, or environmental triggers",Consult physician; medication depends on severity and diagnosis,No,"Maintain hydration, eat balanced nutritious food, avoid junk food and alcohol, take adequate rest, and avoid strenuous physical activity until recovery",Yes,12
Sciatica,FALSE,Viral or bacterial infection,Antibiotics or antiviral medication as prescribed by a doctor,No,"Drink plenty of fluids, consume light nutritious meals, avoid oily food, rest adequately, and avoid strenuous activity",No,2
Type 2 Diabetes,TRUE,Insulin resistance or insufficient insulin production,Insulin or oral antidiabetic medication,No,"Follow a low-sugar balanced diet, exercise moderately, avoid sugary foods, monitor blood sugar regularly",Yes,12
Cystic Fibrosis,TRUE,"Skin irritation, infection, allergy, or autoimmune response","Topical creams, antihistamines, or prescribed dermatological medication",No,"Keep skin clean, avoid harsh soaps and allergens, eat vitamin-rich food, and avoid scratching affected areas",Yes,12
Insulin Overdose,FALSE,"Various factors including infections, genetics, lifestyle, or environmental triggers",Consult physician; medication depends on severity and diagnosis,No,"Maintain hydration, eat balanced nutritious food, avoid junk food and alcohol, take adequate rest, and avoid strenuous physical activity until recovery",Yes,12
Peritonsillar Abscess,TRUE,Viral or bacterial infection,Antibiotics or antiviral medication as prescribed by a doctor,No,"Drink plenty of fluids, consume light nutritious meals, avoid oily food, rest adequately, and avoid strenuous activity",Yes,12
Leishmaniasis,TRUE,"Skin irritation, infection, allergy, or autoimmune response","Topical creams, antihistamines, or prescribed dermatological medication",No,"Keep skin clean, avoid harsh soaps and allergens, eat vitamin-rich food, and avoid scratching affected areas",Yes,12
Pulmonary Congestion,TRUE,"Cardiovascular dysfunction, blocked arteries, or high blood pressure","Blood pressure medication, anticoagulants, or cardiac medication",Yes,"Low-salt diet, avoid fatty foods and smoking, perform light exercise only under medical guidance",Yes,12
Magnesium Deficiency,TRUE,"Increased eye pressure, genetics, or age-related degeneration","Eye drops, surgery, or ophthalmic medication",No,"Protect eyes from strain, maintain vitamin A-rich diet, avoid excessive screen time",Yes,12
Fracture of the Shoulder,FALSE,Physical trauma or accident,"Pain relievers, antibiotics, or surgery depending on severity",Yes,"Rest the affected area, consume protein and calcium-rich food, avoid heavy activity, and follow rehabilitation advice",Yes,12
Thrombophlebitis,TRUE,"Skin irritation, infection, allergy, or autoimmune response","Topical creams, antihistamines, or prescribed dermatological medication",No,"Keep skin clean, avoid harsh soaps and allergens, eat vitamin-rich food, and avoid scratching affected areas",Yes,12
Encephalitis,TRUE,Viral or bacterial infection,Antibiotics or antiviral medication as prescribed by a doctor,No,"Drink plenty of fluids, consume light nutritious meals, avoid oily food, rest adequately, and avoid strenuous activity",Yes,12
Fat Embolism,FALSE,"Skin irritation, infection, allergy, or autoimmune response","Topical creams, antihistamines, or prescribed dermatological medication",No,"Keep skin clean, avoid harsh soaps and allergens, eat vitamin-rich food, and avoid scratching affected areas",Yes,12
Cyst of the Eyelid,FALSE,"Increased eye pressure, genetics, or age-related degeneration","Eye drops, surgery, or ophthalmic medication",No,"Protect eyes from strain, maintain vitamin A-rich diet, avoid excessive screen time",Yes,12
Dislocation of the Patella,FALSE,"Various factors including infections, genetics, lifestyle, or environmental triggers",Consult physician; medication depends on severity and diagnosis,No,"Maintain hydration, eat balanced nutritious food, avoid junk food and alcohol, take adequate rest, and avoid strenuous physical activity until recovery",Yes,12
Conjunctivitis due to Allergy,FALSE,"Increased eye pressure, genetics, or age-related degeneration","Eye drops, surgery, or ophthalmic medication",No,"Protect eyes from strain, maintain vitamin A-rich diet, avoid excessive screen time",Yes,12
Coagulation (Bleeding) Disorder,FALSE,Physical trauma or accident,"Pain relievers, antibiotics, or surgery depending on severity",Yes,"Rest the affected area, consume protein and calcium-rich food, avoid heavy activity, and follow rehabilitation advice",Yes,12
Idiopathic Absence of Menstruation,FALSE,"Various factors including infections, genetics, lifestyle, or environmental triggers",Consult physician; medication depends on severity and diagnosis,No,"Maintain hydration, eat balanced nutritious food, avoid junk food and alcohol, take adequate rest, and avoid strenuous physical activity until recovery",Yes,12
Migraine,FALSE,"Various factors including infections, genetics, lifestyle, or environmental triggers",Consult physician; medication depends on severity and diagnosis,No,"Maintain hydration, eat balanced nutritious food, avoid junk food and alcohol, take adequate rest, and avoid strenuous physical activity until recovery",Yes,12
Temporomandibular Joint Disorder,FALSE,"Psychological, neurological, genetic, or environmental factors","Therapy, counseling, or psychiatric medication if prescribed",No,"Maintain healthy routine, sleep properly, avoid stress triggers, eat balanced meals, and engage in mild physical activity",Yes,24
Vitamin A Deficiency,FALSE,"Increased eye pressure, genetics, or age-related degeneration","Eye drops, surgery, or ophthalmic medication",No,"Protect eyes from strain, maintain vitamin A-rich diet, avoid excessive screen time",Yes,12
Glucocorticoid Deficiency,TRUE,"Various factors including infections, genetics, lifestyle, or environmental triggers",Consult physician; medication depends on severity and diagnosis,No,"Maintain hydration, eat balanced nutritious food, avoid junk food and alcohol, take adequate rest, and avoid strenuous physical activity until recovery",Yes,12
Astigmatism,FALSE,"Increased eye pressure, genetics, or age-related degeneration","Eye drops, surgery, or ophthalmic medication",No,"Protect eyes from strain, maintain vitamin A-rich diet, avoid excessive screen time",Yes,12
Low-Tension Glaucoma,FALSE,"Increased eye pressure, genetics, or age-related degeneration","Eye drops, surgery, or ophthalmic medication",No,"Protect eyes from strain, maintain vitamin A-rich diet, avoid excessive screen time",Yes,12
Headache after lumbar puncture,FALSE,"Various factors including infections, genetics, lifestyle, or environmental triggers",Consult physician; medication depends on severity and diagnosis,No,"Maintain hydration, eat balanced nutritious food, avoid junk food and alcohol, take adequate rest, and avoid strenuous physical activity until recovery",No,4
Flat Feet,TRUE,"Various factors including infections, genetics, lifestyle, or environmental triggers",Consult physician; medication depends on severity and diagnosis,No,"Maintain hydration, eat balanced nutritious food, avoid junk food and alcohol, take adequate rest, and avoid strenuous physical activity until recovery",Yes,12
Carbon Monoxide Poisoning,FALSE,"Various factors including infections, genetics, lifestyle, or environmental triggers",Consult physician; medication depends on severity and diagnosis,No,"Maintain hydration, eat balanced nutritious food, avoid junk food and alcohol, take adequate rest, and avoid strenuous physical activity until recovery",Yes,12
Orbital Cellulitis,FALSE,"Increased eye pressure, genetics, or age-related degeneration","Eye drops, surgery, or ophthalmic medication",No,"Protect eyes from strain, maintain vitamin A-rich diet, avoid excessive screen time",Yes,12
Pulmonary Eosinophilia,TRUE,Viral or bacterial infection,Antibiotics or antiviral medication as prescribed by a doctor,No,"Drink plenty of fluids, consume light nutritious meals, avoid oily food, rest adequately, and avoid strenuous activity",Yes,12
Antimicrobial Drugs Poisoning,FALSE,"Various factors including infections, genetics, lifestyle, or environmental triggers",Consult physician; medication depends on severity and diagnosis,No,"Maintain hydration, eat balanced nutritious food, avoid junk food and alcohol, take adequate rest, and avoid strenuous physical activity until recovery",No,4
Eczema,FALSE,"Skin irritation, infection, allergy, or autoimmune response","Topical creams, antihistamines, or prescribed dermatological medication",No,"Keep skin clean, avoid harsh soaps and allergens, eat vitamin-rich food, and avoid scratching affected areas",No,3
Pneumonia,TRUE,Viral or bacterial infection,Antibiotics or antiviral medication as prescribed by a doctor,No,"Drink plenty of fluids, consume light nutritious meals, avoid oily food, rest adequately, and avoid strenuous activity",Yes,12
Intestinal Malabsorption,TRUE,"Various factors including infections, genetics, lifestyle, or environmental triggers",Consult physician; medication depends on severity and diagnosis,No,"Maintain hydration, eat balanced nutritious food, avoid junk food and alcohol, take adequate rest, and avoid strenuous physical activity until recovery",Yes,12
Conductive Hearing Loss,FALSE,"Various factors including infections, genetics, lifestyle, or environmental triggers",Consult physician; medication depends on severity and diagnosis,No,"Maintain hydration, eat balanced nutritious food, avoid junk food and alcohol, take adequate rest, and avoid strenuous physical activity until recovery",Yes,12
Pinworm Infection,FALSE,Viral or bacterial infection,Antibiotics or antiviral medication as prescribed by a doctor,No,"Drink plenty of fluids, consume light nutritious meals, avoid oily food, rest adequately, and avoid strenuous activity",Yes,12
Esophageal Varices,FALSE,"Various factors including infections, genetics, lifestyle, or environmental triggers",Consult physician; medication depends on severity and diagnosis,No,"Maintain hydration, eat balanced nutritious food, avoid junk food and alcohol, take adequate rest, and avoid strenuous physical activity until recovery",Yes,12
Dermatitis due to Sun Exposure,FALSE,"Skin irritation, infection, allergy, or autoimmune response","Topical creams, antihistamines, or prescribed dermatological medication",No,"Keep skin clean, avoid harsh soaps and allergens, eat vitamin-rich food, and avoid scratching affected areas",No,3
Gonorrhea,FALSE,"Various factors including infections, genetics, lifestyle, or environmental triggers",Consult physician; medication depends on severity and diagnosis,No,"Maintain hydration, eat balanced nutritious food, avoid junk food and alcohol, take adequate rest, and avoid strenuous physical activity until recovery",Yes,12
Chronic Sinusitis,TRUE,Viral or bacterial infection,Antibiotics or antiviral medication as prescribed by a doctor,No,"Drink plenty of fluids, consume light nutritious meals, avoid oily food, rest adequately, and avoid strenuous activity",Yes,12
Concussion,FALSE,"Various factors including infections, genetics, lifestyle, or environmental triggers",Consult physician; medication depends on severity and diagnosis,No,"Maintain hydration, eat balanced nutritious food, avoid junk food and alcohol, take adequate rest, and avoid strenuous physical activity until recovery",Yes,12
Parathyroid Adenoma,TRUE,"Various factors including infections, genetics, lifestyle, or environmental triggers",Consult physician; medication depends on severity and diagnosis,No,"Maintain hydration, eat balanced nutritious food, avoid junk food and alcohol, take adequate rest, and avoid strenuous physical activity until recovery",Yes,12
Herpangina,TRUE,Viral or bacterial infection,Antibiotics or antiviral medication as prescribed by a doctor,No,"Drink plenty of fluids, consume light nutritious meals, avoid oily food, rest adequately, and avoid strenuous activity",No,2
Conversion Disorder,FALSE,"Increased eye pressure, genetics, or age-related degeneration","Eye drops, surgery, or ophthalmic medication",No,"Protect eyes from strain, maintain vitamin A-rich diet, avoid excessive screen time",Yes,12
Lymphedema,FALSE,"Various factors including infections, genetics, lifestyle, or environmental triggers",Consult physician; medication depends on severity and diagnosis,No,"Maintain hydration, eat balanced nutritious food, avoid junk food and alcohol, take adequate rest, and avoid strenuous physical activity until recovery",Yes,12
Hirschsprung Disease,FALSE,"Various factors including infections, genetics, lifestyle, or environmental triggers",Consult physician; medication depends on severity and diagnosis,No,"Maintain hydration, eat balanced nutritious food, avoid junk food and alcohol, take adequate rest, and avoid strenuous physical activity until recovery",Yes,12
Rheumatoid Arthritis,TRUE,"Various factors including infections, genetics, lifestyle, or environmental triggers",Consult physician; medication depends on severity and diagnosis,No,"Maintain hydration, eat balanced nutritious food, avoid junk food and alcohol, take adequate rest, and avoid strenuous physical activity until recovery",Yes,12
Turner syndrome,FALSE,"Cardiovascular dysfunction, blocked arteries, or high blood pressure","Blood pressure medication, anticoagulants, or cardiac medication",Yes,"Low-salt diet, avoid fatty foods and smoking, perform light exercise only under medical guidance",Yes,12
Sciatica,FALSE,"Various factors including infections, genetics, lifestyle, or environmental triggers",Consult physician; medication depends on severity and diagnosis,No,"Maintain hydration, eat balanced nutritious food, avoid junk food and alcohol, take adequate rest, and avoid strenuous physical activity until recovery",Yes,12
Endophthalmitis,TRUE,"Increased eye pressure, genetics, or age-related degeneration","Eye drops, surgery, or ophthalmic medication",No,"Protect eyes from strain, maintain vitamin A-rich diet, avoid excessive screen time",Yes,12
Myelodysplastic Syndrome,TRUE,Physical trauma or accident,"Pain relievers, antibiotics, or surgery depending on severity",Yes,"Rest the affected area, consume protein and calcium-rich food, avoid heavy activity, and follow rehabilitation advice",Yes,12
Premature Ventricular Contractions (PVCs),FALSE,"Cardiovascular dysfunction, blocked arteries, or high blood pressure","Blood pressure medication, anticoagulants, or cardiac medication",Yes,"Low-salt diet, avoid fatty foods and smoking, perform light exercise only under medical guidance",Yes,12
Ludwig's angina,TRUE,"Various factors including infections, genetics, lifestyle, or environmental triggers",Consult physician; medication depends on severity and diagnosis,No,"Maintain hydration, eat balanced nutritious food, avoid junk food and alcohol, take adequate rest, and avoid strenuous physical activity until recovery",No,4
Cryptococcosis,TRUE,Viral or bacterial infection,Antibiotics or antiviral medication as prescribed by a doctor,No,"Drink plenty of fluids, consume light nutritious meals, avoid oily food, rest adequately, and avoid strenuous activity",Yes,12
Diabetic Kidney Disease,TRUE,Insulin resistance or insufficient insulin production,Insulin or oral antidiabetic medication,No,"Follow a low-sugar balanced diet, exercise moderately, avoid sugary foods, monitor blood sugar regularly",Yes,12
Premenstrual Tension Syndrome,FALSE,"Various factors including infections, genetics, lifestyle, or environmental triggers",Consult physician; medication depends on severity and diagnosis,No,"Maintain hydration, eat balanced nutritious food, avoid junk food and alcohol, take adequate rest, and avoid strenuous physical activity until recovery",Yes,12
Drug Abuse (Methamphetamine),FALSE,"Cardiovascular dysfunction, blocked arteries, or high blood pressure","Blood pressure medication, anticoagulants, or cardiac medication",Yes,"Low-salt diet, avoid fatty foods and smoking, perform light exercise only under medical guidance",Yes,12
Urge Incontinence,FALSE,"Various factors including infections, genetics, lifestyle, or environmental triggers",Consult physician; medication depends on severity and diagnosis,No,"Maintain hydration, eat balanced nutritious food, avoid junk food and alcohol, take adequate rest, and avoid strenuous physical activity until recovery",Yes,12
Dengue Fever,TRUE,Physical trauma or accident,"Pain relievers, antibiotics, or surgery depending on severity",Yes,"Rest the affected area, consume protein and calcium-rich food, avoid heavy activity, and follow rehabilitation advice",Yes,12
Lead Poisoning,TRUE,"Various factors including infections, genetics, lifestyle, or environmental triggers",Consult physician; medication depends on severity and diagnosis,No,"Maintain hydration, eat balanced nutritious food, avoid junk food and alcohol, take adequate rest, and avoid strenuous physical activity until recovery",Yes,12
Actinic Keratosis,FALSE,"Skin irritation, infection, allergy, or autoimmune response","Topical creams, antihistamines, or prescribed dermatological medication",No,"Keep skin clean, avoid harsh soaps and allergens, eat vitamin-rich food, and avoid scratching affected areas",Yes,12
Choledocholithiasis,FALSE,"Various factors including infections, genetics, lifestyle, or environmental triggers",Consult physician; medication depends on severity and diagnosis,No,"Maintain hydration, eat balanced nutritious food, avoid junk food and alcohol, take adequate rest, and avoid strenuous physical activity until recovery",Yes,12
Head and Neck Cancer,TRUE,Abnormal uncontrolled cell growth due to genetic and environmental factors,"Chemotherapy, targeted therapy, or pain management medication",Yes,"High-protein nutritious diet, regular follow-up care, avoid smoking and alcohol, limit strenuous activity during treatment",Yes,52
Sjögren's syndrome,TRUE,"Increased eye pressure, genetics, or age-related degeneration","Eye drops, surgery, or ophthalmic medication",No,"Protect eyes from strain, maintain vitamin A-rich diet, avoid excessive screen time",Yes,12
Peritonitis,TRUE,"Cardiovascular dysfunction, blocked arteries, or high blood pressure","Blood pressure medication, anticoagulants, or cardiac medication",Yes,"Low-salt diet, avoid fatty foods and smoking, perform light exercise only under medical guidance",Yes,12
Anemia of Chronic Disease,TRUE,"Skin irritation, infection, allergy, or autoimmune response","Topical creams, antihistamines, or prescribed dermatological medication",No,"Keep skin clean, avoid harsh soaps and allergens, eat vitamin-rich food, and avoid scratching affected areas",Yes,12
Ovarian Torsion,TRUE,Physical trauma or accident,"Pain relievers, antibiotics, or surgery depending on severity",Yes,"Rest the affected area, consume protein and calcium-rich food, avoid heavy activity, and follow rehabilitation advice",Yes,12
Sciatica,FALSE,"Various factors including infections, genetics, lifestyle, or environmental triggers",Consult physician; medication depends on severity and diagnosis,No,"Maintain hydration, eat balanced nutritious food, avoid junk food and alcohol, take adequate rest, and avoid strenuous physical activity until recovery",Yes,12
Lupus,TRUE,"Skin irritation, infection, allergy, or autoimmune response","Topical creams, antihistamines, or prescribed dermatological medication",No,"Keep skin clean, avoid harsh soaps and allergens, eat vitamin-rich food, and avoid scratching affected areas",Yes,12
Neonatal Jaundice,FALSE,"Increased eye pressure, genetics, or age-related degeneration","Eye drops, surgery, or ophthalmic medication",No,"Protect eyes from strain, maintain vitamin A-rich diet, avoid excessive screen time",Yes,12
Gastrointestinal Hemorrhage,FALSE,Physical trauma or accident,"Pain relievers, antibiotics, or surgery depending on severity",Yes,"Rest the affected area, consume protein and calcium-rich food, avoid heavy activity, and follow rehabilitation advice",Yes,12
Dislocation of the Ankle,FALSE,"Various factors including infections, genetics, lifestyle, or environmental triggers",Consult physician; medication depends on severity and diagnosis,No,"Maintain hydration, eat balanced nutritious food, avoid junk food and alcohol, take adequate rest, and avoid strenuous physical activity until recovery",No,4
Vaginal Cyst,FALSE,"Various factors including infections, genetics, lifestyle, or environmental triggers",Consult physician; medication depends on severity and diagnosis,No,"Maintain hydration, eat balanced nutritious food, avoid junk food and alcohol, take adequate rest, and avoid strenuous physical activity until recovery",No,4
Orthorexia Nervosa,FALSE,"Various factors including infections, genetics, lifestyle, or environmental triggers",Consult physician; medication depends on severity and diagnosis,No,"Maintain hydration, eat balanced nutritious food, avoid junk food and alcohol, take adequate rest, and avoid strenuous physical activity until recovery",Yes,12
Urinary Tract Infection (UTI),FALSE,Viral or bacterial infection,Antibiotics or antiviral medication as prescribed by a doctor,No,"Drink plenty of fluids, consume light nutritious meals, avoid oily food, rest adequately, and avoid strenuous activity",No,2
Placenta Previa,FALSE,Physical trauma or accident,"Pain relievers, antibiotics, or surgery depending on severity",Yes,"Rest the affected area, consume protein and calcium-rich food, avoid heavy activity, and follow rehabilitation advice",No,8
Acute Pancreatitis,TRUE,Viral or bacterial infection,Antibiotics or antiviral medication as prescribed by a doctor,No,"Drink plenty of fluids, consume light nutritious meals, avoid oily food, rest adequately, and avoid strenuous activity",Yes,12
Gum Disease,FALSE,Physical trauma or accident,"Pain relievers, antibiotics, or surgery depending on severity",Yes,"Rest the affected area, consume protein and calcium-rich food, avoid heavy activity, and follow rehabilitation advice",Yes,12
Panic Attack,FALSE,"Various factors including infections, genetics, lifestyle, or environmental triggers",Consult physician; medication depends on severity and diagnosis,No,"Maintain hydration, eat balanced nutritious food, avoid junk food and alcohol, take adequate rest, and avoid strenuous physical activity until recovery",Yes,12
Lice,FALSE,Viral or bacterial infection,Antibiotics or antiviral medication as prescribed by a doctor,No,"Drink plenty of fluids, consume light nutritious meals, avoid oily food, rest adequately, and avoid strenuous activity",Yes,12
Pyloric stenosis,FALSE,"Various factors including infections, genetics, lifestyle, or environmental triggers",Consult physician; medication depends on severity and diagnosis,No,"Maintain hydration, eat balanced nutritious food, avoid junk food and alcohol, take adequate rest, and avoid strenuous physical activity until recovery",No,4
Pigmentary Glaucoma,FALSE,"Increased eye pressure, genetics, or age-related degeneration","Eye drops, surgery, or ophthalmic medication",No,"Protect eyes from strain, maintain vitamin A-rich diet, avoid excessive screen time",Yes,12
Abscess,TRUE,"Various factors including infections, genetics, lifestyle, or environmental triggers",Consult physician; medication depends on severity and diagnosis,No,"Maintain hydration, eat balanced nutritious food, avoid junk food and alcohol, take adequate rest, and avoid strenuous physical activity until recovery",No,4
Myositis,FALSE,"Various factors including infections, genetics, lifestyle, or environmental triggers",Consult physician; medication depends on severity and diagnosis,No,"Maintain hydration, eat balanced nutritious food, avoid junk food and alcohol, take adequate rest, and avoid strenuous physical activity until recovery",Yes,12
Von Willebrand Disease,FALSE,Physical trauma or accident,"Pain relievers, antibiotics, or surgery depending on severity",Yes,"Rest the affected area, consume protein and calcium-rich food, avoid heavy activity, and follow rehabilitation advice",Yes,12
Gastroparesis,FALSE,"Various factors including infections, genetics, lifestyle, or environmental triggers",Consult physician; medication depends on severity and diagnosis,No,"Maintain hydration, eat balanced nutritious food, avoid junk food and alcohol, take adequate rest, and avoid strenuous physical activity until recovery",Yes,12
Chancroid,FALSE,"Various factors including infections, genetics, lifestyle, or environmental triggers",Consult physician; medication depends on severity and diagnosis,No,"Maintain hydration, eat balanced nutritious food, avoid junk food and alcohol, take adequate rest, and avoid strenuous physical activity until recovery",No,4
Fungal Infection of the Skin,FALSE,"Skin irritation, infection, allergy, or autoimmune response","Topical creams, antihistamines, or prescribed dermatological medication",No,"Keep skin clean, avoid harsh soaps and allergens, eat vitamin-rich food, and avoid scratching affected areas",Yes,12
Stimulant Use Disorder,FALSE,"Psychological, neurological, genetic, or environmental factors","Therapy, counseling, or psychiatric medication if prescribed",No,"Maintain healthy routine, sleep properly, avoid stress triggers, eat balanced meals, and engage in mild physical activity",Yes,24
Chronic Fatigue Syndrome,TRUE,"Various factors including infections, genetics, lifestyle, or environmental triggers",Consult physician; medication depends on severity and diagnosis,No,"Maintain hydration, eat balanced nutritious food, avoid junk food and alcohol, take adequate rest, and avoid strenuous physical activity until recovery",Yes,12
Threatened Pregnancy,FALSE,Hormonal and physiological changes during pregnancy,Medication only under obstetric supervision,No,"Eat iron and calcium-rich foods, stay hydrated, avoid stress and heavy physical activity",Yes,12
Chronic Glaucoma,FALSE,"Increased eye pressure, genetics, or age-related degeneration","Eye drops, surgery, or ophthalmic medication",No,"Protect eyes from strain, maintain vitamin A-rich diet, avoid excessive screen time",Yes,12
Urticaria (Hives),FALSE,"Skin irritation, infection, allergy, or autoimmune response","Topical creams, antihistamines, or prescribed dermatological medication",No,"Keep skin clean, avoid harsh soaps and allergens, eat vitamin-rich food, and avoid scratching affected areas",No,3
Vitreous Hemorrhage,FALSE,"Increased eye pressure, genetics, or age-related degeneration","Eye drops, surgery, or ophthalmic medication",No,"Protect eyes from strain, maintain vitamin A-rich diet, avoid excessive screen time",Yes,12
Binge Eating Disorder,FALSE,"Psychological, neurological, genetic, or environmental factors","Therapy, counseling, or psychiatric medication if prescribed",No,"Maintain healthy routine, sleep properly, avoid stress triggers, eat balanced meals, and engage in mild physical activity",Yes,24
Hypercholesterolemia,FALSE,"Cardiovascular dysfunction, blocked arteries, or high blood pressure","Blood pressure medication, anticoagulants, or cardiac medication",Yes,"Low-salt diet, avoid fatty foods and smoking, perform light exercise only under medical guidance",Yes,12
Stress Incontinence,FALSE,"Various factors including infections, genetics, lifestyle, or environmental triggers",Consult physician; medication depends on severity and diagnosis,No,"Maintain hydration, eat balanced nutritious food, avoid junk food and alcohol, take adequate rest, and avoid strenuous physical activity until recovery",No,4
Labyrinthitis,FALSE,Viral or bacterial infection,Antibiotics or antiviral medication as prescribed by a doctor,No,"Drink plenty of fluids, consume light nutritious meals, avoid oily food, rest adequately, and avoid strenuous activity",Yes,12
Dysthymic Disorder,FALSE,"Psychological, neurological, genetic, or environmental factors","Therapy, counseling, or psychiatric medication if prescribed",No,"Maintain healthy routine, sleep properly, avoid stress triggers, eat balanced meals, and engage in mild physical activity",Yes,24
Ethylene glycol poisoning-1,FALSE,"Various factors including infections, genetics, lifestyle, or environmental triggers",Consult physician; medication depends on severity and diagnosis,No,"Maintain hydration, eat balanced nutritious food, avoid junk food and alcohol, take adequate rest, and avoid strenuous physical activity until recovery",No,4
Impulse Control Disorder,FALSE,"Psychological, neurological, genetic, or environmental factors","Therapy, counseling, or psychiatric medication if prescribed",No,"Maintain healthy routine, sleep properly, avoid stress triggers, eat balanced meals, and engage in mild physical activity",Yes,24
Intracranial Hemorrhage,FALSE,"Increased eye pressure, genetics, or age-related degeneration","Eye drops, surgery, or ophthalmic medication",No,"Protect eyes from strain, maintain vitamin A-rich diet, avoid excessive screen time",Yes,12
Postpartum Depression,TRUE,"Psychological, neurological, genetic, or environmental factors","Therapy, counseling, or psychiatric medication if prescribed",No,"Maintain healthy routine, sleep properly, avoid stress triggers, eat balanced meals, and engage in mild physical activity",Yes,24
Injury to the Leg,FALSE,Physical trauma or accident,"Pain relievers, antibiotics, or surgery depending on severity",Yes,"Rest the affected area, consume protein and calcium-rich food, avoid heavy activity, and follow rehabilitation advice",Yes,12
Stroke,FALSE,"Cardiovascular dysfunction, blocked arteries, or high blood pressure","Blood pressure medication, anticoagulants, or cardiac medication",Yes,"Low-salt diet, avoid fatty foods and smoking, perform light exercise only under medical guidance",Yes,12
Huntington Disease,FALSE,"Various factors including infections, genetics, lifestyle, or environmental triggers",Consult physician; medication depends on severity and diagnosis,No,"Maintain hydration, eat balanced nutritious food, avoid junk food and alcohol, take adequate rest, and avoid strenuous physical activity until recovery",Yes,12
Mononucleosis,TRUE,Viral or bacterial infection,Antibiotics or antiviral medication as prescribed by a doctor,No,"Drink plenty of fluids, consume light nutritious meals, avoid oily food, rest adequately, and avoid strenuous activity",No,2
Hallucinogen Use Disorder,FALSE,"Psychological, neurological, genetic, or environmental factors","Therapy, counseling, or psychiatric medication if prescribed",No,"Maintain healthy routine, sleep properly, avoid stress triggers, eat balanced meals, and engage in mild physical activity",Yes,24
Ependymoma,FALSE,"Various factors including infections, genetics, lifestyle, or environmental triggers",Consult physician; medication depends on severity and diagnosis,No,"Maintain hydration, eat balanced nutritious food, avoid junk food and alcohol, take adequate rest, and avoid strenuous physical activity until recovery",Yes,12
Lymphoma,TRUE,"Various factors including infections, genetics, lifestyle, or environmental triggers",Consult physician; medication depends on severity and diagnosis,No,"Maintain hydration, eat balanced nutritious food, avoid junk food and alcohol, take adequate rest, and avoid strenuous physical activity until recovery",Yes,12
Urinary Tract Infection (UTI),FALSE,Hormonal and physiological changes during pregnancy,Medication only under obstetric supervision,No,"Eat iron and calcium-rich foods, stay hydrated, avoid stress and heavy physical activity",No,6
Transient ischemic attack,FALSE,"Various factors including infections, genetics, lifestyle, or environmental triggers",Consult physician; medication depends on severity and diagnosis,No,"Maintain hydration, eat balanced nutritious food, avoid junk food and alcohol, take adequate rest, and avoid strenuous physical activity until recovery",Yes,12
Normal-Tension Glaucoma,FALSE,"Increased eye pressure, genetics, or age-related degeneration","Eye drops, surgery, or ophthalmic medication",No,"Protect eyes from strain, maintain vitamin A-rich diet, avoid excessive screen time",Yes,12
Thyroid Disease,TRUE,"Skin irritation, infection, allergy, or autoimmune response","Topical creams, antihistamines, or prescribed dermatological medication",No,"Keep skin clean, avoid harsh soaps and allergens, eat vitamin-rich food, and avoid scratching affected areas",Yes,12
Bladder Cancer,FALSE,Abnormal uncontrolled cell growth due to genetic and environmental factors,"Chemotherapy, targeted therapy, or pain management medication",Yes,"High-protein nutritious diet, regular follow-up care, avoid smoking and alcohol, limit strenuous activity during treatment",Yes,52
Fracture of the Arm,FALSE,Physical trauma or accident,"Pain relievers, antibiotics, or surgery depending on severity",Yes,"Rest the affected area, consume protein and calcium-rich food, avoid heavy activity, and follow rehabilitation advice",Yes,12
Mucocele,FALSE,"Various factors including infections, genetics, lifestyle, or environmental triggers",Consult physician; medication depends on severity and diagnosis,No,"Maintain hydration, eat balanced nutritious food, avoid junk food and alcohol, take adequate rest, and avoid strenuous physical activity until recovery",No,4
Kidney Failure,TRUE,Viral or bacterial infection,Antibiotics or antiviral medication as prescribed by a doctor,No,"Drink plenty of fluids, consume light nutritious meals, avoid oily food, rest adequately, and avoid strenuous activity",Yes,12
Chagas Disease,TRUE,"Cardiovascular dysfunction, blocked arteries, or high blood pressure","Blood pressure medication, anticoagulants, or cardiac medication",Yes,"Low-salt diet, avoid fatty foods and smoking, perform light exercise only under medical guidance",Yes,12
Leukemia,TRUE,Physical trauma or accident,"Pain relievers, antibiotics, or surgery depending on severity",Yes,"Rest the affected area, consume protein and calcium-rich food, avoid heavy activity, and follow rehabilitation advice",Yes,12
Vesicoureteral Reflux,FALSE,Viral or bacterial infection,Antibiotics or antiviral medication as prescribed by a doctor,No,"Drink plenty of fluids, consume light nutritious meals, avoid oily food, rest adequately, and avoid strenuous activity",No,2
Endometriosis,FALSE,Hormonal and physiological changes during pregnancy,Medication only under obstetric supervision,No,"Eat iron and calcium-rich foods, stay hydrated, avoid stress and heavy physical activity",Yes,12
Psoriasis,FALSE,"Skin irritation, infection, allergy, or autoimmune response","Topical creams, antihistamines, or prescribed dermatological medication",No,"Keep skin clean, avoid harsh soaps and allergens, eat vitamin-rich food, and avoid scratching affected areas",Yes,12
Infection of Open Wound,TRUE,Viral or bacterial infection,Antibiotics or antiviral medication as prescribed by a doctor,No,"Drink plenty of fluids, consume light nutritious meals, avoid oily food, rest adequately, and avoid strenuous activity",Yes,12
Anemia,TRUE,"Skin irritation, infection, allergy, or autoimmune response","Topical creams, antihistamines, or prescribed dermatological medication",No,"Keep skin clean, avoid harsh soaps and allergens, eat vitamin-rich food, and avoid scratching affected areas",No,3
Spondylosis,FALSE,Viral or bacterial infection,Antibiotics or antiviral medication as prescribed by a doctor,No,"Drink plenty of fluids, consume light nutritious meals, avoid oily food, rest adequately, and avoid strenuous activity",Yes,12
Acute Otitis Media,TRUE,Viral or bacterial infection,Antibiotics or antiviral medication as prescribed by a doctor,No,"Drink plenty of fluids, consume light nutritious meals, avoid oily food, rest adequately, and avoid strenuous activity",No,2
Fracture,FALSE,Physical trauma or accident,"Pain relievers, antibiotics, or surgery depending on severity",Yes,"Rest the affected area, consume protein and calcium-rich food, avoid heavy activity, and follow rehabilitation advice",No,8
Round Ligament Pain,FALSE,"Various factors including infections, genetics, lifestyle, or environmental triggers",Consult physician; medication depends on severity and diagnosis,No,"Maintain hydration, eat balanced nutritious food, avoid junk food and alcohol, take adequate rest, and avoid strenuous physical activity until recovery",No,4
Autism,FALSE,"Psychological, neurological, genetic, or environmental factors","Therapy, counseling, or psychiatric medication if prescribed",No,"Maintain healthy routine, sleep properly, avoid stress triggers, eat balanced meals, and engage in mild physical activity",Yes,24
Pleomorphic adenoma,FALSE,"Various factors including infections, genetics, lifestyle, or environmental triggers",Consult physician; medication depends on severity and diagnosis,No,"Maintain hydration, eat balanced nutritious food, avoid junk food and alcohol, take adequate rest, and avoid strenuous physical activity until recovery",No,4
Otosclerosis,FALSE,Viral or bacterial infection,Antibiotics or antiviral medication as prescribed by a doctor,No,"Drink plenty of fluids, consume light nutritious meals, avoid oily food, rest adequately, and avoid strenuous activity",Yes,12
Bulimia Nervosa,FALSE,"Various factors including infections, genetics, lifestyle, or environmental triggers",Consult physician; medication depends on severity and diagnosis,No,"Maintain hydration, eat balanced nutritious food, avoid junk food and alcohol, take adequate rest, and avoid strenuous physical activity until recovery",Yes,12
Poisoning due to Analgesics,FALSE,"Various factors including infections, genetics, lifestyle, or environmental triggers",Consult physician; medication depends on severity and diagnosis,No,"Maintain hydration, eat balanced nutritious food, avoid junk food and alcohol, take adequate rest, and avoid strenuous physical activity until recovery",No,4
Pseudohypoparathyroidism,FALSE,"Various factors including infections, genetics, lifestyle, or environmental triggers",Consult physician; medication depends on severity and diagnosis,No,"Maintain hydration, eat balanced nutritious food, avoid junk food and alcohol, take adequate rest, and avoid strenuous physical activity until recovery",Yes,12
Dermatitis due to Sun Exposure,FALSE,"Skin irritation, infection, allergy, or autoimmune response","Topical creams, antihistamines, or prescribed dermatological medication",No,"Keep skin clean, avoid harsh soaps and allergens, eat vitamin-rich food, and avoid scratching affected areas",No,3
Anemia due to Malignancy,TRUE,"Skin irritation, infection, allergy, or autoimmune response","Topical creams, antihistamines, or prescribed dermatological medication",No,"Keep skin clean, avoid harsh soaps and allergens, eat vitamin-rich food, and avoid scratching affected areas",Yes,12
Hyperhidrosis,FALSE,"Various factors including infections, genetics, lifestyle, or environmental triggers",Consult physician; medication depends on severity and diagnosis,No,"Maintain hydration, eat balanced nutritious food, avoid junk food and alcohol, take adequate rest, and avoid strenuous physical activity until recovery",Yes,12
Otitis Media,TRUE,Viral or bacterial infection,Antibiotics or antiviral medication as prescribed by a doctor,No,"Drink plenty of fluids, consume light nutritious meals, avoid oily food, rest adequately, and avoid strenuous activity",No,2
Benign Kidney Cyst,FALSE,"Various factors including infections, genetics, lifestyle, or environmental triggers",Consult physician; medication depends on severity and diagnosis,No,"Maintain hydration, eat balanced nutritious food, avoid junk food and alcohol, take adequate rest, and avoid strenuous physical activity until recovery",Yes,12
Pain after an Operation,FALSE,"Various factors including infections, genetics, lifestyle, or environmental triggers",Consult physician; medication depends on severity and diagnosis,No,"Maintain hydration, eat balanced nutritious food, avoid junk food and alcohol, take adequate rest, and avoid strenuous physical activity until recovery",Yes,12
Chronic Knee Pain,FALSE,"Various factors including infections, genetics, lifestyle, or environmental triggers",Consult physician; medication depends on severity and diagnosis,No,"Maintain hydration, eat balanced nutritious food, avoid junk food and alcohol, take adequate rest, and avoid strenuous physical activity until recovery",Yes,12
Volvulus,FALSE,"Various factors including infections, genetics, lifestyle, or environmental triggers",Consult physician; medication depends on severity and diagnosis,No,"Maintain hydration, eat balanced nutritious food, avoid junk food and alcohol, take adequate rest, and avoid strenuous physical activity until recovery",No,4
Scurvy,TRUE,Physical trauma or accident,"Pain relievers, antibiotics, or surgery depending on severity",Yes,"Rest the affected area, consume protein and calcium-rich food, avoid heavy activity, and follow rehabilitation advice",No,8
Urinary Stones (Kidney Stones),FALSE,Viral or bacterial infection,Antibiotics or antiviral medication as prescribed by a doctor,No,"Drink plenty of fluids, consume light nutritious meals, avoid oily food, rest adequately, and avoid strenuous activity",Yes,12
Injury to the Finger,FALSE,Physical trauma or accident,"Pain relievers, antibiotics, or surgery depending on severity",Yes,"Rest the affected area, consume protein and calcium-rich food, avoid heavy activity, and follow rehabilitation advice",Yes,12
Retinal Detachment,FALSE,"Increased eye pressure, genetics, or age-related degeneration","Eye drops, surgery, or ophthalmic medication",No,"Protect eyes from strain, maintain vitamin A-rich diet, avoid excessive screen time",Yes,12
Chronic Rheumatic Fever,TRUE,"Cardiovascular dysfunction, blocked arteries, or high blood pressure","Blood pressure medication, anticoagulants, or cardiac medication",Yes,"Low-salt diet, avoid fatty foods and smoking, perform light exercise only under medical guidance",Yes,12
Acute Bronchospasm,FALSE,"Various factors including infections, genetics, lifestyle, or environmental triggers",Consult physician; medication depends on severity and diagnosis,No,"Maintain hydration, eat balanced nutritious food, avoid junk food and alcohol, take adequate rest, and avoid strenuous physical activity until recovery",Yes,12
Vulvodynia,FALSE,"Various factors including infections, genetics, lifestyle, or environmental triggers",Consult physician; medication depends on severity and diagnosis,No,"Maintain hydration, eat balanced nutritious food, avoid junk food and alcohol, take adequate rest, and avoid strenuous physical activity until recovery",Yes,12
Other Specified Feeding or Eating Disorder (OSFED),FALSE,"Psychological, neurological, genetic, or environmental factors","Therapy, counseling, or psychiatric medication if prescribed",No,"Maintain healthy routine, sleep properly, avoid stress triggers, eat balanced meals, and engage in mild physical activity",Yes,24
Anemia due to Chronic Kidney Disease,TRUE,"Skin irritation, infection, allergy, or autoimmune response","Topical creams, antihistamines, or prescribed dermatological medication",No,"Keep skin clean, avoid harsh soaps and allergens, eat vitamin-rich food, and avoid scratching affected areas",No,3
Pemphigus,FALSE,"Skin irritation, infection, allergy, or autoimmune response","Topical creams, antihistamines, or prescribed dermatological medication",No,"Keep skin clean, avoid harsh soaps and allergens, eat vitamin-rich food, and avoid scratching affected areas",No,3
Syphilis,TRUE,"Cardiovascular dysfunction, blocked arteries, or high blood pressure","Blood pressure medication, anticoagulants, or cardiac medication",Yes,"Low-salt diet, avoid fatty foods and smoking, perform light exercise only under medical guidance",Yes,12
Omphalitis,FALSE,"Various factors including infections, genetics, lifestyle, or environmental triggers",Consult physician; medication depends on severity and diagnosis,No,"Maintain hydration, eat balanced nutritious food, avoid junk food and alcohol, take adequate rest, and avoid strenuous physical activity until recovery",No,4
Idiopathic Nonmenstrual Bleeding,FALSE,Physical trauma or accident,"Pain relievers, antibiotics, or surgery depending on severity",Yes,"Rest the affected area, consume protein and calcium-rich food, avoid heavy activity, and follow rehabilitation advice",Yes,12
Myofascial Pain Syndrome,FALSE,Viral or bacterial infection,Antibiotics or antiviral medication as prescribed by a doctor,No,"Drink plenty of fluids, consume light nutritious meals, avoid oily food, rest adequately, and avoid strenuous activity",Yes,12
Vocal cord polyp,TRUE,"Various factors including infections, genetics, lifestyle, or environmental triggers",Consult physician; medication depends on severity and diagnosis,No,"Maintain hydration, eat balanced nutritious food, avoid junk food and alcohol, take adequate rest, and avoid strenuous physical activity until recovery",Yes,12
Rotator Cuff Injury,FALSE,Physical trauma or accident,"Pain relievers, antibiotics, or surgery depending on severity",Yes,"Rest the affected area, consume protein and calcium-rich food, avoid heavy activity, and follow rehabilitation advice",Yes,12
Fibromyalgia,TRUE,"Various factors including infections, genetics, lifestyle, or environmental triggers",Consult physician; medication depends on severity and diagnosis,No,"Maintain hydration, eat balanced nutritious food, avoid junk food and alcohol, take adequate rest, and avoid strenuous physical activity until recovery",Yes,12
Hypercalcemia,TRUE,"Various factors including infections, genetics, lifestyle, or environmental triggers",Consult physician; medication depends on severity and diagnosis,No,"Maintain hydration, eat balanced nutritious food, avoid junk food and alcohol, take adequate rest, and avoid strenuous physical activity until recovery",Yes,12
Secondary Glaucoma,FALSE,"Increased eye pressure, genetics, or age-related degeneration","Eye drops, surgery, or ophthalmic medication",No,"Protect eyes from strain, maintain vitamin A-rich diet, avoid excessive screen time",Yes,12
Drug Reaction,TRUE,"Skin irritation, infection, allergy, or autoimmune response","Topical creams, antihistamines, or prescribed dermatological medication",No,"Keep skin clean, avoid harsh soaps and allergens, eat vitamin-rich food, and avoid scratching affected areas",No,3
Acute Sinusitis,TRUE,Viral or bacterial infection,Antibiotics or antiviral medication as prescribed by a doctor,No,"Drink plenty of fluids, consume light nutritious meals, avoid oily food, rest adequately, and avoid strenuous activity",Yes,12
Polycystic Ovarian Syndrome,FALSE,"Various factors including infections, genetics, lifestyle, or environmental triggers",Consult physician; medication depends on severity and diagnosis,No,"Maintain hydration, eat balanced nutritious food, avoid junk food and alcohol, take adequate rest, and avoid strenuous physical activity until recovery",Yes,12
Complex Regional Pain Syndrome (CRPS),FALSE,"Skin irritation, infection, allergy, or autoimmune response","Topical creams, antihistamines, or prescribed dermatological medication",No,"Keep skin clean, avoid harsh soaps and allergens, eat vitamin-rich food, and avoid scratching affected areas",Yes,12
Optic Neuritis,FALSE,"Increased eye pressure, genetics, or age-related degeneration","Eye drops, surgery, or ophthalmic medication",No,"Protect eyes from strain, maintain vitamin A-rich diet, avoid excessive screen time",Yes,12
Adrenal Cancer,FALSE,Abnormal uncontrolled cell growth due to genetic and environmental factors,"Chemotherapy, targeted therapy, or pain management medication",Yes,"High-protein nutritious diet, regular follow-up care, avoid smoking and alcohol, limit strenuous activity during treatment",Yes,52
Intracranial Abscess,TRUE,"Various factors including infections, genetics, lifestyle, or environmental triggers",Consult physician; medication depends on severity and diagnosis,No,"Maintain hydration, eat balanced nutritious food, avoid junk food and alcohol, take adequate rest, and avoid strenuous physical activity until recovery",No,4
Adenoid cystic carcinoma,FALSE,"Various factors including infections, genetics, lifestyle, or environmental triggers",Consult physician; medication depends on severity and diagnosis,No,"Maintain hydration, eat balanced nutritious food, avoid junk food and alcohol, take adequate rest, and avoid strenuous physical activity until recovery",Yes,12
Fracture of the Patella,FALSE,Physical trauma or accident,"Pain relievers, antibiotics, or surgery depending on severity",Yes,"Rest the affected area, consume protein and calcium-rich food, avoid heavy activity, and follow rehabilitation advice",Yes,12
Restless Leg Syndrome,FALSE,Viral or bacterial infection,Antibiotics or antiviral medication as prescribed by a doctor,No,"Drink plenty of fluids, consume light nutritious meals, avoid oily food, rest adequately, and avoid strenuous activity",Yes,12
Cold Sore,FALSE,Viral or bacterial infection,Antibiotics or antiviral medication as prescribed by a doctor,No,"Drink plenty of fluids, consume light nutritious meals, avoid oily food, rest adequately, and avoid strenuous activity",Yes,12
Chronic Kidney Disease,TRUE,Insulin resistance or insufficient insulin production,Insulin or oral antidiabetic medication,No,"Follow a low-sugar balanced diet, exercise moderately, avoid sugary foods, monitor blood sugar regularly",Yes,12
Goiter,FALSE,"Various factors including infections, genetics, lifestyle, or environmental triggers",Consult physician; medication depends on severity and diagnosis,No,"Maintain hydration, eat balanced nutritious food, avoid junk food and alcohol, take adequate rest, and avoid strenuous physical activity until recovery",Yes,12
Type 1 Diabetes,FALSE,Insulin resistance or insufficient insulin production,Insulin or oral antidiabetic medication,No,"Follow a low-sugar balanced diet, exercise moderately, avoid sugary foods, monitor blood sugar regularly",Yes,12
Dislocation of the Elbow,FALSE,"Various factors including infections, genetics, lifestyle, or environmental triggers",Consult physician; medication depends on severity and diagnosis,No,"Maintain hydration, eat balanced nutritious food, avoid junk food and alcohol, take adequate rest, and avoid strenuous physical activity until recovery",Yes,12
Rabies,TRUE,"Psychological, neurological, genetic, or environmental factors","Therapy, counseling, or psychiatric medication if prescribed",No,"Maintain healthy routine, sleep properly, avoid stress triggers, eat balanced meals, and engage in mild physical activity",Yes,24
Contact Dermatitis,FALSE,"Skin irritation, infection, allergy, or autoimmune response","Topical creams, antihistamines, or prescribed dermatological medication",No,"Keep skin clean, avoid harsh soaps and allergens, eat vitamin-rich food, and avoid scratching affected areas",No,3
Hemophilia,FALSE,Physical trauma or accident,"Pain relievers, antibiotics, or surgery depending on severity",Yes,"Rest the affected area, consume protein and calcium-rich food, avoid heavy activity, and follow rehabilitation advice",Yes,12
Open Wound from Surgical Incision,FALSE,Viral or bacterial infection,Antibiotics or antiviral medication as prescribed by a doctor,No,"Drink plenty of fluids, consume light nutritious meals, avoid oily food, rest adequately, and avoid strenuous activity",No,2
Chronic Migraine,FALSE,"Various factors including infections, genetics, lifestyle, or environmental triggers",Consult physician; medication depends on severity and diagnosis,No,"Maintain hydration, eat balanced nutritious food, avoid junk food and alcohol, take adequate rest, and avoid strenuous physical activity until recovery",Yes,12
Hyperkalemia,TRUE,"Cardiovascular dysfunction, blocked arteries, or high blood pressure","Blood pressure medication, anticoagulants, or cardiac medication",Yes,"Low-salt diet, avoid fatty foods and smoking, perform light exercise only under medical guidance",Yes,12
Fibromyalgia,TRUE,"Various factors including infections, genetics, lifestyle, or environmental triggers",Consult physician; medication depends on severity and diagnosis,No,"Maintain hydration, eat balanced nutritious food, avoid junk food and alcohol, take adequate rest, and avoid strenuous physical activity until recovery",Yes,12
Bipolar Disorder,FALSE,"Psychological, neurological, genetic, or environmental factors","Therapy, counseling, or psychiatric medication if prescribed",No,"Maintain healthy routine, sleep properly, avoid stress triggers, eat balanced meals, and engage in mild physical activity",Yes,24
Sedatives Poisoning,FALSE,"Various factors including infections, genetics, lifestyle, or environmental triggers",Consult physician; medication depends on severity and diagnosis,No,"Maintain hydration, eat balanced nutritious food, avoid junk food and alcohol, take adequate rest, and avoid strenuous physical activity until recovery",No,4
Migraine,FALSE,Viral or bacterial infection,Antibiotics or antiviral medication as prescribed by a doctor,No,"Drink plenty of fluids, consume light nutritious meals, avoid oily food, rest adequately, and avoid strenuous activity",Yes,12
Plantar Fasciitis,FALSE,"Various factors including infections, genetics, lifestyle, or environmental triggers",Consult physician; medication depends on severity and diagnosis,No,"Maintain hydration, eat balanced nutritious food, avoid junk food and alcohol, take adequate rest, and avoid strenuous physical activity until recovery",Yes,12
Priapism,FALSE,"Various factors including infections, genetics, lifestyle, or environmental triggers",Consult physician; medication depends on severity and diagnosis,No,"Maintain hydration, eat balanced nutritious food, avoid junk food and alcohol, take adequate rest, and avoid strenuous physical activity until recovery",Yes,12
Gestational Hypertension,FALSE,Hormonal and physiological changes during pregnancy,Medication only under obstetric supervision,No,"Eat iron and calcium-rich foods, stay hydrated, avoid stress and heavy physical activity",Yes,12
Pyelonephritis,TRUE,Viral or bacterial infection,Antibiotics or antiviral medication as prescribed by a doctor,No,"Drink plenty of fluids, consume light nutritious meals, avoid oily food, rest adequately, and avoid strenuous activity",Yes,12
Drug Abuse (Cocaine),FALSE,"Cardiovascular dysfunction, blocked arteries, or high blood pressure","Blood pressure medication, anticoagulants, or cardiac medication",Yes,"Low-salt diet, avoid fatty foods and smoking, perform light exercise only under medical guidance",Yes,12
Gout,FALSE,"Various factors including infections, genetics, lifestyle, or environmental triggers",Consult physician; medication depends on severity and diagnosis,No,"Maintain hydration, eat balanced nutritious food, avoid junk food and alcohol, take adequate rest, and avoid strenuous physical activity until recovery",Yes,12
Narcolepsy,FALSE,"Various factors including infections, genetics, lifestyle, or environmental triggers",Consult physician; medication depends on severity and diagnosis,No,"Maintain hydration, eat balanced nutritious food, avoid junk food and alcohol, take adequate rest, and avoid strenuous physical activity until recovery",Yes,12
Submandibular stones,FALSE,"Various factors including infections, genetics, lifestyle, or environmental triggers",Consult physician; medication depends on severity and diagnosis,No,"Maintain hydration, eat balanced nutritious food, avoid junk food and alcohol, take adequate rest, and avoid strenuous physical activity until recovery",No,4
Dental Caries,FALSE,Viral or bacterial infection,Antibiotics or antiviral medication as prescribed by a doctor,No,"Drink plenty of fluids, consume light nutritious meals, avoid oily food, rest adequately, and avoid strenuous activity",No,2
Vitamin B12 Deficiency,TRUE,"Psychological, neurological, genetic, or environmental factors","Therapy, counseling, or psychiatric medication if prescribed",No,"Maintain healthy routine, sleep properly, avoid stress triggers, eat balanced meals, and engage in mild physical activity",Yes,24
Testicular Cancer,FALSE,Abnormal uncontrolled cell growth due to genetic and environmental factors,"Chemotherapy, targeted therapy, or pain management medication",Yes,"High-protein nutritious diet, regular follow-up care, avoid smoking and alcohol, limit strenuous activity during treatment",Yes,52
Peyronie Disease,FALSE,"Various factors including infections, genetics, lifestyle, or environmental triggers",Consult physician; medication depends on severity and diagnosis,No,"Maintain hydration, eat balanced nutritious food, avoid junk food and alcohol, take adequate rest, and avoid strenuous physical activity until recovery",Yes,12
Hepatitis due to a Toxin,TRUE,"Various factors including infections, genetics, lifestyle, or environmental triggers",Consult physician; medication depends on severity and diagnosis,No,"Maintain hydration, eat balanced nutritious food, avoid junk food and alcohol, take adequate rest, and avoid strenuous physical activity until recovery",No,4
Foreign Body in the Throat,FALSE,"Various factors including infections, genetics, lifestyle, or environmental triggers",Consult physician; medication depends on severity and diagnosis,No,"Maintain hydration, eat balanced nutritious food, avoid junk food and alcohol, take adequate rest, and avoid strenuous physical activity until recovery",No,4
Stenosis of the Tear Duct,FALSE,"Increased eye pressure, genetics, or age-related degeneration","Eye drops, surgery, or ophthalmic medication",No,"Protect eyes from strain, maintain vitamin A-rich diet, avoid excessive screen time",Yes,12
Lateral Epicondylitis (Tennis Elbow),FALSE,Viral or bacterial infection,Antibiotics or antiviral medication as prescribed by a doctor,No,"Drink plenty of fluids, consume light nutritious meals, avoid oily food, rest adequately, and avoid strenuous activity",Yes,12
Attention Deficit Hyperactivity Disorder (ADHD),FALSE,"Psychological, neurological, genetic, or environmental factors","Therapy, counseling, or psychiatric medication if prescribed",No,"Maintain healthy routine, sleep properly, avoid stress triggers, eat balanced meals, and engage in mild physical activity",Yes,24
Tuberous Sclerosis,FALSE,Abnormal uncontrolled cell growth due to genetic and environmental factors,"Chemotherapy, targeted therapy, or pain management medication",Yes,"High-protein nutritious diet, regular follow-up care, avoid smoking and alcohol, limit strenuous activity during treatment",Yes,52
Pulmonic Valve Disease,TRUE,"Cardiovascular dysfunction, blocked arteries, or high blood pressure","Blood pressure medication, anticoagulants, or cardiac medication",Yes,"Low-salt diet, avoid fatty foods and smoking, perform light exercise only under medical guidance",Yes,12
Pelvic Organ Prolapse,FALSE,"Various factors including infections, genetics, lifestyle, or environmental triggers",Consult physician; medication depends on severity and diagnosis,No,"Maintain hydration, eat balanced nutritious food, avoid junk food and alcohol, take adequate rest, and avoid strenuous physical activity until recovery",Yes,12
"Sedative, Hypnotic, or Anxiolytic Use Disorder",FALSE,"Increased eye pressure, genetics, or age-related degeneration","Eye drops, surgery, or ophthalmic medication",No,"Protect eyes from strain, maintain vitamin A-rich diet, avoid excessive screen time",Yes,12
Atrial Fibrillation,TRUE,"Cardiovascular dysfunction, blocked arteries, or high blood pressure","Blood pressure medication, anticoagulants, or cardiac medication",Yes,"Low-salt diet, avoid fatty foods and smoking, perform light exercise only under medical guidance",Yes,12
Asthma,TRUE,"Various factors including infections, genetics, lifestyle, or environmental triggers",Consult physician; medication depends on severity and diagnosis,No,"Maintain hydration, eat balanced nutritious food, avoid junk food and alcohol, take adequate rest, and avoid strenuous physical activity until recovery",Yes,12
Edward Syndrome,FALSE,"Cardiovascular dysfunction, blocked arteries, or high blood pressure","Blood pressure medication, anticoagulants, or cardiac medication",Yes,"Low-salt diet, avoid fatty foods and smoking, perform light exercise only under medical guidance",Yes,12
West Nile Virus,TRUE,"Skin irritation, infection, allergy, or autoimmune response","Topical creams, antihistamines, or prescribed dermatological medication",No,"Keep skin clean, avoid harsh soaps and allergens, eat vitamin-rich food, and avoid scratching affected areas",No,3
Obesity,FALSE,Viral or bacterial infection,Antibiotics or antiviral medication as prescribed by a doctor,No,"Drink plenty of fluids, consume light nutritious meals, avoid oily food, rest adequately, and avoid strenuous activity",Yes,12
Hypertension,FALSE,"Increased eye pressure, genetics, or age-related degeneration","Eye drops, surgery, or ophthalmic medication",No,"Protect eyes from strain, maintain vitamin A-rich diet, avoid excessive screen time",Yes,12
Sialolithiasis,FALSE,"Various factors including infections, genetics, lifestyle, or environmental triggers",Consult physician; medication depends on severity and diagnosis,No,"Maintain hydration, eat balanced nutritious food, avoid junk food and alcohol, take adequate rest, and avoid strenuous physical activity until recovery",No,4
Hyperopia,FALSE,"Increased eye pressure, genetics, or age-related degeneration","Eye drops, surgery, or ophthalmic medication",No,"Protect eyes from strain, maintain vitamin A-rich diet, avoid excessive screen time",Yes,12
Liver Cancer,TRUE,"Increased eye pressure, genetics, or age-related degeneration","Eye drops, surgery, or ophthalmic medication",No,"Protect eyes from strain, maintain vitamin A-rich diet, avoid excessive screen time",Yes,12
Chalazion,FALSE,"Increased eye pressure, genetics, or age-related degeneration","Eye drops, surgery, or ophthalmic medication",No,"Protect eyes from strain, maintain vitamin A-rich diet, avoid excessive screen time",Yes,12
Hypocalcemia,FALSE,"Various factors including infections, genetics, lifestyle, or environmental triggers",Consult physician; medication depends on severity and diagnosis,No,"Maintain hydration, eat balanced nutritious food, avoid junk food and alcohol, take adequate rest, and avoid strenuous physical activity until recovery",No,4
Viral Warts,FALSE,"Skin irritation, infection, allergy, or autoimmune response","Topical creams, antihistamines, or prescribed dermatological medication",No,"Keep skin clean, avoid harsh soaps and allergens, eat vitamin-rich food, and avoid scratching affected areas",Yes,12
Spondylitis,TRUE,Viral or bacterial infection,Antibiotics or antiviral medication as prescribed by a doctor,No,"Drink plenty of fluids, consume light nutritious meals, avoid oily food, rest adequately, and avoid strenuous activity",Yes,12
