Disease,Symptoms,Medical_Test_Results,Possible_Patient_History,Lifestyle_Factors
Gestational Cholestasis,"Itchy skin, particularly on the hands and feet","Visible skin lesions, irritation, or positive dermatological examination","Past skin allergies, infections, or family history of skin disease","Poor hygiene, allergen exposure, stress, unhealthy skin care habits"
Injury to Internal Organ,"Abdominal pain, bleeding, organ dysfunction",Clinical examination and routine diagnostic tests may indicate the condition,"Previous related symptoms, family history, or underlying health conditions","Poor diet, stress, lack of exercise, smoking, alcohol use, or environmental exposure"
Scabies,"Intense itching, especially at night, small blisters or bumps",Clinical examination and routine diagnostic tests may indicate the condition,"Previous related symptoms, family history, or underlying health conditions","Poor diet, stress, lack of exercise, smoking, alcohol use, or environmental exposure"
Congenital Glaucoma,"Cloudy or hazy eyes, excessive tearing, sensitivity to light",Clinical examination and routine diagnostic tests may indicate the condition,"Previous related symptoms, family history, or underlying health conditions","Poor diet, stress, lack of exercise, smoking, alcohol use, or environmental exposure"
Avoidant/Restrictive Food Intake Disorder (ARFID),"Avoidance or restriction of certain foods or entire food groups, significant weight loss or failure to gain weight",Clinical examination and routine diagnostic tests may indicate the condition,"Previous related symptoms, family history, or underlying health conditions","Poor diet, stress, lack of exercise, smoking, alcohol use, or environmental exposure"
Subdural hemorrhage,"Headache, confusion, dizziness, nausea or vomiting, seizures, weakness or numbness",Clinical examination and routine diagnostic tests may indicate the condition,"Previous related symptoms, family history, or underlying health conditions","Poor diet, stress, lack of exercise, smoking, alcohol use, or environmental exposure"
Poisoning due to Antidepressants,"Nausea, vomiting, drowsiness, dizziness, confusion, seizures, changes in heart rate, low blood pressure, respiratory distress","Abnormal ECG, elevated blood pressure, cholesterol imbalance, or imaging abnormalities","History of chest pain, hypertension, smoking, or previous cardiac events","Smoking, high-fat diet, stress, alcohol consumption, lack of physical activity"
Mittelschmerz,Lower abdominal pain and discomfort occurring around the time of ovulation,Clinical examination and routine diagnostic tests may indicate the condition,"Previous related symptoms, family history, or underlying health conditions","Poor diet, stress, lack of exercise, smoking, alcohol use, or environmental exposure"
Cornea Infection,"Eye redness, pain or discomfort, blurred or decreased vision, increased sensitivity to light",Clinical examination and routine diagnostic tests may indicate the condition,"Previous related symptoms, family history, or underlying health conditions","Poor diet, stress, lack of exercise, smoking, alcohol use, or environmental exposure"
Myopia,"Blurred distance vision, eyestrain, squinting",Clinical examination and routine diagnostic tests may indicate the condition,"Previous related symptoms, family history, or underlying health conditions","Poor diet, stress, lack of exercise, smoking, alcohol use, or environmental exposure"
Abscess of the Lung,"Cough with phlegm or pus, chest pain, fever, shortness of breath, fatigue","Elevated white blood cell count, positive culture, or viral antigen tests",Recent exposure to infected individuals or weakened immunity,"Poor hygiene, inadequate sleep, poor nutrition, crowded environments"
Congenital rubella,"Developmental delays, intellectual disability, hearing loss, vision problems, heart defects, liver or spleen enlargement, rash at birth","Abnormal ECG, elevated blood pressure, cholesterol imbalance, or imaging abnormalities","History of chest pain, hypertension, smoking, or previous cardiac events","Smoking, high-fat diet, stress, alcohol consumption, lack of physical activity"
Intertrigo,"Red, raw, or inflamed skin in skin folds (such as armpits or groin), itching or burning sensation","Visible skin lesions, irritation, or positive dermatological examination","Past skin allergies, infections, or family history of skin disease","Poor hygiene, allergen exposure, stress, unhealthy skin care habits"
Insect Bites,"Red, swollen, itchy bumps",Clinical examination and routine diagnostic tests may indicate the condition,"Previous related symptoms, family history, or underlying health conditions","Poor diet, stress, lack of exercise, smoking, alcohol use, or environmental exposure"
Complex Regional Pain Syndrome,"Severe and chronic pain, often in the limbs, with associated swelling, changes in skin color or temperature, abnormal sweating, limited range of motion","Visible skin lesions, irritation, or positive dermatological examination","Past skin allergies, infections, or family history of skin disease","Poor hygiene, allergen exposure, stress, unhealthy skin care habits"
Anxiety,"Excessive worrying, restlessness, increased heart rate, panic attacks","Abnormal ECG, elevated blood pressure, cholesterol imbalance, or imaging abnormalities","History of chest pain, hypertension, smoking, or previous cardiac events","Smoking, high-fat diet, stress, alcohol consumption, lack of physical activity"
Gastroesophageal Reflux Disease (GERD),"Heartburn, acid reflux, chest pain","Abnormal ECG, elevated blood pressure, cholesterol imbalance, or imaging abnormalities","History of chest pain, hypertension, smoking, or previous cardiac events","Smoking, high-fat diet, stress, alcohol consumption, lack of physical activity"
Crushing Injury,"Severe pain, swelling, deformity, bruising, difficulty moving or using the affected area",Clinical examination and routine diagnostic tests may indicate the condition,"Previous related symptoms, family history, or underlying health conditions","Poor diet, stress, lack of exercise, smoking, alcohol use, or environmental exposure"
Cellulitis,"Redness, Pain, tenderness, Swelling, Skin changes, Lymph node enlargement","Visible skin lesions, irritation, or positive dermatological examination","Past skin allergies, infections, or family history of skin disease","Poor hygiene, allergen exposure, stress, unhealthy skin care habits"
Anal Fissure,"Pain during bowel movements, rectal bleeding",Clinical examination and routine diagnostic tests may indicate the condition,"Previous related symptoms, family history, or underlying health conditions","Poor diet, stress, lack of exercise, smoking, alcohol use, or environmental exposure"
Neuropathic Pain,"Shooting or burning pain, tingling or numbness",Clinical examination and routine diagnostic tests may indicate the condition,"Previous related symptoms, family history, or underlying health conditions","Poor diet, stress, lack of exercise, smoking, alcohol use, or environmental exposure"
Common Cold,"cough, sore throat, runny nose, sneezing",Clinical examination and routine diagnostic tests may indicate the condition,"Previous related symptoms, family history, or underlying health conditions","Poor diet, stress, lack of exercise, smoking, alcohol use, or environmental exposure"
Food Allergy,"Rash, itching, swelling, difficulty breathing, gastrointestinal symptoms","Visible skin lesions, irritation, or positive dermatological examination","Past skin allergies, infections, or family history of skin disease","Poor hygiene, allergen exposure, stress, unhealthy skin care habits"
Pulmonary Fibrosis,"Shortness of breath, dry cough, fatigue",Clinical examination and routine diagnostic tests may indicate the condition,"Previous related symptoms, family history, or underlying health conditions","Poor diet, stress, lack of exercise, smoking, alcohol use, or environmental exposure"
Hyperosmotic Hyperketotic State,"Increased blood sugar levels, increased ketone production, excessive thirst, frequent urination, fatigue, confusion, fruity breath odor",Clinical examination and routine diagnostic tests may indicate the condition,"Previous related symptoms, family history, or underlying health conditions","Poor diet, stress, lack of exercise, smoking, alcohol use, or environmental exposure"
Overflow Incontinence,"Frequent or constant dribbling of urine, inability to completely empty the bladder, weak urine stream",Clinical examination and routine diagnostic tests may indicate the condition,"Previous related symptoms, family history, or underlying health conditions","Poor diet, stress, lack of exercise, smoking, alcohol use, or environmental exposure"
Abdominal Injury,"Abdominal pain, tenderness, bruising, swelling, difficulty breathing, nausea, vomiting, changes in bowel movements, blood in urine or stool",Clinical examination and routine diagnostic tests may indicate the condition,"Previous related symptoms, family history, or underlying health conditions","Poor diet, stress, lack of exercise, smoking, alcohol use, or environmental exposure"
Hirsutism,Excessive hair growth in women,Clinical examination and routine diagnostic tests may indicate the condition,"Previous related symptoms, family history, or underlying health conditions","Poor diet, stress, lack of exercise, smoking, alcohol use, or environmental exposure"
Neuralgia,"Sharp, shooting pain along the affected nerve",Clinical examination and routine diagnostic tests may indicate the condition,"Previous related symptoms, family history, or underlying health conditions","Poor diet, stress, lack of exercise, smoking, alcohol use, or environmental exposure"
Warthin tumor,"Painless lump or swelling, Facial changes",Clinical examination and routine diagnostic tests may indicate the condition,"Previous related symptoms, family history, or underlying health conditions","Poor diet, stress, lack of exercise, smoking, alcohol use, or environmental exposure"
Presbycusis,"Gradual hearing loss, difficulty hearing high-pitched sounds, speech sounds muffled or unclear",Clinical examination and routine diagnostic tests may indicate the condition,"Previous related symptoms, family history, or underlying health conditions","Poor diet, stress, lack of exercise, smoking, alcohol use, or environmental exposure"
Opioid Use Disorder,"Compulsive use of opioids, strong desire or cravings for opioids, inability to control or reduce opioid use, withdrawal symptoms (such as nausea, muscle aches, anxiety) when attempting to stop or reduce use, tolerance to opioids, continued use despite negative consequences (such as legal issues, health problems)",Psychological evaluation and behavioral assessment findings,"Past mental health issues, trauma, stress, or family history","Sleep deprivation, stress, social isolation, substance abuse"
Panic disorder,"Palpitations, Sweating, Trembling, Shortness of breath, Fear of losing control, Dizziness",Clinical examination and routine diagnostic tests may indicate the condition,"Previous related symptoms, family history, or underlying health conditions","Poor diet, stress, lack of exercise, smoking, alcohol use, or environmental exposure"
Esophageal Cancer,"Difficulty swallowing, unintentional weight loss, chest pain, hoarseness",Clinical examination and routine diagnostic tests may indicate the condition,"Previous related symptoms, family history, or underlying health conditions","Poor diet, stress, lack of exercise, smoking, alcohol use, or environmental exposure"
Alcohol Intoxication,"Slurred speech, impaired coordination, confusion",Clinical examination and routine diagnostic tests may indicate the condition,"Previous related symptoms, family history, or underlying health conditions","Poor diet, stress, lack of exercise, smoking, alcohol use, or environmental exposure"
Pilonidal Cyst,"Pain or discomfort in the tailbone area, swelling, redness, drainage of pus or blood, abscess formation","X-ray, MRI, or inflammatory marker abnormalities","Previous injuries, aging-related degeneration, chronic pain","Poor posture, obesity, lack of calcium, excessive strain"
Gestational Diabetes,High blood sugar levels during pregnancy,Hormonal changes and pregnancy-related blood test abnormalities,Current or previous pregnancy-related complications,"Poor nutrition, stress, lack of prenatal care"
Drug Withdrawal,"Anxiety, restlessness, irritability, tremors, sweating, nausea, vomiting, insomnia, drug cravings",Psychological evaluation and behavioral assessment findings,"Past mental health issues, trauma, stress, or family history","Sleep deprivation, stress, social isolation, substance abuse"
Fetal Alcohol Syndrome,"Growth deficiencies, facial abnormalities, developmental delays, intellectual disability",Psychological evaluation and behavioral assessment findings,"Past mental health issues, trauma, stress, or family history","Sleep deprivation, stress, social isolation, substance abuse"
Polycythemia Vera,"Increased red blood cell count, fatigue, headache, dizziness, itching, enlarged spleen",Clinical examination and routine diagnostic tests may indicate the condition,"Previous related symptoms, family history, or underlying health conditions","Poor diet, stress, lack of exercise, smoking, alcohol use, or environmental exposure"
Osteoarthritis,"Joint pain, stiffness, swelling","X-ray, MRI, or inflammatory marker abnormalities","Previous injuries, aging-related degeneration, chronic pain","Poor posture, obesity, lack of calcium, excessive strain"
Fracture of the Neck,"Severe neck pain, swelling, tenderness, difficulty moving or turning the head, numbness or weakness in the arms or legs",Clinical examination and routine diagnostic tests may indicate the condition,"Previous related symptoms, family history, or underlying health conditions","Poor diet, stress, lack of exercise, smoking, alcohol use, or environmental exposure"
Myoclonus,"Sudden, brief muscle contractions or jerks, often affecting the arms, legs, or face",Clinical examination and routine diagnostic tests may indicate the condition,"Previous related symptoms, family history, or underlying health conditions","Poor diet, stress, lack of exercise, smoking, alcohol use, or environmental exposure"
Foreign Body in the Gastrointestinal Tract,"Abdominal pain or discomfort, difficulty swallowing, choking or gagging, drooling, nausea or vomiting, loss of appetite, chest pain or pressure, respiratory distress, coughing or wheezing, gastrointestinal bleeding, bowel obstruction, perforation of the digestive tract","Reduced lung function tests, abnormal chest imaging, or oxygen saturation changes","History of allergies, smoking, recurrent breathing issues","Smoking, air pollution exposure, poor fitness, allergen exposure"
Coronary Atherosclerosis,"Chest pain or discomfort (angina), shortness of breath, fatigue, irregular heartbeat, dizziness, nausea, sweating, jaw or arm pain (in some cases), heart attack (when a coronary artery becomes completely blocked)","Abnormal ECG, elevated blood pressure, cholesterol imbalance, or imaging abnormalities","History of chest pain, hypertension, smoking, or previous cardiac events","Smoking, high-fat diet, stress, alcohol consumption, lack of physical activity"
Hypertensive Heart Disease,"High blood pressure, chest pain or discomfort, shortness of breath, fatigue",Clinical examination and routine diagnostic tests may indicate the condition,"Previous related symptoms, family history, or underlying health conditions","Poor diet, stress, lack of exercise, smoking, alcohol use, or environmental exposure"
Mumps,"Swollen salivary glands (usually parotid), fever, headache, fatigue","Elevated white blood cell count, positive culture, or viral antigen tests",Recent exposure to infected individuals or weakened immunity,"Poor hygiene, inadequate sleep, poor nutrition, crowded environments"
Cholesteatoma,"Ear pain, hearing loss, ear drainage, dizziness or vertigo, tinnitus",Clinical examination and routine diagnostic tests may indicate the condition,"Previous related symptoms, family history, or underlying health conditions","Poor diet, stress, lack of exercise, smoking, alcohol use, or environmental exposure"
Polycystic Kidney Disease,"Abdominal pain, high blood pressure, kidney cysts",Clinical examination and routine diagnostic tests may indicate the condition,"Previous related symptoms, family history, or underlying health conditions","Poor diet, stress, lack of exercise, smoking, alcohol use, or environmental exposure"
Juvenile Rheumatoid Arthritis,"Joint pain, swelling, stiffness, limited range of motion, fever, rash","Visible skin lesions, irritation, or positive dermatological examination","Past skin allergies, infections, or family history of skin disease","Poor hygiene, allergen exposure, stress, unhealthy skin care habits"
Hypospadias,"Abnormal positioning of the urethral opening on the underside of the penis, penile curvature, spraying of urine, difficulty in urination",Clinical examination and routine diagnostic tests may indicate the condition,"Previous related symptoms, family history, or underlying health conditions","Poor diet, stress, lack of exercise, smoking, alcohol use, or environmental exposure"
Parotid stones,"Swelling, pain, dry mouth, bad taste",Clinical examination and routine diagnostic tests may indicate the condition,"Previous related symptoms, family history, or underlying health conditions","Poor diet, stress, lack of exercise, smoking, alcohol use, or environmental exposure"
Achalasia,Difficulty swallowing,Clinical examination and routine diagnostic tests may indicate the condition,"Previous related symptoms, family history, or underlying health conditions","Poor diet, stress, lack of exercise, smoking, alcohol use, or environmental exposure"
Rumination Disorder,Repeated regurgitation and re-chewing of food,Clinical examination and routine diagnostic tests may indicate the condition,"Previous related symptoms, family history, or underlying health conditions","Poor diet, stress, lack of exercise, smoking, alcohol use, or environmental exposure"
Bronchitis,"Persistent cough with yellow or green mucus, chest congestion, fatigue",Clinical examination and routine diagnostic tests may indicate the condition,"Previous related symptoms, family history, or underlying health conditions","Poor diet, stress, lack of exercise, smoking, alcohol use, or environmental exposure"
Balanitis,"Inflammation of the glans penis (tip of the penis), redness, swelling, pain",Clinical examination and routine diagnostic tests may indicate the condition,"Previous related symptoms, family history, or underlying health conditions","Poor diet, stress, lack of exercise, smoking, alcohol use, or environmental exposure"
Ectopic Pregnancy,"Vaginal bleeding, abdominal pain or cramping, shoulder pain (if the fallopian tube ruptures)",Clinical examination and routine diagnostic tests may indicate the condition,"Previous related symptoms, family history, or underlying health conditions","Poor diet, stress, lack of exercise, smoking, alcohol use, or environmental exposure"
Atelectasis,"Difficulty breathing, rapid breathing, chest pain",Clinical examination and routine diagnostic tests may indicate the condition,"Previous related symptoms, family history, or underlying health conditions","Poor diet, stress, lack of exercise, smoking, alcohol use, or environmental exposure"
Anorexia Nervosa,"Extreme weight loss, fear of gaining weight, distorted body image",Clinical examination and routine diagnostic tests may indicate the condition,"Previous related symptoms, family history, or underlying health conditions","Poor diet, stress, lack of exercise, smoking, alcohol use, or environmental exposure"
Hypergammaglobulinemia,"Elevated levels of gamma globulins in the blood, may be asymptomatic or associated with other underlying conditions",Clinical examination and routine diagnostic tests may indicate the condition,"Previous related symptoms, family history, or underlying health conditions","Poor diet, stress, lack of exercise, smoking, alcohol use, or environmental exposure"
Pregnancy-Induced Hypertension,High blood pressure during pregnancy,Hormonal changes and pregnancy-related blood test abnormalities,Current or previous pregnancy-related complications,"Poor nutrition, stress, lack of prenatal care"
Chorioretinitis,"Eye pain, blurred vision, sensitivity to light",Clinical examination and routine diagnostic tests may indicate the condition,"Previous related symptoms, family history, or underlying health conditions","Poor diet, stress, lack of exercise, smoking, alcohol use, or environmental exposure"
Open-Angle Glaucoma,"Gradual loss of peripheral vision, tunnel vision",Clinical examination and routine diagnostic tests may indicate the condition,"Previous related symptoms, family history, or underlying health conditions","Poor diet, stress, lack of exercise, smoking, alcohol use, or environmental exposure"
Cranial Nerve Palsy,"Depends on the specific cranial nerve involved; symptoms can include vision changes, eye movement abnormalities, facial weakness or paralysis, difficulty swallowing or speaking, loss of sensation in the face or other areas",Clinical examination and routine diagnostic tests may indicate the condition,"Previous related symptoms, family history, or underlying health conditions","Poor diet, stress, lack of exercise, smoking, alcohol use, or environmental exposure"
Corneal Abrasion,"Eye pain, redness, foreign body sensation, sensitivity to light",Clinical examination and routine diagnostic tests may indicate the condition,"Previous related symptoms, family history, or underlying health conditions","Poor diet, stress, lack of exercise, smoking, alcohol use, or environmental exposure"
Hiatal Hernia,"Heartburn, chest pain, difficulty swallowing","Abnormal ECG, elevated blood pressure, cholesterol imbalance, or imaging abnormalities","History of chest pain, hypertension, smoking, or previous cardiac events","Smoking, high-fat diet, stress, alcohol consumption, lack of physical activity"
Type 2 Diabetes,"increased thirst, frequent urination, fatigue",Clinical examination and routine diagnostic tests may indicate the condition,"Previous related symptoms, family history, or underlying health conditions","Poor diet, stress, lack of exercise, smoking, alcohol use, or environmental exposure"
Uterine Fibroids,"Heavy or prolonged menstrual periods, pelvic pain or pressure, frequent urination, difficulty emptying the bladder, constipation, backache, leg pain, enlarged abdomen or uterus, infertility or recurrent miscarriages (in some cases)",Clinical examination and routine diagnostic tests may indicate the condition,"Previous related symptoms, family history, or underlying health conditions","Poor diet, stress, lack of exercise, smoking, alcohol use, or environmental exposure"
Angle-Closure Glaucoma,"Severe eye pain, headache, blurred vision, halos around lights, nausea and vomiting",Clinical examination and routine diagnostic tests may indicate the condition,"Previous related symptoms, family history, or underlying health conditions","Poor diet, stress, lack of exercise, smoking, alcohol use, or environmental exposure"
Chronic Headache,"Persistent head pain, tension in neck and shoulders",Clinical examination and routine diagnostic tests may indicate the condition,"Previous related symptoms, family history, or underlying health conditions","Poor diet, stress, lack of exercise, smoking, alcohol use, or environmental exposure"
Acute Kidney Injury,"Decreased urine output, fluid retention, fatigue","Elevated white blood cell count, positive culture, or viral antigen tests",Recent exposure to infected individuals or weakened immunity,"Poor hygiene, inadequate sleep, poor nutrition, crowded environments"
Scarlet Fever,"Sore throat, fever, rash (red, sandpaper-like), swollen glands","Visible skin lesions, irritation, or positive dermatological examination","Past skin allergies, infections, or family history of skin disease","Poor hygiene, allergen exposure, stress, unhealthy skin care habits"
Thoracic Aortic Aneurysm,"Chest or back pain, shortness of breath, hoarseness, difficulty swallowing",Clinical examination and routine diagnostic tests may indicate the condition,"Previous related symptoms, family history, or underlying health conditions","Poor diet, stress, lack of exercise, smoking, alcohol use, or environmental exposure"
Scleroderma,"Thickening of the skin, Raynaud's phenomenon","Visible skin lesions, irritation, or positive dermatological examination","Past skin allergies, infections, or family history of skin disease","Poor hygiene, allergen exposure, stress, unhealthy skin care habits"
Bone Spur of the Calcaneus,"Heel pain, especially when walking or standing, tenderness, swelling, inflammation of the surrounding tissue",Clinical examination and routine diagnostic tests may indicate the condition,"Previous related symptoms, family history, or underlying health conditions","Poor diet, stress, lack of exercise, smoking, alcohol use, or environmental exposure"
Ethylene glycol poisoning-2,"Metabolic acidosis, apid breathing, rapid heart rate, confusion, headache, dizziness, seizures","Abnormal ECG, elevated blood pressure, cholesterol imbalance, or imaging abnormalities","History of chest pain, hypertension, smoking, or previous cardiac events","Smoking, high-fat diet, stress, alcohol consumption, lack of physical activity"
Pica,Persistent consumption of non-food substances,Clinical examination and routine diagnostic tests may indicate the condition,"Previous related symptoms, family history, or underlying health conditions","Poor diet, stress, lack of exercise, smoking, alcohol use, or environmental exposure"
Induced Abortion,"Vaginal bleeding, cramping, abdominal pain, nausea, fatigue, emotional distress",Clinical examination and routine diagnostic tests may indicate the condition,"Previous related symptoms, family history, or underlying health conditions","Poor diet, stress, lack of exercise, smoking, alcohol use, or environmental exposure"
Tension Headache,"Mild to moderate head pain, tightness or pressure sensation on both sides of head",Clinical examination and routine diagnostic tests may indicate the condition,"Previous related symptoms, family history, or underlying health conditions","Poor diet, stress, lack of exercise, smoking, alcohol use, or environmental exposure"
Tuberculosis,"cough, weight loss, fever, night sweats","Elevated white blood cell count, positive culture, or viral antigen tests",Recent exposure to infected individuals or weakened immunity,"Poor hygiene, inadequate sleep, poor nutrition, crowded environments"
Urethral Valves,"Difficulty or poor urinary stream, urinary tract infections, urinary frequency or urgency, abdominal distension, poor weight gain","Elevated white blood cell count, positive culture, or viral antigen tests",Recent exposure to infected individuals or weakened immunity,"Poor hygiene, inadequate sleep, poor nutrition, crowded environments"
Hashimoto Thyroiditis,"Fatigue, weight gain, constipation, dry skin, depression, muscle aches and stiffness, sensitivity to cold","Visible skin lesions, irritation, or positive dermatological examination","Past skin allergies, infections, or family history of skin disease","Poor hygiene, allergen exposure, stress, unhealthy skin care habits"
Parkinson Disease,"Tremors, stiffness, slowness of movement",Clinical examination and routine diagnostic tests may indicate the condition,"Previous related symptoms, family history, or underlying health conditions","Poor diet, stress, lack of exercise, smoking, alcohol use, or environmental exposure"
Cryptorchidism,"Absence or undescended testicle(s), empty scrotum, smaller or underdeveloped testicle(s), inguinal hernia, abnormal positioning of the testicle(s) (higher in the groin area)",Clinical examination and routine diagnostic tests may indicate the condition,"Previous related symptoms, family history, or underlying health conditions","Poor diet, stress, lack of exercise, smoking, alcohol use, or environmental exposure"
Mucocele,Painless fluid-filled swelling in the oral cavity,"Elevated white blood cell count, positive culture, or viral antigen tests",Recent exposure to infected individuals or weakened immunity,"Poor hygiene, inadequate sleep, poor nutrition, crowded environments"
Empyema,"Fever, chest pain, productive cough with foul-smelling or bloody sputum","Elevated white blood cell count, positive culture, or viral antigen tests",Recent exposure to infected individuals or weakened immunity,"Poor hygiene, inadequate sleep, poor nutrition, crowded environments"
Abdominal Hernia,"Visible bulge or swelling, discomfort or pain",Clinical examination and routine diagnostic tests may indicate the condition,"Previous related symptoms, family history, or underlying health conditions","Poor diet, stress, lack of exercise, smoking, alcohol use, or environmental exposure"
Hemarthrosis,"Joint swelling, pain, warmth, limited range of motion","X-ray, MRI, or inflammatory marker abnormalities","Previous injuries, aging-related degeneration, chronic pain","Poor posture, obesity, lack of calcium, excessive strain"
Pregnancy-Related Back Pain,"Lower back pain, discomfort in the pelvic area",Clinical examination and routine diagnostic tests may indicate the condition,"Previous related symptoms, family history, or underlying health conditions","Poor diet, stress, lack of exercise, smoking, alcohol use, or environmental exposure"
Muscle Spasm,"Sudden, involuntary muscle contractions, muscle pain, stiffness, limited range of motion",Clinical examination and routine diagnostic tests may indicate the condition,"Previous related symptoms, family history, or underlying health conditions","Poor diet, stress, lack of exercise, smoking, alcohol use, or environmental exposure"
Diverticulosis,"Abdominal pain, bloating, changes in bowel movements",Clinical examination and routine diagnostic tests may indicate the condition,"Previous related symptoms, family history, or underlying health conditions","Poor diet, stress, lack of exercise, smoking, alcohol use, or environmental exposure"
Dry Skin,"Dry, flaky skin with itching","Visible skin lesions, irritation, or positive dermatological examination","Past skin allergies, infections, or family history of skin disease","Poor hygiene, allergen exposure, stress, unhealthy skin care habits"
Alcohol Use Disorder,"Cravings for alcohol, inability to control or limit alcohol consumption, withdrawal symptoms (such as tremors, anxiety, sweating) when attempting to stop or reduce alcohol use, continued use despite negative consequences (such as relationship problems, health issues), neglecting responsibilities, tolerance to alcohol",Psychological evaluation and behavioral assessment findings,"Past mental health issues, trauma, stress, or family history","Sleep deprivation, stress, social isolation, substance abuse"
Muscular Dystrophy,"Progressive muscle weakness and degeneration, difficulty walking or moving, muscle wasting",Clinical examination and routine diagnostic tests may indicate the condition,"Previous related symptoms, family history, or underlying health conditions","Poor diet, stress, lack of exercise, smoking, alcohol use, or environmental exposure"
Vaginal Yeast Infection,"Itching and irritation in the vagina and vulva, redness and swelling of the vulva, white, thick, clumpy vaginal discharge (resembling cottage cheese), burning sensation during urination, pain during sexual intercourse, rash or soreness in the affected area","Visible skin lesions, irritation, or positive dermatological examination","Past skin allergies, infections, or family history of skin disease","Poor hygiene, allergen exposure, stress, unhealthy skin care habits"
Osteoporosis,"Fragile bones, loss of height over time, back pain, fractures","X-ray, MRI, or inflammatory marker abnormalities","Previous injuries, aging-related degeneration, chronic pain","Poor posture, obesity, lack of calcium, excessive strain"
Syndrome of Inappropriate Secretion of ADH (SIADH),"Excessively concentrated urine, low blood sodium levels",Clinical examination and routine diagnostic tests may indicate the condition,"Previous related symptoms, family history, or underlying health conditions","Poor diet, stress, lack of exercise, smoking, alcohol use, or environmental exposure"
Myasthenia Gravis,"Muscle weakness, fatigue, difficulty speaking",Clinical examination and routine diagnostic tests may indicate the condition,"Previous related symptoms, family history, or underlying health conditions","Poor diet, stress, lack of exercise, smoking, alcohol use, or environmental exposure"
Torticollis,"Neck pain, stiffness, and abnormal head positioning",Clinical examination and routine diagnostic tests may indicate the condition,"Previous related symptoms, family history, or underlying health conditions","Poor diet, stress, lack of exercise, smoking, alcohol use, or environmental exposure"
Complex Regional Pain Syndrome (CRPS),"Intense burning pain, swelling, changes in skin temperature","Visible skin lesions, irritation, or positive dermatological examination","Past skin allergies, infections, or family history of skin disease","Poor hygiene, allergen exposure, stress, unhealthy skin care habits"
Gastroenteritis (Stomach Flu),"Nausea, vomiting, diarrhea, abdominal pain or cramps, fever","Elevated white blood cell count, positive culture, or viral antigen tests",Recent exposure to infected individuals or weakened immunity,"Poor hygiene, inadequate sleep, poor nutrition, crowded environments"
Scleritis,"Eye redness, severe eye pain, blurred vision",Clinical examination and routine diagnostic tests may indicate the condition,"Previous related symptoms, family history, or underlying health conditions","Poor diet, stress, lack of exercise, smoking, alcohol use, or environmental exposure"
Cirrhosis,"Fatigue, jaundice, abdominal swelling (ascites), easy bruising and bleeding, confusion, loss of appetite, weight loss",Clinical examination and routine diagnostic tests may indicate the condition,"Previous related symptoms, family history, or underlying health conditions","Poor diet, stress, lack of exercise, smoking, alcohol use, or environmental exposure"
Lung Contusion,"Chest pain (sharp or dull), difficulty breathing or shortness of breath, rapid or shallow breathing, coughing up blood or pink-tinged sputum, decreased oxygen levels, wheezing, cyanosis (bluish discoloration of the skin), chest wall bruising, rib fractures (associated injuries)","Visible skin lesions, irritation, or positive dermatological examination","Past skin allergies, infections, or family history of skin disease","Poor hygiene, allergen exposure, stress, unhealthy skin care habits"
Corneal Disorder,"Blurred or hazy vision, eye pain or discomfort, redness or irritation of the eye, excessive tearing, sensitivity to light (photophobia), foreign body sensation, dryness or excessive tearing, corneal abrasions or ulcers, distorted or irregular corneal shape, vision loss",Clinical examination and routine diagnostic tests may indicate the condition,"Previous related symptoms, family history, or underlying health conditions","Poor diet, stress, lack of exercise, smoking, alcohol use, or environmental exposure"
Mucoepidermoid carcinoma,"Lump, swelling, Difficulty, pain when swallowing and speaking, Facial weakness, Facial paralysis ",Clinical examination and routine diagnostic tests may indicate the condition,"Previous related symptoms, family history, or underlying health conditions","Poor diet, stress, lack of exercise, smoking, alcohol use, or environmental exposure"
Carpal Tunnel Syndrome,"Tingling, numbness, and pain in the hand and fingers",Clinical examination and routine diagnostic tests may indicate the condition,"Previous related symptoms, family history, or underlying health conditions","Poor diet, stress, lack of exercise, smoking, alcohol use, or environmental exposure"
Macular Degeneration,"Blurred or distorted central vision, blind spots",Clinical examination and routine diagnostic tests may indicate the condition,"Previous related symptoms, family history, or underlying health conditions","Poor diet, stress, lack of exercise, smoking, alcohol use, or environmental exposure"
Atrophic vaginitis,"Vaginal dryness, Vaginal burning, frequent urination, urinary tract infections, Painful intercourse","Elevated white blood cell count, positive culture, or viral antigen tests",Recent exposure to infected individuals or weakened immunity,"Poor hygiene, inadequate sleep, poor nutrition, crowded environments"
Osteochondrosis,"Joint pain, stiffness, swelling, reduced range of motion","X-ray, MRI, or inflammatory marker abnormalities","Previous injuries, aging-related degeneration, chronic pain","Poor posture, obesity, lack of calcium, excessive strain"
Chronic Inflammatory Demyelinating Polyneuropathy (CIDP),"Weakness, numbness, tingling in limbs",Clinical examination and routine diagnostic tests may indicate the condition,"Previous related symptoms, family history, or underlying health conditions","Poor diet, stress, lack of exercise, smoking, alcohol use, or environmental exposure"
Parasitic Infections,"Intense itching, visible lice or nits in the affected area",Clinical examination and routine diagnostic tests may indicate the condition,"Previous related symptoms, family history, or underlying health conditions","Poor diet, stress, lack of exercise, smoking, alcohol use, or environmental exposure"
Normal Pressure Hydrocephalus,"Gait disturbances, urinary incontinence, cognitive decline or dementia-like symptoms",Clinical examination and routine diagnostic tests may indicate the condition,"Previous related symptoms, family history, or underlying health conditions","Poor diet, stress, lack of exercise, smoking, alcohol use, or environmental exposure"
Kidney Stone,"Severe pain in the side or back, blood in the urine, frequent urination",Clinical examination and routine diagnostic tests may indicate the condition,"Previous related symptoms, family history, or underlying health conditions","Poor diet, stress, lack of exercise, smoking, alcohol use, or environmental exposure"
Pituitary Disorder,"Various symptoms depending on the specific disorder, including hormonal imbalances",Clinical examination and routine diagnostic tests may indicate the condition,"Previous related symptoms, family history, or underlying health conditions","Poor diet, stress, lack of exercise, smoking, alcohol use, or environmental exposure"
Pinguecula,"Yellowish or white growth on the conjunctiva (eye's surface), usually near the cornea",Clinical examination and routine diagnostic tests may indicate the condition,"Previous related symptoms, family history, or underlying health conditions","Poor diet, stress, lack of exercise, smoking, alcohol use, or environmental exposure"
Influenza (Flu),"High fever, body aches, fatigue, cough, sore throat, congestion","Elevated white blood cell count, positive culture, or viral antigen tests",Recent exposure to infected individuals or weakened immunity,"Poor hygiene, inadequate sleep, poor nutrition, crowded environments"
Cat Scratch Disease,"Swollen lymph nodes, fever, fatigue, headache, rash","Visible skin lesions, irritation, or positive dermatological examination","Past skin allergies, infections, or family history of skin disease","Poor hygiene, allergen exposure, stress, unhealthy skin care habits"
Hyperemesis Gravidarum,Severe nausea and vomiting during pregnancy,Hormonal changes and pregnancy-related blood test abnormalities,Current or previous pregnancy-related complications,"Poor nutrition, stress, lack of prenatal care"
Diabetic retinopathy,"Blurred or distorted vision, floaters, impaired color vision, dark or empty areas in the visual field, vision loss",Clinical examination and routine diagnostic tests may indicate the condition,"Previous related symptoms, family history, or underlying health conditions","Poor diet, stress, lack of exercise, smoking, alcohol use, or environmental exposure"
Aplastic Anemia,"Fatigue, pale skin, frequent infections, shortness of breath, rapid or irregular heartbeats, prolonged bleeding or bruising","Abnormal ECG, elevated blood pressure, cholesterol imbalance, or imaging abnormalities","History of chest pain, hypertension, smoking, or previous cardiac events","Smoking, high-fat diet, stress, alcohol consumption, lack of physical activity"
Wilson Disease,"Fatigue, abdominal pain or swelling, jaundice, neurological symptoms (tremors, difficulty speaking or walking)",Clinical examination and routine diagnostic tests may indicate the condition,"Previous related symptoms, family history, or underlying health conditions","Poor diet, stress, lack of exercise, smoking, alcohol use, or environmental exposure"
Drug Abuse (Barbiturates),"Sedation, drowsiness, slurred speech, confusion, respiratory depression","Reduced lung function tests, abnormal chest imaging, or oxygen saturation changes","History of allergies, smoking, recurrent breathing issues","Smoking, air pollution exposure, poor fitness, allergen exposure"
Primary Insomnia,"Difficulty falling asleep or staying asleep, daytime sleepiness, irritability, difficulty concentrating",Clinical examination and routine diagnostic tests may indicate the condition,"Previous related symptoms, family history, or underlying health conditions","Poor diet, stress, lack of exercise, smoking, alcohol use, or environmental exposure"
Mastoiditis,"Ear pain (particularly behind the ear), swelling and redness of the ear or the area behind the ear, fever, headache, hearing loss or impaired hearing, drainage of fluid or pus from the ear, earache, irritability (in infants and young children), tenderness or pain when touching the area, mastoid bone protrusion or swelling","Elevated white blood cell count, positive culture, or viral antigen tests",Recent exposure to infected individuals or weakened immunity,"Poor hygiene, inadequate sleep, poor nutrition, crowded environments"
Acinic cell carcinoma,"Lump, swelling, Facial changes",Clinical examination and routine diagnostic tests may indicate the condition,"Previous related symptoms, family history, or underlying health conditions","Poor diet, stress, lack of exercise, smoking, alcohol use, or environmental exposure"
Arthritis,"Joint pain, stiffness, swelling","X-ray, MRI, or inflammatory marker abnormalities","Previous injuries, aging-related degeneration, chronic pain","Poor posture, obesity, lack of calcium, excessive strain"
Wharton's duct stones,"Swelling, pain, dry mouth, bad taste",Clinical examination and routine diagnostic tests may indicate the condition,"Previous related symptoms, family history, or underlying health conditions","Poor diet, stress, lack of exercise, smoking, alcohol use, or environmental exposure"
Pharyngitis,"Sore throat, difficulty swallowing, swollen lymph nodes",Clinical examination and routine diagnostic tests may indicate the condition,"Previous related symptoms, family history, or underlying health conditions","Poor diet, stress, lack of exercise, smoking, alcohol use, or environmental exposure"
Pericarditis,"Chest pain (sharp and stabbing), worsens with deep breaths or lying down, fever","Elevated white blood cell count, positive culture, or viral antigen tests",Recent exposure to infected individuals or weakened immunity,"Poor hygiene, inadequate sleep, poor nutrition, crowded environments"
Antihypertensives Poisoning,"Dizziness, low blood pressure, slow heart rate, nausea, vomiting","Abnormal ECG, elevated blood pressure, cholesterol imbalance, or imaging abnormalities","History of chest pain, hypertension, smoking, or previous cardiac events","Smoking, high-fat diet, stress, alcohol consumption, lack of physical activity"
Hypothyroidism,"Fatigue, weight gain, sensitivity to cold, dry skin, constipation, depression, muscle weakness, elevated cholesterol levels","Visible skin lesions, irritation, or positive dermatological examination","Past skin allergies, infections, or family history of skin disease","Poor hygiene, allergen exposure, stress, unhealthy skin care habits"
Oral Leukoplakia,"White patches or plaques in the mouth, often on the tongue or inside of the cheeks, that cannot be scraped off",Clinical examination and routine diagnostic tests may indicate the condition,"Previous related symptoms, family history, or underlying health conditions","Poor diet, stress, lack of exercise, smoking, alcohol use, or environmental exposure"
Seborrheic Dermatitis,"Red, itchy, and oily patches of skin, dandruff, flaky scalp","Visible skin lesions, irritation, or positive dermatological examination","Past skin allergies, infections, or family history of skin disease","Poor hygiene, allergen exposure, stress, unhealthy skin care habits"
Hydrocephalus,"Headache, nausea, vomiting, cognitive or developmental problems, enlarged head in infants",Psychological evaluation and behavioral assessment findings,"Past mental health issues, trauma, stress, or family history","Sleep deprivation, stress, social isolation, substance abuse"
Marijuana Abuse,"Impaired memory and cognition, altered judgment, anxiety",Psychological evaluation and behavioral assessment findings,"Past mental health issues, trauma, stress, or family history","Sleep deprivation, stress, social isolation, substance abuse"
Chronic Otitis Media,"Ear pain, hearing loss, recurrent ear infections","Elevated white blood cell count, positive culture, or viral antigen tests",Recent exposure to infected individuals or weakened immunity,"Poor hygiene, inadequate sleep, poor nutrition, crowded environments"
Pterygium,Growth on the conjunctiva (white part of the eye),Clinical examination and routine diagnostic tests may indicate the condition,"Previous related symptoms, family history, or underlying health conditions","Poor diet, stress, lack of exercise, smoking, alcohol use, or environmental exposure"
Hepatic Encephalopathy,"Confusion, forgetfulness, personality changes, tremors",Clinical examination and routine diagnostic tests may indicate the condition,"Previous related symptoms, family history, or underlying health conditions","Poor diet, stress, lack of exercise, smoking, alcohol use, or environmental exposure"
Tietze Syndrome,"Chest pain, swelling and tenderness of the cartilage connecting the ribs to the breastbone","X-ray, MRI, or inflammatory marker abnormalities","Previous injuries, aging-related degeneration, chronic pain","Poor posture, obesity, lack of calcium, excessive strain"
Nose Disorder,"Nasal congestion, runny nose, sneezing, facial pain or pressure, loss of smell",Clinical examination and routine diagnostic tests may indicate the condition,"Previous related symptoms, family history, or underlying health conditions","Poor diet, stress, lack of exercise, smoking, alcohol use, or environmental exposure"
Exfoliation Glaucoma,"Elevated intraocular pressure, visual field loss",Clinical examination and routine diagnostic tests may indicate the condition,"Previous related symptoms, family history, or underlying health conditions","Poor diet, stress, lack of exercise, smoking, alcohol use, or environmental exposure"
Protein Deficiency,"Muscle wasting, fatigue, weakness, delayed wound healing, swelling of the limbs, hair loss, impaired immunity",Clinical examination and routine diagnostic tests may indicate the condition,"Previous related symptoms, family history, or underlying health conditions","Poor diet, stress, lack of exercise, smoking, alcohol use, or environmental exposure"
Thrombocytopenia,"Easy bruising, prolonged bleeding from cuts, petechiae (red or purple spots on the skin), nosebleeds, excessive menstrual bleeding","Visible skin lesions, irritation, or positive dermatological examination","Past skin allergies, infections, or family history of skin disease","Poor hygiene, allergen exposure, stress, unhealthy skin care habits"
Alopecia,"Hair loss or balding, patchy or generalized hair loss",Clinical examination and routine diagnostic tests may indicate the condition,"Previous related symptoms, family history, or underlying health conditions","Poor diet, stress, lack of exercise, smoking, alcohol use, or environmental exposure"
Polymyalgia Rheumatica,"Muscle pain and stiffness, joint pain, fatigue","X-ray, MRI, or inflammatory marker abnormalities","Previous injuries, aging-related degeneration, chronic pain","Poor posture, obesity, lack of calcium, excessive strain"
Bone Cancer,"Bone pain, fractures, fatigue, unexplained weight loss","X-ray, MRI, or inflammatory marker abnormalities","Previous injuries, aging-related degeneration, chronic pain","Poor posture, obesity, lack of calcium, excessive strain"
Preeclampsia,"High blood pressure, proteinuria, swelling, headaches, visual disturbances",Clinical examination and routine diagnostic tests may indicate the condition,"Previous related symptoms, family history, or underlying health conditions","Poor diet, stress, lack of exercise, smoking, alcohol use, or environmental exposure"
Hypertrophic Obstructive Cardiomyopathy (HOCM),"Shortness of breath, especially during physical activity or exertion, chest pain or discomfort, dizziness or lightheadedness, fainting or near-fainting episodes, heart palpitations (rapid or irregular heartbeat), fatigue, swelling in the ankles, feet, or legs","Abnormal ECG, elevated blood pressure, cholesterol imbalance, or imaging abnormalities","History of chest pain, hypertension, smoking, or previous cardiac events","Smoking, high-fat diet, stress, alcohol consumption, lack of physical activity"
Nonalcoholic Liver Disease (NASH),"Fatigue, abdominal swelling or pain, enlarged liver, elevated liver enzymes, insulin resistance",Clinical examination and routine diagnostic tests may indicate the condition,"Previous related symptoms, family history, or underlying health conditions","Poor diet, stress, lack of exercise, smoking, alcohol use, or environmental exposure"
Amyloidosis,"Fatigue, weight loss, organ dysfunction",Clinical examination and routine diagnostic tests may indicate the condition,"Previous related symptoms, family history, or underlying health conditions","Poor diet, stress, lack of exercise, smoking, alcohol use, or environmental exposure"
Ethylene glycol poisoning-3,"Decreased urine output, swelling in the legs and ankles, and signs of fluid overload, Severe kidney damage","Elevated white blood cell count, positive culture, or viral antigen tests",Recent exposure to infected individuals or weakened immunity,"Poor hygiene, inadequate sleep, poor nutrition, crowded environments"
Fracture of the Rib,"Chest pain, difficulty breathing, tenderness or swelling over the ribcage",Clinical examination and routine diagnostic tests may indicate the condition,"Previous related symptoms, family history, or underlying health conditions","Poor diet, stress, lack of exercise, smoking, alcohol use, or environmental exposure"
Breast Cancer,"Breast lump, changes in breast size or shape, nipple changes, breast pain",Clinical examination and routine diagnostic tests may indicate the condition,"Previous related symptoms, family history, or underlying health conditions","Poor diet, stress, lack of exercise, smoking, alcohol use, or environmental exposure"
Neuromyelitis Optica,"Optic neuritis (vision loss, pain with eye movement), transverse myelitis (weakness, numbness, or paralysis of the limbs, loss of bladder or bowel control)",Clinical examination and routine diagnostic tests may indicate the condition,"Previous related symptoms, family history, or underlying health conditions","Poor diet, stress, lack of exercise, smoking, alcohol use, or environmental exposure"
Eye alignment disorder,"Double vision, Eye fatigue, Poor depth perception, Head tilting",Clinical examination and routine diagnostic tests may indicate the condition,"Previous related symptoms, family history, or underlying health conditions","Poor diet, stress, lack of exercise, smoking, alcohol use, or environmental exposure"
Meniere Disease,"Vertigo, hearing loss, tinnitus, ear fullness",Clinical examination and routine diagnostic tests may indicate the condition,"Previous related symptoms, family history, or underlying health conditions","Poor diet, stress, lack of exercise, smoking, alcohol use, or environmental exposure"
Pituitary Adenoma,"Headaches, vision problems (such as blurred vision or loss of peripheral vision), hormonal imbalances (such as excessive production or deficiency of specific hormones), fatigue, weight gain or loss, menstrual irregularities, infertility, erectile dysfunction, growth abnormalities in children, mood changes, cognitive impairments",Clinical examination and routine diagnostic tests may indicate the condition,"Previous related symptoms, family history, or underlying health conditions","Poor diet, stress, lack of exercise, smoking, alcohol use, or environmental exposure"
Ischemia of the Bowel,"Severe abdominal pain, bloody stools, diarrhea, nausea, vomiting, fever, rapid heart rate, low blood pressure","Abnormal ECG, elevated blood pressure, cholesterol imbalance, or imaging abnormalities","History of chest pain, hypertension, smoking, or previous cardiac events","Smoking, high-fat diet, stress, alcohol consumption, lack of physical activity"
Hydrocele of the Testicle,Swelling of the scrotum,Clinical examination and routine diagnostic tests may indicate the condition,"Previous related symptoms, family history, or underlying health conditions","Poor diet, stress, lack of exercise, smoking, alcohol use, or environmental exposure"
Endometrial Cancer,"Abnormal vaginal bleeding, pelvic pain or discomfort, changes in bowel or bladder habits",Clinical examination and routine diagnostic tests may indicate the condition,"Previous related symptoms, family history, or underlying health conditions","Poor diet, stress, lack of exercise, smoking, alcohol use, or environmental exposure"
Endometriosis,"Pelvic pain, painful periods, infertility",Clinical examination and routine diagnostic tests may indicate the condition,"Previous related symptoms, family history, or underlying health conditions","Poor diet, stress, lack of exercise, smoking, alcohol use, or environmental exposure"
Hydronephrosis,"Flank pain, urinary frequency, swelling in the abdomen",Clinical examination and routine diagnostic tests may indicate the condition,"Previous related symptoms, family history, or underlying health conditions","Poor diet, stress, lack of exercise, smoking, alcohol use, or environmental exposure"
Bell Palsy,"Facial weakness or paralysis, drooping of the mouth or eyelid",Clinical examination and routine diagnostic tests may indicate the condition,"Previous related symptoms, family history, or underlying health conditions","Poor diet, stress, lack of exercise, smoking, alcohol use, or environmental exposure"
Abscess of Nose,"Pain, swelling, redness, discharge from the nose",Clinical examination and routine diagnostic tests may indicate the condition,"Previous related symptoms, family history, or underlying health conditions","Poor diet, stress, lack of exercise, smoking, alcohol use, or environmental exposure"
Bladder Disorder,"Frequent urination, urgency, pelvic pain",Clinical examination and routine diagnostic tests may indicate the condition,"Previous related symptoms, family history, or underlying health conditions","Poor diet, stress, lack of exercise, smoking, alcohol use, or environmental exposure"
Emphysema,"Shortness of breath, wheezing, chronic cough, chest tightness, fatigue, weight loss",Clinical examination and routine diagnostic tests may indicate the condition,"Previous related symptoms, family history, or underlying health conditions","Poor diet, stress, lack of exercise, smoking, alcohol use, or environmental exposure"
Extrapyramidal Effect of Drugs,"Muscle stiffness, tremors, involuntary movements",Clinical examination and routine diagnostic tests may indicate the condition,"Previous related symptoms, family history, or underlying health conditions","Poor diet, stress, lack of exercise, smoking, alcohol use, or environmental exposure"
Vasculitis,"Inflammation of blood vessels leading to various symptoms depending on the affected organs, including rash, fever, fatigue, muscle and joint pain, shortness of breath, weight loss","Visible skin lesions, irritation, or positive dermatological examination","Past skin allergies, infections, or family history of skin disease","Poor hygiene, allergen exposure, stress, unhealthy skin care habits"
Female Infertility of Unknown Cause,"Inability to conceive after one year of unprotected intercourse, irregular or absent menstrual cycles, hormonal imbalances, age-related factors, other",Clinical examination and routine diagnostic tests may indicate the condition,"Previous related symptoms, family history, or underlying health conditions","Poor diet, stress, lack of exercise, smoking, alcohol use, or environmental exposure"
Syringomyelia,"Muscle weakness, loss of sensation, chronic pain",Clinical examination and routine diagnostic tests may indicate the condition,"Previous related symptoms, family history, or underlying health conditions","Poor diet, stress, lack of exercise, smoking, alcohol use, or environmental exposure"
Von Hippel-Lindau Disease,"Hemangioblastomas (tumors in the brain, spinal cord, or other organs), retinal angiomas (abnormal blood vessel growth in the retina), renal cell carcinomas (kidney tumors), pheochromocytomas (adrenal gland tumors), pancreatic cysts/tumors, other tumors or cysts","Biopsy, imaging scans, or abnormal tumor marker results","Family history of cancer, unexplained weight loss, chronic symptoms","Smoking, alcohol use, chemical exposure, unhealthy diet"
Hemorrhoids,"Swollen, itchy, or painful veins in the rectal area",Clinical examination and routine diagnostic tests may indicate the condition,"Previous related symptoms, family history, or underlying health conditions","Poor diet, stress, lack of exercise, smoking, alcohol use, or environmental exposure"
Bursitis,"Joint pain, swelling, tenderness, limited range of motion","X-ray, MRI, or inflammatory marker abnormalities","Previous injuries, aging-related degeneration, chronic pain","Poor posture, obesity, lack of calcium, excessive strain"
Cannabis Use Disorder,"Increased appetite, relaxation, altered perception of time, impaired memory and concentration, bloodshot eyes, anxiety or paranoia (in some individuals), withdrawal symptoms (such as irritability, insomnia) when attempting to stop or reduce cannabis use, continued use despite negative consequences (such as relationship problems, job difficulties)",Psychological evaluation and behavioral assessment findings,"Past mental health issues, trauma, stress, or family history","Sleep deprivation, stress, social isolation, substance abuse"
Heart Block,"Fatigue, dizziness, fainting, chest pain or discomfort, shortness of breath, irregular heart rhythms","Abnormal ECG, elevated blood pressure, cholesterol imbalance, or imaging abnormalities","History of chest pain, hypertension, smoking, or previous cardiac events","Smoking, high-fat diet, stress, alcohol consumption, lack of physical activity"
Hemolytic Anemia,"Fatigue, weakness, pale skin, shortness of breath, jaundice","Visible skin lesions, irritation, or positive dermatological examination","Past skin allergies, infections, or family history of skin disease","Poor hygiene, allergen exposure, stress, unhealthy skin care habits"
Benzodiazepine Use Disorder,"Sedation, relaxation, reduced anxiety, drowsiness, poor coordination, memory impairment, withdrawal symptoms (such as rebound anxiety, insomnia, tremors) when attempting to stop or reduce benzodiazepine use, continued use despite negative consequences (such as relationship problems, health risks)",Psychological evaluation and behavioral assessment findings,"Past mental health issues, trauma, stress, or family history","Sleep deprivation, stress, social isolation, substance abuse"
Mitral Valve Disease,"Fatigue, shortness of breath, heart palpitations","Abnormal ECG, elevated blood pressure, cholesterol imbalance, or imaging abnormalities","History of chest pain, hypertension, smoking, or previous cardiac events","Smoking, high-fat diet, stress, alcohol consumption, lack of physical activity"
Varicose Veins,"Enlarged, swollen veins, often in the legs",Clinical examination and routine diagnostic tests may indicate the condition,"Previous related symptoms, family history, or underlying health conditions","Poor diet, stress, lack of exercise, smoking, alcohol use, or environmental exposure"
Recurrent salivary stones,Frequent episodes of stone formation,Clinical examination and routine diagnostic tests may indicate the condition,"Previous related symptoms, family history, or underlying health conditions","Poor diet, stress, lack of exercise, smoking, alcohol use, or environmental exposure"
Ocular Hypertension,Elevated intraocular pressure without optic nerve damage,Clinical examination and routine diagnostic tests may indicate the condition,"Previous related symptoms, family history, or underlying health conditions","Poor diet, stress, lack of exercise, smoking, alcohol use, or environmental exposure"
Colonic Polyp,"Most colonic polyps do not cause symptoms. Some larger polyps or certain types may cause rectal bleeding or changes in bowel habits, such as diarrhea or constipation.",Clinical examination and routine diagnostic tests may indicate the condition,"Previous related symptoms, family history, or underlying health conditions","Poor diet, stress, lack of exercise, smoking, alcohol use, or environmental exposure"
Indigestion,"Abdominal pain, bloating, heartburn, nausea, acidic taste","Abnormal ECG, elevated blood pressure, cholesterol imbalance, or imaging abnormalities","History of chest pain, hypertension, smoking, or previous cardiac events","Smoking, high-fat diet, stress, alcohol consumption, lack of physical activity"
Acute Glaucoma,"Severe eye pain, blurred vision, halos around lights",Clinical examination and routine diagnostic tests may indicate the condition,"Previous related symptoms, family history, or underlying health conditions","Poor diet, stress, lack of exercise, smoking, alcohol use, or environmental exposure"
Hypoglycemia,"Shaking, dizziness, confusion, sweating",Clinical examination and routine diagnostic tests may indicate the condition,"Previous related symptoms, family history, or underlying health conditions","Poor diet, stress, lack of exercise, smoking, alcohol use, or environmental exposure"
Sciatica,"Sharp pain, tingling, or numbness that radiates from the lower back through the hips and down the leg",Clinical examination and routine diagnostic tests may indicate the condition,"Previous related symptoms, family history, or underlying health conditions","Poor diet, stress, lack of exercise, smoking, alcohol use, or environmental exposure"
Type 2 Diabetes,"Fatigue, Increased hunger, Slow healing of wounds",Clinical examination and routine diagnostic tests may indicate the condition,"Previous related symptoms, family history, or underlying health conditions","Poor diet, stress, lack of exercise, smoking, alcohol use, or environmental exposure"
Cystic Fibrosis,"Persistent cough with thick mucus, recurrent lung infections, poor growth or weight gain, salty-tasting skin","Reduced lung function tests, abnormal chest imaging, or oxygen saturation changes","History of allergies, smoking, recurrent breathing issues","Smoking, air pollution exposure, poor fitness, allergen exposure"
Insulin Overdose,"Low blood sugar (hypoglycemia) symptoms (e.g., confusion, sweating)",Clinical examination and routine diagnostic tests may indicate the condition,"Previous related symptoms, family history, or underlying health conditions","Poor diet, stress, lack of exercise, smoking, alcohol use, or environmental exposure"
Peritonsillar Abscess,"Severe sore throat, difficulty swallowing, fever, swollen tonsils, voice changes, neck pain or stiffness","Elevated white blood cell count, positive culture, or viral antigen tests",Recent exposure to infected individuals or weakened immunity,"Poor hygiene, inadequate sleep, poor nutrition, crowded environments"
Leishmaniasis,"Skin sores, fever, weight loss, enlarged spleen or liver","Visible skin lesions, irritation, or positive dermatological examination","Past skin allergies, infections, or family history of skin disease","Poor hygiene, allergen exposure, stress, unhealthy skin care habits"
Pulmonary Congestion,"Shortness of breath, cough, wheezing, fatigue, chest discomfort or tightness",Clinical examination and routine diagnostic tests may indicate the condition,"Previous related symptoms, family history, or underlying health conditions","Poor diet, stress, lack of exercise, smoking, alcohol use, or environmental exposure"
Magnesium Deficiency,"Muscle twitches or cramps, fatigue, weakness, loss of appetite, nausea, vomiting, irritability, mental confusion, irregular heartbeat, tingling or numbness, personality changes, seizures","Abnormal ECG, elevated blood pressure, cholesterol imbalance, or imaging abnormalities","History of chest pain, hypertension, smoking, or previous cardiac events","Smoking, high-fat diet, stress, alcohol consumption, lack of physical activity"
Fracture of the Shoulder,"Shoulder pain, swelling, limited range of motion",Clinical examination and routine diagnostic tests may indicate the condition,"Previous related symptoms, family history, or underlying health conditions","Poor diet, stress, lack of exercise, smoking, alcohol use, or environmental exposure"
Thrombophlebitis,"Redness, warmth, swelling, and tenderness along a vein, pain or discomfort, skin discoloration, visible veins, fever","Visible skin lesions, irritation, or positive dermatological examination","Past skin allergies, infections, or family history of skin disease","Poor hygiene, allergen exposure, stress, unhealthy skin care habits"
Encephalitis,"Headache, fever, confusion, seizures, neurological symptoms","Elevated white blood cell count, positive culture, or viral antigen tests",Recent exposure to infected individuals or weakened immunity,"Poor hygiene, inadequate sleep, poor nutrition, crowded environments"
Fat Embolism,"Respiratory distress, chest pain, confusion, petechial rash (small red or purple spots), neurological symptoms","Reduced lung function tests, abnormal chest imaging, or oxygen saturation changes","History of allergies, smoking, recurrent breathing issues","Smoking, air pollution exposure, poor fitness, allergen exposure"
Cyst of the Eyelid,"Painful lump or swelling on the eyelid, redness, tenderness",Clinical examination and routine diagnostic tests may indicate the condition,"Previous related symptoms, family history, or underlying health conditions","Poor diet, stress, lack of exercise, smoking, alcohol use, or environmental exposure"
Dislocation of the Patella,"Knee pain, swelling, inability to straighten the leg",Clinical examination and routine diagnostic tests may indicate the condition,"Previous related symptoms, family history, or underlying health conditions","Poor diet, stress, lack of exercise, smoking, alcohol use, or environmental exposure"
Conjunctivitis due to Allergy,"Redness, itching, watery discharge, swollen eyelids",Clinical examination and routine diagnostic tests may indicate the condition,"Previous related symptoms, family history, or underlying health conditions","Poor diet, stress, lack of exercise, smoking, alcohol use, or environmental exposure"
Coagulation (Bleeding) Disorder,"Easy bruising, prolonged bleeding after injury or surgery, excessive bleeding from minor cuts or abrasions, frequent nosebleeds, heavy menstrual bleeding",Clinical examination and routine diagnostic tests may indicate the condition,"Previous related symptoms, family history, or underlying health conditions","Poor diet, stress, lack of exercise, smoking, alcohol use, or environmental exposure"
Idiopathic Absence of Menstruation,Lack of menstrual periods,Clinical examination and routine diagnostic tests may indicate the condition,"Previous related symptoms, family history, or underlying health conditions","Poor diet, stress, lack of exercise, smoking, alcohol use, or environmental exposure"
Migraine,"Severe headaches, nausea, sensitivity to light and sound",Clinical examination and routine diagnostic tests may indicate the condition,"Previous related symptoms, family history, or underlying health conditions","Poor diet, stress, lack of exercise, smoking, alcohol use, or environmental exposure"
Temporomandibular Joint Disorder,"Jaw pain or tenderness, clicking or popping sounds in the jaw joint, difficulty chewing or opening the mouth","X-ray, MRI, or inflammatory marker abnormalities","Previous injuries, aging-related degeneration, chronic pain","Poor posture, obesity, lack of calcium, excessive strain"
Vitamin A Deficiency,"Night blindness, dry eyes, dry or rough skin, poor wound healing, weakened immune system","Visible skin lesions, irritation, or positive dermatological examination","Past skin allergies, infections, or family history of skin disease","Poor hygiene, allergen exposure, stress, unhealthy skin care habits"
Glucocorticoid Deficiency,"Fatigue, weakness, weight loss, low blood pressure, abdominal pain",Clinical examination and routine diagnostic tests may indicate the condition,"Previous related symptoms, family history, or underlying health conditions","Poor diet, stress, lack of exercise, smoking, alcohol use, or environmental exposure"
Astigmatism,"Blurred or distorted vision, eye strain, headaches,uneven curvature of cornea",Clinical examination and routine diagnostic tests may indicate the condition,"Previous related symptoms, family history, or underlying health conditions","Poor diet, stress, lack of exercise, smoking, alcohol use, or environmental exposure"
Low-Tension Glaucoma,"Gradual loss of vision, visual field defects",Clinical examination and routine diagnostic tests may indicate the condition,"Previous related symptoms, family history, or underlying health conditions","Poor diet, stress, lack of exercise, smoking, alcohol use, or environmental exposure"
Headache after lumbar puncture,throbbing headache,Clinical examination and routine diagnostic tests may indicate the condition,"Previous related symptoms, family history, or underlying health conditions","Poor diet, stress, lack of exercise, smoking, alcohol use, or environmental exposure"
Flat Feet,"Foot pain or achiness, difficulty with foot and ankle movement, foot fatigue, swelling",Clinical examination and routine diagnostic tests may indicate the condition,"Previous related symptoms, family history, or underlying health conditions","Poor diet, stress, lack of exercise, smoking, alcohol use, or environmental exposure"
Carbon Monoxide Poisoning,"Headache, dizziness, nausea, confusion",Clinical examination and routine diagnostic tests may indicate the condition,"Previous related symptoms, family history, or underlying health conditions","Poor diet, stress, lack of exercise, smoking, alcohol use, or environmental exposure"
Orbital Cellulitis,"Eye pain, swelling, redness, vision changes",Clinical examination and routine diagnostic tests may indicate the condition,"Previous related symptoms, family history, or underlying health conditions","Poor diet, stress, lack of exercise, smoking, alcohol use, or environmental exposure"
Pulmonary Eosinophilia,"Cough, shortness of breath, wheezing, chest pain, fever, night sweats, fatigue, weight loss, elevated eosinophil count in the blood or sputum","Elevated white blood cell count, positive culture, or viral antigen tests",Recent exposure to infected individuals or weakened immunity,"Poor hygiene, inadequate sleep, poor nutrition, crowded environments"
Antimicrobial Drugs Poisoning,"Nausea, vomiting, diarrhea, neurological symptoms",Clinical examination and routine diagnostic tests may indicate the condition,"Previous related symptoms, family history, or underlying health conditions","Poor diet, stress, lack of exercise, smoking, alcohol use, or environmental exposure"
Eczema,"Itchy, red, inflamed skin, rash","Visible skin lesions, irritation, or positive dermatological examination","Past skin allergies, infections, or family history of skin disease","Poor hygiene, allergen exposure, stress, unhealthy skin care habits"
Pneumonia,"Cough, fever, chest pain, difficulty breathing","Elevated white blood cell count, positive culture, or viral antigen tests",Recent exposure to infected individuals or weakened immunity,"Poor hygiene, inadequate sleep, poor nutrition, crowded environments"
Intestinal Malabsorption,"Chronic diarrhea, weight loss, abdominal pain or bloating, nutrient deficiencies (vitamins, minerals), fatigue, failure to thrive",Clinical examination and routine diagnostic tests may indicate the condition,"Previous related symptoms, family history, or underlying health conditions","Poor diet, stress, lack of exercise, smoking, alcohol use, or environmental exposure"
Conductive Hearing Loss,"Reduced hearing sensitivity, muffled or blocked sound",Clinical examination and routine diagnostic tests may indicate the condition,"Previous related symptoms, family history, or underlying health conditions","Poor diet, stress, lack of exercise, smoking, alcohol use, or environmental exposure"
Pinworm Infection,"Itching around the anus or vagina, restless sleep, irritability, anal or vaginal discharge, abdominal pain or discomfort, loss of appetite",Clinical examination and routine diagnostic tests may indicate the condition,"Previous related symptoms, family history, or underlying health conditions","Poor diet, stress, lack of exercise, smoking, alcohol use, or environmental exposure"
Esophageal Varices,"Swollen blood vessels in the esophagus, vomiting blood, black, tarry stools",Clinical examination and routine diagnostic tests may indicate the condition,"Previous related symptoms, family history, or underlying health conditions","Poor diet, stress, lack of exercise, smoking, alcohol use, or environmental exposure"
Dermatitis due to Sun Exposure,"Sunburn-like rash, redness, itching","Visible skin lesions, irritation, or positive dermatological examination","Past skin allergies, infections, or family history of skin disease","Poor hygiene, allergen exposure, stress, unhealthy skin care habits"
Gonorrhea,"Painful urination, abnormal discharge from the genitals, pelvic pain",Clinical examination and routine diagnostic tests may indicate the condition,"Previous related symptoms, family history, or underlying health conditions","Poor diet, stress, lack of exercise, smoking, alcohol use, or environmental exposure"
Chronic Sinusitis,"Facial pain or pressure, nasal congestion, thick nasal discharge, postnasal drip, cough, fatigue",Clinical examination and routine diagnostic tests may indicate the condition,"Previous related symptoms, family history, or underlying health conditions","Poor diet, stress, lack of exercise, smoking, alcohol use, or environmental exposure"
Concussion,"Headache, dizziness, nausea or vomiting, confusion, memory problems, sensitivity to light or noise, mood changes",Clinical examination and routine diagnostic tests may indicate the condition,"Previous related symptoms, family history, or underlying health conditions","Poor diet, stress, lack of exercise, smoking, alcohol use, or environmental exposure"
Parathyroid Adenoma,"Fatigue, weakness, bone pain, frequent urination, kidney stones","X-ray, MRI, or inflammatory marker abnormalities","Previous injuries, aging-related degeneration, chronic pain","Poor posture, obesity, lack of calcium, excessive strain"
Herpangina,"Sore throat, fever, painful sores or blisters in the mouth and throat, difficulty swallowing, loss of appetite","Elevated white blood cell count, positive culture, or viral antigen tests",Recent exposure to infected individuals or weakened immunity,"Poor hygiene, inadequate sleep, poor nutrition, crowded environments"
Conversion Disorder,"Neurological symptoms that cannot be explained by a medical condition or injury, such as paralysis, blindness, seizures, or difficulty speaking",Clinical examination and routine diagnostic tests may indicate the condition,"Previous related symptoms, family history, or underlying health conditions","Poor diet, stress, lack of exercise, smoking, alcohol use, or environmental exposure"
Lymphedema,"Swelling in arms or legs, feeling of heaviness or tightness",Clinical examination and routine diagnostic tests may indicate the condition,"Previous related symptoms, family history, or underlying health conditions","Poor diet, stress, lack of exercise, smoking, alcohol use, or environmental exposure"
Hirschsprung Disease,"Chronic constipation, abdominal distension, failure to pass meconium (in newborns)",Clinical examination and routine diagnostic tests may indicate the condition,"Previous related symptoms, family history, or underlying health conditions","Poor diet, stress, lack of exercise, smoking, alcohol use, or environmental exposure"
Rheumatoid Arthritis,"Joint pain, stiffness, swelling, fatigue, loss of appetite","X-ray, MRI, or inflammatory marker abnormalities","Previous injuries, aging-related degeneration, chronic pain","Poor posture, obesity, lack of calcium, excessive strain"
Turner syndrome,"Short stature, Gonadal dysgenesis, Webbed neck, Lymphedema",Clinical examination and routine diagnostic tests may indicate the condition,"Previous related symptoms, family history, or underlying health conditions","Poor diet, stress, lack of exercise, smoking, alcohol use, or environmental exposure"
Sciatica,Pain radiating from the lower back to the leg,Clinical examination and routine diagnostic tests may indicate the condition,"Previous related symptoms, family history, or underlying health conditions","Poor diet, stress, lack of exercise, smoking, alcohol use, or environmental exposure"
Endophthalmitis,"Eye pain, redness, swelling, blurred vision, decreased vision, floaters (dark spots or cobwebs in the vision), increased sensitivity to light (photophobia), discharge from the eye, excessive tearing, fever","Elevated white blood cell count, positive culture, or viral antigen tests",Recent exposure to infected individuals or weakened immunity,"Poor hygiene, inadequate sleep, poor nutrition, crowded environments"
Myelodysplastic Syndrome,"Fatigue, frequent infections, easy bruising or bleeding","Elevated white blood cell count, positive culture, or viral antigen tests",Recent exposure to infected individuals or weakened immunity,"Poor hygiene, inadequate sleep, poor nutrition, crowded environments"
Premature Ventricular Contractions (PVCs),"Skipped or extra heartbeats, palpitations, lightheadedness","Abnormal ECG, elevated blood pressure, cholesterol imbalance, or imaging abnormalities","History of chest pain, hypertension, smoking, or previous cardiac events","Smoking, high-fat diet, stress, alcohol consumption, lack of physical activity"
Ludwig's angina,"Severe swelling of the floor of the mouth, fever, difficulty swallowing, drooling","Elevated white blood cell count, positive culture, or viral antigen tests",Recent exposure to infected individuals or weakened immunity,"Poor hygiene, inadequate sleep, poor nutrition, crowded environments"
Cryptococcosis,"Headache, fever, fatigue, cough, meningitis, pneumonia","Elevated white blood cell count, positive culture, or viral antigen tests",Recent exposure to infected individuals or weakened immunity,"Poor hygiene, inadequate sleep, poor nutrition, crowded environments"
Diabetic Kidney Disease,"High blood pressure, increased need to urinate, swelling in the legs and ankles, fatigue, nausea, loss of appetite",Clinical examination and routine diagnostic tests may indicate the condition,"Previous related symptoms, family history, or underlying health conditions","Poor diet, stress, lack of exercise, smoking, alcohol use, or environmental exposure"
Premenstrual Tension Syndrome,"Mood swings, bloating, breast tenderness, irritability",Clinical examination and routine diagnostic tests may indicate the condition,"Previous related symptoms, family history, or underlying health conditions","Poor diet, stress, lack of exercise, smoking, alcohol use, or environmental exposure"
Drug Abuse (Methamphetamine),"Increased energy and alertness, decreased appetite, rapid heartbeat","Abnormal ECG, elevated blood pressure, cholesterol imbalance, or imaging abnormalities","History of chest pain, hypertension, smoking, or previous cardiac events","Smoking, high-fat diet, stress, alcohol consumption, lack of physical activity"
Urge Incontinence,"Sudden, intense urge to urinate followed by involuntary urine leakage",Clinical examination and routine diagnostic tests may indicate the condition,"Previous related symptoms, family history, or underlying health conditions","Poor diet, stress, lack of exercise, smoking, alcohol use, or environmental exposure"
Dengue Fever,"High fever, severe headache, joint and muscle pain, rash, nausea or vomiting, bleeding tendencies","Visible skin lesions, irritation, or positive dermatological examination","Past skin allergies, infections, or family history of skin disease","Poor hygiene, allergen exposure, stress, unhealthy skin care habits"
Lead Poisoning,"Fatigue, abdominal pain, joint pain, memory loss or cognitive difficulties, developmental delays (in children), anemia",Psychological evaluation and behavioral assessment findings,"Past mental health issues, trauma, stress, or family history","Sleep deprivation, stress, social isolation, substance abuse"
Actinic Keratosis,"Rough, scaly patches on the skin, usually in sun-exposed areas","Visible skin lesions, irritation, or positive dermatological examination","Past skin allergies, infections, or family history of skin disease","Poor hygiene, allergen exposure, stress, unhealthy skin care habits"
Choledocholithiasis,"Abdominal pain (often in the upper right quadrant), jaundice, dark urine, pale stools, nausea, vomiting, endoscopic retrograde cholangiopancreatography (ERCP) with stone removal, sphincterotomy, Cholecystectomy ",Clinical examination and routine diagnostic tests may indicate the condition,"Previous related symptoms, family history, or underlying health conditions","Poor diet, stress, lack of exercise, smoking, alcohol use, or environmental exposure"
Head and Neck Cancer,"Persistent sore throat, difficulty swallowing, voice changes, ear pain, neck mass, weight loss",Clinical examination and routine diagnostic tests may indicate the condition,"Previous related symptoms, family history, or underlying health conditions","Poor diet, stress, lack of exercise, smoking, alcohol use, or environmental exposure"
Sjögren's syndrome,"Dry mouth and eyes, fatigue, joint pain, dry skin","Visible skin lesions, irritation, or positive dermatological examination","Past skin allergies, infections, or family history of skin disease","Poor hygiene, allergen exposure, stress, unhealthy skin care habits"
Peritonitis,"Severe abdominal pain, tenderness, bloating, fever, nausea, vomiting, loss of appetite, increased heart rate","Abnormal ECG, elevated blood pressure, cholesterol imbalance, or imaging abnormalities","History of chest pain, hypertension, smoking, or previous cardiac events","Smoking, high-fat diet, stress, alcohol consumption, lack of physical activity"
Anemia of Chronic Disease,"Fatigue, weakness, pale skin, shortness of breath, decreased exercise tolerance","Visible skin lesions, irritation, or positive dermatological examination","Past skin allergies, infections, or family history of skin disease","Poor hygiene, allergen exposure, stress, unhealthy skin care habits"
Ovarian Torsion,"Sudden and severe abdominal or pelvic pain on one side, sharp or stabbing pain, nausea, vomiting, fever, rapid heartbeat, abdominal tenderness, bloating, swelling, pain during intercourse, abnormal bleeding or spotting","Abnormal ECG, elevated blood pressure, cholesterol imbalance, or imaging abnormalities","History of chest pain, hypertension, smoking, or previous cardiac events","Smoking, high-fat diet, stress, alcohol consumption, lack of physical activity"
Sciatica,"Lower back pain, leg pain, numbness or tingling",Clinical examination and routine diagnostic tests may indicate the condition,"Previous related symptoms, family history, or underlying health conditions","Poor diet, stress, lack of exercise, smoking, alcohol use, or environmental exposure"
Lupus,"Joint pain, fatigue, skin rashes","Visible skin lesions, irritation, or positive dermatological examination","Past skin allergies, infections, or family history of skin disease","Poor hygiene, allergen exposure, stress, unhealthy skin care habits"
Neonatal Jaundice,"Yellowing of the skin and eyes, pale stools, dark urine","Visible skin lesions, irritation, or positive dermatological examination","Past skin allergies, infections, or family history of skin disease","Poor hygiene, allergen exposure, stress, unhealthy skin care habits"
Gastrointestinal Hemorrhage,"Abdominal pain, vomiting blood, bloody or black stools",Clinical examination and routine diagnostic tests may indicate the condition,"Previous related symptoms, family history, or underlying health conditions","Poor diet, stress, lack of exercise, smoking, alcohol use, or environmental exposure"
Dislocation of the Ankle,"Swelling, severe pain, inability to bear weight",Clinical examination and routine diagnostic tests may indicate the condition,"Previous related symptoms, family history, or underlying health conditions","Poor diet, stress, lack of exercise, smoking, alcohol use, or environmental exposure"
Vaginal Cyst,"Small lump or swelling in the vaginal wall, discomfort or pain during intercourse",Clinical examination and routine diagnostic tests may indicate the condition,"Previous related symptoms, family history, or underlying health conditions","Poor diet, stress, lack of exercise, smoking, alcohol use, or environmental exposure"
Orthorexia Nervosa,"Obsessive focus on ""clean"" eating, healthy food choices",Clinical examination and routine diagnostic tests may indicate the condition,"Previous related symptoms, family history, or underlying health conditions","Poor diet, stress, lack of exercise, smoking, alcohol use, or environmental exposure"
Urinary Tract Infection (UTI),"Frequent urination, burning sensation during urination, cloudy or bloody urine, pelvic pain",Clinical examination and routine diagnostic tests may indicate the condition,"Previous related symptoms, family history, or underlying health conditions","Poor diet, stress, lack of exercise, smoking, alcohol use, or environmental exposure"
Placenta Previa,"Vaginal bleeding, painless bleeding in the third trimester",Clinical examination and routine diagnostic tests may indicate the condition,"Previous related symptoms, family history, or underlying health conditions","Poor diet, stress, lack of exercise, smoking, alcohol use, or environmental exposure"
Acute Pancreatitis,"Severe upper abdominal pain, nausea, vomiting, fever, rapid pulse, swollen and tender abdomen, jaundice","Elevated white blood cell count, positive culture, or viral antigen tests",Recent exposure to infected individuals or weakened immunity,"Poor hygiene, inadequate sleep, poor nutrition, crowded environments"
Gum Disease,"Swollen, red, tender gums, bleeding gums",Clinical examination and routine diagnostic tests may indicate the condition,"Previous related symptoms, family history, or underlying health conditions","Poor diet, stress, lack of exercise, smoking, alcohol use, or environmental exposure"
Panic Attack,"Chest pain, shortness of breath, palpitations",Clinical examination and routine diagnostic tests may indicate the condition,"Previous related symptoms, family history, or underlying health conditions","Poor diet, stress, lack of exercise, smoking, alcohol use, or environmental exposure"
Lice,Itching and visible presence of lice or nits (eggs) in the hair,Clinical examination and routine diagnostic tests may indicate the condition,"Previous related symptoms, family history, or underlying health conditions","Poor diet, stress, lack of exercise, smoking, alcohol use, or environmental exposure"
Pyloric stenosis,"Persistent hunger, Weight loss, Dehydration, Visible peristalsis, Palpable mass, Fussiness ",Clinical examination and routine diagnostic tests may indicate the condition,"Previous related symptoms, family history, or underlying health conditions","Poor diet, stress, lack of exercise, smoking, alcohol use, or environmental exposure"
Pigmentary Glaucoma,"Blurred vision, halos around lights, eye pain",Clinical examination and routine diagnostic tests may indicate the condition,"Previous related symptoms, family history, or underlying health conditions","Poor diet, stress, lack of exercise, smoking, alcohol use, or environmental exposure"
Abscess,"Swelling, pain, redness, fever, pus formation","Elevated white blood cell count, positive culture, or viral antigen tests",Recent exposure to infected individuals or weakened immunity,"Poor hygiene, inadequate sleep, poor nutrition, crowded environments"
Myositis,"Muscle weakness, pain, inflammation",Clinical examination and routine diagnostic tests may indicate the condition,"Previous related symptoms, family history, or underlying health conditions","Poor diet, stress, lack of exercise, smoking, alcohol use, or environmental exposure"
Von Willebrand Disease,"Easy or excessive bruising, prolonged or excessive bleeding from cuts or injuries, frequent nosebleeds, heavy or prolonged menstrual periods, bleeding gums, blood in urine or stool",Clinical examination and routine diagnostic tests may indicate the condition,"Previous related symptoms, family history, or underlying health conditions","Poor diet, stress, lack of exercise, smoking, alcohol use, or environmental exposure"
Gastroparesis,"Nausea, vomiting, early satiety, bloating, abdominal pain, poor appetite",Clinical examination and routine diagnostic tests may indicate the condition,"Previous related symptoms, family history, or underlying health conditions","Poor diet, stress, lack of exercise, smoking, alcohol use, or environmental exposure"
Chancroid,"Painful ulcers or sores on the genital area, swollen lymph nodes in the groin",Clinical examination and routine diagnostic tests may indicate the condition,"Previous related symptoms, family history, or underlying health conditions","Poor diet, stress, lack of exercise, smoking, alcohol use, or environmental exposure"
Fungal Infection of the Skin,"Rash, itching, redness, peeling skin","Visible skin lesions, irritation, or positive dermatological examination","Past skin allergies, infections, or family history of skin disease","Poor hygiene, allergen exposure, stress, unhealthy skin care habits"
Stimulant Use Disorder,"Increased energy and alertness, euphoria, decreased appetite, increased heart rate and blood pressure, insomnia, restlessness, irritability, paranoia, psychosis (in severe cases)","Abnormal ECG, elevated blood pressure, cholesterol imbalance, or imaging abnormalities","History of chest pain, hypertension, smoking, or previous cardiac events","Smoking, high-fat diet, stress, alcohol consumption, lack of physical activity"
Chronic Fatigue Syndrome,"Extreme fatigue, cognitive difficulties, unrefreshing sleep",Clinical examination and routine diagnostic tests may indicate the condition,"Previous related symptoms, family history, or underlying health conditions","Poor diet, stress, lack of exercise, smoking, alcohol use, or environmental exposure"
Threatened Pregnancy,"Vaginal bleeding, abdominal cramps, pelvic pain",Clinical examination and routine diagnostic tests may indicate the condition,"Previous related symptoms, family history, or underlying health conditions","Poor diet, stress, lack of exercise, smoking, alcohol use, or environmental exposure"
Chronic Glaucoma,"Gradual vision loss, peripheral vision impairment, eye pain or discomfort, halos around lights",Clinical examination and routine diagnostic tests may indicate the condition,"Previous related symptoms, family history, or underlying health conditions","Poor diet, stress, lack of exercise, smoking, alcohol use, or environmental exposure"
Urticaria (Hives),"Raised, itchy welts on the skin","Visible skin lesions, irritation, or positive dermatological examination","Past skin allergies, infections, or family history of skin disease","Poor hygiene, allergen exposure, stress, unhealthy skin care habits"
Vitreous Hemorrhage,"Floaters in vision, blurry vision, eye pain",Clinical examination and routine diagnostic tests may indicate the condition,"Previous related symptoms, family history, or underlying health conditions","Poor diet, stress, lack of exercise, smoking, alcohol use, or environmental exposure"
Binge Eating Disorder,Recurrent episodes of binge eating without compensatory behaviors,Clinical examination and routine diagnostic tests may indicate the condition,"Previous related symptoms, family history, or underlying health conditions","Poor diet, stress, lack of exercise, smoking, alcohol use, or environmental exposure"
Hypercholesterolemia,"High levels of cholesterol in the blood, fatty deposits (xanthomas) on the skin or tendons, chest pain or angina, heart attacks, strokes","Abnormal ECG, elevated blood pressure, cholesterol imbalance, or imaging abnormalities","History of chest pain, hypertension, smoking, or previous cardiac events","Smoking, high-fat diet, stress, alcohol consumption, lack of physical activity"
Stress Incontinence,Unintentional urine leakage during physical activity,Clinical examination and routine diagnostic tests may indicate the condition,"Previous related symptoms, family history, or underlying health conditions","Poor diet, stress, lack of exercise, smoking, alcohol use, or environmental exposure"
Labyrinthitis,"Vertigo, dizziness, nausea, hearing loss, ear pain",Clinical examination and routine diagnostic tests may indicate the condition,"Previous related symptoms, family history, or underlying health conditions","Poor diet, stress, lack of exercise, smoking, alcohol use, or environmental exposure"
Dysthymic Disorder,"Persistent depressive symptoms (low mood, lack of interest, changes in sleep and appetite), lasting for at least two years",Clinical examination and routine diagnostic tests may indicate the condition,"Previous related symptoms, family history, or underlying health conditions","Poor diet, stress, lack of exercise, smoking, alcohol use, or environmental exposure"
Ethylene glycol poisoning-1,"Nausea, vomiting, abdominal pain, General malaise, weakness, Increased thirst, frequent urination",Clinical examination and routine diagnostic tests may indicate the condition,"Previous related symptoms, family history, or underlying health conditions","Poor diet, stress, lack of exercise, smoking, alcohol use, or environmental exposure"
Impulse Control Disorder,"Impulsive behaviors (e.g., gambling, stealing), difficulty resisting urges",Clinical examination and routine diagnostic tests may indicate the condition,"Previous related symptoms, family history, or underlying health conditions","Poor diet, stress, lack of exercise, smoking, alcohol use, or environmental exposure"
Intracranial Hemorrhage,"Severe headache, nausea or vomiting, changes in vision, loss of consciousness, seizures",Clinical examination and routine diagnostic tests may indicate the condition,"Previous related symptoms, family history, or underlying health conditions","Poor diet, stress, lack of exercise, smoking, alcohol use, or environmental exposure"
Postpartum Depression,"Persistent feelings of sadness, emptiness, or hopelessness, frequent crying, irritability, loss of interest or pleasure in activities, difficulty bonding with the baby, changes in appetite or sleep patterns, overwhelming fatigue, feelings of guilt or worthlessness, trouble concentrating or making decisions, thoughts of self-harm or harming the baby",Clinical examination and routine diagnostic tests may indicate the condition,"Previous related symptoms, family history, or underlying health conditions","Poor diet, stress, lack of exercise, smoking, alcohol use, or environmental exposure"
Injury to the Leg,"Pain, swelling, bruising, difficulty walking",Clinical examination and routine diagnostic tests may indicate the condition,"Previous related symptoms, family history, or underlying health conditions","Poor diet, stress, lack of exercise, smoking, alcohol use, or environmental exposure"
Stroke,"Sudden numbness or weakness of the face, arm, or leg (typically on one side of the body), confusion, trouble speaking or understanding, severe headache",Clinical examination and routine diagnostic tests may indicate the condition,"Previous related symptoms, family history, or underlying health conditions","Poor diet, stress, lack of exercise, smoking, alcohol use, or environmental exposure"
Huntington Disease,"Motor, cognitive, and psychiatric symptoms",Clinical examination and routine diagnostic tests may indicate the condition,"Previous related symptoms, family history, or underlying health conditions","Poor diet, stress, lack of exercise, smoking, alcohol use, or environmental exposure"
Mononucleosis,"Fatigue, sore throat, swollen lymph nodes",Clinical examination and routine diagnostic tests may indicate the condition,"Previous related symptoms, family history, or underlying health conditions","Poor diet, stress, lack of exercise, smoking, alcohol use, or environmental exposure"
Hallucinogen Use Disorder,"Altered perception of reality, visual or auditory hallucinations, changes in sensory experiences, introspective thoughts, feelings of connection or disconnection, anxiety or paranoia (in some individuals), flashbacks (in some individuals)",Psychological evaluation and behavioral assessment findings,"Past mental health issues, trauma, stress, or family history","Sleep deprivation, stress, social isolation, substance abuse"
Ependymoma,"Headaches, nausea, seizures, changes in coordination or balance",Clinical examination and routine diagnostic tests may indicate the condition,"Previous related symptoms, family history, or underlying health conditions","Poor diet, stress, lack of exercise, smoking, alcohol use, or environmental exposure"
Lymphoma,"Swollen lymph nodes, unexplained weight loss, fatigue",Clinical examination and routine diagnostic tests may indicate the condition,"Previous related symptoms, family history, or underlying health conditions","Poor diet, stress, lack of exercise, smoking, alcohol use, or environmental exposure"
Urinary Tract Infection (UTI),"Painful urination, frequent urination, pelvic pain, cloudy urine",Clinical examination and routine diagnostic tests may indicate the condition,"Previous related symptoms, family history, or underlying health conditions","Poor diet, stress, lack of exercise, smoking, alcohol use, or environmental exposure"
Transient ischemic attack,Sudden onset of neurological symptoms that resolve within 24 hours,Clinical examination and routine diagnostic tests may indicate the condition,"Previous related symptoms, family history, or underlying health conditions","Poor diet, stress, lack of exercise, smoking, alcohol use, or environmental exposure"
Normal-Tension Glaucoma,"Gradual loss of vision, visual field defects",Clinical examination and routine diagnostic tests may indicate the condition,"Previous related symptoms, family history, or underlying health conditions","Poor diet, stress, lack of exercise, smoking, alcohol use, or environmental exposure"
Thyroid Disease,"Fatigue, weight changes, mood swings, dry skin","Visible skin lesions, irritation, or positive dermatological examination","Past skin allergies, infections, or family history of skin disease","Poor hygiene, allergen exposure, stress, unhealthy skin care habits"
Bladder Cancer,"Blood in urine, frequent urination, pelvic pain",Clinical examination and routine diagnostic tests may indicate the condition,"Previous related symptoms, family history, or underlying health conditions","Poor diet, stress, lack of exercise, smoking, alcohol use, or environmental exposure"
Fracture of the Arm,"Pain, swelling, deformity, limited mobility or difficulty moving the arm, bruising",Clinical examination and routine diagnostic tests may indicate the condition,"Previous related symptoms, family history, or underlying health conditions","Poor diet, stress, lack of exercise, smoking, alcohol use, or environmental exposure"
Mucocele,"Painless swelling, usually on the lower lip or floor of the mouth",Clinical examination and routine diagnostic tests may indicate the condition,"Previous related symptoms, family history, or underlying health conditions","Poor diet, stress, lack of exercise, smoking, alcohol use, or environmental exposure"
Kidney Failure,"Decreased urine output, fluid retention, fatigue, shortness of breath, nausea, confusion, chest pain, seizures","Elevated white blood cell count, positive culture, or viral antigen tests",Recent exposure to infected individuals or weakened immunity,"Poor hygiene, inadequate sleep, poor nutrition, crowded environments"
Chagas Disease,"Fever, fatigue, body aches, heart and digestive problems","Abnormal ECG, elevated blood pressure, cholesterol imbalance, or imaging abnormalities","History of chest pain, hypertension, smoking, or previous cardiac events","Smoking, high-fat diet, stress, alcohol consumption, lack of physical activity"
Leukemia,"Fatigue, pale skin, frequent infections, easy bleeding or bruising","Visible skin lesions, irritation, or positive dermatological examination","Past skin allergies, infections, or family history of skin disease","Poor hygiene, allergen exposure, stress, unhealthy skin care habits"
Vesicoureteral Reflux,"Frequent urinary tract infections, urinary urgency or frequency, bedwetting (in children), high blood pressure (in severe cases)","Elevated white blood cell count, positive culture, or viral antigen tests",Recent exposure to infected individuals or weakened immunity,"Poor hygiene, inadequate sleep, poor nutrition, crowded environments"
Endometriosis,"Pelvic pain (during menstruation, intercourse, or bowel movements), heavy menstrual bleeding, infertility",Clinical examination and routine diagnostic tests may indicate the condition,"Previous related symptoms, family history, or underlying health conditions","Poor diet, stress, lack of exercise, smoking, alcohol use, or environmental exposure"
Psoriasis,"Red, scaly patches on the skin, itching","Visible skin lesions, irritation, or positive dermatological examination","Past skin allergies, infections, or family history of skin disease","Poor hygiene, allergen exposure, stress, unhealthy skin care habits"
Infection of Open Wound,"Redness, swelling, warmth, pain or tenderness at the wound site, pus or drainage from the wound, fever, malaise","Elevated white blood cell count, positive culture, or viral antigen tests",Recent exposure to infected individuals or weakened immunity,"Poor hygiene, inadequate sleep, poor nutrition, crowded environments"
Anemia,"Fatigue, weakness, pale skin, shortness of breath","Visible skin lesions, irritation, or positive dermatological examination","Past skin allergies, infections, or family history of skin disease","Poor hygiene, allergen exposure, stress, unhealthy skin care habits"
Spondylosis,"Neck or back pain, stiffness, limited range of motion, numbness or weakness in the extremities",Clinical examination and routine diagnostic tests may indicate the condition,"Previous related symptoms, family history, or underlying health conditions","Poor diet, stress, lack of exercise, smoking, alcohol use, or environmental exposure"
Acute Otitis Media,"Ear pain, fever, fluid drainage from the ear, hearing loss or muffled hearing in the affected ear","Elevated white blood cell count, positive culture, or viral antigen tests",Recent exposure to infected individuals or weakened immunity,"Poor hygiene, inadequate sleep, poor nutrition, crowded environments"
Fracture,"Pain, Swelling, Bruising, Deformity, Difficulty moving, Loss of function",Clinical examination and routine diagnostic tests may indicate the condition,"Previous related symptoms, family history, or underlying health conditions","Poor diet, stress, lack of exercise, smoking, alcohol use, or environmental exposure"
Round Ligament Pain,Sharp or aching pain in the lower abdomen or groin,Clinical examination and routine diagnostic tests may indicate the condition,"Previous related symptoms, family history, or underlying health conditions","Poor diet, stress, lack of exercise, smoking, alcohol use, or environmental exposure"
Autism,"Challenges with social interaction, communication difficulties, restricted interests or repetitive behaviors",Clinical examination and routine diagnostic tests may indicate the condition,"Previous related symptoms, family history, or underlying health conditions","Poor diet, stress, lack of exercise, smoking, alcohol use, or environmental exposure"
Pleomorphic adenoma,"Painless lump or swelling, Facial changes",Clinical examination and routine diagnostic tests may indicate the condition,"Previous related symptoms, family history, or underlying health conditions","Poor diet, stress, lack of exercise, smoking, alcohol use, or environmental exposure"
Otosclerosis,"Hearing loss (gradual and progressive), tinnitus (ringing in the ears), dizziness or balance problems",Clinical examination and routine diagnostic tests may indicate the condition,"Previous related symptoms, family history, or underlying health conditions","Poor diet, stress, lack of exercise, smoking, alcohol use, or environmental exposure"
Bulimia Nervosa,Recurrent episodes of binge eating followed by purging behaviors,Clinical examination and routine diagnostic tests may indicate the condition,"Previous related symptoms, family history, or underlying health conditions","Poor diet, stress, lack of exercise, smoking, alcohol use, or environmental exposure"
Poisoning due to Analgesics,"Nausea, vomiting, abdominal pain, liver or kidney damage, dizziness, confusion, respiratory distress","Reduced lung function tests, abnormal chest imaging, or oxygen saturation changes","History of allergies, smoking, recurrent breathing issues","Smoking, air pollution exposure, poor fitness, allergen exposure"
Pseudohypoparathyroidism,"Hypocalcemia (low calcium levels), tetany (muscle spasms), short stature, rounded face",Clinical examination and routine diagnostic tests may indicate the condition,"Previous related symptoms, family history, or underlying health conditions","Poor diet, stress, lack of exercise, smoking, alcohol use, or environmental exposure"
Dermatitis due to Sun Exposure,"Redness, itching, rash, blistering","Visible skin lesions, irritation, or positive dermatological examination","Past skin allergies, infections, or family history of skin disease","Poor hygiene, allergen exposure, stress, unhealthy skin care habits"
Anemia due to Malignancy,"Fatigue, weakness, shortness of breath, pale skin","Visible skin lesions, irritation, or positive dermatological examination","Past skin allergies, infections, or family history of skin disease","Poor hygiene, allergen exposure, stress, unhealthy skin care habits"
Hyperhidrosis,"Excessive sweating (beyond what is necessary for temperature regulation), typically in specific areas (such as palms, soles, underarms), may interfere with daily activities",Clinical examination and routine diagnostic tests may indicate the condition,"Previous related symptoms, family history, or underlying health conditions","Poor diet, stress, lack of exercise, smoking, alcohol use, or environmental exposure"
Otitis Media,"Ear pain, fever, fluid drainage from the ear","Elevated white blood cell count, positive culture, or viral antigen tests",Recent exposure to infected individuals or weakened immunity,"Poor hygiene, inadequate sleep, poor nutrition, crowded environments"
Benign Kidney Cyst,"Abdominal or flank pain, blood in urine, frequent urination",Clinical examination and routine diagnostic tests may indicate the condition,"Previous related symptoms, family history, or underlying health conditions","Poor diet, stress, lack of exercise, smoking, alcohol use, or environmental exposure"
Pain after an Operation,"Surgical site pain, discomfort, swelling",Clinical examination and routine diagnostic tests may indicate the condition,"Previous related symptoms, family history, or underlying health conditions","Poor diet, stress, lack of exercise, smoking, alcohol use, or environmental exposure"
Chronic Knee Pain,"Persistent knee pain, stiffness, swelling, limited range of motion",Clinical examination and routine diagnostic tests may indicate the condition,"Previous related symptoms, family history, or underlying health conditions","Poor diet, stress, lack of exercise, smoking, alcohol use, or environmental exposure"
Volvulus,"Abdominal pain, nausea, vomiting, bloating, constipation, bloody stool",Clinical examination and routine diagnostic tests may indicate the condition,"Previous related symptoms, family history, or underlying health conditions","Poor diet, stress, lack of exercise, smoking, alcohol use, or environmental exposure"
Scurvy,"Fatigue, swollen and bleeding gums, joint pain","X-ray, MRI, or inflammatory marker abnormalities","Previous injuries, aging-related degeneration, chronic pain","Poor posture, obesity, lack of calcium, excessive strain"
Urinary Stones (Kidney Stones),"Severe abdominal or back pain, blood in urine, frequent urination, pain during urination",Clinical examination and routine diagnostic tests may indicate the condition,"Previous related symptoms, family history, or underlying health conditions","Poor diet, stress, lack of exercise, smoking, alcohol use, or environmental exposure"
Injury to the Finger,"Pain, swelling, bruising, deformity, restricted range of motion, difficulty gripping or using the finger",Clinical examination and routine diagnostic tests may indicate the condition,"Previous related symptoms, family history, or underlying health conditions","Poor diet, stress, lack of exercise, smoking, alcohol use, or environmental exposure"
Retinal Detachment,"Floaters (spots or cobweb-like shapes in vision), flashes of light, curtain-like shadow over vision, sudden vision loss",Clinical examination and routine diagnostic tests may indicate the condition,"Previous related symptoms, family history, or underlying health conditions","Poor diet, stress, lack of exercise, smoking, alcohol use, or environmental exposure"
Chronic Rheumatic Fever,"Joint pain, fever, rash, heart inflammation","Abnormal ECG, elevated blood pressure, cholesterol imbalance, or imaging abnormalities","History of chest pain, hypertension, smoking, or previous cardiac events","Smoking, high-fat diet, stress, alcohol consumption, lack of physical activity"
Acute Bronchospasm,"Wheezing, shortness of breath, chest tightness",Clinical examination and routine diagnostic tests may indicate the condition,"Previous related symptoms, family history, or underlying health conditions","Poor diet, stress, lack of exercise, smoking, alcohol use, or environmental exposure"
Vulvodynia,"Persistent pain or discomfort in the vulva, burning, stinging, rawness, itching",Clinical examination and routine diagnostic tests may indicate the condition,"Previous related symptoms, family history, or underlying health conditions","Poor diet, stress, lack of exercise, smoking, alcohol use, or environmental exposure"
Other Specified Feeding or Eating Disorder (OSFED),Symptoms that do not meet the full criteria for a specific eating disorder,Clinical examination and routine diagnostic tests may indicate the condition,"Previous related symptoms, family history, or underlying health conditions","Poor diet, stress, lack of exercise, smoking, alcohol use, or environmental exposure"
Anemia due to Chronic Kidney Disease,"Fatigue, weakness, pale skin","Visible skin lesions, irritation, or positive dermatological examination","Past skin allergies, infections, or family history of skin disease","Poor hygiene, allergen exposure, stress, unhealthy skin care habits"
Pemphigus,Painful blisters on the skin and mucous membranes,"Visible skin lesions, irritation, or positive dermatological examination","Past skin allergies, infections, or family history of skin disease","Poor hygiene, allergen exposure, stress, unhealthy skin care habits"
Syphilis,"Primary stage: painless sores (chancre) at the site of infection, secondary stage: skin rash, fever, swollen lymph nodes, sore throat, latent stage: no symptoms, tertiary stage: severe complications affecting the heart, brain, and other organs","Abnormal ECG, elevated blood pressure, cholesterol imbalance, or imaging abnormalities","History of chest pain, hypertension, smoking, or previous cardiac events","Smoking, high-fat diet, stress, alcohol consumption, lack of physical activity"
Omphalitis,"Redness, swelling, discharge, foul odor around the umbilical area",Clinical examination and routine diagnostic tests may indicate the condition,"Previous related symptoms, family history, or underlying health conditions","Poor diet, stress, lack of exercise, smoking, alcohol use, or environmental exposure"
Idiopathic Nonmenstrual Bleeding,"Abnormal vaginal bleeding outside of the menstrual period, unpredictable bleeding episodes, bleeding after sexual intercourse, bleeding after menopause, spotting or light bleeding between periods, prolonged or heavy bleeding",Clinical examination and routine diagnostic tests may indicate the condition,"Previous related symptoms, family history, or underlying health conditions","Poor diet, stress, lack of exercise, smoking, alcohol use, or environmental exposure"
Myofascial Pain Syndrome,"Localized muscle pain, trigger points",Clinical examination and routine diagnostic tests may indicate the condition,"Previous related symptoms, family history, or underlying health conditions","Poor diet, stress, lack of exercise, smoking, alcohol use, or environmental exposure"
Vocal cord polyp,"Hoarseness, Vocal Changes, Vocal Fatigue",Clinical examination and routine diagnostic tests may indicate the condition,"Previous related symptoms, family history, or underlying health conditions","Poor diet, stress, lack of exercise, smoking, alcohol use, or environmental exposure"
Rotator Cuff Injury,"Shoulder pain, weakness or loss of strength, limited range of motion, shoulder stiffness",Clinical examination and routine diagnostic tests may indicate the condition,"Previous related symptoms, family history, or underlying health conditions","Poor diet, stress, lack of exercise, smoking, alcohol use, or environmental exposure"
Fibromyalgia,"Widespread musculoskeletal pain, fatigue, sleep disturbances, cognitive difficulties (fibro fog), mood changes",Clinical examination and routine diagnostic tests may indicate the condition,"Previous related symptoms, family history, or underlying health conditions","Poor diet, stress, lack of exercise, smoking, alcohol use, or environmental exposure"
Hypercalcemia,"Fatigue, nausea, excessive thirst, kidney stones",Clinical examination and routine diagnostic tests may indicate the condition,"Previous related symptoms, family history, or underlying health conditions","Poor diet, stress, lack of exercise, smoking, alcohol use, or environmental exposure"
Secondary Glaucoma,Varies depending on the underlying cause,Clinical examination and routine diagnostic tests may indicate the condition,"Previous related symptoms, family history, or underlying health conditions","Poor diet, stress, lack of exercise, smoking, alcohol use, or environmental exposure"
Drug Reaction,"Rash, itching, swelling, fever, respiratory symptoms","Reduced lung function tests, abnormal chest imaging, or oxygen saturation changes","History of allergies, smoking, recurrent breathing issues","Smoking, air pollution exposure, poor fitness, allergen exposure"
Acute Sinusitis,"Facial pain or pressure, nasal congestion, thick nasal discharge, post-nasal drip, cough, headache, fatigue, fever (in some cases)","Elevated white blood cell count, positive culture, or viral antigen tests",Recent exposure to infected individuals or weakened immunity,"Poor hygiene, inadequate sleep, poor nutrition, crowded environments"
Polycystic Ovarian Syndrome,"Irregular periods, excessive hair growth, acne, weight gain, ovarian cysts",Clinical examination and routine diagnostic tests may indicate the condition,"Previous related symptoms, family history, or underlying health conditions","Poor diet, stress, lack of exercise, smoking, alcohol use, or environmental exposure"
Complex Regional Pain Syndrome (CRPS),"Severe and persistent pain, changes in skin color or temperature, swelling, stiffness","Visible skin lesions, irritation, or positive dermatological examination","Past skin allergies, infections, or family history of skin disease","Poor hygiene, allergen exposure, stress, unhealthy skin care habits"
Optic Neuritis,"Vision loss or blurry vision, eye pain with eye movement, color vision impairment, flashing lights or floaters",Clinical examination and routine diagnostic tests may indicate the condition,"Previous related symptoms, family history, or underlying health conditions","Poor diet, stress, lack of exercise, smoking, alcohol use, or environmental exposure"
Adrenal Cancer,"Abdominal or back pain, unexplained weight loss, hormonal imbalances",Clinical examination and routine diagnostic tests may indicate the condition,"Previous related symptoms, family history, or underlying health conditions","Poor diet, stress, lack of exercise, smoking, alcohol use, or environmental exposure"
Intracranial Abscess,"Headache, fever, neurological deficits","Elevated white blood cell count, positive culture, or viral antigen tests",Recent exposure to infected individuals or weakened immunity,"Poor hygiene, inadequate sleep, poor nutrition, crowded environments"
Adenoid cystic carcinoma,"Lump, swelling, Facial numbness, tingling",Clinical examination and routine diagnostic tests may indicate the condition,"Previous related symptoms, family history, or underlying health conditions","Poor diet, stress, lack of exercise, smoking, alcohol use, or environmental exposure"
Fracture of the Patella,"Severe pain, swelling, bruising, difficulty straightening or bending the knee, deformity",Clinical examination and routine diagnostic tests may indicate the condition,"Previous related symptoms, family history, or underlying health conditions","Poor diet, stress, lack of exercise, smoking, alcohol use, or environmental exposure"
Restless Leg Syndrome,"Uncomfortable sensation in the legs, usually in the evening or at night, urge to move legs for relief",Clinical examination and routine diagnostic tests may indicate the condition,"Previous related symptoms, family history, or underlying health conditions","Poor diet, stress, lack of exercise, smoking, alcohol use, or environmental exposure"
Cold Sore,"Small, painful blisters on the lips or around the mouth",Clinical examination and routine diagnostic tests may indicate the condition,"Previous related symptoms, family history, or underlying health conditions","Poor diet, stress, lack of exercise, smoking, alcohol use, or environmental exposure"
Chronic Kidney Disease,"Fatigue, swelling of the legs or ankles, decreased appetite, difficulty concentrating, increased urination or urine changes, blood in urine, high blood pressure",Clinical examination and routine diagnostic tests may indicate the condition,"Previous related symptoms, family history, or underlying health conditions","Poor diet, stress, lack of exercise, smoking, alcohol use, or environmental exposure"
Goiter,"Enlarged thyroid gland in the neck, swelling or visible protrusion, difficulty swallowing or breathing",Clinical examination and routine diagnostic tests may indicate the condition,"Previous related symptoms, family history, or underlying health conditions","Poor diet, stress, lack of exercise, smoking, alcohol use, or environmental exposure"
Type 1 Diabetes,"Frequent urination, Increased thirst, Weight loss",Clinical examination and routine diagnostic tests may indicate the condition,"Previous related symptoms, family history, or underlying health conditions","Poor diet, stress, lack of exercise, smoking, alcohol use, or environmental exposure"
Dislocation of the Elbow,"Severe pain, visible deformity, swelling, inability to move the elbow, numbness or tingling in the hand/arm",Clinical examination and routine diagnostic tests may indicate the condition,"Previous related symptoms, family history, or underlying health conditions","Poor diet, stress, lack of exercise, smoking, alcohol use, or environmental exposure"
Rabies,"Flu-like symptoms (fever, headache, fatigue), anxiety, confusion, hallucinations, difficulty swallowing","Elevated white blood cell count, positive culture, or viral antigen tests",Recent exposure to infected individuals or weakened immunity,"Poor hygiene, inadequate sleep, poor nutrition, crowded environments"
Contact Dermatitis,"Itchy, red rash caused by contact with irritants or allergens","Visible skin lesions, irritation, or positive dermatological examination","Past skin allergies, infections, or family history of skin disease","Poor hygiene, allergen exposure, stress, unhealthy skin care habits"
Hemophilia,"Excessive bleeding and bruising, prolonged bleeding from wounds or after dental work or surgery, spontaneous bleeding in joints or muscles","X-ray, MRI, or inflammatory marker abnormalities","Previous injuries, aging-related degeneration, chronic pain","Poor posture, obesity, lack of calcium, excessive strain"
Open Wound from Surgical Incision,"Redness, swelling, discharge from the wound",Clinical examination and routine diagnostic tests may indicate the condition,"Previous related symptoms, family history, or underlying health conditions","Poor diet, stress, lack of exercise, smoking, alcohol use, or environmental exposure"
Chronic Migraine,"Recurrent, disabling migraines",Clinical examination and routine diagnostic tests may indicate the condition,"Previous related symptoms, family history, or underlying health conditions","Poor diet, stress, lack of exercise, smoking, alcohol use, or environmental exposure"
Hyperkalemia,"Muscle weakness or fatigue, irregular heartbeat or palpitations, numbness or tingling, nausea or vomiting","Abnormal ECG, elevated blood pressure, cholesterol imbalance, or imaging abnormalities","History of chest pain, hypertension, smoking, or previous cardiac events","Smoking, high-fat diet, stress, alcohol consumption, lack of physical activity"
Fibromyalgia,"Widespread musculoskeletal pain, fatigue, sleep disturbances",Clinical examination and routine diagnostic tests may indicate the condition,"Previous related symptoms, family history, or underlying health conditions","Poor diet, stress, lack of exercise, smoking, alcohol use, or environmental exposure"
Bipolar Disorder,"Mood swings, manic episodes, depressive episodes",Clinical examination and routine diagnostic tests may indicate the condition,"Previous related symptoms, family history, or underlying health conditions","Poor diet, stress, lack of exercise, smoking, alcohol use, or environmental exposure"
Sedatives Poisoning,"Drowsiness, confusion, slowed breathing",Clinical examination and routine diagnostic tests may indicate the condition,"Previous related symptoms, family history, or underlying health conditions","Poor diet, stress, lack of exercise, smoking, alcohol use, or environmental exposure"
Migraine,"headache, nausea, sensitivity to light, visual disturbances",Clinical examination and routine diagnostic tests may indicate the condition,"Previous related symptoms, family history, or underlying health conditions","Poor diet, stress, lack of exercise, smoking, alcohol use, or environmental exposure"
Plantar Fasciitis,"Heel pain, tenderness, difficulty walking",Clinical examination and routine diagnostic tests may indicate the condition,"Previous related symptoms, family history, or underlying health conditions","Poor diet, stress, lack of exercise, smoking, alcohol use, or environmental exposure"
Priapism,"Persistent, painful erection",Clinical examination and routine diagnostic tests may indicate the condition,"Previous related symptoms, family history, or underlying health conditions","Poor diet, stress, lack of exercise, smoking, alcohol use, or environmental exposure"
Gestational Hypertension,High blood pressure without proteinuria (preeclampsia),Clinical examination and routine diagnostic tests may indicate the condition,"Previous related symptoms, family history, or underlying health conditions","Poor diet, stress, lack of exercise, smoking, alcohol use, or environmental exposure"
Pyelonephritis,"Fever, chills, back or flank pain, frequent urination","Elevated white blood cell count, positive culture, or viral antigen tests",Recent exposure to infected individuals or weakened immunity,"Poor hygiene, inadequate sleep, poor nutrition, crowded environments"
Drug Abuse (Cocaine),"Euphoria, increased energy, dilated pupils, rapid heart rate, high blood pressure, risk of heart attack or stroke","Abnormal ECG, elevated blood pressure, cholesterol imbalance, or imaging abnormalities","History of chest pain, hypertension, smoking, or previous cardiac events","Smoking, high-fat diet, stress, alcohol consumption, lack of physical activity"
Gout,"Intense joint pain, swelling, redness","X-ray, MRI, or inflammatory marker abnormalities","Previous injuries, aging-related degeneration, chronic pain","Poor posture, obesity, lack of calcium, excessive strain"
Narcolepsy,"Excessive daytime sleepiness, sudden loss of muscle tone (cataplexy)",Clinical examination and routine diagnostic tests may indicate the condition,"Previous related symptoms, family history, or underlying health conditions","Poor diet, stress, lack of exercise, smoking, alcohol use, or environmental exposure"
Submandibular stones,"Swelling, pain, dry mouth, bad taste",Clinical examination and routine diagnostic tests may indicate the condition,"Previous related symptoms, family history, or underlying health conditions","Poor diet, stress, lack of exercise, smoking, alcohol use, or environmental exposure"
Dental Caries,"Toothache, tooth sensitivity, visible pits or holes in the teeth, dark spots on the teeth, bad breath",Clinical examination and routine diagnostic tests may indicate the condition,"Previous related symptoms, family history, or underlying health conditions","Poor diet, stress, lack of exercise, smoking, alcohol use, or environmental exposure"
Vitamin B12 Deficiency,"Fatigue, weakness, pale skin, shortness of breath, tingling or numbness in the hands and feet, balance problems, sore tongue","Visible skin lesions, irritation, or positive dermatological examination","Past skin allergies, infections, or family history of skin disease","Poor hygiene, allergen exposure, stress, unhealthy skin care habits"
Testicular Cancer,"Lump or swelling in the testicles, pain or discomfort, changes in testicular size or shape",Clinical examination and routine diagnostic tests may indicate the condition,"Previous related symptoms, family history, or underlying health conditions","Poor diet, stress, lack of exercise, smoking, alcohol use, or environmental exposure"
Peyronie Disease,"Curvature of the penis, pain during erections",Clinical examination and routine diagnostic tests may indicate the condition,"Previous related symptoms, family history, or underlying health conditions","Poor diet, stress, lack of exercise, smoking, alcohol use, or environmental exposure"
Hepatitis due to a Toxin,"Fatigue, jaundice, abdominal pain, nausea, vomiting",Clinical examination and routine diagnostic tests may indicate the condition,"Previous related symptoms, family history, or underlying health conditions","Poor diet, stress, lack of exercise, smoking, alcohol use, or environmental exposure"
Foreign Body in the Throat,"Sensation of a foreign object stuck in the throat, difficulty swallowing or speaking",Clinical examination and routine diagnostic tests may indicate the condition,"Previous related symptoms, family history, or underlying health conditions","Poor diet, stress, lack of exercise, smoking, alcohol use, or environmental exposure"
Stenosis of the Tear Duct,"Excessive tearing, eye discharge, recurrent eye infections","Elevated white blood cell count, positive culture, or viral antigen tests",Recent exposure to infected individuals or weakened immunity,"Poor hygiene, inadequate sleep, poor nutrition, crowded environments"
Lateral Epicondylitis (Tennis Elbow),"Pain or tenderness on the outer side of the elbow, weak grip strength, difficulty with forearm movements",Clinical examination and routine diagnostic tests may indicate the condition,"Previous related symptoms, family history, or underlying health conditions","Poor diet, stress, lack of exercise, smoking, alcohol use, or environmental exposure"
Attention Deficit Hyperactivity Disorder (ADHD),"Inattention, hyperactivity, impulsivity",Clinical examination and routine diagnostic tests may indicate the condition,"Previous related symptoms, family history, or underlying health conditions","Poor diet, stress, lack of exercise, smoking, alcohol use, or environmental exposure"
Tuberous Sclerosis,"Benign tumors in various organs, seizures, developmental delays, skin abnormalities","Biopsy, imaging scans, or abnormal tumor marker results","Family history of cancer, unexplained weight loss, chronic symptoms","Smoking, alcohol use, chemical exposure, unhealthy diet"
Pulmonic Valve Disease,"Fatigue, shortness of breath, chest pain or discomfort, heart palpitations, fainting or lightheadedness, swollen legs or ankles","Abnormal ECG, elevated blood pressure, cholesterol imbalance, or imaging abnormalities","History of chest pain, hypertension, smoking, or previous cardiac events","Smoking, high-fat diet, stress, alcohol consumption, lack of physical activity"
Pelvic Organ Prolapse,"Pelvic pressure or heaviness, urinary incontinence, bowel movement difficulties, discomfort or pain during intercourse",Clinical examination and routine diagnostic tests may indicate the condition,"Previous related symptoms, family history, or underlying health conditions","Poor diet, stress, lack of exercise, smoking, alcohol use, or environmental exposure"
"Sedative, Hypnotic, or Anxiolytic Use Disorder","Sedation, relaxation, reduced anxiety, drowsiness, poor coordination, memory impairment, withdrawal symptoms (such as rebound anxiety, insomnia, tremors) when attempting to stop or reduce use, continued use despite negative consequences (such as relationship problems, health risks)",Psychological evaluation and behavioral assessment findings,"Past mental health issues, trauma, stress, or family history","Sleep deprivation, stress, social isolation, substance abuse"
Atrial Fibrillation,"Irregular or rapid heartbeat, palpitations, shortness of breath, chest pain or discomfort, dizziness or lightheadedness, fatigue","Abnormal ECG, elevated blood pressure, cholesterol imbalance, or imaging abnormalities","History of chest pain, hypertension, smoking, or previous cardiac events","Smoking, high-fat diet, stress, alcohol consumption, lack of physical activity"
Asthma,"Recurrent episodes of wheezing, shortness of breath, chest tightness, coughing, especially at night or in response to triggers such as allergens or exercise",Clinical examination and routine diagnostic tests may indicate the condition,"Previous related symptoms, family history, or underlying health conditions","Poor diet, stress, lack of exercise, smoking, alcohol use, or environmental exposure"
Edward Syndrome,"Developmental delays, intellectual disability, distinct facial features (small jaw, low-set ears), heart defects","Abnormal ECG, elevated blood pressure, cholesterol imbalance, or imaging abnormalities","History of chest pain, hypertension, smoking, or previous cardiac events","Smoking, high-fat diet, stress, alcohol consumption, lack of physical activity"
West Nile Virus,"Fever, headache, body aches, rash","Visible skin lesions, irritation, or positive dermatological examination","Past skin allergies, infections, or family history of skin disease","Poor hygiene, allergen exposure, stress, unhealthy skin care habits"
Obesity,"Excessive body weight, increased risk of chronic conditions",Clinical examination and routine diagnostic tests may indicate the condition,"Previous related symptoms, family history, or underlying health conditions","Poor diet, stress, lack of exercise, smoking, alcohol use, or environmental exposure"
Hypertension,"headache, dizziness, blurred vision",Clinical examination and routine diagnostic tests may indicate the condition,"Previous related symptoms, family history, or underlying health conditions","Poor diet, stress, lack of exercise, smoking, alcohol use, or environmental exposure"
Sialolithiasis,"Swelling, pain, tenderness, difficulty eating",Clinical examination and routine diagnostic tests may indicate the condition,"Previous related symptoms, family history, or underlying health conditions","Poor diet, stress, lack of exercise, smoking, alcohol use, or environmental exposure"
Hyperopia,"Difficulty seeing objects up close, blurred vision when focusing on near objects",Clinical examination and routine diagnostic tests may indicate the condition,"Previous related symptoms, family history, or underlying health conditions","Poor diet, stress, lack of exercise, smoking, alcohol use, or environmental exposure"
Liver Cancer,"Abdominal pain, jaundice (yellowing of the skin and eyes), unexplained weight loss, loss of appetite, fatigue, nausea, vomiting","Visible skin lesions, irritation, or positive dermatological examination","Past skin allergies, infections, or family history of skin disease","Poor hygiene, allergen exposure, stress, unhealthy skin care habits"
Chalazion,"Painful, red lump or swelling on the eyelid, usually on the upper eyelid, sensitivity to light, blurred vision (if the chalazion affects the line of sight), mild discomfort, tenderness, localized inflammation and swelling",Clinical examination and routine diagnostic tests may indicate the condition,"Previous related symptoms, family history, or underlying health conditions","Poor diet, stress, lack of exercise, smoking, alcohol use, or environmental exposure"
Hypocalcemia,"Numbness or tingling in fingers or around the mouth, muscle cramps",Clinical examination and routine diagnostic tests may indicate the condition,"Previous related symptoms, family history, or underlying health conditions","Poor diet, stress, lack of exercise, smoking, alcohol use, or environmental exposure"
Viral Warts,"Small, rough growths on the skin or mucous membranes, typically painless, may appear in clusters or as single lesions","Visible skin lesions, irritation, or positive dermatological examination","Past skin allergies, infections, or family history of skin disease","Poor hygiene, allergen exposure, stress, unhealthy skin care habits"
Spondylitis,"Chronic back pain and stiffness, especially in the morning or after periods of inactivity, limited range of motion in the spine, fatigue, inflammation and pain in other joints (such as hips, shoulders, knees), discomfort or pain in the neck, difficulty maintaining proper posture, tenderness or swelling in affected areas, tingling or numbness in extremities in severe cases","X-ray, MRI, or inflammatory marker abnormalities","Previous injuries, aging-related degeneration, chronic pain","Poor posture, obesity, lack of calcium, excessive strain"
